,path,plddt
0,bbarrel/with_template_48recyc/colab_att/TMB2.43_unrelaxed_rank_004_alphafold2_ptm_model_3_seed_000.pdb,86.79
1,bbarrel/with_template_48recyc/colab_att/TMB2.69_unrelaxed_rank_003_alphafold2_ptm_model_4_seed_000.pdb,84.3
2,bbarrel/with_template_48recyc/colab_att/TMB2.52_unrelaxed_rank_005_alphafold2_ptm_model_3_seed_000.pdb,33.39
3,bbarrel/with_template_48recyc/colab_att/TMB2.47_unrelaxed_rank_001_alphafold2_ptm_model_2_seed_000.pdb,95.35
4,bbarrel/with_template_48recyc/colab_att/TMB2.48_unrelaxed_rank_003_alphafold2_ptm_model_4_seed_000.pdb,32.49
5,bbarrel/with_template_48recyc/colab_att/TMB2.17_unrelaxed_rank_004_alphafold2_ptm_model_5_seed_000.pdb,85.8
6,bbarrel/with_template_48recyc/colab_att/TMB2.81_unrelaxed_rank_005_alphafold2_ptm_model_5_seed_000.pdb,32.28
7,bbarrel/with_template_48recyc/colab_att/TMB2.35_unrelaxed_rank_003_alphafold2_ptm_model_5_seed_000.pdb,89.33
8,bbarrel/with_template_48recyc/colab_att/TMB2.12_unrelaxed_rank_002_alphafold2_ptm_model_1_seed_000.pdb,94.37
9,bbarrel/with_template_48recyc/colab_att/TMB2.70_unrelaxed_rank_004_alphafold2_ptm_model_4_seed_000.pdb,85.98
10,bbarrel/with_template_48recyc/colab_att/TMB2.48_unrelaxed_rank_001_alphafold2_ptm_model_2_seed_000.pdb,95.06
11,bbarrel/with_template_48recyc/colab_att/TMB2.2_unrelaxed_rank_005_alphafold2_ptm_model_3_seed_000.pdb,35.98
12,bbarrel/with_template_48recyc/colab_att/TMB2.50_unrelaxed_rank_003_alphafold2_ptm_model_4_seed_000.pdb,88.31
13,bbarrel/with_template_48recyc/colab_att/TMB2.30_unrelaxed_rank_001_alphafold2_ptm_model_1_seed_000.pdb,94.29
14,bbarrel/with_template_48recyc/colab_att/TMB2.30_unrelaxed_rank_003_alphafold2_ptm_model_4_seed_000.pdb,41.0
15,bbarrel/with_template_48recyc/colab_att/TMB2.62_unrelaxed_rank_002_alphafold2_ptm_model_1_seed_000.pdb,96.29
16,bbarrel/with_template_48recyc/colab_att/TMB2.81_unrelaxed_rank_002_alphafold2_ptm_model_1_seed_000.pdb,94.45
17,bbarrel/with_template_48recyc/colab_att/TMB2.51_unrelaxed_rank_004_alphafold2_ptm_model_3_seed_000.pdb,32.24
18,bbarrel/with_template_48recyc/colab_att/TMB2.26_unrelaxed_rank_002_alphafold2_ptm_model_1_seed_000.pdb,93.32
19,bbarrel/with_template_48recyc/colab_att/TMB2.57_unrelaxed_rank_001_alphafold2_ptm_model_2_seed_000.pdb,95.82
20,bbarrel/with_template_48recyc/colab_att/TMB2.32_unrelaxed_rank_004_alphafold2_ptm_model_4_seed_000.pdb,68.24
21,bbarrel/with_template_48recyc/colab_att/TMB2.82_unrelaxed_rank_003_alphafold2_ptm_model_4_seed_000.pdb,88.14
22,bbarrel/with_template_48recyc/colab_att/TMB2.49_unrelaxed_rank_005_alphafold2_ptm_model_3_seed_000.pdb,32.34
23,bbarrel/with_template_48recyc/colab_att/TMB2.6_unrelaxed_rank_003_alphafold2_ptm_model_4_seed_000.pdb,88.19
24,bbarrel/with_template_48recyc/colab_att/TMB2.11_unrelaxed_rank_002_alphafold2_ptm_model_1_seed_000.pdb,95.07
25,bbarrel/with_template_48recyc/colab_att/TMB2.32_unrelaxed_rank_001_alphafold2_ptm_model_2_seed_000.pdb,94.38
26,bbarrel/with_template_48recyc/colab_att/TMB2.26_unrelaxed_rank_005_alphafold2_ptm_model_3_seed_000.pdb,31.31
27,bbarrel/with_template_48recyc/colab_att/TMB2.64_unrelaxed_rank_005_alphafold2_ptm_model_5_seed_000.pdb,32.97
28,bbarrel/with_template_48recyc/colab_att/TMB2.44_unrelaxed_rank_001_alphafold2_ptm_model_2_seed_000.pdb,95.34
29,bbarrel/with_template_48recyc/colab_att/TMB2.45_unrelaxed_rank_003_alphafold2_ptm_model_4_seed_000.pdb,87.53
30,bbarrel/with_template_48recyc/colab_att/TMB2.21_unrelaxed_rank_002_alphafold2_ptm_model_1_seed_000.pdb,95.47
31,bbarrel/with_template_48recyc/colab_att/TMB2.67_unrelaxed_rank_001_alphafold2_ptm_model_2_seed_000.pdb,95.08
32,bbarrel/with_template_48recyc/colab_att/TMB2.17_unrelaxed_rank_003_alphafold2_ptm_model_4_seed_000.pdb,91.3
33,bbarrel/with_template_48recyc/colab_att/TMB2.85_unrelaxed_rank_001_alphafold2_ptm_model_1_seed_000.pdb,94.87
34,bbarrel/with_template_48recyc/colab_att/TMB2.14_unrelaxed_rank_005_alphafold2_ptm_model_5_seed_000.pdb,33.94
35,bbarrel/with_template_48recyc/colab_att/TMB2.59_unrelaxed_rank_004_alphafold2_ptm_model_5_seed_000.pdb,78.9
36,bbarrel/with_template_48recyc/colab_att/TMB2.64_unrelaxed_rank_003_alphafold2_ptm_model_4_seed_000.pdb,80.76
37,bbarrel/with_template_48recyc/colab_att/TMB2.24_unrelaxed_rank_005_alphafold2_ptm_model_3_seed_000.pdb,77.39
38,bbarrel/with_template_48recyc/colab_att/TMB2.23_unrelaxed_rank_005_alphafold2_ptm_model_3_seed_000.pdb,33.54
39,bbarrel/with_template_48recyc/colab_att/TMB2.9_unrelaxed_rank_005_alphafold2_ptm_model_3_seed_000.pdb,31.59
40,bbarrel/with_template_48recyc/colab_att/TMB2.33_unrelaxed_rank_005_alphafold2_ptm_model_3_seed_000.pdb,31.68
41,bbarrel/with_template_48recyc/colab_att/TMB2.50_unrelaxed_rank_001_alphafold2_ptm_model_1_seed_000.pdb,95.92
42,bbarrel/with_template_48recyc/colab_att/TMB2.56_unrelaxed_rank_003_alphafold2_ptm_model_4_seed_000.pdb,89.34
43,bbarrel/with_template_48recyc/colab_att/TMB2.56_unrelaxed_rank_001_alphafold2_ptm_model_2_seed_000.pdb,94.42
44,bbarrel/with_template_48recyc/colab_att/TMB2.79_unrelaxed_rank_005_alphafold2_ptm_model_3_seed_000.pdb,36.31
45,bbarrel/with_template_48recyc/colab_att/TMB2.84_unrelaxed_rank_005_alphafold2_ptm_model_3_seed_000.pdb,46.87
46,bbarrel/with_template_48recyc/colab_att/TMB2.1_unrelaxed_rank_003_alphafold2_ptm_model_4_seed_000.pdb,46.66
47,bbarrel/with_template_48recyc/colab_att/TMB2.57_unrelaxed_rank_002_alphafold2_ptm_model_1_seed_000.pdb,95.85
48,bbarrel/with_template_48recyc/colab_att/TMB2.77_unrelaxed_rank_003_alphafold2_ptm_model_4_seed_000.pdb,84.76
49,bbarrel/with_template_48recyc/colab_att/TMB2.63_unrelaxed_rank_002_alphafold2_ptm_model_1_seed_000.pdb,91.98
50,bbarrel/with_template_48recyc/colab_att/TMB2.7_unrelaxed_rank_001_alphafold2_ptm_model_1_seed_000.pdb,95.79
51,bbarrel/with_template_48recyc/colab_att/TMB2.43_unrelaxed_rank_002_alphafold2_ptm_model_2_seed_000.pdb,95.1
52,bbarrel/with_template_48recyc/colab_att/TMB2.50_unrelaxed_rank_002_alphafold2_ptm_model_2_seed_000.pdb,95.61
53,bbarrel/with_template_48recyc/colab_att/TMB2.77_unrelaxed_rank_004_alphafold2_ptm_model_5_seed_000.pdb,73.94
54,bbarrel/with_template_48recyc/colab_att/TMB2.48_unrelaxed_rank_002_alphafold2_ptm_model_1_seed_000.pdb,95.03
55,bbarrel/with_template_48recyc/colab_att/TMB2.32_unrelaxed_rank_005_alphafold2_ptm_model_3_seed_000.pdb,41.4
56,bbarrel/with_template_48recyc/colab_att/TMB2.86_unrelaxed_rank_005_alphafold2_ptm_model_3_seed_000.pdb,31.48
57,bbarrel/with_template_48recyc/colab_att/TMB2.26_unrelaxed_rank_001_alphafold2_ptm_model_2_seed_000.pdb,94.39
58,bbarrel/with_template_48recyc/colab_att/TMB2.25_unrelaxed_rank_004_alphafold2_ptm_model_5_seed_000.pdb,56.75
59,bbarrel/with_template_48recyc/colab_att/TMB2.45_unrelaxed_rank_001_alphafold2_ptm_model_2_seed_000.pdb,95.31
60,bbarrel/with_template_48recyc/colab_att/TMB2.72_unrelaxed_rank_005_alphafold2_ptm_model_5_seed_000.pdb,32.77
61,bbarrel/with_template_48recyc/colab_att/TMB2.7_unrelaxed_rank_002_alphafold2_ptm_model_2_seed_000.pdb,95.15
62,bbarrel/with_template_48recyc/colab_att/TMB2.89_unrelaxed_rank_003_alphafold2_ptm_model_4_seed_000.pdb,55.91
63,bbarrel/with_template_48recyc/colab_att/TMB2.1_unrelaxed_rank_005_alphafold2_ptm_model_5_seed_000.pdb,30.36
64,bbarrel/with_template_48recyc/colab_att/TMB2.47_unrelaxed_rank_005_alphafold2_ptm_model_5_seed_000.pdb,33.01
65,bbarrel/with_template_48recyc/colab_att/TMB2.31_unrelaxed_rank_004_alphafold2_ptm_model_4_seed_000.pdb,86.63
66,bbarrel/with_template_48recyc/colab_att/TMB2.85_unrelaxed_rank_002_alphafold2_ptm_model_2_seed_000.pdb,94.63
67,bbarrel/with_template_48recyc/colab_att/TMB2.20_unrelaxed_rank_004_alphafold2_ptm_model_4_seed_000.pdb,41.78
68,bbarrel/with_template_48recyc/colab_att/TMB2.66_unrelaxed_rank_001_alphafold2_ptm_model_2_seed_000.pdb,95.17
69,bbarrel/with_template_48recyc/colab_att/TMB2.69_unrelaxed_rank_002_alphafold2_ptm_model_2_seed_000.pdb,94.49
70,bbarrel/with_template_48recyc/colab_att/TMB2.4_unrelaxed_rank_004_alphafold2_ptm_model_5_seed_000.pdb,33.71
71,bbarrel/with_template_48recyc/colab_att/TMB2.67_unrelaxed_rank_003_alphafold2_ptm_model_4_seed_000.pdb,85.1
72,bbarrel/with_template_48recyc/colab_att/TMB2.78_unrelaxed_rank_003_alphafold2_ptm_model_4_seed_000.pdb,43.28
73,bbarrel/with_template_48recyc/colab_att/TMB2.59_unrelaxed_rank_005_alphafold2_ptm_model_3_seed_000.pdb,73.65
74,bbarrel/with_template_48recyc/colab_att/TMB2.6_unrelaxed_rank_002_alphafold2_ptm_model_1_seed_000.pdb,95.12
75,bbarrel/with_template_48recyc/colab_att/TMB2.37_unrelaxed_rank_004_alphafold2_ptm_model_4_seed_000.pdb,58.33
76,bbarrel/with_template_48recyc/colab_att/TMB2.55_unrelaxed_rank_003_alphafold2_ptm_model_4_seed_000.pdb,31.24
77,bbarrel/with_template_48recyc/colab_att/TMB2.12_unrelaxed_rank_004_alphafold2_ptm_model_4_seed_000.pdb,32.12
78,bbarrel/with_template_48recyc/colab_att/TMB2.5_unrelaxed_rank_001_alphafold2_ptm_model_2_seed_000.pdb,95.84
79,bbarrel/with_template_48recyc/colab_att/TMB2.20_unrelaxed_rank_003_alphafold2_ptm_model_5_seed_000.pdb,47.16
80,bbarrel/with_template_48recyc/colab_att/TMB2.79_unrelaxed_rank_002_alphafold2_ptm_model_1_seed_000.pdb,95.5
81,bbarrel/with_template_48recyc/colab_att/TMB2.8_unrelaxed_rank_005_alphafold2_ptm_model_5_seed_000.pdb,31.2
82,bbarrel/with_template_48recyc/colab_att/TMB2.52_unrelaxed_rank_001_alphafold2_ptm_model_1_seed_000.pdb,94.44
83,bbarrel/with_template_48recyc/colab_att/TMB2.45_unrelaxed_rank_002_alphafold2_ptm_model_1_seed_000.pdb,95.02
84,bbarrel/with_template_48recyc/colab_att/TMB2.38_unrelaxed_rank_005_alphafold2_ptm_model_4_seed_000.pdb,30.34
85,bbarrel/with_template_48recyc/colab_att/TMB2.55_unrelaxed_rank_002_alphafold2_ptm_model_1_seed_000.pdb,93.76
86,bbarrel/with_template_48recyc/colab_att/TMB2.17_unrelaxed_rank_001_alphafold2_ptm_model_2_seed_000.pdb,96.42
87,bbarrel/with_template_48recyc/colab_att/TMB2.83_unrelaxed_rank_002_alphafold2_ptm_model_2_seed_000.pdb,95.14
88,bbarrel/with_template_48recyc/colab_att/TMB2.31_unrelaxed_rank_003_alphafold2_ptm_model_5_seed_000.pdb,87.94
89,bbarrel/with_template_48recyc/colab_att/TMB2.83_unrelaxed_rank_001_alphafold2_ptm_model_1_seed_000.pdb,95.24
90,bbarrel/with_template_48recyc/colab_att/TMB2.67_unrelaxed_rank_002_alphafold2_ptm_model_1_seed_000.pdb,94.94
91,bbarrel/with_template_48recyc/colab_att/TMB2.21_unrelaxed_rank_005_alphafold2_ptm_model_3_seed_000.pdb,71.26
92,bbarrel/with_template_48recyc/colab_att/TMB2.62_unrelaxed_rank_005_alphafold2_ptm_model_5_seed_000.pdb,32.69
93,bbarrel/with_template_48recyc/colab_att/TMB2.7_unrelaxed_rank_005_alphafold2_ptm_model_3_seed_000.pdb,30.25
94,bbarrel/with_template_48recyc/colab_att/TMB2.60_unrelaxed_rank_003_alphafold2_ptm_model_5_seed_000.pdb,87.37
95,bbarrel/with_template_48recyc/colab_att/TMB2.69_unrelaxed_rank_005_alphafold2_ptm_model_5_seed_000.pdb,38.5
96,bbarrel/with_template_48recyc/colab_att/TMB2.69_unrelaxed_rank_004_alphafold2_ptm_model_3_seed_000.pdb,68.37
97,bbarrel/with_template_48recyc/colab_att/TMB2.5_unrelaxed_rank_005_alphafold2_ptm_model_3_seed_000.pdb,31.7
98,bbarrel/with_template_48recyc/colab_att/TMB2.44_unrelaxed_rank_004_alphafold2_ptm_model_5_seed_000.pdb,71.87
99,bbarrel/with_template_48recyc/colab_att/TMB2.89_unrelaxed_rank_002_alphafold2_ptm_model_1_seed_000.pdb,93.63
100,bbarrel/with_template_48recyc/colab_att/TMB2.76_unrelaxed_rank_003_alphafold2_ptm_model_4_seed_000.pdb,88.36
101,bbarrel/with_template_48recyc/colab_att/TMB2.70_unrelaxed_rank_005_alphafold2_ptm_model_3_seed_000.pdb,32.19
102,bbarrel/with_template_48recyc/colab_att/TMB2.34_unrelaxed_rank_004_alphafold2_ptm_model_3_seed_000.pdb,63.33
103,bbarrel/with_template_48recyc/colab_att/TMB2.83_unrelaxed_rank_003_alphafold2_ptm_model_4_seed_000.pdb,85.59
104,bbarrel/with_template_48recyc/colab_att/TMB2.66_unrelaxed_rank_002_alphafold2_ptm_model_1_seed_000.pdb,95.16
105,bbarrel/with_template_48recyc/colab_att/TMB2.64_unrelaxed_rank_001_alphafold2_ptm_model_1_seed_000.pdb,95.68
106,bbarrel/with_template_48recyc/colab_att/TMB2.60_unrelaxed_rank_001_alphafold2_ptm_model_1_seed_000.pdb,95.3
107,bbarrel/with_template_48recyc/colab_att/TMB2.75_unrelaxed_rank_005_alphafold2_ptm_model_3_seed_000.pdb,54.5
108,bbarrel/with_template_48recyc/colab_att/TMB2.2_unrelaxed_rank_002_alphafold2_ptm_model_1_seed_000.pdb,94.74
109,bbarrel/with_template_48recyc/colab_att/TMB2.28_unrelaxed_rank_003_alphafold2_ptm_model_4_seed_000.pdb,86.96
110,bbarrel/with_template_48recyc/colab_att/TMB2.65_unrelaxed_rank_005_alphafold2_ptm_model_3_seed_000.pdb,85.4
111,bbarrel/with_template_48recyc/colab_att/TMB2.32_unrelaxed_rank_003_alphafold2_ptm_model_5_seed_000.pdb,75.89
112,bbarrel/with_template_48recyc/colab_att/TMB2.22_unrelaxed_rank_001_alphafold2_ptm_model_2_seed_000.pdb,95.49
113,bbarrel/with_template_48recyc/colab_att/TMB2.39_unrelaxed_rank_005_alphafold2_ptm_model_3_seed_000.pdb,31.55
114,bbarrel/with_template_48recyc/colab_att/TMB2.86_unrelaxed_rank_002_alphafold2_ptm_model_1_seed_000.pdb,93.42
115,bbarrel/with_template_48recyc/colab_att/TMB2.23_unrelaxed_rank_004_alphafold2_ptm_model_5_seed_000.pdb,41.29
116,bbarrel/with_template_48recyc/colab_att/TMB2.28_unrelaxed_rank_004_alphafold2_ptm_model_5_seed_000.pdb,35.21
117,bbarrel/with_template_48recyc/colab_att/TMB2.55_unrelaxed_rank_001_alphafold2_ptm_model_2_seed_000.pdb,94.56
118,bbarrel/with_template_48recyc/colab_att/TMB2.18_unrelaxed_rank_003_alphafold2_ptm_model_4_seed_000.pdb,86.44
119,bbarrel/with_template_48recyc/colab_att/TMB2.20_unrelaxed_rank_001_alphafold2_ptm_model_2_seed_000.pdb,95.0
120,bbarrel/with_template_48recyc/colab_att/TMB2.41_unrelaxed_rank_001_alphafold2_ptm_model_2_seed_000.pdb,95.91
121,bbarrel/with_template_48recyc/colab_att/TMB2.47_unrelaxed_rank_004_alphafold2_ptm_model_3_seed_000.pdb,78.12
122,bbarrel/with_template_48recyc/colab_att/TMB2.45_unrelaxed_rank_005_alphafold2_ptm_model_5_seed_000.pdb,75.22
123,bbarrel/with_template_48recyc/colab_att/TMB2.38_unrelaxed_rank_002_alphafold2_ptm_model_2_seed_000.pdb,94.45
124,bbarrel/with_template_48recyc/colab_att/TMB2.29_unrelaxed_rank_005_alphafold2_ptm_model_3_seed_000.pdb,85.08
125,bbarrel/with_template_48recyc/colab_att/TMB2.80_unrelaxed_rank_001_alphafold2_ptm_model_1_seed_000.pdb,93.83
126,bbarrel/with_template_48recyc/colab_att/TMB2.1_unrelaxed_rank_002_alphafold2_ptm_model_2_seed_000.pdb,94.92
127,bbarrel/with_template_48recyc/colab_att/TMB2.1_unrelaxed_rank_004_alphafold2_ptm_model_3_seed_000.pdb,31.48
128,bbarrel/with_template_48recyc/colab_att/TMB2.19_unrelaxed_rank_002_alphafold2_ptm_model_2_seed_000.pdb,94.01
129,bbarrel/with_template_48recyc/colab_att/TMB2.55_unrelaxed_rank_005_alphafold2_ptm_model_5_seed_000.pdb,27.94
130,bbarrel/with_template_48recyc/colab_att/TMB2.23_unrelaxed_rank_002_alphafold2_ptm_model_1_seed_000.pdb,93.78
131,bbarrel/with_template_48recyc/colab_att/TMB2.74_unrelaxed_rank_004_alphafold2_ptm_model_5_seed_000.pdb,63.26
132,bbarrel/with_template_48recyc/colab_att/TMB2.79_unrelaxed_rank_004_alphafold2_ptm_model_5_seed_000.pdb,40.22
133,bbarrel/with_template_48recyc/colab_att/TMB2.80_unrelaxed_rank_005_alphafold2_ptm_model_5_seed_000.pdb,36.11
134,bbarrel/with_template_48recyc/colab_att/TMB2.82_unrelaxed_rank_001_alphafold2_ptm_model_1_seed_000.pdb,93.71
135,bbarrel/with_template_48recyc/colab_att/TMB2.63_unrelaxed_rank_003_alphafold2_ptm_model_4_seed_000.pdb,82.01
136,bbarrel/with_template_48recyc/colab_att/TMB2.75_unrelaxed_rank_001_alphafold2_ptm_model_2_seed_000.pdb,94.13
137,bbarrel/with_template_48recyc/colab_att/TMB2.4_unrelaxed_rank_003_alphafold2_ptm_model_4_seed_000.pdb,86.15
138,bbarrel/with_template_48recyc/colab_att/TMB2.15_unrelaxed_rank_001_alphafold2_ptm_model_2_seed_000.pdb,94.5
139,bbarrel/with_template_48recyc/colab_att/TMB2.25_unrelaxed_rank_002_alphafold2_ptm_model_2_seed_000.pdb,95.44
140,bbarrel/with_template_48recyc/colab_att/TMB2.6_unrelaxed_rank_004_alphafold2_ptm_model_5_seed_000.pdb,62.59
141,bbarrel/with_template_48recyc/colab_att/TMB2.29_unrelaxed_rank_004_alphafold2_ptm_model_4_seed_000.pdb,88.24
142,bbarrel/with_template_48recyc/colab_att/TMB2.41_unrelaxed_rank_005_alphafold2_ptm_model_3_seed_000.pdb,83.2
143,bbarrel/with_template_48recyc/colab_att/TMB2.71_unrelaxed_rank_005_alphafold2_ptm_model_5_seed_000.pdb,78.1
144,bbarrel/with_template_48recyc/colab_att/TMB2.37_unrelaxed_rank_003_alphafold2_ptm_model_5_seed_000.pdb,77.53
145,bbarrel/with_template_48recyc/colab_att/TMB2.66_unrelaxed_rank_005_alphafold2_ptm_model_3_seed_000.pdb,30.82
146,bbarrel/with_template_48recyc/colab_att/TMB2.79_unrelaxed_rank_003_alphafold2_ptm_model_4_seed_000.pdb,85.64
147,bbarrel/with_template_48recyc/colab_att/TMB2.22_unrelaxed_rank_005_alphafold2_ptm_model_3_seed_000.pdb,50.57
148,bbarrel/with_template_48recyc/colab_att/TMB2.78_unrelaxed_rank_002_alphafold2_ptm_model_1_seed_000.pdb,95.34
149,bbarrel/with_template_48recyc/colab_att/TMB2.47_unrelaxed_rank_002_alphafold2_ptm_model_1_seed_000.pdb,95.24
150,bbarrel/with_template_48recyc/colab_att/TMB2.38_unrelaxed_rank_003_alphafold2_ptm_model_3_seed_000.pdb,32.67
151,bbarrel/with_template_48recyc/colab_att/TMB2.73_unrelaxed_rank_005_alphafold2_ptm_model_3_seed_000.pdb,31.04
152,bbarrel/with_template_48recyc/colab_att/TMB2.4_unrelaxed_rank_005_alphafold2_ptm_model_3_seed_000.pdb,29.72
153,bbarrel/with_template_48recyc/colab_att/TMB2.8_unrelaxed_rank_001_alphafold2_ptm_model_2_seed_000.pdb,96.01
154,bbarrel/with_template_48recyc/colab_att/TMB2.47_unrelaxed_rank_003_alphafold2_ptm_model_4_seed_000.pdb,83.38
155,bbarrel/with_template_48recyc/colab_att/TMB2.24_unrelaxed_rank_001_alphafold2_ptm_model_2_seed_000.pdb,96.07
156,bbarrel/with_template_48recyc/colab_att/TMB2.31_unrelaxed_rank_002_alphafold2_ptm_model_2_seed_000.pdb,94.81
157,bbarrel/with_template_48recyc/colab_att/TMB2.35_unrelaxed_rank_004_alphafold2_ptm_model_3_seed_000.pdb,38.86
158,bbarrel/with_template_48recyc/colab_att/TMB2.55_unrelaxed_rank_004_alphafold2_ptm_model_3_seed_000.pdb,30.06
159,bbarrel/with_template_48recyc/colab_att/TMB2.14_unrelaxed_rank_004_alphafold2_ptm_model_3_seed_000.pdb,78.63
160,bbarrel/with_template_48recyc/colab_att/TMB2.69_unrelaxed_rank_001_alphafold2_ptm_model_1_seed_000.pdb,94.6
161,bbarrel/with_template_48recyc/colab_att/TMB2.33_unrelaxed_rank_001_alphafold2_ptm_model_2_seed_000.pdb,94.43
162,bbarrel/with_template_48recyc/colab_att/TMB2.25_unrelaxed_rank_005_alphafold2_ptm_model_3_seed_000.pdb,47.63
163,bbarrel/with_template_48recyc/colab_att/TMB2.88_unrelaxed_rank_005_alphafold2_ptm_model_5_seed_000.pdb,36.94
164,bbarrel/with_template_48recyc/colab_att/TMB2.51_unrelaxed_rank_003_alphafold2_ptm_model_4_seed_000.pdb,72.49
165,bbarrel/with_template_48recyc/colab_att/TMB2.75_unrelaxed_rank_003_alphafold2_ptm_model_4_seed_000.pdb,84.85
166,bbarrel/with_template_48recyc/colab_att/TMB2.42_unrelaxed_rank_004_alphafold2_ptm_model_5_seed_000.pdb,48.62
167,bbarrel/with_template_48recyc/colab_att/TMB2.3_unrelaxed_rank_005_alphafold2_ptm_model_3_seed_000.pdb,30.11
168,bbarrel/with_template_48recyc/colab_att/TMB2.33_unrelaxed_rank_003_alphafold2_ptm_model_4_seed_000.pdb,88.22
169,bbarrel/with_template_48recyc/colab_att/TMB2.51_unrelaxed_rank_005_alphafold2_ptm_model_5_seed_000.pdb,28.98
170,bbarrel/with_template_48recyc/colab_att/TMB2.9_unrelaxed_rank_001_alphafold2_ptm_model_1_seed_000.pdb,93.53
171,bbarrel/with_template_48recyc/colab_att/TMB2.78_unrelaxed_rank_005_alphafold2_ptm_model_5_seed_000.pdb,33.72
172,bbarrel/with_template_48recyc/colab_att/TMB2.77_unrelaxed_rank_002_alphafold2_ptm_model_1_seed_000.pdb,94.6
173,bbarrel/with_template_48recyc/colab_att/TMB2.62_unrelaxed_rank_003_alphafold2_ptm_model_4_seed_000.pdb,86.54
174,bbarrel/with_template_48recyc/colab_att/TMB2.29_unrelaxed_rank_001_alphafold2_ptm_model_2_seed_000.pdb,95.14
175,bbarrel/with_template_48recyc/colab_att/TMB2.11_unrelaxed_rank_005_alphafold2_ptm_model_5_seed_000.pdb,35.86
176,bbarrel/with_template_48recyc/colab_att/TMB2.17_unrelaxed_rank_002_alphafold2_ptm_model_1_seed_000.pdb,96.44
177,bbarrel/with_template_48recyc/colab_att/TMB2.36_unrelaxed_rank_005_alphafold2_ptm_model_3_seed_000.pdb,34.76
178,bbarrel/with_template_48recyc/colab_att/TMB2.58_unrelaxed_rank_005_alphafold2_ptm_model_3_seed_000.pdb,50.05
179,bbarrel/with_template_48recyc/colab_att/TMB2.8_unrelaxed_rank_002_alphafold2_ptm_model_1_seed_000.pdb,95.98
180,bbarrel/with_template_48recyc/colab_att/TMB2.81_unrelaxed_rank_004_alphafold2_ptm_model_3_seed_000.pdb,46.69
181,bbarrel/with_template_48recyc/colab_att/TMB2.65_unrelaxed_rank_001_alphafold2_ptm_model_2_seed_000.pdb,95.62
182,bbarrel/with_template_48recyc/colab_att/TMB2.57_unrelaxed_rank_003_alphafold2_ptm_model_4_seed_000.pdb,84.02
183,bbarrel/with_template_48recyc/colab_att/TMB2.14_unrelaxed_rank_003_alphafold2_ptm_model_4_seed_000.pdb,88.11
184,bbarrel/with_template_48recyc/colab_att/TMB2.24_unrelaxed_rank_002_alphafold2_ptm_model_1_seed_000.pdb,95.92
185,bbarrel/with_template_48recyc/colab_att/TMB2.27_unrelaxed_rank_004_alphafold2_ptm_model_3_seed_000.pdb,30.54
186,bbarrel/with_template_48recyc/colab_att/TMB2.68_unrelaxed_rank_003_alphafold2_ptm_model_3_seed_000.pdb,87.1
187,bbarrel/with_template_48recyc/colab_att/TMB2.48_unrelaxed_rank_004_alphafold2_ptm_model_5_seed_000.pdb,30.87
188,bbarrel/with_template_48recyc/colab_att/TMB2.62_unrelaxed_rank_004_alphafold2_ptm_model_3_seed_000.pdb,75.73
189,bbarrel/with_template_48recyc/colab_att/TMB2.37_unrelaxed_rank_002_alphafold2_ptm_model_1_seed_000.pdb,93.03
190,bbarrel/with_template_48recyc/colab_att/TMB2.59_unrelaxed_rank_003_alphafold2_ptm_model_4_seed_000.pdb,87.49
191,bbarrel/with_template_48recyc/colab_att/TMB2.68_unrelaxed_rank_002_alphafold2_ptm_model_2_seed_000.pdb,93.75
192,bbarrel/with_template_48recyc/colab_att/TMB2.75_unrelaxed_rank_004_alphafold2_ptm_model_5_seed_000.pdb,59.76
193,bbarrel/with_template_48recyc/colab_att/TMB2.54_unrelaxed_rank_004_alphafold2_ptm_model_5_seed_000.pdb,35.96
194,bbarrel/with_template_48recyc/colab_att/TMB2.34_unrelaxed_rank_005_alphafold2_ptm_model_5_seed_000.pdb,35.87
195,bbarrel/with_template_48recyc/colab_att/TMB2.2_unrelaxed_rank_004_alphafold2_ptm_model_5_seed_000.pdb,64.76
196,bbarrel/with_template_48recyc/colab_att/TMB2.19_unrelaxed_rank_003_alphafold2_ptm_model_4_seed_000.pdb,87.19
197,bbarrel/with_template_48recyc/colab_att/TMB2.4_unrelaxed_rank_002_alphafold2_ptm_model_2_seed_000.pdb,94.79
198,bbarrel/with_template_48recyc/colab_att/TMB2.70_unrelaxed_rank_002_alphafold2_ptm_model_1_seed_000.pdb,94.55
199,bbarrel/with_template_48recyc/colab_att/TMB2.11_unrelaxed_rank_004_alphafold2_ptm_model_3_seed_000.pdb,36.14
200,bbarrel/with_template_48recyc/colab_att/TMB2.85_unrelaxed_rank_004_alphafold2_ptm_model_3_seed_000.pdb,85.89
201,bbarrel/with_template_48recyc/colab_att/TMB2.88_unrelaxed_rank_004_alphafold2_ptm_model_3_seed_000.pdb,38.4
202,bbarrel/with_template_48recyc/colab_att/TMB2.87_unrelaxed_rank_003_alphafold2_ptm_model_4_seed_000.pdb,38.73
203,bbarrel/with_template_48recyc/colab_att/TMB2.36_unrelaxed_rank_003_alphafold2_ptm_model_5_seed_000.pdb,79.71
204,bbarrel/with_template_48recyc/colab_att/TMB2.30_unrelaxed_rank_005_alphafold2_ptm_model_3_seed_000.pdb,33.49
205,bbarrel/with_template_48recyc/colab_att/TMB2.62_unrelaxed_rank_001_alphafold2_ptm_model_2_seed_000.pdb,96.3
206,bbarrel/with_template_48recyc/colab_att/TMB2.88_unrelaxed_rank_003_alphafold2_ptm_model_4_seed_000.pdb,84.86
207,bbarrel/with_template_48recyc/colab_att/TMB2.81_unrelaxed_rank_003_alphafold2_ptm_model_4_seed_000.pdb,80.11
208,bbarrel/with_template_48recyc/colab_att/TMB2.78_unrelaxed_rank_004_alphafold2_ptm_model_3_seed_000.pdb,34.0
209,bbarrel/with_template_48recyc/colab_att/TMB2.63_unrelaxed_rank_001_alphafold2_ptm_model_2_seed_000.pdb,93.3
210,bbarrel/with_template_48recyc/colab_att/TMB2.39_unrelaxed_rank_003_alphafold2_ptm_model_4_seed_000.pdb,87.37
211,bbarrel/with_template_48recyc/colab_att/TMB2.37_unrelaxed_rank_001_alphafold2_ptm_model_2_seed_000.pdb,93.81
212,bbarrel/with_template_48recyc/colab_att/TMB2.54_unrelaxed_rank_001_alphafold2_ptm_model_1_seed_000.pdb,95.59
213,bbarrel/with_template_48recyc/colab_att/TMB2.5_unrelaxed_rank_003_alphafold2_ptm_model_4_seed_000.pdb,85.63
214,bbarrel/with_template_48recyc/colab_att/TMB2.3_unrelaxed_rank_003_alphafold2_ptm_model_4_seed_000.pdb,48.35
215,bbarrel/with_template_48recyc/colab_att/TMB2.18_unrelaxed_rank_005_alphafold2_ptm_model_3_seed_000.pdb,32.78
216,bbarrel/with_template_48recyc/colab_att/TMB2.19_unrelaxed_rank_005_alphafold2_ptm_model_3_seed_000.pdb,50.88
217,bbarrel/with_template_48recyc/colab_att/TMB2.42_unrelaxed_rank_002_alphafold2_ptm_model_2_seed_000.pdb,95.13
218,bbarrel/with_template_48recyc/colab_att/TMB2.52_unrelaxed_rank_002_alphafold2_ptm_model_2_seed_000.pdb,94.16
219,bbarrel/with_template_48recyc/colab_att/TMB2.34_unrelaxed_rank_002_alphafold2_ptm_model_1_seed_000.pdb,94.54
220,bbarrel/with_template_48recyc/colab_att/TMB2.27_unrelaxed_rank_002_alphafold2_ptm_model_1_seed_000.pdb,95.51
221,bbarrel/with_template_48recyc/colab_att/TMB2.73_unrelaxed_rank_002_alphafold2_ptm_model_1_seed_000.pdb,95.43
222,bbarrel/with_template_48recyc/colab_att/TMB2.24_unrelaxed_rank_004_alphafold2_ptm_model_4_seed_000.pdb,78.79
223,bbarrel/with_template_48recyc/colab_att/TMB2.80_unrelaxed_rank_002_alphafold2_ptm_model_2_seed_000.pdb,93.67
224,bbarrel/with_template_48recyc/colab_att/TMB2.32_unrelaxed_rank_002_alphafold2_ptm_model_1_seed_000.pdb,94.1
225,bbarrel/with_template_48recyc/colab_att/TMB2.87_unrelaxed_rank_005_alphafold2_ptm_model_3_seed_000.pdb,30.74
226,bbarrel/with_template_48recyc/colab_att/TMB2.30_unrelaxed_rank_004_alphafold2_ptm_model_5_seed_000.pdb,33.67
227,bbarrel/with_template_48recyc/colab_att/TMB2.42_unrelaxed_rank_005_alphafold2_ptm_model_3_seed_000.pdb,33.74
228,bbarrel/with_template_48recyc/colab_att/TMB2.82_unrelaxed_rank_004_alphafold2_ptm_model_3_seed_000.pdb,84.83
229,bbarrel/with_template_48recyc/colab_att/TMB2.89_unrelaxed_rank_005_alphafold2_ptm_model_5_seed_000.pdb,36.32
230,bbarrel/with_template_48recyc/colab_att/TMB2.19_unrelaxed_rank_004_alphafold2_ptm_model_5_seed_000.pdb,82.25
231,bbarrel/with_template_48recyc/colab_att/TMB2.54_unrelaxed_rank_002_alphafold2_ptm_model_2_seed_000.pdb,95.5
232,bbarrel/with_template_48recyc/colab_att/TMB2.8_unrelaxed_rank_004_alphafold2_ptm_model_3_seed_000.pdb,32.58
233,bbarrel/with_template_48recyc/colab_att/TMB2.28_unrelaxed_rank_001_alphafold2_ptm_model_1_seed_000.pdb,96.45
234,bbarrel/with_template_48recyc/colab_att/TMB2.12_unrelaxed_rank_003_alphafold2_ptm_model_5_seed_000.pdb,32.95
235,bbarrel/with_template_48recyc/colab_att/TMB2.84_unrelaxed_rank_002_alphafold2_ptm_model_2_seed_000.pdb,94.19
236,bbarrel/with_template_48recyc/colab_att/TMB2.30_unrelaxed_rank_002_alphafold2_ptm_model_2_seed_000.pdb,93.48
237,bbarrel/with_template_48recyc/colab_att/TMB2.52_unrelaxed_rank_004_alphafold2_ptm_model_4_seed_000.pdb,65.02
238,bbarrel/with_template_48recyc/colab_att/TMB2.51_unrelaxed_rank_002_alphafold2_ptm_model_1_seed_000.pdb,94.22
239,bbarrel/with_template_48recyc/colab_att/TMB2.58_unrelaxed_rank_004_alphafold2_ptm_model_5_seed_000.pdb,72.36
240,bbarrel/with_template_48recyc/colab_att/TMB2.86_unrelaxed_rank_001_alphafold2_ptm_model_2_seed_000.pdb,93.78
241,bbarrel/with_template_48recyc/colab_att/TMB2.65_unrelaxed_rank_002_alphafold2_ptm_model_1_seed_000.pdb,95.4
242,bbarrel/with_template_48recyc/colab_att/TMB2.44_unrelaxed_rank_005_alphafold2_ptm_model_3_seed_000.pdb,68.94
243,bbarrel/with_template_48recyc/colab_att/TMB2.72_unrelaxed_rank_003_alphafold2_ptm_model_4_seed_000.pdb,75.75
244,bbarrel/with_template_48recyc/colab_att/TMB2.49_unrelaxed_rank_001_alphafold2_ptm_model_2_seed_000.pdb,95.05
245,bbarrel/with_template_48recyc/colab_att/TMB2.58_unrelaxed_rank_002_alphafold2_ptm_model_2_seed_000.pdb,95.44
246,bbarrel/with_template_48recyc/colab_att/TMB2.56_unrelaxed_rank_002_alphafold2_ptm_model_1_seed_000.pdb,94.23
247,bbarrel/with_template_48recyc/colab_att/TMB2.78_unrelaxed_rank_001_alphafold2_ptm_model_2_seed_000.pdb,95.56
248,bbarrel/with_template_48recyc/colab_att/TMB2.50_unrelaxed_rank_004_alphafold2_ptm_model_5_seed_000.pdb,33.1
249,bbarrel/with_template_48recyc/colab_att/TMB2.74_unrelaxed_rank_001_alphafold2_ptm_model_1_seed_000.pdb,95.41
250,bbarrel/with_template_48recyc/colab_att/TMB2.87_unrelaxed_rank_002_alphafold2_ptm_model_1_seed_000.pdb,93.96
251,bbarrel/with_template_48recyc/colab_att/TMB2.73_unrelaxed_rank_004_alphafold2_ptm_model_4_seed_000.pdb,31.99
252,bbarrel/with_template_48recyc/colab_att/TMB2.41_unrelaxed_rank_002_alphafold2_ptm_model_1_seed_000.pdb,95.16
253,bbarrel/with_template_48recyc/colab_att/TMB2.43_unrelaxed_rank_005_alphafold2_ptm_model_5_seed_000.pdb,58.5
254,bbarrel/with_template_48recyc/colab_att/TMB2.65_unrelaxed_rank_004_alphafold2_ptm_model_5_seed_000.pdb,87.28
255,bbarrel/with_template_48recyc/colab_att/TMB2.27_unrelaxed_rank_001_alphafold2_ptm_model_2_seed_000.pdb,95.52
256,bbarrel/with_template_48recyc/colab_att/TMB2.88_unrelaxed_rank_001_alphafold2_ptm_model_1_seed_000.pdb,95.17
257,bbarrel/with_template_48recyc/colab_att/TMB2.7_unrelaxed_rank_004_alphafold2_ptm_model_5_seed_000.pdb,32.07
258,bbarrel/with_template_48recyc/colab_att/TMB2.8_unrelaxed_rank_003_alphafold2_ptm_model_4_seed_000.pdb,78.61
259,bbarrel/with_template_48recyc/colab_att/TMB2.37_unrelaxed_rank_005_alphafold2_ptm_model_3_seed_000.pdb,35.62
260,bbarrel/with_template_48recyc/colab_att/TMB2.71_unrelaxed_rank_002_alphafold2_ptm_model_1_seed_000.pdb,93.89
261,bbarrel/with_template_48recyc/colab_att/TMB2.1_unrelaxed_rank_001_alphafold2_ptm_model_1_seed_000.pdb,95.18
262,bbarrel/with_template_48recyc/colab_att/TMB2.89_unrelaxed_rank_001_alphafold2_ptm_model_2_seed_000.pdb,94.07
263,bbarrel/with_template_48recyc/colab_att/TMB2.11_unrelaxed_rank_001_alphafold2_ptm_model_2_seed_000.pdb,95.61
264,bbarrel/with_template_48recyc/colab_att/TMB2.67_unrelaxed_rank_005_alphafold2_ptm_model_5_seed_000.pdb,33.51
265,bbarrel/with_template_48recyc/colab_att/TMB2.34_unrelaxed_rank_001_alphafold2_ptm_model_2_seed_000.pdb,94.89
266,bbarrel/with_template_48recyc/colab_att/TMB2.85_unrelaxed_rank_005_alphafold2_ptm_model_5_seed_000.pdb,61.83
267,bbarrel/with_template_48recyc/colab_att/TMB2.14_unrelaxed_rank_002_alphafold2_ptm_model_1_seed_000.pdb,96.52
268,bbarrel/with_template_48recyc/colab_att/TMB2.57_unrelaxed_rank_005_alphafold2_ptm_model_3_seed_000.pdb,34.07
269,bbarrel/with_template_48recyc/colab_att/TMB2.66_unrelaxed_rank_003_alphafold2_ptm_model_4_seed_000.pdb,82.76
270,bbarrel/with_template_48recyc/colab_att/TMB2.83_unrelaxed_rank_004_alphafold2_ptm_model_5_seed_000.pdb,77.23
271,bbarrel/with_template_48recyc/colab_att/TMB2.7_unrelaxed_rank_003_alphafold2_ptm_model_4_seed_000.pdb,60.61
272,bbarrel/with_template_48recyc/colab_att/TMB2.21_unrelaxed_rank_004_alphafold2_ptm_model_5_seed_000.pdb,74.45
273,bbarrel/with_template_48recyc/colab_att/TMB2.26_unrelaxed_rank_003_alphafold2_ptm_model_4_seed_000.pdb,81.16
274,bbarrel/with_template_48recyc/colab_att/TMB2.25_unrelaxed_rank_003_alphafold2_ptm_model_4_seed_000.pdb,86.69
275,bbarrel/with_template_48recyc/colab_att/TMB2.84_unrelaxed_rank_001_alphafold2_ptm_model_1_seed_000.pdb,94.46
276,bbarrel/with_template_48recyc/colab_att/TMB2.58_unrelaxed_rank_003_alphafold2_ptm_model_4_seed_000.pdb,88.56
277,bbarrel/with_template_48recyc/colab_att/TMB2.3_unrelaxed_rank_002_alphafold2_ptm_model_1_seed_000.pdb,94.73
278,bbarrel/with_template_48recyc/colab_att/TMB2.60_unrelaxed_rank_005_alphafold2_ptm_model_3_seed_000.pdb,32.84
279,bbarrel/with_template_48recyc/colab_att/TMB2.4_unrelaxed_rank_001_alphafold2_ptm_model_1_seed_000.pdb,94.86
280,bbarrel/with_template_48recyc/colab_att/TMB2.36_unrelaxed_rank_004_alphafold2_ptm_model_4_seed_000.pdb,79.72
281,bbarrel/with_template_48recyc/colab_att/TMB2.22_unrelaxed_rank_003_alphafold2_ptm_model_4_seed_000.pdb,86.86
282,bbarrel/with_template_48recyc/colab_att/TMB2.2_unrelaxed_rank_001_alphafold2_ptm_model_2_seed_000.pdb,94.91
283,bbarrel/with_template_48recyc/colab_att/TMB2.79_unrelaxed_rank_001_alphafold2_ptm_model_2_seed_000.pdb,95.79
284,bbarrel/with_template_48recyc/colab_att/TMB2.36_unrelaxed_rank_002_alphafold2_ptm_model_1_seed_000.pdb,95.5
285,bbarrel/with_template_48recyc/colab_att/TMB2.77_unrelaxed_rank_001_alphafold2_ptm_model_2_seed_000.pdb,95.33
286,bbarrel/with_template_48recyc/colab_att/TMB2.12_unrelaxed_rank_001_alphafold2_ptm_model_2_seed_000.pdb,94.73
287,bbarrel/with_template_48recyc/colab_att/TMB2.80_unrelaxed_rank_004_alphafold2_ptm_model_3_seed_000.pdb,75.89
288,bbarrel/with_template_48recyc/colab_att/TMB2.26_unrelaxed_rank_004_alphafold2_ptm_model_5_seed_000.pdb,31.89
289,bbarrel/with_template_48recyc/colab_att/TMB2.57_unrelaxed_rank_004_alphafold2_ptm_model_5_seed_000.pdb,80.12
290,bbarrel/with_template_48recyc/colab_att/TMB2.72_unrelaxed_rank_001_alphafold2_ptm_model_1_seed_000.pdb,93.86
291,bbarrel/with_template_48recyc/colab_att/TMB2.89_unrelaxed_rank_004_alphafold2_ptm_model_3_seed_000.pdb,47.27
292,bbarrel/with_template_48recyc/colab_att/TMB2.70_unrelaxed_rank_003_alphafold2_ptm_model_5_seed_000.pdb,86.4
293,bbarrel/with_template_48recyc/colab_att/TMB2.21_unrelaxed_rank_003_alphafold2_ptm_model_4_seed_000.pdb,81.07
294,bbarrel/with_template_48recyc/colab_att/TMB2.49_unrelaxed_rank_003_alphafold2_ptm_model_4_seed_000.pdb,85.6
295,bbarrel/with_template_48recyc/colab_att/TMB2.27_unrelaxed_rank_005_alphafold2_ptm_model_5_seed_000.pdb,29.93
296,bbarrel/with_template_48recyc/colab_att/TMB2.88_unrelaxed_rank_002_alphafold2_ptm_model_2_seed_000.pdb,95.05
297,bbarrel/with_template_48recyc/colab_att/TMB2.35_unrelaxed_rank_002_alphafold2_ptm_model_2_seed_000.pdb,94.57
298,bbarrel/with_template_48recyc/colab_att/TMB2.76_unrelaxed_rank_002_alphafold2_ptm_model_1_seed_000.pdb,95.12
299,bbarrel/with_template_48recyc/colab_att/TMB2.6_unrelaxed_rank_001_alphafold2_ptm_model_2_seed_000.pdb,95.48
300,bbarrel/with_template_48recyc/colab_att/TMB2.6_unrelaxed_rank_005_alphafold2_ptm_model_3_seed_000.pdb,29.65
301,bbarrel/with_template_48recyc/colab_att/TMB2.9_unrelaxed_rank_002_alphafold2_ptm_model_2_seed_000.pdb,93.38
302,bbarrel/with_template_48recyc/colab_att/TMB2.76_unrelaxed_rank_005_alphafold2_ptm_model_3_seed_000.pdb,86.37
303,bbarrel/with_template_48recyc/colab_att/TMB2.74_unrelaxed_rank_002_alphafold2_ptm_model_2_seed_000.pdb,95.34
304,bbarrel/with_template_48recyc/colab_att/TMB2.63_unrelaxed_rank_004_alphafold2_ptm_model_5_seed_000.pdb,78.43
305,bbarrel/with_template_48recyc/colab_att/TMB2.64_unrelaxed_rank_004_alphafold2_ptm_model_3_seed_000.pdb,38.52
306,bbarrel/with_template_48recyc/colab_att/TMB2.71_unrelaxed_rank_004_alphafold2_ptm_model_4_seed_000.pdb,87.22
307,bbarrel/with_template_48recyc/colab_att/TMB2.39_unrelaxed_rank_002_alphafold2_ptm_model_1_seed_000.pdb,93.62
308,bbarrel/with_template_48recyc/colab_att/TMB2.14_unrelaxed_rank_001_alphafold2_ptm_model_2_seed_000.pdb,96.82
309,bbarrel/with_template_48recyc/colab_att/TMB2.52_unrelaxed_rank_003_alphafold2_ptm_model_5_seed_000.pdb,78.07
310,bbarrel/with_template_48recyc/colab_att/TMB2.42_unrelaxed_rank_003_alphafold2_ptm_model_4_seed_000.pdb,84.68
311,bbarrel/with_template_48recyc/colab_att/TMB2.27_unrelaxed_rank_003_alphafold2_ptm_model_4_seed_000.pdb,86.53
312,bbarrel/with_template_48recyc/colab_att/TMB2.58_unrelaxed_rank_001_alphafold2_ptm_model_1_seed_000.pdb,95.62
313,bbarrel/with_template_48recyc/colab_att/TMB2.68_unrelaxed_rank_005_alphafold2_ptm_model_5_seed_000.pdb,39.31
314,bbarrel/with_template_48recyc/colab_att/TMB2.60_unrelaxed_rank_002_alphafold2_ptm_model_2_seed_000.pdb,94.69
315,bbarrel/with_template_48recyc/colab_att/TMB2.50_unrelaxed_rank_005_alphafold2_ptm_model_3_seed_000.pdb,29.28
316,bbarrel/with_template_48recyc/colab_att/TMB2.73_unrelaxed_rank_001_alphafold2_ptm_model_2_seed_000.pdb,96.04
317,bbarrel/with_template_48recyc/colab_att/TMB2.76_unrelaxed_rank_001_alphafold2_ptm_model_2_seed_000.pdb,95.94
318,bbarrel/with_template_48recyc/colab_att/TMB2.43_unrelaxed_rank_001_alphafold2_ptm_model_1_seed_000.pdb,95.33
319,bbarrel/with_template_48recyc/colab_att/TMB2.41_unrelaxed_rank_004_alphafold2_ptm_model_5_seed_000.pdb,86.82
320,bbarrel/with_template_48recyc/colab_att/TMB2.15_unrelaxed_rank_002_alphafold2_ptm_model_1_seed_000.pdb,93.85
321,bbarrel/with_template_48recyc/colab_att/TMB2.70_unrelaxed_rank_001_alphafold2_ptm_model_2_seed_000.pdb,94.63
322,bbarrel/with_template_48recyc/colab_att/TMB2.54_unrelaxed_rank_005_alphafold2_ptm_model_3_seed_000.pdb,34.69
323,bbarrel/with_template_48recyc/colab_att/TMB2.42_unrelaxed_rank_001_alphafold2_ptm_model_1_seed_000.pdb,95.54
324,bbarrel/with_template_48recyc/colab_att/TMB2.74_unrelaxed_rank_003_alphafold2_ptm_model_4_seed_000.pdb,80.09
325,bbarrel/with_template_48recyc/colab_att/TMB2.71_unrelaxed_rank_003_alphafold2_ptm_model_3_seed_000.pdb,87.51
326,bbarrel/with_template_48recyc/colab_att/TMB2.41_unrelaxed_rank_003_alphafold2_ptm_model_4_seed_000.pdb,88.12
327,bbarrel/with_template_48recyc/colab_att/TMB2.19_unrelaxed_rank_001_alphafold2_ptm_model_1_seed_000.pdb,94.27
328,bbarrel/with_template_48recyc/colab_att/TMB2.63_unrelaxed_rank_005_alphafold2_ptm_model_3_seed_000.pdb,55.97
329,bbarrel/with_template_48recyc/colab_att/TMB2.15_unrelaxed_rank_005_alphafold2_ptm_model_3_seed_000.pdb,29.52
330,bbarrel/with_template_48recyc/colab_att/TMB2.18_unrelaxed_rank_004_alphafold2_ptm_model_5_seed_000.pdb,75.4
331,bbarrel/with_template_48recyc/colab_att/TMB2.84_unrelaxed_rank_003_alphafold2_ptm_model_4_seed_000.pdb,85.55
332,bbarrel/with_template_48recyc/colab_att/TMB2.36_unrelaxed_rank_001_alphafold2_ptm_model_2_seed_000.pdb,95.61
333,bbarrel/with_template_48recyc/colab_att/TMB2.56_unrelaxed_rank_004_alphafold2_ptm_model_5_seed_000.pdb,88.98
334,bbarrel/with_template_48recyc/colab_att/TMB2.22_unrelaxed_rank_004_alphafold2_ptm_model_5_seed_000.pdb,85.29
335,bbarrel/with_template_48recyc/colab_att/TMB2.28_unrelaxed_rank_005_alphafold2_ptm_model_3_seed_000.pdb,32.32
336,bbarrel/with_template_48recyc/colab_att/TMB2.77_unrelaxed_rank_005_alphafold2_ptm_model_3_seed_000.pdb,55.44
337,bbarrel/with_template_48recyc/colab_att/TMB2.21_unrelaxed_rank_001_alphafold2_ptm_model_2_seed_000.pdb,95.92
338,bbarrel/with_template_48recyc/colab_att/TMB2.82_unrelaxed_rank_005_alphafold2_ptm_model_5_seed_000.pdb,75.67
339,bbarrel/with_template_48recyc/colab_att/TMB2.31_unrelaxed_rank_001_alphafold2_ptm_model_1_seed_000.pdb,94.99
340,bbarrel/with_template_48recyc/colab_att/TMB2.38_unrelaxed_rank_004_alphafold2_ptm_model_5_seed_000.pdb,31.3
341,bbarrel/with_template_48recyc/colab_att/TMB2.59_unrelaxed_rank_001_alphafold2_ptm_model_2_seed_000.pdb,95.13
342,bbarrel/with_template_48recyc/colab_att/TMB2.68_unrelaxed_rank_001_alphafold2_ptm_model_1_seed_000.pdb,94.13
343,bbarrel/with_template_48recyc/colab_att/TMB2.25_unrelaxed_rank_001_alphafold2_ptm_model_1_seed_000.pdb,95.61
344,bbarrel/with_template_48recyc/colab_att/TMB2.60_unrelaxed_rank_004_alphafold2_ptm_model_4_seed_000.pdb,84.25
345,bbarrel/with_template_48recyc/colab_att/TMB2.49_unrelaxed_rank_004_alphafold2_ptm_model_5_seed_000.pdb,33.48
346,bbarrel/with_template_48recyc/colab_att/TMB2.17_unrelaxed_rank_005_alphafold2_ptm_model_3_seed_000.pdb,31.16
347,bbarrel/with_template_48recyc/colab_att/TMB2.71_unrelaxed_rank_001_alphafold2_ptm_model_2_seed_000.pdb,94.39
348,bbarrel/with_template_48recyc/colab_att/TMB2.59_unrelaxed_rank_002_alphafold2_ptm_model_1_seed_000.pdb,94.99
349,bbarrel/with_template_48recyc/colab_att/TMB2.15_unrelaxed_rank_004_alphafold2_ptm_model_5_seed_000.pdb,32.05
350,bbarrel/with_template_48recyc/colab_att/TMB2.82_unrelaxed_rank_002_alphafold2_ptm_model_2_seed_000.pdb,93.67
351,bbarrel/with_template_48recyc/colab_att/TMB2.5_unrelaxed_rank_002_alphafold2_ptm_model_1_seed_000.pdb,95.63
352,bbarrel/with_template_48recyc/colab_att/TMB2.51_unrelaxed_rank_001_alphafold2_ptm_model_2_seed_000.pdb,95.13
353,bbarrel/with_template_48recyc/colab_att/TMB2.35_unrelaxed_rank_005_alphafold2_ptm_model_4_seed_000.pdb,37.72
354,bbarrel/with_template_48recyc/colab_att/TMB2.35_unrelaxed_rank_001_alphafold2_ptm_model_1_seed_000.pdb,95.32
355,bbarrel/with_template_48recyc/colab_att/TMB2.24_unrelaxed_rank_003_alphafold2_ptm_model_5_seed_000.pdb,82.81
356,bbarrel/with_template_48recyc/colab_att/TMB2.54_unrelaxed_rank_003_alphafold2_ptm_model_4_seed_000.pdb,81.12
357,bbarrel/with_template_48recyc/colab_att/TMB2.67_unrelaxed_rank_004_alphafold2_ptm_model_3_seed_000.pdb,35.93
358,bbarrel/with_template_48recyc/colab_att/TMB2.29_unrelaxed_rank_002_alphafold2_ptm_model_1_seed_000.pdb,94.38
359,bbarrel/with_template_48recyc/colab_att/TMB2.43_unrelaxed_rank_003_alphafold2_ptm_model_4_seed_000.pdb,86.98
360,bbarrel/with_template_48recyc/colab_att/TMB2.76_unrelaxed_rank_004_alphafold2_ptm_model_5_seed_000.pdb,87.79
361,bbarrel/with_template_48recyc/colab_att/TMB2.20_unrelaxed_rank_005_alphafold2_ptm_model_3_seed_000.pdb,33.47
362,bbarrel/with_template_48recyc/colab_att/TMB2.28_unrelaxed_rank_002_alphafold2_ptm_model_2_seed_000.pdb,96.15
363,bbarrel/with_template_48recyc/colab_att/TMB2.18_unrelaxed_rank_001_alphafold2_ptm_model_1_seed_000.pdb,96.37
364,bbarrel/with_template_48recyc/colab_att/TMB2.72_unrelaxed_rank_002_alphafold2_ptm_model_2_seed_000.pdb,92.98
365,bbarrel/with_template_48recyc/colab_att/TMB2.64_unrelaxed_rank_002_alphafold2_ptm_model_2_seed_000.pdb,95.62
366,bbarrel/with_template_48recyc/colab_att/TMB2.86_unrelaxed_rank_004_alphafold2_ptm_model_5_seed_000.pdb,35.85
367,bbarrel/with_template_48recyc/colab_att/TMB2.29_unrelaxed_rank_003_alphafold2_ptm_model_5_seed_000.pdb,88.27
368,bbarrel/with_template_48recyc/colab_att/TMB2.31_unrelaxed_rank_005_alphafold2_ptm_model_3_seed_000.pdb,70.1
369,bbarrel/with_template_48recyc/colab_att/TMB2.81_unrelaxed_rank_001_alphafold2_ptm_model_2_seed_000.pdb,95.07
370,bbarrel/with_template_48recyc/colab_att/TMB2.23_unrelaxed_rank_001_alphafold2_ptm_model_2_seed_000.pdb,94.76
371,bbarrel/with_template_48recyc/colab_att/TMB2.33_unrelaxed_rank_004_alphafold2_ptm_model_5_seed_000.pdb,40.88
372,bbarrel/with_template_48recyc/colab_att/TMB2.56_unrelaxed_rank_005_alphafold2_ptm_model_3_seed_000.pdb,31.59
373,bbarrel/with_template_48recyc/colab_att/TMB2.49_unrelaxed_rank_002_alphafold2_ptm_model_1_seed_000.pdb,94.28
374,bbarrel/with_template_48recyc/colab_att/TMB2.5_unrelaxed_rank_004_alphafold2_ptm_model_5_seed_000.pdb,82.49
375,bbarrel/with_template_48recyc/colab_att/TMB2.2_unrelaxed_rank_003_alphafold2_ptm_model_4_seed_000.pdb,71.74
376,bbarrel/with_template_48recyc/colab_att/TMB2.34_unrelaxed_rank_003_alphafold2_ptm_model_4_seed_000.pdb,84.0
377,bbarrel/with_template_48recyc/colab_att/TMB2.39_unrelaxed_rank_001_alphafold2_ptm_model_2_seed_000.pdb,94.82
378,bbarrel/with_template_48recyc/colab_att/TMB2.45_unrelaxed_rank_004_alphafold2_ptm_model_3_seed_000.pdb,83.56
379,bbarrel/with_template_48recyc/colab_att/TMB2.15_unrelaxed_rank_003_alphafold2_ptm_model_4_seed_000.pdb,33.93
380,bbarrel/with_template_48recyc/colab_att/TMB2.20_unrelaxed_rank_002_alphafold2_ptm_model_1_seed_000.pdb,94.47
381,bbarrel/with_template_48recyc/colab_att/TMB2.66_unrelaxed_rank_004_alphafold2_ptm_model_5_seed_000.pdb,36.26
382,bbarrel/with_template_48recyc/colab_att/TMB2.83_unrelaxed_rank_005_alphafold2_ptm_model_3_seed_000.pdb,67.28
383,bbarrel/with_template_48recyc/colab_att/TMB2.11_unrelaxed_rank_003_alphafold2_ptm_model_4_seed_000.pdb,76.51
384,bbarrel/with_template_48recyc/colab_att/TMB2.44_unrelaxed_rank_002_alphafold2_ptm_model_1_seed_000.pdb,95.28
385,bbarrel/with_template_48recyc/colab_att/TMB2.80_unrelaxed_rank_003_alphafold2_ptm_model_4_seed_000.pdb,76.9
386,bbarrel/with_template_48recyc/colab_att/TMB2.33_unrelaxed_rank_002_alphafold2_ptm_model_1_seed_000.pdb,93.9
387,bbarrel/with_template_48recyc/colab_att/TMB2.38_unrelaxed_rank_001_alphafold2_ptm_model_1_seed_000.pdb,94.65
388,bbarrel/with_template_48recyc/colab_att/TMB2.9_unrelaxed_rank_004_alphafold2_ptm_model_5_seed_000.pdb,39.64
389,bbarrel/with_template_48recyc/colab_att/TMB2.23_unrelaxed_rank_003_alphafold2_ptm_model_4_seed_000.pdb,87.33
390,bbarrel/with_template_48recyc/colab_att/TMB2.87_unrelaxed_rank_001_alphafold2_ptm_model_2_seed_000.pdb,94.64
391,bbarrel/with_template_48recyc/colab_att/TMB2.73_unrelaxed_rank_003_alphafold2_ptm_model_5_seed_000.pdb,37.71
392,bbarrel/with_template_48recyc/colab_att/TMB2.44_unrelaxed_rank_003_alphafold2_ptm_model_4_seed_000.pdb,83.55
393,bbarrel/with_template_48recyc/colab_att/TMB2.39_unrelaxed_rank_004_alphafold2_ptm_model_5_seed_000.pdb,37.7
394,bbarrel/with_template_48recyc/colab_att/TMB2.72_unrelaxed_rank_004_alphafold2_ptm_model_3_seed_000.pdb,38.6
395,bbarrel/with_template_48recyc/colab_att/TMB2.84_unrelaxed_rank_004_alphafold2_ptm_model_5_seed_000.pdb,52.17
396,bbarrel/with_template_48recyc/colab_att/TMB2.3_unrelaxed_rank_004_alphafold2_ptm_model_5_seed_000.pdb,47.94
397,bbarrel/with_template_48recyc/colab_att/TMB2.48_unrelaxed_rank_005_alphafold2_ptm_model_3_seed_000.pdb,29.25
398,bbarrel/with_template_48recyc/colab_att/TMB2.22_unrelaxed_rank_002_alphafold2_ptm_model_1_seed_000.pdb,95.52
399,bbarrel/with_template_48recyc/colab_att/TMB2.3_unrelaxed_rank_001_alphafold2_ptm_model_2_seed_000.pdb,95.19
400,bbarrel/with_template_48recyc/colab_att/TMB2.68_unrelaxed_rank_004_alphafold2_ptm_model_4_seed_000.pdb,81.1
401,bbarrel/with_template_48recyc/colab_att/TMB2.18_unrelaxed_rank_002_alphafold2_ptm_model_2_seed_000.pdb,96.24
402,bbarrel/with_template_48recyc/colab_att/TMB2.12_unrelaxed_rank_005_alphafold2_ptm_model_3_seed_000.pdb,30.32
403,bbarrel/with_template_48recyc/colab_att/TMB2.85_unrelaxed_rank_003_alphafold2_ptm_model_4_seed_000.pdb,88.36
404,bbarrel/with_template_48recyc/colab_att/TMB2.87_unrelaxed_rank_004_alphafold2_ptm_model_5_seed_000.pdb,33.01
405,bbarrel/with_template_48recyc/colab_att/TMB2.86_unrelaxed_rank_003_alphafold2_ptm_model_4_seed_000.pdb,68.38
406,bbarrel/with_template_48recyc/colab_att/TMB2.74_unrelaxed_rank_005_alphafold2_ptm_model_3_seed_000.pdb,35.45
407,bbarrel/with_template_48recyc/colab_att/TMB2.75_unrelaxed_rank_002_alphafold2_ptm_model_1_seed_000.pdb,93.3
408,bbarrel/with_template_48recyc/colab_att/TMB2.9_unrelaxed_rank_003_alphafold2_ptm_model_4_seed_000.pdb,68.47
409,bbarrel/with_template_48recyc/colab_att/TMB2.65_unrelaxed_rank_003_alphafold2_ptm_model_4_seed_000.pdb,87.64
410,bbarrel/with_template_48recyc/colab/TMB2.43_unrelaxed_rank_004_alphafold2_ptm_model_3_seed_000.pdb,86.54
411,bbarrel/with_template_48recyc/colab/TMB2.69_unrelaxed_rank_003_alphafold2_ptm_model_4_seed_000.pdb,84.06
412,bbarrel/with_template_48recyc/colab/TMB2.52_unrelaxed_rank_005_alphafold2_ptm_model_3_seed_000.pdb,33.37
413,bbarrel/with_template_48recyc/colab/TMB2.47_unrelaxed_rank_001_alphafold2_ptm_model_2_seed_000.pdb,95.01
414,bbarrel/with_template_48recyc/colab/TMB2.48_unrelaxed_rank_003_alphafold2_ptm_model_4_seed_000.pdb,32.48
415,bbarrel/with_template_48recyc/colab/TMB2.17_unrelaxed_rank_004_alphafold2_ptm_model_5_seed_000.pdb,85.51
416,bbarrel/with_template_48recyc/colab/TMB2.81_unrelaxed_rank_005_alphafold2_ptm_model_5_seed_000.pdb,32.29
417,bbarrel/with_template_48recyc/colab/TMB2.35_unrelaxed_rank_003_alphafold2_ptm_model_5_seed_000.pdb,88.95
418,bbarrel/with_template_48recyc/colab/TMB2.12_unrelaxed_rank_002_alphafold2_ptm_model_1_seed_000.pdb,94.04
419,bbarrel/with_template_48recyc/colab/TMB2.70_unrelaxed_rank_004_alphafold2_ptm_model_4_seed_000.pdb,85.68
420,bbarrel/with_template_48recyc/colab/TMB2.48_unrelaxed_rank_001_alphafold2_ptm_model_2_seed_000.pdb,94.73
421,bbarrel/with_template_48recyc/colab/TMB2.2_unrelaxed_rank_005_alphafold2_ptm_model_3_seed_000.pdb,35.9
422,bbarrel/with_template_48recyc/colab/TMB2.50_unrelaxed_rank_003_alphafold2_ptm_model_4_seed_000.pdb,87.99
423,bbarrel/with_template_48recyc/colab/TMB2.30_unrelaxed_rank_001_alphafold2_ptm_model_1_seed_000.pdb,93.99
424,bbarrel/with_template_48recyc/colab/TMB2.30_unrelaxed_rank_003_alphafold2_ptm_model_4_seed_000.pdb,40.93
425,bbarrel/with_template_48recyc/colab/TMB2.62_unrelaxed_rank_002_alphafold2_ptm_model_1_seed_000.pdb,95.98
426,bbarrel/with_template_48recyc/colab/TMB2.81_unrelaxed_rank_002_alphafold2_ptm_model_1_seed_000.pdb,94.18
427,bbarrel/with_template_48recyc/colab/TMB2.51_unrelaxed_rank_004_alphafold2_ptm_model_3_seed_000.pdb,32.21
428,bbarrel/with_template_48recyc/colab/TMB2.26_unrelaxed_rank_002_alphafold2_ptm_model_1_seed_000.pdb,93.04
429,bbarrel/with_template_48recyc/colab/TMB2.57_unrelaxed_rank_001_alphafold2_ptm_model_2_seed_000.pdb,95.47
430,bbarrel/with_template_48recyc/colab/TMB2.32_unrelaxed_rank_004_alphafold2_ptm_model_4_seed_000.pdb,67.92
431,bbarrel/with_template_48recyc/colab/TMB2.82_unrelaxed_rank_003_alphafold2_ptm_model_4_seed_000.pdb,87.77
432,bbarrel/with_template_48recyc/colab/TMB2.49_unrelaxed_rank_005_alphafold2_ptm_model_3_seed_000.pdb,32.26
433,bbarrel/with_template_48recyc/colab/TMB2.6_unrelaxed_rank_003_alphafold2_ptm_model_4_seed_000.pdb,87.89
434,bbarrel/with_template_48recyc/colab/TMB2.11_unrelaxed_rank_002_alphafold2_ptm_model_1_seed_000.pdb,94.78
435,bbarrel/with_template_48recyc/colab/TMB2.32_unrelaxed_rank_001_alphafold2_ptm_model_2_seed_000.pdb,94.02
436,bbarrel/with_template_48recyc/colab/TMB2.26_unrelaxed_rank_005_alphafold2_ptm_model_3_seed_000.pdb,31.3
437,bbarrel/with_template_48recyc/colab/TMB2.64_unrelaxed_rank_005_alphafold2_ptm_model_5_seed_000.pdb,32.9
438,bbarrel/with_template_48recyc/colab/TMB2.44_unrelaxed_rank_001_alphafold2_ptm_model_2_seed_000.pdb,94.97
439,bbarrel/with_template_48recyc/colab/TMB2.45_unrelaxed_rank_003_alphafold2_ptm_model_4_seed_000.pdb,87.25
440,bbarrel/with_template_48recyc/colab/TMB2.21_unrelaxed_rank_002_alphafold2_ptm_model_1_seed_000.pdb,95.11
441,bbarrel/with_template_48recyc/colab/TMB2.67_unrelaxed_rank_001_alphafold2_ptm_model_2_seed_000.pdb,94.72
442,bbarrel/with_template_48recyc/colab/TMB2.17_unrelaxed_rank_003_alphafold2_ptm_model_4_seed_000.pdb,91.14
443,bbarrel/with_template_48recyc/colab/TMB2.85_unrelaxed_rank_001_alphafold2_ptm_model_1_seed_000.pdb,94.6
444,bbarrel/with_template_48recyc/colab/TMB2.14_unrelaxed_rank_005_alphafold2_ptm_model_5_seed_000.pdb,33.93
445,bbarrel/with_template_48recyc/colab/TMB2.59_unrelaxed_rank_004_alphafold2_ptm_model_5_seed_000.pdb,78.68
446,bbarrel/with_template_48recyc/colab/TMB2.64_unrelaxed_rank_003_alphafold2_ptm_model_4_seed_000.pdb,80.49
447,bbarrel/with_template_48recyc/colab/TMB2.24_unrelaxed_rank_005_alphafold2_ptm_model_3_seed_000.pdb,77.1
448,bbarrel/with_template_48recyc/colab/TMB2.23_unrelaxed_rank_005_alphafold2_ptm_model_3_seed_000.pdb,33.5
449,bbarrel/with_template_48recyc/colab/TMB2.9_unrelaxed_rank_005_alphafold2_ptm_model_3_seed_000.pdb,31.52
450,bbarrel/with_template_48recyc/colab/TMB2.33_unrelaxed_rank_005_alphafold2_ptm_model_3_seed_000.pdb,31.68
451,bbarrel/with_template_48recyc/colab/TMB2.50_unrelaxed_rank_001_alphafold2_ptm_model_1_seed_000.pdb,95.57
452,bbarrel/with_template_48recyc/colab/TMB2.56_unrelaxed_rank_003_alphafold2_ptm_model_4_seed_000.pdb,89.07
453,bbarrel/with_template_48recyc/colab/TMB2.56_unrelaxed_rank_001_alphafold2_ptm_model_2_seed_000.pdb,94.09
454,bbarrel/with_template_48recyc/colab/TMB2.79_unrelaxed_rank_005_alphafold2_ptm_model_3_seed_000.pdb,36.27
455,bbarrel/with_template_48recyc/colab/TMB2.84_unrelaxed_rank_005_alphafold2_ptm_model_3_seed_000.pdb,46.7
456,bbarrel/with_template_48recyc/colab/TMB2.1_unrelaxed_rank_003_alphafold2_ptm_model_4_seed_000.pdb,46.59
457,bbarrel/with_template_48recyc/colab/TMB2.57_unrelaxed_rank_002_alphafold2_ptm_model_1_seed_000.pdb,95.49
458,bbarrel/with_template_48recyc/colab/TMB2.77_unrelaxed_rank_003_alphafold2_ptm_model_4_seed_000.pdb,84.46
459,bbarrel/with_template_48recyc/colab/TMB2.63_unrelaxed_rank_002_alphafold2_ptm_model_1_seed_000.pdb,91.67
460,bbarrel/with_template_48recyc/colab/TMB2.7_unrelaxed_rank_001_alphafold2_ptm_model_1_seed_000.pdb,95.54
461,bbarrel/with_template_48recyc/colab/TMB2.43_unrelaxed_rank_002_alphafold2_ptm_model_2_seed_000.pdb,94.74
462,bbarrel/with_template_48recyc/colab/TMB2.50_unrelaxed_rank_002_alphafold2_ptm_model_2_seed_000.pdb,95.25
463,bbarrel/with_template_48recyc/colab/TMB2.77_unrelaxed_rank_004_alphafold2_ptm_model_5_seed_000.pdb,73.66
464,bbarrel/with_template_48recyc/colab/TMB2.48_unrelaxed_rank_002_alphafold2_ptm_model_1_seed_000.pdb,94.68
465,bbarrel/with_template_48recyc/colab/TMB2.32_unrelaxed_rank_005_alphafold2_ptm_model_3_seed_000.pdb,41.28
466,bbarrel/with_template_48recyc/colab/TMB2.86_unrelaxed_rank_005_alphafold2_ptm_model_3_seed_000.pdb,31.45
467,bbarrel/with_template_48recyc/colab/TMB2.26_unrelaxed_rank_001_alphafold2_ptm_model_2_seed_000.pdb,94.09
468,bbarrel/with_template_48recyc/colab/TMB2.25_unrelaxed_rank_004_alphafold2_ptm_model_5_seed_000.pdb,56.6
469,bbarrel/with_template_48recyc/colab/TMB2.45_unrelaxed_rank_001_alphafold2_ptm_model_2_seed_000.pdb,94.99
470,bbarrel/with_template_48recyc/colab/TMB2.72_unrelaxed_rank_005_alphafold2_ptm_model_5_seed_000.pdb,32.8
471,bbarrel/with_template_48recyc/colab/TMB2.7_unrelaxed_rank_002_alphafold2_ptm_model_2_seed_000.pdb,94.87
472,bbarrel/with_template_48recyc/colab/TMB2.89_unrelaxed_rank_003_alphafold2_ptm_model_4_seed_000.pdb,55.82
473,bbarrel/with_template_48recyc/colab/TMB2.1_unrelaxed_rank_005_alphafold2_ptm_model_5_seed_000.pdb,30.36
474,bbarrel/with_template_48recyc/colab/TMB2.47_unrelaxed_rank_005_alphafold2_ptm_model_5_seed_000.pdb,32.95
475,bbarrel/with_template_48recyc/colab/TMB2.31_unrelaxed_rank_004_alphafold2_ptm_model_4_seed_000.pdb,86.27
476,bbarrel/with_template_48recyc/colab/TMB2.85_unrelaxed_rank_002_alphafold2_ptm_model_2_seed_000.pdb,94.35
477,bbarrel/with_template_48recyc/colab/TMB2.20_unrelaxed_rank_004_alphafold2_ptm_model_4_seed_000.pdb,41.77
478,bbarrel/with_template_48recyc/colab/TMB2.66_unrelaxed_rank_001_alphafold2_ptm_model_2_seed_000.pdb,94.79
479,bbarrel/with_template_48recyc/colab/TMB2.69_unrelaxed_rank_002_alphafold2_ptm_model_2_seed_000.pdb,94.13
480,bbarrel/with_template_48recyc/colab/TMB2.4_unrelaxed_rank_004_alphafold2_ptm_model_5_seed_000.pdb,33.71
481,bbarrel/with_template_48recyc/colab/TMB2.67_unrelaxed_rank_003_alphafold2_ptm_model_4_seed_000.pdb,84.73
482,bbarrel/with_template_48recyc/colab/TMB2.78_unrelaxed_rank_003_alphafold2_ptm_model_4_seed_000.pdb,43.13
483,bbarrel/with_template_48recyc/colab/TMB2.59_unrelaxed_rank_005_alphafold2_ptm_model_3_seed_000.pdb,73.49
484,bbarrel/with_template_48recyc/colab/TMB2.6_unrelaxed_rank_002_alphafold2_ptm_model_1_seed_000.pdb,94.79
485,bbarrel/with_template_48recyc/colab/TMB2.37_unrelaxed_rank_004_alphafold2_ptm_model_4_seed_000.pdb,58.2
486,bbarrel/with_template_48recyc/colab/TMB2.55_unrelaxed_rank_003_alphafold2_ptm_model_4_seed_000.pdb,31.21
487,bbarrel/with_template_48recyc/colab/TMB2.12_unrelaxed_rank_004_alphafold2_ptm_model_4_seed_000.pdb,32.04
488,bbarrel/with_template_48recyc/colab/TMB2.5_unrelaxed_rank_001_alphafold2_ptm_model_2_seed_000.pdb,95.54
489,bbarrel/with_template_48recyc/colab/TMB2.20_unrelaxed_rank_003_alphafold2_ptm_model_5_seed_000.pdb,47.11
490,bbarrel/with_template_48recyc/colab/TMB2.79_unrelaxed_rank_002_alphafold2_ptm_model_1_seed_000.pdb,95.18
491,bbarrel/with_template_48recyc/colab/TMB2.8_unrelaxed_rank_005_alphafold2_ptm_model_5_seed_000.pdb,31.19
492,bbarrel/with_template_48recyc/colab/TMB2.52_unrelaxed_rank_001_alphafold2_ptm_model_1_seed_000.pdb,94.15
493,bbarrel/with_template_48recyc/colab/TMB2.45_unrelaxed_rank_002_alphafold2_ptm_model_1_seed_000.pdb,94.68
494,bbarrel/with_template_48recyc/colab/TMB2.38_unrelaxed_rank_005_alphafold2_ptm_model_4_seed_000.pdb,30.33
495,bbarrel/with_template_48recyc/colab/TMB2.55_unrelaxed_rank_002_alphafold2_ptm_model_1_seed_000.pdb,93.42
496,bbarrel/with_template_48recyc/colab/TMB2.17_unrelaxed_rank_001_alphafold2_ptm_model_2_seed_000.pdb,96.16
497,bbarrel/with_template_48recyc/colab/TMB2.83_unrelaxed_rank_002_alphafold2_ptm_model_2_seed_000.pdb,94.76
498,bbarrel/with_template_48recyc/colab/TMB2.31_unrelaxed_rank_003_alphafold2_ptm_model_5_seed_000.pdb,87.68
499,bbarrel/with_template_48recyc/colab/TMB2.83_unrelaxed_rank_001_alphafold2_ptm_model_1_seed_000.pdb,94.87
500,bbarrel/with_template_48recyc/colab/TMB2.67_unrelaxed_rank_002_alphafold2_ptm_model_1_seed_000.pdb,94.56
501,bbarrel/with_template_48recyc/colab/TMB2.21_unrelaxed_rank_005_alphafold2_ptm_model_3_seed_000.pdb,70.94
502,bbarrel/with_template_48recyc/colab/TMB2.62_unrelaxed_rank_005_alphafold2_ptm_model_5_seed_000.pdb,32.63
503,bbarrel/with_template_48recyc/colab/TMB2.7_unrelaxed_rank_005_alphafold2_ptm_model_3_seed_000.pdb,30.21
504,bbarrel/with_template_48recyc/colab/TMB2.60_unrelaxed_rank_003_alphafold2_ptm_model_5_seed_000.pdb,87.06
505,bbarrel/with_template_48recyc/colab/TMB2.69_unrelaxed_rank_005_alphafold2_ptm_model_5_seed_000.pdb,38.51
506,bbarrel/with_template_48recyc/colab/TMB2.69_unrelaxed_rank_004_alphafold2_ptm_model_3_seed_000.pdb,68.15
507,bbarrel/with_template_48recyc/colab/TMB2.5_unrelaxed_rank_005_alphafold2_ptm_model_3_seed_000.pdb,31.73
508,bbarrel/with_template_48recyc/colab/TMB2.44_unrelaxed_rank_004_alphafold2_ptm_model_5_seed_000.pdb,71.63
509,bbarrel/with_template_48recyc/colab/TMB2.89_unrelaxed_rank_002_alphafold2_ptm_model_1_seed_000.pdb,93.3
510,bbarrel/with_template_48recyc/colab/TMB2.76_unrelaxed_rank_003_alphafold2_ptm_model_4_seed_000.pdb,88.02
511,bbarrel/with_template_48recyc/colab/TMB2.70_unrelaxed_rank_005_alphafold2_ptm_model_3_seed_000.pdb,32.13
512,bbarrel/with_template_48recyc/colab/TMB2.34_unrelaxed_rank_004_alphafold2_ptm_model_3_seed_000.pdb,63.09
513,bbarrel/with_template_48recyc/colab/TMB2.83_unrelaxed_rank_003_alphafold2_ptm_model_4_seed_000.pdb,85.26
514,bbarrel/with_template_48recyc/colab/TMB2.66_unrelaxed_rank_002_alphafold2_ptm_model_1_seed_000.pdb,94.78
515,bbarrel/with_template_48recyc/colab/TMB2.64_unrelaxed_rank_001_alphafold2_ptm_model_1_seed_000.pdb,95.34
516,bbarrel/with_template_48recyc/colab/TMB2.60_unrelaxed_rank_001_alphafold2_ptm_model_1_seed_000.pdb,94.99
517,bbarrel/with_template_48recyc/colab/TMB2.75_unrelaxed_rank_005_alphafold2_ptm_model_3_seed_000.pdb,54.36
518,bbarrel/with_template_48recyc/colab/TMB2.2_unrelaxed_rank_002_alphafold2_ptm_model_1_seed_000.pdb,94.4
519,bbarrel/with_template_48recyc/colab/TMB2.28_unrelaxed_rank_003_alphafold2_ptm_model_4_seed_000.pdb,86.64
520,bbarrel/with_template_48recyc/colab/TMB2.65_unrelaxed_rank_005_alphafold2_ptm_model_3_seed_000.pdb,85.0
521,bbarrel/with_template_48recyc/colab/TMB2.32_unrelaxed_rank_003_alphafold2_ptm_model_5_seed_000.pdb,75.59
522,bbarrel/with_template_48recyc/colab/TMB2.22_unrelaxed_rank_001_alphafold2_ptm_model_2_seed_000.pdb,95.18
523,bbarrel/with_template_48recyc/colab/TMB2.39_unrelaxed_rank_005_alphafold2_ptm_model_3_seed_000.pdb,31.52
524,bbarrel/with_template_48recyc/colab/TMB2.86_unrelaxed_rank_002_alphafold2_ptm_model_1_seed_000.pdb,93.12
525,bbarrel/with_template_48recyc/colab/TMB2.23_unrelaxed_rank_004_alphafold2_ptm_model_5_seed_000.pdb,41.26
526,bbarrel/with_template_48recyc/colab/TMB2.28_unrelaxed_rank_004_alphafold2_ptm_model_5_seed_000.pdb,35.21
527,bbarrel/with_template_48recyc/colab/TMB2.55_unrelaxed_rank_001_alphafold2_ptm_model_2_seed_000.pdb,94.18
528,bbarrel/with_template_48recyc/colab/TMB2.18_unrelaxed_rank_003_alphafold2_ptm_model_4_seed_000.pdb,86.17
529,bbarrel/with_template_48recyc/colab/TMB2.20_unrelaxed_rank_001_alphafold2_ptm_model_2_seed_000.pdb,94.68
530,bbarrel/with_template_48recyc/colab/TMB2.41_unrelaxed_rank_001_alphafold2_ptm_model_2_seed_000.pdb,95.57
531,bbarrel/with_template_48recyc/colab/TMB2.47_unrelaxed_rank_004_alphafold2_ptm_model_3_seed_000.pdb,77.82
532,bbarrel/with_template_48recyc/colab/TMB2.45_unrelaxed_rank_005_alphafold2_ptm_model_5_seed_000.pdb,74.97
533,bbarrel/with_template_48recyc/colab/TMB2.38_unrelaxed_rank_002_alphafold2_ptm_model_2_seed_000.pdb,94.12
534,bbarrel/with_template_48recyc/colab/TMB2.29_unrelaxed_rank_005_alphafold2_ptm_model_3_seed_000.pdb,84.7
535,bbarrel/with_template_48recyc/colab/TMB2.80_unrelaxed_rank_001_alphafold2_ptm_model_1_seed_000.pdb,93.39
536,bbarrel/with_template_48recyc/colab/TMB2.1_unrelaxed_rank_002_alphafold2_ptm_model_2_seed_000.pdb,94.57
537,bbarrel/with_template_48recyc/colab/TMB2.1_unrelaxed_rank_004_alphafold2_ptm_model_3_seed_000.pdb,31.44
538,bbarrel/with_template_48recyc/colab/TMB2.19_unrelaxed_rank_002_alphafold2_ptm_model_2_seed_000.pdb,93.69
539,bbarrel/with_template_48recyc/colab/TMB2.55_unrelaxed_rank_005_alphafold2_ptm_model_5_seed_000.pdb,27.96
540,bbarrel/with_template_48recyc/colab/TMB2.23_unrelaxed_rank_002_alphafold2_ptm_model_1_seed_000.pdb,93.5
541,bbarrel/with_template_48recyc/colab/TMB2.74_unrelaxed_rank_004_alphafold2_ptm_model_5_seed_000.pdb,63.0
542,bbarrel/with_template_48recyc/colab/TMB2.79_unrelaxed_rank_004_alphafold2_ptm_model_5_seed_000.pdb,40.22
543,bbarrel/with_template_48recyc/colab/TMB2.80_unrelaxed_rank_005_alphafold2_ptm_model_5_seed_000.pdb,36.04
544,bbarrel/with_template_48recyc/colab/TMB2.82_unrelaxed_rank_001_alphafold2_ptm_model_1_seed_000.pdb,93.31
545,bbarrel/with_template_48recyc/colab/TMB2.63_unrelaxed_rank_003_alphafold2_ptm_model_4_seed_000.pdb,81.76
546,bbarrel/with_template_48recyc/colab/TMB2.75_unrelaxed_rank_001_alphafold2_ptm_model_2_seed_000.pdb,93.86
547,bbarrel/with_template_48recyc/colab/TMB2.4_unrelaxed_rank_003_alphafold2_ptm_model_4_seed_000.pdb,85.79
548,bbarrel/with_template_48recyc/colab/TMB2.15_unrelaxed_rank_001_alphafold2_ptm_model_2_seed_000.pdb,94.23
549,bbarrel/with_template_48recyc/colab/TMB2.25_unrelaxed_rank_002_alphafold2_ptm_model_2_seed_000.pdb,95.04
550,bbarrel/with_template_48recyc/colab/TMB2.6_unrelaxed_rank_004_alphafold2_ptm_model_5_seed_000.pdb,62.39
551,bbarrel/with_template_48recyc/colab/TMB2.29_unrelaxed_rank_004_alphafold2_ptm_model_4_seed_000.pdb,87.85
552,bbarrel/with_template_48recyc/colab/TMB2.41_unrelaxed_rank_005_alphafold2_ptm_model_3_seed_000.pdb,82.94
553,bbarrel/with_template_48recyc/colab/TMB2.71_unrelaxed_rank_005_alphafold2_ptm_model_5_seed_000.pdb,77.85
554,bbarrel/with_template_48recyc/colab/TMB2.37_unrelaxed_rank_003_alphafold2_ptm_model_5_seed_000.pdb,77.25
555,bbarrel/with_template_48recyc/colab/TMB2.66_unrelaxed_rank_005_alphafold2_ptm_model_3_seed_000.pdb,30.81
556,bbarrel/with_template_48recyc/colab/TMB2.79_unrelaxed_rank_003_alphafold2_ptm_model_4_seed_000.pdb,85.3
557,bbarrel/with_template_48recyc/colab/TMB2.22_unrelaxed_rank_005_alphafold2_ptm_model_3_seed_000.pdb,50.45
558,bbarrel/with_template_48recyc/colab/TMB2.78_unrelaxed_rank_002_alphafold2_ptm_model_1_seed_000.pdb,95.06
559,bbarrel/with_template_48recyc/colab/TMB2.47_unrelaxed_rank_002_alphafold2_ptm_model_1_seed_000.pdb,94.9
560,bbarrel/with_template_48recyc/colab/TMB2.38_unrelaxed_rank_003_alphafold2_ptm_model_3_seed_000.pdb,32.62
561,bbarrel/with_template_48recyc/colab/TMB2.73_unrelaxed_rank_005_alphafold2_ptm_model_3_seed_000.pdb,30.99
562,bbarrel/with_template_48recyc/colab/TMB2.4_unrelaxed_rank_005_alphafold2_ptm_model_3_seed_000.pdb,29.68
563,bbarrel/with_template_48recyc/colab/TMB2.8_unrelaxed_rank_001_alphafold2_ptm_model_2_seed_000.pdb,95.67
564,bbarrel/with_template_48recyc/colab/TMB2.47_unrelaxed_rank_003_alphafold2_ptm_model_4_seed_000.pdb,83.01
565,bbarrel/with_template_48recyc/colab/TMB2.24_unrelaxed_rank_001_alphafold2_ptm_model_2_seed_000.pdb,95.77
566,bbarrel/with_template_48recyc/colab/TMB2.31_unrelaxed_rank_002_alphafold2_ptm_model_2_seed_000.pdb,94.5
567,bbarrel/with_template_48recyc/colab/TMB2.35_unrelaxed_rank_004_alphafold2_ptm_model_3_seed_000.pdb,38.78
568,bbarrel/with_template_48recyc/colab/TMB2.55_unrelaxed_rank_004_alphafold2_ptm_model_3_seed_000.pdb,30.01
569,bbarrel/with_template_48recyc/colab/TMB2.14_unrelaxed_rank_004_alphafold2_ptm_model_3_seed_000.pdb,78.32
570,bbarrel/with_template_48recyc/colab/TMB2.69_unrelaxed_rank_001_alphafold2_ptm_model_1_seed_000.pdb,94.25
571,bbarrel/with_template_48recyc/colab/TMB2.33_unrelaxed_rank_001_alphafold2_ptm_model_2_seed_000.pdb,94.11
572,bbarrel/with_template_48recyc/colab/TMB2.25_unrelaxed_rank_005_alphafold2_ptm_model_3_seed_000.pdb,47.53
573,bbarrel/with_template_48recyc/colab/TMB2.88_unrelaxed_rank_005_alphafold2_ptm_model_5_seed_000.pdb,36.93
574,bbarrel/with_template_48recyc/colab/TMB2.51_unrelaxed_rank_003_alphafold2_ptm_model_4_seed_000.pdb,72.21
575,bbarrel/with_template_48recyc/colab/TMB2.75_unrelaxed_rank_003_alphafold2_ptm_model_4_seed_000.pdb,84.59
576,bbarrel/with_template_48recyc/colab/TMB2.42_unrelaxed_rank_004_alphafold2_ptm_model_5_seed_000.pdb,48.58
577,bbarrel/with_template_48recyc/colab/TMB2.3_unrelaxed_rank_005_alphafold2_ptm_model_3_seed_000.pdb,30.07
578,bbarrel/with_template_48recyc/colab/TMB2.33_unrelaxed_rank_003_alphafold2_ptm_model_4_seed_000.pdb,87.96
579,bbarrel/with_template_48recyc/colab/TMB2.51_unrelaxed_rank_005_alphafold2_ptm_model_5_seed_000.pdb,29.02
580,bbarrel/with_template_48recyc/colab/TMB2.9_unrelaxed_rank_001_alphafold2_ptm_model_1_seed_000.pdb,93.16
581,bbarrel/with_template_48recyc/colab/TMB2.78_unrelaxed_rank_005_alphafold2_ptm_model_5_seed_000.pdb,33.66
582,bbarrel/with_template_48recyc/colab/TMB2.77_unrelaxed_rank_002_alphafold2_ptm_model_1_seed_000.pdb,94.33
583,bbarrel/with_template_48recyc/colab/TMB2.62_unrelaxed_rank_003_alphafold2_ptm_model_4_seed_000.pdb,86.32
584,bbarrel/with_template_48recyc/colab/TMB2.29_unrelaxed_rank_001_alphafold2_ptm_model_2_seed_000.pdb,94.83
585,bbarrel/with_template_48recyc/colab/TMB2.11_unrelaxed_rank_005_alphafold2_ptm_model_5_seed_000.pdb,35.81
586,bbarrel/with_template_48recyc/colab/TMB2.17_unrelaxed_rank_002_alphafold2_ptm_model_1_seed_000.pdb,96.17
587,bbarrel/with_template_48recyc/colab/TMB2.36_unrelaxed_rank_005_alphafold2_ptm_model_3_seed_000.pdb,34.71
588,bbarrel/with_template_48recyc/colab/TMB2.58_unrelaxed_rank_005_alphafold2_ptm_model_3_seed_000.pdb,49.89
589,bbarrel/with_template_48recyc/colab/TMB2.8_unrelaxed_rank_002_alphafold2_ptm_model_1_seed_000.pdb,95.63
590,bbarrel/with_template_48recyc/colab/TMB2.81_unrelaxed_rank_004_alphafold2_ptm_model_3_seed_000.pdb,46.54
591,bbarrel/with_template_48recyc/colab/TMB2.65_unrelaxed_rank_001_alphafold2_ptm_model_2_seed_000.pdb,95.34
592,bbarrel/with_template_48recyc/colab/TMB2.57_unrelaxed_rank_003_alphafold2_ptm_model_4_seed_000.pdb,83.75
593,bbarrel/with_template_48recyc/colab/TMB2.14_unrelaxed_rank_003_alphafold2_ptm_model_4_seed_000.pdb,87.85
594,bbarrel/with_template_48recyc/colab/TMB2.24_unrelaxed_rank_002_alphafold2_ptm_model_1_seed_000.pdb,95.62
595,bbarrel/with_template_48recyc/colab/TMB2.27_unrelaxed_rank_004_alphafold2_ptm_model_3_seed_000.pdb,30.47
596,bbarrel/with_template_48recyc/colab/TMB2.68_unrelaxed_rank_003_alphafold2_ptm_model_3_seed_000.pdb,86.7
597,bbarrel/with_template_48recyc/colab/TMB2.48_unrelaxed_rank_004_alphafold2_ptm_model_5_seed_000.pdb,30.85
598,bbarrel/with_template_48recyc/colab/TMB2.62_unrelaxed_rank_004_alphafold2_ptm_model_3_seed_000.pdb,75.53
599,bbarrel/with_template_48recyc/colab/TMB2.37_unrelaxed_rank_002_alphafold2_ptm_model_1_seed_000.pdb,92.75
600,bbarrel/with_template_48recyc/colab/TMB2.59_unrelaxed_rank_003_alphafold2_ptm_model_4_seed_000.pdb,87.28
601,bbarrel/with_template_48recyc/colab/TMB2.68_unrelaxed_rank_002_alphafold2_ptm_model_2_seed_000.pdb,93.4
602,bbarrel/with_template_48recyc/colab/TMB2.75_unrelaxed_rank_004_alphafold2_ptm_model_5_seed_000.pdb,59.68
603,bbarrel/with_template_48recyc/colab/TMB2.54_unrelaxed_rank_004_alphafold2_ptm_model_5_seed_000.pdb,35.93
604,bbarrel/with_template_48recyc/colab/TMB2.34_unrelaxed_rank_005_alphafold2_ptm_model_5_seed_000.pdb,35.85
605,bbarrel/with_template_48recyc/colab/TMB2.2_unrelaxed_rank_004_alphafold2_ptm_model_5_seed_000.pdb,64.5
606,bbarrel/with_template_48recyc/colab/TMB2.19_unrelaxed_rank_003_alphafold2_ptm_model_4_seed_000.pdb,86.9
607,bbarrel/with_template_48recyc/colab/TMB2.4_unrelaxed_rank_002_alphafold2_ptm_model_2_seed_000.pdb,94.44
608,bbarrel/with_template_48recyc/colab/TMB2.70_unrelaxed_rank_002_alphafold2_ptm_model_1_seed_000.pdb,94.18
609,bbarrel/with_template_48recyc/colab/TMB2.11_unrelaxed_rank_004_alphafold2_ptm_model_3_seed_000.pdb,36.03
610,bbarrel/with_template_48recyc/colab/TMB2.85_unrelaxed_rank_004_alphafold2_ptm_model_3_seed_000.pdb,85.51
611,bbarrel/with_template_48recyc/colab/TMB2.88_unrelaxed_rank_004_alphafold2_ptm_model_3_seed_000.pdb,38.35
612,bbarrel/with_template_48recyc/colab/TMB2.87_unrelaxed_rank_003_alphafold2_ptm_model_4_seed_000.pdb,38.63
613,bbarrel/with_template_48recyc/colab/TMB2.36_unrelaxed_rank_003_alphafold2_ptm_model_5_seed_000.pdb,79.47
614,bbarrel/with_template_48recyc/colab/TMB2.30_unrelaxed_rank_005_alphafold2_ptm_model_3_seed_000.pdb,33.45
615,bbarrel/with_template_48recyc/colab/TMB2.62_unrelaxed_rank_001_alphafold2_ptm_model_2_seed_000.pdb,96.04
616,bbarrel/with_template_48recyc/colab/TMB2.88_unrelaxed_rank_003_alphafold2_ptm_model_4_seed_000.pdb,84.56
617,bbarrel/with_template_48recyc/colab/TMB2.81_unrelaxed_rank_003_alphafold2_ptm_model_4_seed_000.pdb,79.81
618,bbarrel/with_template_48recyc/colab/TMB2.78_unrelaxed_rank_004_alphafold2_ptm_model_3_seed_000.pdb,33.92
619,bbarrel/with_template_48recyc/colab/TMB2.63_unrelaxed_rank_001_alphafold2_ptm_model_2_seed_000.pdb,92.98
620,bbarrel/with_template_48recyc/colab/TMB2.39_unrelaxed_rank_003_alphafold2_ptm_model_4_seed_000.pdb,87.1
621,bbarrel/with_template_48recyc/colab/TMB2.37_unrelaxed_rank_001_alphafold2_ptm_model_2_seed_000.pdb,93.46
622,bbarrel/with_template_48recyc/colab/TMB2.54_unrelaxed_rank_001_alphafold2_ptm_model_1_seed_000.pdb,95.25
623,bbarrel/with_template_48recyc/colab/TMB2.5_unrelaxed_rank_003_alphafold2_ptm_model_4_seed_000.pdb,85.31
624,bbarrel/with_template_48recyc/colab/TMB2.3_unrelaxed_rank_003_alphafold2_ptm_model_4_seed_000.pdb,48.2
625,bbarrel/with_template_48recyc/colab/TMB2.18_unrelaxed_rank_005_alphafold2_ptm_model_3_seed_000.pdb,32.77
626,bbarrel/with_template_48recyc/colab/TMB2.19_unrelaxed_rank_005_alphafold2_ptm_model_3_seed_000.pdb,50.74
627,bbarrel/with_template_48recyc/colab/TMB2.42_unrelaxed_rank_002_alphafold2_ptm_model_2_seed_000.pdb,94.84
628,bbarrel/with_template_48recyc/colab/TMB2.52_unrelaxed_rank_002_alphafold2_ptm_model_2_seed_000.pdb,93.86
629,bbarrel/with_template_48recyc/colab/TMB2.34_unrelaxed_rank_002_alphafold2_ptm_model_1_seed_000.pdb,94.22
630,bbarrel/with_template_48recyc/colab/TMB2.27_unrelaxed_rank_002_alphafold2_ptm_model_1_seed_000.pdb,95.21
631,bbarrel/with_template_48recyc/colab/TMB2.73_unrelaxed_rank_002_alphafold2_ptm_model_1_seed_000.pdb,95.08
632,bbarrel/with_template_48recyc/colab/TMB2.24_unrelaxed_rank_004_alphafold2_ptm_model_4_seed_000.pdb,78.48
633,bbarrel/with_template_48recyc/colab/TMB2.80_unrelaxed_rank_002_alphafold2_ptm_model_2_seed_000.pdb,93.26
634,bbarrel/with_template_48recyc/colab/TMB2.32_unrelaxed_rank_002_alphafold2_ptm_model_1_seed_000.pdb,93.75
635,bbarrel/with_template_48recyc/colab/TMB2.87_unrelaxed_rank_005_alphafold2_ptm_model_3_seed_000.pdb,30.67
636,bbarrel/with_template_48recyc/colab/TMB2.30_unrelaxed_rank_004_alphafold2_ptm_model_5_seed_000.pdb,33.67
637,bbarrel/with_template_48recyc/colab/TMB2.42_unrelaxed_rank_005_alphafold2_ptm_model_3_seed_000.pdb,33.73
638,bbarrel/with_template_48recyc/colab/TMB2.82_unrelaxed_rank_004_alphafold2_ptm_model_3_seed_000.pdb,84.42
639,bbarrel/with_template_48recyc/colab/TMB2.89_unrelaxed_rank_005_alphafold2_ptm_model_5_seed_000.pdb,36.27
640,bbarrel/with_template_48recyc/colab/TMB2.19_unrelaxed_rank_004_alphafold2_ptm_model_5_seed_000.pdb,81.93
641,bbarrel/with_template_48recyc/colab/TMB2.54_unrelaxed_rank_002_alphafold2_ptm_model_2_seed_000.pdb,95.18
642,bbarrel/with_template_48recyc/colab/TMB2.8_unrelaxed_rank_004_alphafold2_ptm_model_3_seed_000.pdb,32.6
643,bbarrel/with_template_48recyc/colab/TMB2.28_unrelaxed_rank_001_alphafold2_ptm_model_1_seed_000.pdb,96.09
644,bbarrel/with_template_48recyc/colab/TMB2.12_unrelaxed_rank_003_alphafold2_ptm_model_5_seed_000.pdb,32.91
645,bbarrel/with_template_48recyc/colab/TMB2.84_unrelaxed_rank_002_alphafold2_ptm_model_2_seed_000.pdb,93.89
646,bbarrel/with_template_48recyc/colab/TMB2.30_unrelaxed_rank_002_alphafold2_ptm_model_2_seed_000.pdb,93.14
647,bbarrel/with_template_48recyc/colab/TMB2.52_unrelaxed_rank_004_alphafold2_ptm_model_4_seed_000.pdb,64.89
648,bbarrel/with_template_48recyc/colab/TMB2.51_unrelaxed_rank_002_alphafold2_ptm_model_1_seed_000.pdb,93.91
649,bbarrel/with_template_48recyc/colab/TMB2.58_unrelaxed_rank_004_alphafold2_ptm_model_5_seed_000.pdb,72.12
650,bbarrel/with_template_48recyc/colab/TMB2.86_unrelaxed_rank_001_alphafold2_ptm_model_2_seed_000.pdb,93.49
651,bbarrel/with_template_48recyc/colab/TMB2.65_unrelaxed_rank_002_alphafold2_ptm_model_1_seed_000.pdb,95.08
652,bbarrel/with_template_48recyc/colab/TMB2.44_unrelaxed_rank_005_alphafold2_ptm_model_3_seed_000.pdb,68.66
653,bbarrel/with_template_48recyc/colab/TMB2.72_unrelaxed_rank_003_alphafold2_ptm_model_4_seed_000.pdb,75.52
654,bbarrel/with_template_48recyc/colab/TMB2.49_unrelaxed_rank_001_alphafold2_ptm_model_2_seed_000.pdb,94.74
655,bbarrel/with_template_48recyc/colab/TMB2.58_unrelaxed_rank_002_alphafold2_ptm_model_2_seed_000.pdb,95.08
656,bbarrel/with_template_48recyc/colab/TMB2.56_unrelaxed_rank_002_alphafold2_ptm_model_1_seed_000.pdb,93.91
657,bbarrel/with_template_48recyc/colab/TMB2.78_unrelaxed_rank_001_alphafold2_ptm_model_2_seed_000.pdb,95.24
658,bbarrel/with_template_48recyc/colab/TMB2.50_unrelaxed_rank_004_alphafold2_ptm_model_5_seed_000.pdb,33.12
659,bbarrel/with_template_48recyc/colab/TMB2.74_unrelaxed_rank_001_alphafold2_ptm_model_1_seed_000.pdb,95.11
660,bbarrel/with_template_48recyc/colab/TMB2.87_unrelaxed_rank_002_alphafold2_ptm_model_1_seed_000.pdb,93.68
661,bbarrel/with_template_48recyc/colab/TMB2.73_unrelaxed_rank_004_alphafold2_ptm_model_4_seed_000.pdb,31.92
662,bbarrel/with_template_48recyc/colab/TMB2.41_unrelaxed_rank_002_alphafold2_ptm_model_1_seed_000.pdb,94.8
663,bbarrel/with_template_48recyc/colab/TMB2.43_unrelaxed_rank_005_alphafold2_ptm_model_5_seed_000.pdb,58.35
664,bbarrel/with_template_48recyc/colab/TMB2.65_unrelaxed_rank_004_alphafold2_ptm_model_5_seed_000.pdb,86.92
665,bbarrel/with_template_48recyc/colab/TMB2.27_unrelaxed_rank_001_alphafold2_ptm_model_2_seed_000.pdb,95.24
666,bbarrel/with_template_48recyc/colab/TMB2.88_unrelaxed_rank_001_alphafold2_ptm_model_1_seed_000.pdb,94.88
667,bbarrel/with_template_48recyc/colab/TMB2.7_unrelaxed_rank_004_alphafold2_ptm_model_5_seed_000.pdb,32.06
668,bbarrel/with_template_48recyc/colab/TMB2.8_unrelaxed_rank_003_alphafold2_ptm_model_4_seed_000.pdb,78.37
669,bbarrel/with_template_48recyc/colab/TMB2.37_unrelaxed_rank_005_alphafold2_ptm_model_3_seed_000.pdb,35.52
670,bbarrel/with_template_48recyc/colab/TMB2.71_unrelaxed_rank_002_alphafold2_ptm_model_1_seed_000.pdb,93.59
671,bbarrel/with_template_48recyc/colab/TMB2.1_unrelaxed_rank_001_alphafold2_ptm_model_1_seed_000.pdb,94.85
672,bbarrel/with_template_48recyc/colab/TMB2.89_unrelaxed_rank_001_alphafold2_ptm_model_2_seed_000.pdb,93.72
673,bbarrel/with_template_48recyc/colab/TMB2.11_unrelaxed_rank_001_alphafold2_ptm_model_2_seed_000.pdb,95.34
674,bbarrel/with_template_48recyc/colab/TMB2.67_unrelaxed_rank_005_alphafold2_ptm_model_5_seed_000.pdb,33.49
675,bbarrel/with_template_48recyc/colab/TMB2.34_unrelaxed_rank_001_alphafold2_ptm_model_2_seed_000.pdb,94.53
676,bbarrel/with_template_48recyc/colab/TMB2.85_unrelaxed_rank_005_alphafold2_ptm_model_5_seed_000.pdb,61.65
677,bbarrel/with_template_48recyc/colab/TMB2.14_unrelaxed_rank_002_alphafold2_ptm_model_1_seed_000.pdb,96.21
678,bbarrel/with_template_48recyc/colab/TMB2.57_unrelaxed_rank_005_alphafold2_ptm_model_3_seed_000.pdb,34.02
679,bbarrel/with_template_48recyc/colab/TMB2.66_unrelaxed_rank_003_alphafold2_ptm_model_4_seed_000.pdb,82.4
680,bbarrel/with_template_48recyc/colab/TMB2.83_unrelaxed_rank_004_alphafold2_ptm_model_5_seed_000.pdb,76.96
681,bbarrel/with_template_48recyc/colab/TMB2.7_unrelaxed_rank_003_alphafold2_ptm_model_4_seed_000.pdb,60.53
682,bbarrel/with_template_48recyc/colab/TMB2.21_unrelaxed_rank_004_alphafold2_ptm_model_5_seed_000.pdb,74.17
683,bbarrel/with_template_48recyc/colab/TMB2.26_unrelaxed_rank_003_alphafold2_ptm_model_4_seed_000.pdb,80.8
684,bbarrel/with_template_48recyc/colab/TMB2.25_unrelaxed_rank_003_alphafold2_ptm_model_4_seed_000.pdb,86.4
685,bbarrel/with_template_48recyc/colab/TMB2.84_unrelaxed_rank_001_alphafold2_ptm_model_1_seed_000.pdb,94.16
686,bbarrel/with_template_48recyc/colab/TMB2.58_unrelaxed_rank_003_alphafold2_ptm_model_4_seed_000.pdb,88.19
687,bbarrel/with_template_48recyc/colab/TMB2.3_unrelaxed_rank_002_alphafold2_ptm_model_1_seed_000.pdb,94.4
688,bbarrel/with_template_48recyc/colab/TMB2.60_unrelaxed_rank_005_alphafold2_ptm_model_3_seed_000.pdb,32.82
689,bbarrel/with_template_48recyc/colab/TMB2.4_unrelaxed_rank_001_alphafold2_ptm_model_1_seed_000.pdb,94.52
690,bbarrel/with_template_48recyc/colab/TMB2.36_unrelaxed_rank_004_alphafold2_ptm_model_4_seed_000.pdb,79.45
691,bbarrel/with_template_48recyc/colab/TMB2.22_unrelaxed_rank_003_alphafold2_ptm_model_4_seed_000.pdb,86.56
692,bbarrel/with_template_48recyc/colab/TMB2.2_unrelaxed_rank_001_alphafold2_ptm_model_2_seed_000.pdb,94.57
693,bbarrel/with_template_48recyc/colab/TMB2.79_unrelaxed_rank_001_alphafold2_ptm_model_2_seed_000.pdb,95.47
694,bbarrel/with_template_48recyc/colab/TMB2.36_unrelaxed_rank_002_alphafold2_ptm_model_1_seed_000.pdb,95.2
695,bbarrel/with_template_48recyc/colab/TMB2.77_unrelaxed_rank_001_alphafold2_ptm_model_2_seed_000.pdb,95.06
696,bbarrel/with_template_48recyc/colab/TMB2.12_unrelaxed_rank_001_alphafold2_ptm_model_2_seed_000.pdb,94.42
697,bbarrel/with_template_48recyc/colab/TMB2.80_unrelaxed_rank_004_alphafold2_ptm_model_3_seed_000.pdb,75.61
698,bbarrel/with_template_48recyc/colab/TMB2.26_unrelaxed_rank_004_alphafold2_ptm_model_5_seed_000.pdb,31.84
699,bbarrel/with_template_48recyc/colab/TMB2.57_unrelaxed_rank_004_alphafold2_ptm_model_5_seed_000.pdb,79.85
700,bbarrel/with_template_48recyc/colab/TMB2.72_unrelaxed_rank_001_alphafold2_ptm_model_1_seed_000.pdb,93.52
701,bbarrel/with_template_48recyc/colab/TMB2.89_unrelaxed_rank_004_alphafold2_ptm_model_3_seed_000.pdb,47.22
702,bbarrel/with_template_48recyc/colab/TMB2.70_unrelaxed_rank_003_alphafold2_ptm_model_5_seed_000.pdb,86.09
703,bbarrel/with_template_48recyc/colab/TMB2.21_unrelaxed_rank_003_alphafold2_ptm_model_4_seed_000.pdb,80.74
704,bbarrel/with_template_48recyc/colab/TMB2.49_unrelaxed_rank_003_alphafold2_ptm_model_4_seed_000.pdb,85.26
705,bbarrel/with_template_48recyc/colab/TMB2.27_unrelaxed_rank_005_alphafold2_ptm_model_5_seed_000.pdb,29.94
706,bbarrel/with_template_48recyc/colab/TMB2.88_unrelaxed_rank_002_alphafold2_ptm_model_2_seed_000.pdb,94.76
707,bbarrel/with_template_48recyc/colab/TMB2.35_unrelaxed_rank_002_alphafold2_ptm_model_2_seed_000.pdb,94.19
708,bbarrel/with_template_48recyc/colab/TMB2.76_unrelaxed_rank_002_alphafold2_ptm_model_1_seed_000.pdb,94.78
709,bbarrel/with_template_48recyc/colab/TMB2.6_unrelaxed_rank_001_alphafold2_ptm_model_2_seed_000.pdb,95.15
710,bbarrel/with_template_48recyc/colab/TMB2.6_unrelaxed_rank_005_alphafold2_ptm_model_3_seed_000.pdb,29.63
711,bbarrel/with_template_48recyc/colab/TMB2.9_unrelaxed_rank_002_alphafold2_ptm_model_2_seed_000.pdb,93.01
712,bbarrel/with_template_48recyc/colab/TMB2.76_unrelaxed_rank_005_alphafold2_ptm_model_3_seed_000.pdb,85.99
713,bbarrel/with_template_48recyc/colab/TMB2.74_unrelaxed_rank_002_alphafold2_ptm_model_2_seed_000.pdb,95.0
714,bbarrel/with_template_48recyc/colab/TMB2.63_unrelaxed_rank_004_alphafold2_ptm_model_5_seed_000.pdb,78.19
715,bbarrel/with_template_48recyc/colab/TMB2.64_unrelaxed_rank_004_alphafold2_ptm_model_3_seed_000.pdb,38.38
716,bbarrel/with_template_48recyc/colab/TMB2.71_unrelaxed_rank_004_alphafold2_ptm_model_4_seed_000.pdb,86.9
717,bbarrel/with_template_48recyc/colab/TMB2.39_unrelaxed_rank_002_alphafold2_ptm_model_1_seed_000.pdb,93.28
718,bbarrel/with_template_48recyc/colab/TMB2.14_unrelaxed_rank_001_alphafold2_ptm_model_2_seed_000.pdb,96.5
719,bbarrel/with_template_48recyc/colab/TMB2.52_unrelaxed_rank_003_alphafold2_ptm_model_5_seed_000.pdb,77.82
720,bbarrel/with_template_48recyc/colab/TMB2.42_unrelaxed_rank_003_alphafold2_ptm_model_4_seed_000.pdb,84.53
721,bbarrel/with_template_48recyc/colab/TMB2.27_unrelaxed_rank_003_alphafold2_ptm_model_4_seed_000.pdb,86.25
722,bbarrel/with_template_48recyc/colab/TMB2.58_unrelaxed_rank_001_alphafold2_ptm_model_1_seed_000.pdb,95.21
723,bbarrel/with_template_48recyc/colab/TMB2.68_unrelaxed_rank_005_alphafold2_ptm_model_5_seed_000.pdb,39.3
724,bbarrel/with_template_48recyc/colab/TMB2.60_unrelaxed_rank_002_alphafold2_ptm_model_2_seed_000.pdb,94.36
725,bbarrel/with_template_48recyc/colab/TMB2.50_unrelaxed_rank_005_alphafold2_ptm_model_3_seed_000.pdb,29.28
726,bbarrel/with_template_48recyc/colab/TMB2.73_unrelaxed_rank_001_alphafold2_ptm_model_2_seed_000.pdb,95.68
727,bbarrel/with_template_48recyc/colab/TMB2.76_unrelaxed_rank_001_alphafold2_ptm_model_2_seed_000.pdb,95.59
728,bbarrel/with_template_48recyc/colab/TMB2.43_unrelaxed_rank_001_alphafold2_ptm_model_1_seed_000.pdb,94.97
729,bbarrel/with_template_48recyc/colab/TMB2.41_unrelaxed_rank_004_alphafold2_ptm_model_5_seed_000.pdb,86.52
730,bbarrel/with_template_48recyc/colab/TMB2.15_unrelaxed_rank_002_alphafold2_ptm_model_1_seed_000.pdb,93.58
731,bbarrel/with_template_48recyc/colab/TMB2.70_unrelaxed_rank_001_alphafold2_ptm_model_2_seed_000.pdb,94.3
732,bbarrel/with_template_48recyc/colab/TMB2.54_unrelaxed_rank_005_alphafold2_ptm_model_3_seed_000.pdb,34.63
733,bbarrel/with_template_48recyc/colab/TMB2.42_unrelaxed_rank_001_alphafold2_ptm_model_1_seed_000.pdb,95.25
734,bbarrel/with_template_48recyc/colab/TMB2.74_unrelaxed_rank_003_alphafold2_ptm_model_4_seed_000.pdb,79.81
735,bbarrel/with_template_48recyc/colab/TMB2.71_unrelaxed_rank_003_alphafold2_ptm_model_3_seed_000.pdb,87.23
736,bbarrel/with_template_48recyc/colab/TMB2.41_unrelaxed_rank_003_alphafold2_ptm_model_4_seed_000.pdb,87.85
737,bbarrel/with_template_48recyc/colab/TMB2.19_unrelaxed_rank_001_alphafold2_ptm_model_1_seed_000.pdb,93.94
738,bbarrel/with_template_48recyc/colab/TMB2.63_unrelaxed_rank_005_alphafold2_ptm_model_3_seed_000.pdb,55.81
739,bbarrel/with_template_48recyc/colab/TMB2.15_unrelaxed_rank_005_alphafold2_ptm_model_3_seed_000.pdb,29.47
740,bbarrel/with_template_48recyc/colab/TMB2.18_unrelaxed_rank_004_alphafold2_ptm_model_5_seed_000.pdb,75.19
741,bbarrel/with_template_48recyc/colab/TMB2.84_unrelaxed_rank_003_alphafold2_ptm_model_4_seed_000.pdb,85.29
742,bbarrel/with_template_48recyc/colab/TMB2.36_unrelaxed_rank_001_alphafold2_ptm_model_2_seed_000.pdb,95.3
743,bbarrel/with_template_48recyc/colab/TMB2.56_unrelaxed_rank_004_alphafold2_ptm_model_5_seed_000.pdb,88.65
744,bbarrel/with_template_48recyc/colab/TMB2.22_unrelaxed_rank_004_alphafold2_ptm_model_5_seed_000.pdb,85.01
745,bbarrel/with_template_48recyc/colab/TMB2.28_unrelaxed_rank_005_alphafold2_ptm_model_3_seed_000.pdb,32.28
746,bbarrel/with_template_48recyc/colab/TMB2.77_unrelaxed_rank_005_alphafold2_ptm_model_3_seed_000.pdb,55.27
747,bbarrel/with_template_48recyc/colab/TMB2.21_unrelaxed_rank_001_alphafold2_ptm_model_2_seed_000.pdb,95.56
748,bbarrel/with_template_48recyc/colab/TMB2.82_unrelaxed_rank_005_alphafold2_ptm_model_5_seed_000.pdb,75.34
749,bbarrel/with_template_48recyc/colab/TMB2.31_unrelaxed_rank_001_alphafold2_ptm_model_1_seed_000.pdb,94.69
750,bbarrel/with_template_48recyc/colab/TMB2.38_unrelaxed_rank_004_alphafold2_ptm_model_5_seed_000.pdb,31.28
751,bbarrel/with_template_48recyc/colab/TMB2.59_unrelaxed_rank_001_alphafold2_ptm_model_2_seed_000.pdb,94.79
752,bbarrel/with_template_48recyc/colab/TMB2.68_unrelaxed_rank_001_alphafold2_ptm_model_1_seed_000.pdb,93.79
753,bbarrel/with_template_48recyc/colab/TMB2.25_unrelaxed_rank_001_alphafold2_ptm_model_1_seed_000.pdb,95.24
754,bbarrel/with_template_48recyc/colab/TMB2.60_unrelaxed_rank_004_alphafold2_ptm_model_4_seed_000.pdb,83.98
755,bbarrel/with_template_48recyc/colab/TMB2.49_unrelaxed_rank_004_alphafold2_ptm_model_5_seed_000.pdb,33.42
756,bbarrel/with_template_48recyc/colab/TMB2.17_unrelaxed_rank_005_alphafold2_ptm_model_3_seed_000.pdb,31.17
757,bbarrel/with_template_48recyc/colab/TMB2.71_unrelaxed_rank_001_alphafold2_ptm_model_2_seed_000.pdb,94.11
758,bbarrel/with_template_48recyc/colab/TMB2.59_unrelaxed_rank_002_alphafold2_ptm_model_1_seed_000.pdb,94.66
759,bbarrel/with_template_48recyc/colab/TMB2.15_unrelaxed_rank_004_alphafold2_ptm_model_5_seed_000.pdb,31.99
760,bbarrel/with_template_48recyc/colab/TMB2.82_unrelaxed_rank_002_alphafold2_ptm_model_2_seed_000.pdb,93.27
761,bbarrel/with_template_48recyc/colab/TMB2.5_unrelaxed_rank_002_alphafold2_ptm_model_1_seed_000.pdb,95.34
762,bbarrel/with_template_48recyc/colab/TMB2.51_unrelaxed_rank_001_alphafold2_ptm_model_2_seed_000.pdb,94.83
763,bbarrel/with_template_48recyc/colab/TMB2.35_unrelaxed_rank_005_alphafold2_ptm_model_4_seed_000.pdb,37.63
764,bbarrel/with_template_48recyc/colab/TMB2.35_unrelaxed_rank_001_alphafold2_ptm_model_1_seed_000.pdb,94.92
765,bbarrel/with_template_48recyc/colab/TMB2.24_unrelaxed_rank_003_alphafold2_ptm_model_5_seed_000.pdb,82.53
766,bbarrel/with_template_48recyc/colab/TMB2.54_unrelaxed_rank_003_alphafold2_ptm_model_4_seed_000.pdb,80.93
767,bbarrel/with_template_48recyc/colab/TMB2.67_unrelaxed_rank_004_alphafold2_ptm_model_3_seed_000.pdb,35.86
768,bbarrel/with_template_48recyc/colab/TMB2.29_unrelaxed_rank_002_alphafold2_ptm_model_1_seed_000.pdb,94.02
769,bbarrel/with_template_48recyc/colab/TMB2.43_unrelaxed_rank_003_alphafold2_ptm_model_4_seed_000.pdb,86.67
770,bbarrel/with_template_48recyc/colab/TMB2.76_unrelaxed_rank_004_alphafold2_ptm_model_5_seed_000.pdb,87.5
771,bbarrel/with_template_48recyc/colab/TMB2.20_unrelaxed_rank_005_alphafold2_ptm_model_3_seed_000.pdb,33.4
772,bbarrel/with_template_48recyc/colab/TMB2.28_unrelaxed_rank_002_alphafold2_ptm_model_2_seed_000.pdb,95.8
773,bbarrel/with_template_48recyc/colab/TMB2.18_unrelaxed_rank_001_alphafold2_ptm_model_1_seed_000.pdb,96.05
774,bbarrel/with_template_48recyc/colab/TMB2.72_unrelaxed_rank_002_alphafold2_ptm_model_2_seed_000.pdb,92.65
775,bbarrel/with_template_48recyc/colab/TMB2.64_unrelaxed_rank_002_alphafold2_ptm_model_2_seed_000.pdb,95.27
776,bbarrel/with_template_48recyc/colab/TMB2.86_unrelaxed_rank_004_alphafold2_ptm_model_5_seed_000.pdb,35.85
777,bbarrel/with_template_48recyc/colab/TMB2.29_unrelaxed_rank_003_alphafold2_ptm_model_5_seed_000.pdb,87.9
778,bbarrel/with_template_48recyc/colab/TMB2.31_unrelaxed_rank_005_alphafold2_ptm_model_3_seed_000.pdb,69.76
779,bbarrel/with_template_48recyc/colab/TMB2.81_unrelaxed_rank_001_alphafold2_ptm_model_2_seed_000.pdb,94.76
780,bbarrel/with_template_48recyc/colab/TMB2.23_unrelaxed_rank_001_alphafold2_ptm_model_2_seed_000.pdb,94.44
781,bbarrel/with_template_48recyc/colab/TMB2.33_unrelaxed_rank_004_alphafold2_ptm_model_5_seed_000.pdb,40.86
782,bbarrel/with_template_48recyc/colab/TMB2.56_unrelaxed_rank_005_alphafold2_ptm_model_3_seed_000.pdb,31.54
783,bbarrel/with_template_48recyc/colab/TMB2.49_unrelaxed_rank_002_alphafold2_ptm_model_1_seed_000.pdb,93.97
784,bbarrel/with_template_48recyc/colab/TMB2.5_unrelaxed_rank_004_alphafold2_ptm_model_5_seed_000.pdb,82.24
785,bbarrel/with_template_48recyc/colab/TMB2.2_unrelaxed_rank_003_alphafold2_ptm_model_4_seed_000.pdb,71.48
786,bbarrel/with_template_48recyc/colab/TMB2.34_unrelaxed_rank_003_alphafold2_ptm_model_4_seed_000.pdb,83.68
787,bbarrel/with_template_48recyc/colab/TMB2.39_unrelaxed_rank_001_alphafold2_ptm_model_2_seed_000.pdb,94.5
788,bbarrel/with_template_48recyc/colab/TMB2.45_unrelaxed_rank_004_alphafold2_ptm_model_3_seed_000.pdb,83.35
789,bbarrel/with_template_48recyc/colab/TMB2.15_unrelaxed_rank_003_alphafold2_ptm_model_4_seed_000.pdb,33.86
790,bbarrel/with_template_48recyc/colab/TMB2.20_unrelaxed_rank_002_alphafold2_ptm_model_1_seed_000.pdb,94.14
791,bbarrel/with_template_48recyc/colab/TMB2.66_unrelaxed_rank_004_alphafold2_ptm_model_5_seed_000.pdb,36.29
792,bbarrel/with_template_48recyc/colab/TMB2.83_unrelaxed_rank_005_alphafold2_ptm_model_3_seed_000.pdb,67.02
793,bbarrel/with_template_48recyc/colab/TMB2.11_unrelaxed_rank_003_alphafold2_ptm_model_4_seed_000.pdb,76.35
794,bbarrel/with_template_48recyc/colab/TMB2.44_unrelaxed_rank_002_alphafold2_ptm_model_1_seed_000.pdb,94.89
795,bbarrel/with_template_48recyc/colab/TMB2.80_unrelaxed_rank_003_alphafold2_ptm_model_4_seed_000.pdb,76.6
796,bbarrel/with_template_48recyc/colab/TMB2.33_unrelaxed_rank_002_alphafold2_ptm_model_1_seed_000.pdb,93.59
797,bbarrel/with_template_48recyc/colab/TMB2.38_unrelaxed_rank_001_alphafold2_ptm_model_1_seed_000.pdb,94.3
798,bbarrel/with_template_48recyc/colab/TMB2.9_unrelaxed_rank_004_alphafold2_ptm_model_5_seed_000.pdb,39.55
799,bbarrel/with_template_48recyc/colab/TMB2.23_unrelaxed_rank_003_alphafold2_ptm_model_4_seed_000.pdb,87.1
800,bbarrel/with_template_48recyc/colab/TMB2.87_unrelaxed_rank_001_alphafold2_ptm_model_2_seed_000.pdb,94.39
801,bbarrel/with_template_48recyc/colab/TMB2.73_unrelaxed_rank_003_alphafold2_ptm_model_5_seed_000.pdb,37.63
802,bbarrel/with_template_48recyc/colab/TMB2.44_unrelaxed_rank_003_alphafold2_ptm_model_4_seed_000.pdb,83.36
803,bbarrel/with_template_48recyc/colab/TMB2.39_unrelaxed_rank_004_alphafold2_ptm_model_5_seed_000.pdb,37.67
804,bbarrel/with_template_48recyc/colab/TMB2.72_unrelaxed_rank_004_alphafold2_ptm_model_3_seed_000.pdb,38.55
805,bbarrel/with_template_48recyc/colab/TMB2.84_unrelaxed_rank_004_alphafold2_ptm_model_5_seed_000.pdb,52.08
806,bbarrel/with_template_48recyc/colab/TMB2.3_unrelaxed_rank_004_alphafold2_ptm_model_5_seed_000.pdb,47.81
807,bbarrel/with_template_48recyc/colab/TMB2.48_unrelaxed_rank_005_alphafold2_ptm_model_3_seed_000.pdb,29.22
808,bbarrel/with_template_48recyc/colab/TMB2.22_unrelaxed_rank_002_alphafold2_ptm_model_1_seed_000.pdb,95.2
809,bbarrel/with_template_48recyc/colab/TMB2.3_unrelaxed_rank_001_alphafold2_ptm_model_2_seed_000.pdb,94.85
810,bbarrel/with_template_48recyc/colab/TMB2.68_unrelaxed_rank_004_alphafold2_ptm_model_4_seed_000.pdb,80.85
811,bbarrel/with_template_48recyc/colab/TMB2.18_unrelaxed_rank_002_alphafold2_ptm_model_2_seed_000.pdb,95.91
812,bbarrel/with_template_48recyc/colab/TMB2.12_unrelaxed_rank_005_alphafold2_ptm_model_3_seed_000.pdb,30.27
813,bbarrel/with_template_48recyc/colab/TMB2.85_unrelaxed_rank_003_alphafold2_ptm_model_4_seed_000.pdb,88.02
814,bbarrel/with_template_48recyc/colab/TMB2.87_unrelaxed_rank_004_alphafold2_ptm_model_5_seed_000.pdb,32.98
815,bbarrel/with_template_48recyc/colab/TMB2.86_unrelaxed_rank_003_alphafold2_ptm_model_4_seed_000.pdb,68.18
816,bbarrel/with_template_48recyc/colab/TMB2.74_unrelaxed_rank_005_alphafold2_ptm_model_3_seed_000.pdb,35.36
817,bbarrel/with_template_48recyc/colab/TMB2.75_unrelaxed_rank_002_alphafold2_ptm_model_1_seed_000.pdb,93.04
818,bbarrel/with_template_48recyc/colab/TMB2.9_unrelaxed_rank_003_alphafold2_ptm_model_4_seed_000.pdb,68.25
819,bbarrel/with_template_48recyc/colab/TMB2.65_unrelaxed_rank_003_alphafold2_ptm_model_4_seed_000.pdb,87.43
820,bbarrel/repeat_msa/colab_att/TMB2.86_unrelaxed_rank_004_alphafold2_ptm_model_2_seed_000.pdb,29.98
821,bbarrel/repeat_msa/colab_att/TMB2.78_unrelaxed_rank_005_alphafold2_ptm_model_4_seed_000.pdb,27.35
822,bbarrel/repeat_msa/colab_att/TMB2.36_unrelaxed_rank_004_alphafold2_ptm_model_3_seed_000.pdb,26.4
823,bbarrel/repeat_msa/colab_att/HBI_b_46_unrelaxed_rank_005_alphafold2_ptm_model_5_seed_000.pdb,56.36
824,bbarrel/repeat_msa/colab_att/TMB2.52_unrelaxed_rank_005_alphafold2_ptm_model_3_seed_000.pdb,28.09
825,bbarrel/repeat_msa/colab_att/TMB2.38_unrelaxed_rank_003_alphafold2_ptm_model_1_seed_000.pdb,28.96
826,bbarrel/repeat_msa/colab_att/TMB2.48_unrelaxed_rank_003_alphafold2_ptm_model_4_seed_000.pdb,28.25
827,bbarrel/repeat_msa/colab_att/TMB2.63_unrelaxed_rank_002_alphafold2_ptm_model_2_seed_000.pdb,40.96
828,bbarrel/repeat_msa/colab_att/HBI_b_55_unrelaxed_rank_002_alphafold2_ptm_model_1_seed_000.pdb,86.24
829,bbarrel/repeat_msa/colab_att/TMB2.60_unrelaxed_rank_004_alphafold2_ptm_model_1_seed_000.pdb,29.52
830,bbarrel/repeat_msa/colab_att/HBI_b_39_unrelaxed_rank_001_alphafold2_ptm_model_5_seed_000.pdb,80.67
831,bbarrel/repeat_msa/colab_att/HBI_b_17_unrelaxed_rank_001_alphafold2_ptm_model_1_seed_000.pdb,86.14
832,bbarrel/repeat_msa/colab_att/TMB2.80_unrelaxed_rank_005_alphafold2_ptm_model_1_seed_000.pdb,30.12
833,bbarrel/repeat_msa/colab_att/TMB2.67_unrelaxed_rank_005_alphafold2_ptm_model_1_seed_000.pdb,28.28
834,bbarrel/repeat_msa/colab_att/TMB2.32_unrelaxed_rank_002_alphafold2_ptm_model_3_seed_000.pdb,35.75
835,bbarrel/repeat_msa/colab_att/HBI_b_45_unrelaxed_rank_003_alphafold2_ptm_model_1_seed_000.pdb,73.64
836,bbarrel/repeat_msa/colab_att/TMB2.80_unrelaxed_rank_003_alphafold2_ptm_model_3_seed_000.pdb,32.57
837,bbarrel/repeat_msa/colab_att/TMB2.84_unrelaxed_rank_001_alphafold2_ptm_model_5_seed_000.pdb,68.48
838,bbarrel/repeat_msa/colab_att/TMB2.2_unrelaxed_rank_002_alphafold2_ptm_model_4_seed_000.pdb,54.24
839,bbarrel/repeat_msa/colab_att/TMB2.2_unrelaxed_rank_005_alphafold2_ptm_model_3_seed_000.pdb,28.2
840,bbarrel/repeat_msa/colab_att/HBI_b_35_unrelaxed_rank_001_alphafold2_ptm_model_1_seed_000.pdb,66.66
841,bbarrel/repeat_msa/colab_att/TMB2.82_unrelaxed_rank_005_alphafold2_ptm_model_3_seed_000.pdb,25.31
842,bbarrel/repeat_msa/colab_att/HBI_b_19_unrelaxed_rank_005_alphafold2_ptm_model_4_seed_000.pdb,77.98
843,bbarrel/repeat_msa/colab_att/TMB2.76_unrelaxed_rank_004_alphafold2_ptm_model_1_seed_000.pdb,29.92
844,bbarrel/repeat_msa/colab_att/HBI_b_34_unrelaxed_rank_003_alphafold2_ptm_model_5_seed_000.pdb,79.48
845,bbarrel/repeat_msa/colab_att/TMB2.55_unrelaxed_rank_002_alphafold2_ptm_model_2_seed_000.pdb,27.3
846,bbarrel/repeat_msa/colab_att/TMB2.51_unrelaxed_rank_002_alphafold2_ptm_model_5_seed_000.pdb,56.99
847,bbarrel/repeat_msa/colab_att/TMB2.48_unrelaxed_rank_001_alphafold2_ptm_model_5_seed_000.pdb,34.02
848,bbarrel/repeat_msa/colab_att/HBI_b_15_unrelaxed_rank_005_alphafold2_ptm_model_1_seed_000.pdb,83.28
849,bbarrel/repeat_msa/colab_att/TMB2.24_unrelaxed_rank_003_alphafold2_ptm_model_2_seed_000.pdb,73.06
850,bbarrel/repeat_msa/colab_att/TMB2.89_unrelaxed_rank_003_alphafold2_ptm_model_1_seed_000.pdb,41.84
851,bbarrel/repeat_msa/colab_att/TMB2.51_unrelaxed_rank_004_alphafold2_ptm_model_3_seed_000.pdb,28.43
852,bbarrel/repeat_msa/colab_att/TMB2.43_unrelaxed_rank_002_alphafold2_ptm_model_1_seed_000.pdb,33.66
853,bbarrel/repeat_msa/colab_att/HBI_b_31_unrelaxed_rank_005_alphafold2_ptm_model_3_seed_000.pdb,70.69
854,bbarrel/repeat_msa/colab_att/TMB2.35_unrelaxed_rank_002_alphafold2_ptm_model_3_seed_000.pdb,30.78
855,bbarrel/repeat_msa/colab_att/HBI_b_23_unrelaxed_rank_004_alphafold2_ptm_model_2_seed_000.pdb,86.69
856,bbarrel/repeat_msa/colab_att/TMB2.33_unrelaxed_rank_001_alphafold2_ptm_model_4_seed_000.pdb,54.8
857,bbarrel/repeat_msa/colab_att/TMB2.82_unrelaxed_rank_003_alphafold2_ptm_model_4_seed_000.pdb,26.48
858,bbarrel/repeat_msa/colab_att/HBI_b_56_unrelaxed_rank_002_alphafold2_ptm_model_1_seed_000.pdb,82.05
859,bbarrel/repeat_msa/colab_att/TMB2.6_unrelaxed_rank_003_alphafold2_ptm_model_4_seed_000.pdb,33.25
860,bbarrel/repeat_msa/colab_att/HBI_b_34_unrelaxed_rank_004_alphafold2_ptm_model_2_seed_000.pdb,77.7
861,bbarrel/repeat_msa/colab_att/TMB2.2_unrelaxed_rank_001_alphafold2_ptm_model_5_seed_000.pdb,66.13
862,bbarrel/repeat_msa/colab_att/TMB2.11_unrelaxed_rank_002_alphafold2_ptm_model_1_seed_000.pdb,32.54
863,bbarrel/repeat_msa/colab_att/TMB2.27_unrelaxed_rank_004_alphafold2_ptm_model_4_seed_000.pdb,29.24
864,bbarrel/repeat_msa/colab_att/HBI_b_14_unrelaxed_rank_005_alphafold2_ptm_model_1_seed_000.pdb,85.27
865,bbarrel/repeat_msa/colab_att/TMB2.71_unrelaxed_rank_001_alphafold2_ptm_model_5_seed_000.pdb,51.73
866,bbarrel/repeat_msa/colab_att/TMB2.39_unrelaxed_rank_004_alphafold2_ptm_model_1_seed_000.pdb,29.37
867,bbarrel/repeat_msa/colab_att/HBI_b_03_unrelaxed_rank_003_alphafold2_ptm_model_1_seed_000.pdb,72.96
868,bbarrel/repeat_msa/colab_att/TMB2.67_unrelaxed_rank_001_alphafold2_ptm_model_2_seed_000.pdb,37.6
869,bbarrel/repeat_msa/colab_att/HBI_b_29_unrelaxed_rank_003_alphafold2_ptm_model_2_seed_000.pdb,84.67
870,bbarrel/repeat_msa/colab_att/TMB2.17_unrelaxed_rank_003_alphafold2_ptm_model_4_seed_000.pdb,31.4
871,bbarrel/repeat_msa/colab_att/HBI_b_09_unrelaxed_rank_003_alphafold2_ptm_model_5_seed_000.pdb,84.36
872,bbarrel/repeat_msa/colab_att/HBI_b_46_unrelaxed_rank_002_alphafold2_ptm_model_2_seed_000.pdb,68.16
873,bbarrel/repeat_msa/colab_att/TMB2.70_unrelaxed_rank_005_alphafold2_ptm_model_1_seed_000.pdb,26.87
874,bbarrel/repeat_msa/colab_att/HBI_b_03_unrelaxed_rank_002_alphafold2_ptm_model_5_seed_000.pdb,73.61
875,bbarrel/repeat_msa/colab_att/TMB2.8_unrelaxed_rank_005_alphafold2_ptm_model_3_seed_000.pdb,27.25
876,bbarrel/repeat_msa/colab_att/HBI_b_40_unrelaxed_rank_005_alphafold2_ptm_model_4_seed_000.pdb,71.32
877,bbarrel/repeat_msa/colab_att/TMB2.45_unrelaxed_rank_001_alphafold2_ptm_model_4_seed_000.pdb,85.97
878,bbarrel/repeat_msa/colab_att/TMB2.72_unrelaxed_rank_003_alphafold2_ptm_model_1_seed_000.pdb,29.38
879,bbarrel/repeat_msa/colab_att/HBI_b_04_unrelaxed_rank_005_alphafold2_ptm_model_4_seed_000.pdb,69.21
880,bbarrel/repeat_msa/colab_att/TMB2.29_unrelaxed_rank_004_alphafold2_ptm_model_2_seed_000.pdb,30.57
881,bbarrel/repeat_msa/colab_att/TMB2.50_unrelaxed_rank_004_alphafold2_ptm_model_1_seed_000.pdb,28.81
882,bbarrel/repeat_msa/colab_att/TMB2.84_unrelaxed_rank_002_alphafold2_ptm_model_4_seed_000.pdb,58.6
883,bbarrel/repeat_msa/colab_att/TMB2.31_unrelaxed_rank_003_alphafold2_ptm_model_2_seed_000.pdb,33.43
884,bbarrel/repeat_msa/colab_att/TMB2.20_unrelaxed_rank_003_alphafold2_ptm_model_4_seed_000.pdb,26.24
885,bbarrel/repeat_msa/colab_att/TMB2.7_unrelaxed_rank_002_alphafold2_ptm_model_4_seed_000.pdb,31.71
886,bbarrel/repeat_msa/colab_att/TMB2.9_unrelaxed_rank_005_alphafold2_ptm_model_3_seed_000.pdb,26.91
887,bbarrel/repeat_msa/colab_att/TMB2.15_unrelaxed_rank_001_alphafold2_ptm_model_4_seed_000.pdb,32.87
888,bbarrel/repeat_msa/colab_att/HBI_b_29_unrelaxed_rank_005_alphafold2_ptm_model_3_seed_000.pdb,82.7
889,bbarrel/repeat_msa/colab_att/TMB2.52_unrelaxed_rank_001_alphafold2_ptm_model_5_seed_000.pdb,49.52
890,bbarrel/repeat_msa/colab_att/TMB2.33_unrelaxed_rank_005_alphafold2_ptm_model_3_seed_000.pdb,28.24
891,bbarrel/repeat_msa/colab_att/TMB2.83_unrelaxed_rank_005_alphafold2_ptm_model_1_seed_000.pdb,40.83
892,bbarrel/repeat_msa/colab_att/TMB2.57_unrelaxed_rank_003_alphafold2_ptm_model_2_seed_000.pdb,31.15
893,bbarrel/repeat_msa/colab_att/HBI_b_31_unrelaxed_rank_001_alphafold2_ptm_model_5_seed_000.pdb,85.04
894,bbarrel/repeat_msa/colab_att/TMB2.65_unrelaxed_rank_004_alphafold2_ptm_model_1_seed_000.pdb,27.92
895,bbarrel/repeat_msa/colab_att/TMB2.56_unrelaxed_rank_003_alphafold2_ptm_model_4_seed_000.pdb,27.21
896,bbarrel/repeat_msa/colab_att/TMB2.56_unrelaxed_rank_001_alphafold2_ptm_model_2_seed_000.pdb,27.71
897,bbarrel/repeat_msa/colab_att/TMB2.42_unrelaxed_rank_004_alphafold2_ptm_model_1_seed_000.pdb,30.11
898,bbarrel/repeat_msa/colab_att/TMB2.79_unrelaxed_rank_005_alphafold2_ptm_model_3_seed_000.pdb,31.48
899,bbarrel/repeat_msa/colab_att/HBI_b_32_unrelaxed_rank_001_alphafold2_ptm_model_5_seed_000.pdb,92.16
900,bbarrel/repeat_msa/colab_att/TMB2.30_unrelaxed_rank_002_alphafold2_ptm_model_4_seed_000.pdb,34.51
901,bbarrel/repeat_msa/colab_att/HBI_b_03_unrelaxed_rank_004_alphafold2_ptm_model_3_seed_000.pdb,69.88
902,bbarrel/repeat_msa/colab_att/HBI_b_45_unrelaxed_rank_004_alphafold2_ptm_model_2_seed_000.pdb,73.54
903,bbarrel/repeat_msa/colab_att/TMB2.57_unrelaxed_rank_001_alphafold2_ptm_model_4_seed_000.pdb,78.37
904,bbarrel/repeat_msa/colab_att/TMB2.27_unrelaxed_rank_001_alphafold2_ptm_model_5_seed_000.pdb,70.76
905,bbarrel/repeat_msa/colab_att/TMB2.54_unrelaxed_rank_002_alphafold2_ptm_model_3_seed_000.pdb,48.45
906,bbarrel/repeat_msa/colab_att/TMB2.70_unrelaxed_rank_004_alphafold2_ptm_model_3_seed_000.pdb,28.0
907,bbarrel/repeat_msa/colab_att/TMB2.15_unrelaxed_rank_003_alphafold2_ptm_model_1_seed_000.pdb,29.85
908,bbarrel/repeat_msa/colab_att/TMB2.33_unrelaxed_rank_002_alphafold2_ptm_model_5_seed_000.pdb,40.75
909,bbarrel/repeat_msa/colab_att/TMB2.30_unrelaxed_rank_001_alphafold2_ptm_model_5_seed_000.pdb,83.43
910,bbarrel/repeat_msa/colab_att/TMB2.15_unrelaxed_rank_004_alphafold2_ptm_model_2_seed_000.pdb,29.5
911,bbarrel/repeat_msa/colab_att/HBI_b_21_unrelaxed_rank_003_alphafold2_ptm_model_1_seed_000.pdb,84.17
912,bbarrel/repeat_msa/colab_att/TMB2.23_unrelaxed_rank_002_alphafold2_ptm_model_2_seed_000.pdb,31.37
913,bbarrel/repeat_msa/colab_att/HBI_b_04_unrelaxed_rank_002_alphafold2_ptm_model_1_seed_000.pdb,83.46
914,bbarrel/repeat_msa/colab_att/TMB2.72_unrelaxed_rank_001_alphafold2_ptm_model_5_seed_000.pdb,58.04
915,bbarrel/repeat_msa/colab_att/TMB2.68_unrelaxed_rank_005_alphafold2_ptm_model_3_seed_000.pdb,33.95
916,bbarrel/repeat_msa/colab_att/TMB2.26_unrelaxed_rank_001_alphafold2_ptm_model_2_seed_000.pdb,29.45
917,bbarrel/repeat_msa/colab_att/HBI_b_03_unrelaxed_rank_005_alphafold2_ptm_model_4_seed_000.pdb,62.57
918,bbarrel/repeat_msa/colab_att/TMB2.25_unrelaxed_rank_004_alphafold2_ptm_model_5_seed_000.pdb,27.2
919,bbarrel/repeat_msa/colab_att/TMB2.89_unrelaxed_rank_001_alphafold2_ptm_model_5_seed_000.pdb,62.73
920,bbarrel/repeat_msa/colab_att/HBI_b_15_unrelaxed_rank_001_alphafold2_ptm_model_4_seed_000.pdb,88.93
921,bbarrel/repeat_msa/colab_att/TMB2.74_unrelaxed_rank_003_alphafold2_ptm_model_1_seed_000.pdb,32.48
922,bbarrel/repeat_msa/colab_att/TMB2.83_unrelaxed_rank_001_alphafold2_ptm_model_5_seed_000.pdb,83.05
923,bbarrel/repeat_msa/colab_att/TMB2.8_unrelaxed_rank_002_alphafold2_ptm_model_2_seed_000.pdb,32.84
924,bbarrel/repeat_msa/colab_att/TMB2.64_unrelaxed_rank_005_alphafold2_ptm_model_3_seed_000.pdb,28.76
925,bbarrel/repeat_msa/colab_att/TMB2.63_unrelaxed_rank_001_alphafold2_ptm_model_5_seed_000.pdb,66.54
926,bbarrel/repeat_msa/colab_att/TMB2.41_unrelaxed_rank_002_alphafold2_ptm_model_4_seed_000.pdb,78.61
927,bbarrel/repeat_msa/colab_att/TMB2.80_unrelaxed_rank_001_alphafold2_ptm_model_5_seed_000.pdb,44.0
928,bbarrel/repeat_msa/colab_att/TMB2.6_unrelaxed_rank_002_alphafold2_ptm_model_2_seed_000.pdb,33.44
929,bbarrel/repeat_msa/colab_att/TMB2.58_unrelaxed_rank_003_alphafold2_ptm_model_2_seed_000.pdb,29.17
930,bbarrel/repeat_msa/colab_att/HBI_b_28_unrelaxed_rank_001_alphafold2_ptm_model_1_seed_000.pdb,81.35
931,bbarrel/repeat_msa/colab_att/TMB2.81_unrelaxed_rank_002_alphafold2_ptm_model_4_seed_000.pdb,47.77
932,bbarrel/repeat_msa/colab_att/TMB2.17_unrelaxed_rank_001_alphafold2_ptm_model_5_seed_000.pdb,70.26
933,bbarrel/repeat_msa/colab_att/TMB2.49_unrelaxed_rank_003_alphafold2_ptm_model_1_seed_000.pdb,28.18
934,bbarrel/repeat_msa/colab_att/HBI_b_50_unrelaxed_rank_003_alphafold2_ptm_model_2_seed_000.pdb,83.01
935,bbarrel/repeat_msa/colab_att/HBI_b_49_unrelaxed_rank_005_alphafold2_ptm_model_1_seed_000.pdb,74.88
936,bbarrel/repeat_msa/colab_att/HBI_b_33_unrelaxed_rank_005_alphafold2_ptm_model_2_seed_000.pdb,66.06
937,bbarrel/repeat_msa/colab_att/TMB2.59_unrelaxed_rank_002_alphafold2_ptm_model_4_seed_000.pdb,85.82
938,bbarrel/repeat_msa/colab_att/TMB2.35_unrelaxed_rank_001_alphafold2_ptm_model_5_seed_000.pdb,86.95
939,bbarrel/repeat_msa/colab_att/HBI_b_07_unrelaxed_rank_002_alphafold2_ptm_model_1_seed_000.pdb,86.88
940,bbarrel/repeat_msa/colab_att/HBI_b_13_unrelaxed_rank_005_alphafold2_ptm_model_5_seed_000.pdb,63.79
941,bbarrel/repeat_msa/colab_att/TMB2.18_unrelaxed_rank_001_alphafold2_ptm_model_5_seed_000.pdb,83.01
942,bbarrel/repeat_msa/colab_att/HBI_b_16_unrelaxed_rank_003_alphafold2_ptm_model_4_seed_000.pdb,72.77
943,bbarrel/repeat_msa/colab_att/HBI_b_07_unrelaxed_rank_001_alphafold2_ptm_model_5_seed_000.pdb,90.4
944,bbarrel/repeat_msa/colab_att/TMB2.83_unrelaxed_rank_002_alphafold2_ptm_model_4_seed_000.pdb,82.54
945,bbarrel/repeat_msa/colab_att/TMB2.79_unrelaxed_rank_004_alphafold2_ptm_model_1_seed_000.pdb,32.48
946,bbarrel/repeat_msa/colab_att/HBI_b_39_unrelaxed_rank_004_alphafold2_ptm_model_4_seed_000.pdb,78.54
947,bbarrel/repeat_msa/colab_att/HBI_b_14_unrelaxed_rank_003_alphafold2_ptm_model_4_seed_000.pdb,85.82
948,bbarrel/repeat_msa/colab_att/HBI_b_10_unrelaxed_rank_005_alphafold2_ptm_model_3_seed_000.pdb,52.38
949,bbarrel/repeat_msa/colab_att/TMB2.38_unrelaxed_rank_005_alphafold2_ptm_model_4_seed_000.pdb,26.6
950,bbarrel/repeat_msa/colab_att/HBI_b_53_unrelaxed_rank_004_alphafold2_ptm_model_2_seed_000.pdb,83.78
951,bbarrel/repeat_msa/colab_att/HBI_b_09_unrelaxed_rank_002_alphafold2_ptm_model_4_seed_000.pdb,84.41
952,bbarrel/repeat_msa/colab_att/TMB2.37_unrelaxed_rank_005_alphafold2_ptm_model_1_seed_000.pdb,34.96
953,bbarrel/repeat_msa/colab_att/TMB2.23_unrelaxed_rank_003_alphafold2_ptm_model_3_seed_000.pdb,27.66
954,bbarrel/repeat_msa/colab_att/TMB2.80_unrelaxed_rank_002_alphafold2_ptm_model_4_seed_000.pdb,33.16
955,bbarrel/repeat_msa/colab_att/TMB2.85_unrelaxed_rank_001_alphafold2_ptm_model_5_seed_000.pdb,62.37
956,bbarrel/repeat_msa/colab_att/HBI_b_35_unrelaxed_rank_003_alphafold2_ptm_model_2_seed_000.pdb,59.67
957,bbarrel/repeat_msa/colab_att/TMB2.9_unrelaxed_rank_001_alphafold2_ptm_model_5_seed_000.pdb,52.5
958,bbarrel/repeat_msa/colab_att/HBI_b_45_unrelaxed_rank_001_alphafold2_ptm_model_3_seed_000.pdb,76.33
959,bbarrel/repeat_msa/colab_att/TMB2.55_unrelaxed_rank_003_alphafold2_ptm_model_3_seed_000.pdb,26.97
960,bbarrel/repeat_msa/colab_att/TMB2.7_unrelaxed_rank_005_alphafold2_ptm_model_3_seed_000.pdb,28.16
961,bbarrel/repeat_msa/colab_att/TMB2.34_unrelaxed_rank_002_alphafold2_ptm_model_4_seed_000.pdb,56.58
962,bbarrel/repeat_msa/colab_att/HBI_b_29_unrelaxed_rank_001_alphafold2_ptm_model_4_seed_000.pdb,88.73
963,bbarrel/repeat_msa/colab_att/TMB2.81_unrelaxed_rank_004_alphafold2_ptm_model_1_seed_000.pdb,29.26
964,bbarrel/repeat_msa/colab_att/TMB2.41_unrelaxed_rank_005_alphafold2_ptm_model_1_seed_000.pdb,31.26
965,bbarrel/repeat_msa/colab_att/TMB2.22_unrelaxed_rank_005_alphafold2_ptm_model_1_seed_000.pdb,26.36
966,bbarrel/repeat_msa/colab_att/TMB2.87_unrelaxed_rank_005_alphafold2_ptm_model_4_seed_000.pdb,27.63
967,bbarrel/repeat_msa/colab_att/TMB2.69_unrelaxed_rank_004_alphafold2_ptm_model_3_seed_000.pdb,34.23
968,bbarrel/repeat_msa/colab_att/HBI_b_14_unrelaxed_rank_002_alphafold2_ptm_model_2_seed_000.pdb,86.46
969,bbarrel/repeat_msa/colab_att/TMB2.44_unrelaxed_rank_005_alphafold2_ptm_model_1_seed_000.pdb,29.06
970,bbarrel/repeat_msa/colab_att/TMB2.31_unrelaxed_rank_004_alphafold2_ptm_model_3_seed_000.pdb,31.0
971,bbarrel/repeat_msa/colab_att/TMB2.44_unrelaxed_rank_002_alphafold2_ptm_model_4_seed_000.pdb,67.74
972,bbarrel/repeat_msa/colab_att/HBI_b_26_unrelaxed_rank_003_alphafold2_ptm_model_1_seed_000.pdb,87.15
973,bbarrel/repeat_msa/colab_att/TMB2.8_unrelaxed_rank_004_alphafold2_ptm_model_5_seed_000.pdb,29.86
974,bbarrel/repeat_msa/colab_att/TMB2.51_unrelaxed_rank_005_alphafold2_ptm_model_1_seed_000.pdb,28.09
975,bbarrel/repeat_msa/colab_att/TMB2.23_unrelaxed_rank_005_alphafold2_ptm_model_5_seed_000.pdb,24.66
976,bbarrel/repeat_msa/colab_att/HBI_b_55_unrelaxed_rank_003_alphafold2_ptm_model_2_seed_000.pdb,83.85
977,bbarrel/repeat_msa/colab_att/TMB2.86_unrelaxed_rank_001_alphafold2_ptm_model_5_seed_000.pdb,44.77
978,bbarrel/repeat_msa/colab_att/TMB2.49_unrelaxed_rank_005_alphafold2_ptm_model_4_seed_000.pdb,25.88
979,bbarrel/repeat_msa/colab_att/HBI_b_10_unrelaxed_rank_004_alphafold2_ptm_model_1_seed_000.pdb,87.37
980,bbarrel/repeat_msa/colab_att/HBI_b_56_unrelaxed_rank_005_alphafold2_ptm_model_4_seed_000.pdb,51.49
981,bbarrel/repeat_msa/colab_att/HBI_b_01_unrelaxed_rank_002_alphafold2_ptm_model_5_seed_000.pdb,83.06
982,bbarrel/repeat_msa/colab_att/TMB2.82_unrelaxed_rank_001_alphafold2_ptm_model_5_seed_000.pdb,54.85
983,bbarrel/repeat_msa/colab_att/HBI_b_49_unrelaxed_rank_002_alphafold2_ptm_model_3_seed_000.pdb,88.79
984,bbarrel/repeat_msa/colab_att/HBI_b_28_unrelaxed_rank_005_alphafold2_ptm_model_5_seed_000.pdb,72.34
985,bbarrel/repeat_msa/colab_att/TMB2.75_unrelaxed_rank_005_alphafold2_ptm_model_1_seed_000.pdb,32.79
986,bbarrel/repeat_msa/colab_att/TMB2.65_unrelaxed_rank_005_alphafold2_ptm_model_3_seed_000.pdb,26.65
987,bbarrel/repeat_msa/colab_att/TMB2.41_unrelaxed_rank_004_alphafold2_ptm_model_2_seed_000.pdb,33.81
988,bbarrel/repeat_msa/colab_att/HBI_b_10_unrelaxed_rank_001_alphafold2_ptm_model_5_seed_000.pdb,90.5
989,bbarrel/repeat_msa/colab_att/HBI_b_41_unrelaxed_rank_004_alphafold2_ptm_model_3_seed_000.pdb,65.58
990,bbarrel/repeat_msa/colab_att/HBI_b_38_unrelaxed_rank_001_alphafold2_ptm_model_5_seed_000.pdb,84.85
991,bbarrel/repeat_msa/colab_att/TMB2.75_unrelaxed_rank_003_alphafold2_ptm_model_2_seed_000.pdb,57.47
992,bbarrel/repeat_msa/colab_att/TMB2.69_unrelaxed_rank_005_alphafold2_ptm_model_1_seed_000.pdb,30.17
993,bbarrel/repeat_msa/colab_att/TMB2.24_unrelaxed_rank_005_alphafold2_ptm_model_1_seed_000.pdb,40.74
994,bbarrel/repeat_msa/colab_att/TMB2.59_unrelaxed_rank_005_alphafold2_ptm_model_1_seed_000.pdb,31.76
995,bbarrel/repeat_msa/colab_att/TMB2.57_unrelaxed_rank_004_alphafold2_ptm_model_1_seed_000.pdb,29.4
996,bbarrel/repeat_msa/colab_att/TMB2.39_unrelaxed_rank_005_alphafold2_ptm_model_3_seed_000.pdb,28.46
997,bbarrel/repeat_msa/colab_att/HBI_b_40_unrelaxed_rank_004_alphafold2_ptm_model_3_seed_000.pdb,76.21
998,bbarrel/repeat_msa/colab_att/HBI_b_04_unrelaxed_rank_003_alphafold2_ptm_model_2_seed_000.pdb,80.31
999,bbarrel/repeat_msa/colab_att/HBI_b_43_unrelaxed_rank_003_alphafold2_ptm_model_3_seed_000.pdb,49.41
1000,bbarrel/repeat_msa/colab_att/HBI_b_50_unrelaxed_rank_001_alphafold2_ptm_model_1_seed_000.pdb,92.67
1001,bbarrel/repeat_msa/colab_att/TMB2.48_unrelaxed_rank_002_alphafold2_ptm_model_2_seed_000.pdb,29.88
1002,bbarrel/repeat_msa/colab_att/TMB2.38_unrelaxed_rank_001_alphafold2_ptm_model_5_seed_000.pdb,30.42
1003,bbarrel/repeat_msa/colab_att/HBI_b_32_unrelaxed_rank_003_alphafold2_ptm_model_4_seed_000.pdb,87.89
1004,bbarrel/repeat_msa/colab_att/HBI_b_32_unrelaxed_rank_004_alphafold2_ptm_model_1_seed_000.pdb,87.53
1005,bbarrel/repeat_msa/colab_att/HBI_b_26_unrelaxed_rank_001_alphafold2_ptm_model_5_seed_000.pdb,90.08
1006,bbarrel/repeat_msa/colab_att/HBI_b_29_unrelaxed_rank_004_alphafold2_ptm_model_5_seed_000.pdb,83.49
1007,bbarrel/repeat_msa/colab_att/TMB2.25_unrelaxed_rank_001_alphafold2_ptm_model_4_seed_000.pdb,42.5
1008,bbarrel/repeat_msa/colab_att/HBI_b_35_unrelaxed_rank_005_alphafold2_ptm_model_5_seed_000.pdb,51.77
1009,bbarrel/repeat_msa/colab_att/HBI_b_49_unrelaxed_rank_003_alphafold2_ptm_model_4_seed_000.pdb,88.0
1010,bbarrel/repeat_msa/colab_att/HBI_b_38_unrelaxed_rank_002_alphafold2_ptm_model_4_seed_000.pdb,84.08
1011,bbarrel/repeat_msa/colab_att/TMB2.84_unrelaxed_rank_004_alphafold2_ptm_model_3_seed_000.pdb,30.94
1012,bbarrel/repeat_msa/colab_att/HBI_b_55_unrelaxed_rank_004_alphafold2_ptm_model_3_seed_000.pdb,72.56
1013,bbarrel/repeat_msa/colab_att/TMB2.21_unrelaxed_rank_001_alphafold2_ptm_model_5_seed_000.pdb,66.58
1014,bbarrel/repeat_msa/colab_att/HBI_b_34_unrelaxed_rank_001_alphafold2_ptm_model_3_seed_000.pdb,80.81
1015,bbarrel/repeat_msa/colab_att/HBI_b_19_unrelaxed_rank_002_alphafold2_ptm_model_3_seed_000.pdb,84.32
1016,bbarrel/repeat_msa/colab_att/TMB2.74_unrelaxed_rank_004_alphafold2_ptm_model_4_seed_000.pdb,31.16
1017,bbarrel/repeat_msa/colab_att/TMB2.72_unrelaxed_rank_005_alphafold2_ptm_model_3_seed_000.pdb,27.04
1018,bbarrel/repeat_msa/colab_att/TMB2.20_unrelaxed_rank_001_alphafold2_ptm_model_2_seed_000.pdb,29.84
1019,bbarrel/repeat_msa/colab_att/TMB2.14_unrelaxed_rank_002_alphafold2_ptm_model_5_seed_000.pdb,40.5
1020,bbarrel/repeat_msa/colab_att/TMB2.68_unrelaxed_rank_003_alphafold2_ptm_model_2_seed_000.pdb,53.13
1021,bbarrel/repeat_msa/colab_att/TMB2.38_unrelaxed_rank_002_alphafold2_ptm_model_2_seed_000.pdb,29.48
1022,bbarrel/repeat_msa/colab_att/TMB2.29_unrelaxed_rank_005_alphafold2_ptm_model_3_seed_000.pdb,27.81
1023,bbarrel/repeat_msa/colab_att/TMB2.28_unrelaxed_rank_002_alphafold2_ptm_model_3_seed_000.pdb,32.03
1024,bbarrel/repeat_msa/colab_att/HBI_b_39_unrelaxed_rank_005_alphafold2_ptm_model_1_seed_000.pdb,78.34
1025,bbarrel/repeat_msa/colab_att/TMB2.33_unrelaxed_rank_004_alphafold2_ptm_model_1_seed_000.pdb,28.49
1026,bbarrel/repeat_msa/colab_att/TMB2.1_unrelaxed_rank_002_alphafold2_ptm_model_2_seed_000.pdb,28.45
1027,bbarrel/repeat_msa/colab_att/TMB2.1_unrelaxed_rank_004_alphafold2_ptm_model_3_seed_000.pdb,27.62
1028,bbarrel/repeat_msa/colab_att/TMB2.19_unrelaxed_rank_002_alphafold2_ptm_model_2_seed_000.pdb,65.6
1029,bbarrel/repeat_msa/colab_att/TMB2.55_unrelaxed_rank_005_alphafold2_ptm_model_5_seed_000.pdb,23.24
1030,bbarrel/repeat_msa/colab_att/TMB2.17_unrelaxed_rank_004_alphafold2_ptm_model_1_seed_000.pdb,30.7
1031,bbarrel/repeat_msa/colab_att/HBI_b_13_unrelaxed_rank_003_alphafold2_ptm_model_3_seed_000.pdb,68.85
1032,bbarrel/repeat_msa/colab_att/TMB2.18_unrelaxed_rank_005_alphafold2_ptm_model_1_seed_000.pdb,29.02
1033,bbarrel/repeat_msa/colab_att/TMB2.34_unrelaxed_rank_005_alphafold2_ptm_model_3_seed_000.pdb,30.19
1034,bbarrel/repeat_msa/colab_att/HBI_b_08_unrelaxed_rank_003_alphafold2_ptm_model_5_seed_000.pdb,74.63
1035,bbarrel/repeat_msa/colab_att/TMB2.51_unrelaxed_rank_001_alphafold2_ptm_model_4_seed_000.pdb,70.17
1036,bbarrel/repeat_msa/colab_att/TMB2.26_unrelaxed_rank_004_alphafold2_ptm_model_1_seed_000.pdb,27.1
1037,bbarrel/repeat_msa/colab_att/HBI_b_50_unrelaxed_rank_004_alphafold2_ptm_model_4_seed_000.pdb,53.18
1038,bbarrel/repeat_msa/colab_att/TMB2.63_unrelaxed_rank_003_alphafold2_ptm_model_4_seed_000.pdb,33.13
1039,bbarrel/repeat_msa/colab_att/HBI_b_35_unrelaxed_rank_002_alphafold2_ptm_model_3_seed_000.pdb,63.47
1040,bbarrel/repeat_msa/colab_att/TMB2.56_unrelaxed_rank_005_alphafold2_ptm_model_5_seed_000.pdb,25.06
1041,bbarrel/repeat_msa/colab_att/TMB2.85_unrelaxed_rank_002_alphafold2_ptm_model_4_seed_000.pdb,34.43
1042,bbarrel/repeat_msa/colab_att/HBI_b_25_unrelaxed_rank_005_alphafold2_ptm_model_4_seed_000.pdb,83.22
1043,bbarrel/repeat_msa/colab_att/HBI_b_37_unrelaxed_rank_002_alphafold2_ptm_model_4_seed_000.pdb,81.21
1044,bbarrel/repeat_msa/colab_att/TMB2.25_unrelaxed_rank_002_alphafold2_ptm_model_2_seed_000.pdb,30.11
1045,bbarrel/repeat_msa/colab_att/HBI_b_44_unrelaxed_rank_005_alphafold2_ptm_model_4_seed_000.pdb,78.26
1046,bbarrel/repeat_msa/colab_att/TMB2.2_unrelaxed_rank_003_alphafold2_ptm_model_1_seed_000.pdb,30.87
1047,bbarrel/repeat_msa/colab_att/TMB2.71_unrelaxed_rank_005_alphafold2_ptm_model_1_seed_000.pdb,31.47
1048,bbarrel/repeat_msa/colab_att/TMB2.43_unrelaxed_rank_004_alphafold2_ptm_model_2_seed_000.pdb,32.84
1049,bbarrel/repeat_msa/colab_att/TMB2.66_unrelaxed_rank_005_alphafold2_ptm_model_3_seed_000.pdb,30.2
1050,bbarrel/repeat_msa/colab_att/TMB2.44_unrelaxed_rank_001_alphafold2_ptm_model_5_seed_000.pdb,76.76
1051,bbarrel/repeat_msa/colab_att/TMB2.70_unrelaxed_rank_001_alphafold2_ptm_model_5_seed_000.pdb,71.24
1052,bbarrel/repeat_msa/colab_att/HBI_b_37_unrelaxed_rank_003_alphafold2_ptm_model_3_seed_000.pdb,79.4
1053,bbarrel/repeat_msa/colab_att/TMB2.42_unrelaxed_rank_001_alphafold2_ptm_model_5_seed_000.pdb,74.63
1054,bbarrel/repeat_msa/colab_att/HBI_b_17_unrelaxed_rank_002_alphafold2_ptm_model_5_seed_000.pdb,84.98
1055,bbarrel/repeat_msa/colab_att/TMB2.24_unrelaxed_rank_004_alphafold2_ptm_model_3_seed_000.pdb,69.81
1056,bbarrel/repeat_msa/colab_att/HBI_b_46_unrelaxed_rank_004_alphafold2_ptm_model_3_seed_000.pdb,65.52
1057,bbarrel/repeat_msa/colab_att/TMB2.73_unrelaxed_rank_002_alphafold2_ptm_model_2_seed_000.pdb,38.48
1058,bbarrel/repeat_msa/colab_att/HBI_b_27_unrelaxed_rank_004_alphafold2_ptm_model_2_seed_000.pdb,83.34
1059,bbarrel/repeat_msa/colab_att/TMB2.39_unrelaxed_rank_001_alphafold2_ptm_model_5_seed_000.pdb,81.97
1060,bbarrel/repeat_msa/colab_att/TMB2.68_unrelaxed_rank_002_alphafold2_ptm_model_5_seed_000.pdb,74.53
1061,bbarrel/repeat_msa/colab_att/TMB2.21_unrelaxed_rank_004_alphafold2_ptm_model_2_seed_000.pdb,27.96
1062,bbarrel/repeat_msa/colab_att/HBI_b_43_unrelaxed_rank_002_alphafold2_ptm_model_1_seed_000.pdb,49.86
1063,bbarrel/repeat_msa/colab_att/HBI_b_09_unrelaxed_rank_005_alphafold2_ptm_model_1_seed_000.pdb,82.84
1064,bbarrel/repeat_msa/colab_att/TMB2.9_unrelaxed_rank_004_alphafold2_ptm_model_1_seed_000.pdb,28.87
1065,bbarrel/repeat_msa/colab_att/HBI_b_40_unrelaxed_rank_001_alphafold2_ptm_model_5_seed_000.pdb,85.04
1066,bbarrel/repeat_msa/colab_att/TMB2.73_unrelaxed_rank_005_alphafold2_ptm_model_3_seed_000.pdb,28.69
1067,bbarrel/repeat_msa/colab_att/TMB2.36_unrelaxed_rank_005_alphafold2_ptm_model_1_seed_000.pdb,25.79
1068,bbarrel/repeat_msa/colab_att/HBI_b_34_unrelaxed_rank_005_alphafold2_ptm_model_4_seed_000.pdb,77.49
1069,bbarrel/repeat_msa/colab_att/HBI_b_40_unrelaxed_rank_002_alphafold2_ptm_model_1_seed_000.pdb,84.65
1070,bbarrel/repeat_msa/colab_att/HBI_b_14_unrelaxed_rank_004_alphafold2_ptm_model_3_seed_000.pdb,85.78
1071,bbarrel/repeat_msa/colab_att/HBI_b_16_unrelaxed_rank_005_alphafold2_ptm_model_2_seed_000.pdb,67.55
1072,bbarrel/repeat_msa/colab_att/TMB2.14_unrelaxed_rank_005_alphafold2_ptm_model_1_seed_000.pdb,30.13
1073,bbarrel/repeat_msa/colab_att/TMB2.42_unrelaxed_rank_002_alphafold2_ptm_model_4_seed_000.pdb,44.86
1074,bbarrel/repeat_msa/colab_att/HBI_b_20_unrelaxed_rank_005_alphafold2_ptm_model_4_seed_000.pdb,77.38
1075,bbarrel/repeat_msa/colab_att/HBI_b_40_unrelaxed_rank_003_alphafold2_ptm_model_2_seed_000.pdb,80.86
1076,bbarrel/repeat_msa/colab_att/TMB2.54_unrelaxed_rank_005_alphafold2_ptm_model_1_seed_000.pdb,32.07
1077,bbarrel/repeat_msa/colab_att/TMB2.29_unrelaxed_rank_002_alphafold2_ptm_model_5_seed_000.pdb,31.85
1078,bbarrel/repeat_msa/colab_att/TMB2.19_unrelaxed_rank_004_alphafold2_ptm_model_4_seed_000.pdb,50.51
1079,bbarrel/repeat_msa/colab_att/TMB2.81_unrelaxed_rank_003_alphafold2_ptm_model_2_seed_000.pdb,31.34
1080,bbarrel/repeat_msa/colab_att/TMB2.84_unrelaxed_rank_003_alphafold2_ptm_model_2_seed_000.pdb,46.26
1081,bbarrel/repeat_msa/colab_att/TMB2.14_unrelaxed_rank_004_alphafold2_ptm_model_3_seed_000.pdb,31.99
1082,bbarrel/repeat_msa/colab_att/TMB2.32_unrelaxed_rank_005_alphafold2_ptm_model_1_seed_000.pdb,28.0
1083,bbarrel/repeat_msa/colab_att/TMB2.75_unrelaxed_rank_001_alphafold2_ptm_model_5_seed_000.pdb,78.54
1084,bbarrel/repeat_msa/colab_att/TMB2.68_unrelaxed_rank_001_alphafold2_ptm_model_4_seed_000.pdb,77.27
1085,bbarrel/repeat_msa/colab_att/TMB2.85_unrelaxed_rank_005_alphafold2_ptm_model_3_seed_000.pdb,28.88
1086,bbarrel/repeat_msa/colab_att/TMB2.32_unrelaxed_rank_004_alphafold2_ptm_model_2_seed_000.pdb,30.79
1087,bbarrel/repeat_msa/colab_att/TMB2.43_unrelaxed_rank_001_alphafold2_ptm_model_5_seed_000.pdb,76.53
1088,bbarrel/repeat_msa/colab_att/TMB2.11_unrelaxed_rank_005_alphafold2_ptm_model_4_seed_000.pdb,28.47
1089,bbarrel/repeat_msa/colab_att/HBI_b_41_unrelaxed_rank_005_alphafold2_ptm_model_2_seed_000.pdb,56.12
1090,bbarrel/repeat_msa/colab_att/TMB2.25_unrelaxed_rank_005_alphafold2_ptm_model_3_seed_000.pdb,26.84
1091,bbarrel/repeat_msa/colab_att/TMB2.69_unrelaxed_rank_003_alphafold2_ptm_model_2_seed_000.pdb,36.19
1092,bbarrel/repeat_msa/colab_att/TMB2.38_unrelaxed_rank_004_alphafold2_ptm_model_3_seed_000.pdb,26.68
1093,bbarrel/repeat_msa/colab_att/HBI_b_25_unrelaxed_rank_001_alphafold2_ptm_model_1_seed_000.pdb,86.72
1094,bbarrel/repeat_msa/colab_att/TMB2.76_unrelaxed_rank_003_alphafold2_ptm_model_2_seed_000.pdb,81.76
1095,bbarrel/repeat_msa/colab_att/HBI_b_50_unrelaxed_rank_005_alphafold2_ptm_model_3_seed_000.pdb,52.92
1096,bbarrel/repeat_msa/colab_att/TMB2.6_unrelaxed_rank_004_alphafold2_ptm_model_3_seed_000.pdb,29.36
1097,bbarrel/repeat_msa/colab_att/HBI_b_25_unrelaxed_rank_004_alphafold2_ptm_model_3_seed_000.pdb,84.56
1098,bbarrel/repeat_msa/colab_att/TMB2.78_unrelaxed_rank_002_alphafold2_ptm_model_2_seed_000.pdb,29.75
1099,bbarrel/repeat_msa/colab_att/TMB2.26_unrelaxed_rank_003_alphafold2_ptm_model_3_seed_000.pdb,27.68
1100,bbarrel/repeat_msa/colab_att/HBI_b_22_unrelaxed_rank_004_alphafold2_ptm_model_3_seed_000.pdb,84.55
1101,bbarrel/repeat_msa/colab_att/HBI_b_32_unrelaxed_rank_005_alphafold2_ptm_model_2_seed_000.pdb,85.79
1102,bbarrel/repeat_msa/colab_att/TMB2.5_unrelaxed_rank_004_alphafold2_ptm_model_2_seed_000.pdb,36.53
1103,bbarrel/repeat_msa/colab_att/TMB2.21_unrelaxed_rank_005_alphafold2_ptm_model_1_seed_000.pdb,27.12
1104,bbarrel/repeat_msa/colab_att/TMB2.62_unrelaxed_rank_001_alphafold2_ptm_model_4_seed_000.pdb,71.96
1105,bbarrel/repeat_msa/colab_att/HBI_b_22_unrelaxed_rank_005_alphafold2_ptm_model_4_seed_000.pdb,83.47
1106,bbarrel/repeat_msa/colab_att/TMB2.41_unrelaxed_rank_003_alphafold2_ptm_model_3_seed_000.pdb,35.03
1107,bbarrel/repeat_msa/colab_att/HBI_b_17_unrelaxed_rank_003_alphafold2_ptm_model_2_seed_000.pdb,84.34
1108,bbarrel/repeat_msa/colab_att/TMB2.50_unrelaxed_rank_001_alphafold2_ptm_model_5_seed_000.pdb,39.2
1109,bbarrel/repeat_msa/colab_att/HBI_b_15_unrelaxed_rank_003_alphafold2_ptm_model_3_seed_000.pdb,84.32
1110,bbarrel/repeat_msa/colab_att/HBI_b_44_unrelaxed_rank_002_alphafold2_ptm_model_2_seed_000.pdb,82.95
1111,bbarrel/repeat_msa/colab_att/TMB2.21_unrelaxed_rank_003_alphafold2_ptm_model_3_seed_000.pdb,28.99
1112,bbarrel/repeat_msa/colab_att/TMB2.63_unrelaxed_rank_004_alphafold2_ptm_model_3_seed_000.pdb,32.8
1113,bbarrel/repeat_msa/colab_att/HBI_b_43_unrelaxed_rank_001_alphafold2_ptm_model_5_seed_000.pdb,57.88
1114,bbarrel/repeat_msa/colab_att/TMB2.64_unrelaxed_rank_002_alphafold2_ptm_model_4_seed_000.pdb,37.01
1115,bbarrel/repeat_msa/colab_att/TMB2.87_unrelaxed_rank_001_alphafold2_ptm_model_5_seed_000.pdb,43.11
1116,bbarrel/repeat_msa/colab_att/TMB2.30_unrelaxed_rank_003_alphafold2_ptm_model_2_seed_000.pdb,32.38
1117,bbarrel/repeat_msa/colab_att/TMB2.59_unrelaxed_rank_004_alphafold2_ptm_model_3_seed_000.pdb,46.81
1118,bbarrel/repeat_msa/colab_att/TMB2.36_unrelaxed_rank_002_alphafold2_ptm_model_2_seed_000.pdb,33.14
1119,bbarrel/repeat_msa/colab_att/HBI_b_37_unrelaxed_rank_005_alphafold2_ptm_model_2_seed_000.pdb,79.27
1120,bbarrel/repeat_msa/colab_att/HBI_b_38_unrelaxed_rank_003_alphafold2_ptm_model_1_seed_000.pdb,83.43
1121,bbarrel/repeat_msa/colab_att/HBI_b_29_unrelaxed_rank_002_alphafold2_ptm_model_1_seed_000.pdb,87.15
1122,bbarrel/repeat_msa/colab_att/TMB2.79_unrelaxed_rank_002_alphafold2_ptm_model_4_seed_000.pdb,34.3
1123,bbarrel/repeat_msa/colab_att/TMB2.56_unrelaxed_rank_004_alphafold2_ptm_model_3_seed_000.pdb,26.61
1124,bbarrel/repeat_msa/colab_att/TMB2.70_unrelaxed_rank_002_alphafold2_ptm_model_2_seed_000.pdb,40.37
1125,bbarrel/repeat_msa/colab_att/TMB2.14_unrelaxed_rank_003_alphafold2_ptm_model_2_seed_000.pdb,39.06
1126,bbarrel/repeat_msa/colab_att/TMB2.1_unrelaxed_rank_005_alphafold2_ptm_model_4_seed_000.pdb,26.34
1127,bbarrel/repeat_msa/colab_att/HBI_b_33_unrelaxed_rank_004_alphafold2_ptm_model_4_seed_000.pdb,71.97
1128,bbarrel/repeat_msa/colab_att/TMB2.58_unrelaxed_rank_005_alphafold2_ptm_model_3_seed_000.pdb,26.89
1129,bbarrel/repeat_msa/colab_att/TMB2.66_unrelaxed_rank_001_alphafold2_ptm_model_4_seed_000.pdb,64.73
1130,bbarrel/repeat_msa/colab_att/TMB2.28_unrelaxed_rank_001_alphafold2_ptm_model_5_seed_000.pdb,56.58
1131,bbarrel/repeat_msa/colab_att/HBI_b_09_unrelaxed_rank_004_alphafold2_ptm_model_2_seed_000.pdb,82.95
1132,bbarrel/repeat_msa/colab_att/TMB2.18_unrelaxed_rank_004_alphafold2_ptm_model_3_seed_000.pdb,29.78
1133,bbarrel/repeat_msa/colab_att/TMB2.34_unrelaxed_rank_004_alphafold2_ptm_model_1_seed_000.pdb,30.32
1134,bbarrel/repeat_msa/colab_att/TMB2.59_unrelaxed_rank_001_alphafold2_ptm_model_5_seed_000.pdb,86.67
1135,bbarrel/repeat_msa/colab_att/HBI_b_15_unrelaxed_rank_004_alphafold2_ptm_model_2_seed_000.pdb,83.9
1136,bbarrel/repeat_msa/colab_att/TMB2.7_unrelaxed_rank_004_alphafold2_ptm_model_1_seed_000.pdb,30.07
1137,bbarrel/repeat_msa/colab_att/HBI_b_02_unrelaxed_rank_005_alphafold2_ptm_model_2_seed_000.pdb,79.82
1138,bbarrel/repeat_msa/colab_att/TMB2.22_unrelaxed_rank_003_alphafold2_ptm_model_2_seed_000.pdb,30.53
1139,bbarrel/repeat_msa/colab_att/TMB2.60_unrelaxed_rank_001_alphafold2_ptm_model_5_seed_000.pdb,83.84
1140,bbarrel/repeat_msa/colab_att/TMB2.87_unrelaxed_rank_003_alphafold2_ptm_model_1_seed_000.pdb,29.93
1141,bbarrel/repeat_msa/colab_att/TMB2.88_unrelaxed_rank_001_alphafold2_ptm_model_5_seed_000.pdb,82.65
1142,bbarrel/repeat_msa/colab_att/HBI_b_01_unrelaxed_rank_001_alphafold2_ptm_model_1_seed_000.pdb,88.43
1143,bbarrel/repeat_msa/colab_att/TMB2.62_unrelaxed_rank_004_alphafold2_ptm_model_3_seed_000.pdb,31.93
1144,bbarrel/repeat_msa/colab_att/HBI_b_55_unrelaxed_rank_005_alphafold2_ptm_model_4_seed_000.pdb,69.26
1145,bbarrel/repeat_msa/colab_att/HBI_b_07_unrelaxed_rank_004_alphafold2_ptm_model_3_seed_000.pdb,86.45
1146,bbarrel/repeat_msa/colab_att/TMB2.22_unrelaxed_rank_001_alphafold2_ptm_model_5_seed_000.pdb,72.79
1147,bbarrel/repeat_msa/colab_att/TMB2.88_unrelaxed_rank_002_alphafold2_ptm_model_4_seed_000.pdb,82.05
1148,bbarrel/repeat_msa/colab_att/TMB2.81_unrelaxed_rank_005_alphafold2_ptm_model_3_seed_000.pdb,27.93
1149,bbarrel/repeat_msa/colab_att/TMB2.28_unrelaxed_rank_003_alphafold2_ptm_model_1_seed_000.pdb,31.07
1150,bbarrel/repeat_msa/colab_att/TMB2.32_unrelaxed_rank_003_alphafold2_ptm_model_4_seed_000.pdb,34.97
1151,bbarrel/repeat_msa/colab_att/TMB2.57_unrelaxed_rank_002_alphafold2_ptm_model_5_seed_000.pdb,38.25
1152,bbarrel/repeat_msa/colab_att/TMB2.62_unrelaxed_rank_005_alphafold2_ptm_model_1_seed_000.pdb,31.79
1153,bbarrel/repeat_msa/colab_att/TMB2.88_unrelaxed_rank_005_alphafold2_ptm_model_3_seed_000.pdb,32.74
1154,bbarrel/repeat_msa/colab_att/HBI_b_13_unrelaxed_rank_001_alphafold2_ptm_model_1_seed_000.pdb,82.57
1155,bbarrel/repeat_msa/colab_att/TMB2.4_unrelaxed_rank_002_alphafold2_ptm_model_2_seed_000.pdb,29.43
1156,bbarrel/repeat_msa/colab_att/TMB2.11_unrelaxed_rank_004_alphafold2_ptm_model_3_seed_000.pdb,32.35
1157,bbarrel/repeat_msa/colab_att/HBI_b_45_unrelaxed_rank_002_alphafold2_ptm_model_4_seed_000.pdb,75.12
1158,bbarrel/repeat_msa/colab_att/TMB2.30_unrelaxed_rank_005_alphafold2_ptm_model_3_seed_000.pdb,29.1
1159,bbarrel/repeat_msa/colab_att/TMB2.8_unrelaxed_rank_003_alphafold2_ptm_model_1_seed_000.pdb,31.45
1160,bbarrel/repeat_msa/colab_att/HBI_b_26_unrelaxed_rank_002_alphafold2_ptm_model_3_seed_000.pdb,88.07
1161,bbarrel/repeat_msa/colab_att/TMB2.4_unrelaxed_rank_001_alphafold2_ptm_model_5_seed_000.pdb,30.88
1162,bbarrel/repeat_msa/colab_att/TMB2.58_unrelaxed_rank_002_alphafold2_ptm_model_4_seed_000.pdb,40.1
1163,bbarrel/repeat_msa/colab_att/TMB2.76_unrelaxed_rank_001_alphafold2_ptm_model_4_seed_000.pdb,86.66
1164,bbarrel/repeat_msa/colab_att/TMB2.26_unrelaxed_rank_002_alphafold2_ptm_model_5_seed_000.pdb,28.85
1165,bbarrel/repeat_msa/colab_att/TMB2.37_unrelaxed_rank_001_alphafold2_ptm_model_5_seed_000.pdb,63.55
1166,bbarrel/repeat_msa/colab_att/HBI_b_53_unrelaxed_rank_003_alphafold2_ptm_model_3_seed_000.pdb,84.3
1167,bbarrel/repeat_msa/colab_att/HBI_b_21_unrelaxed_rank_005_alphafold2_ptm_model_4_seed_000.pdb,81.85
1168,bbarrel/repeat_msa/colab_att/HBI_b_41_unrelaxed_rank_001_alphafold2_ptm_model_5_seed_000.pdb,86.07
1169,bbarrel/repeat_msa/colab_att/TMB2.28_unrelaxed_rank_004_alphafold2_ptm_model_4_seed_000.pdb,30.17
1170,bbarrel/repeat_msa/colab_att/TMB2.39_unrelaxed_rank_003_alphafold2_ptm_model_4_seed_000.pdb,30.91
1171,bbarrel/repeat_msa/colab_att/TMB2.77_unrelaxed_rank_004_alphafold2_ptm_model_1_seed_000.pdb,31.26
1172,bbarrel/repeat_msa/colab_att/TMB2.69_unrelaxed_rank_002_alphafold2_ptm_model_5_seed_000.pdb,59.29
1173,bbarrel/repeat_msa/colab_att/TMB2.23_unrelaxed_rank_001_alphafold2_ptm_model_4_seed_000.pdb,49.33
1174,bbarrel/repeat_msa/colab_att/TMB2.86_unrelaxed_rank_003_alphafold2_ptm_model_3_seed_000.pdb,30.5
1175,bbarrel/repeat_msa/colab_att/HBI_b_55_unrelaxed_rank_001_alphafold2_ptm_model_5_seed_000.pdb,90.38
1176,bbarrel/repeat_msa/colab_att/TMB2.35_unrelaxed_rank_003_alphafold2_ptm_model_1_seed_000.pdb,30.13
1177,bbarrel/repeat_msa/colab_att/HBI_b_39_unrelaxed_rank_003_alphafold2_ptm_model_2_seed_000.pdb,78.87
1178,bbarrel/repeat_msa/colab_att/TMB2.83_unrelaxed_rank_003_alphafold2_ptm_model_2_seed_000.pdb,80.72
1179,bbarrel/repeat_msa/colab_att/TMB2.25_unrelaxed_rank_003_alphafold2_ptm_model_1_seed_000.pdb,27.26
1180,bbarrel/repeat_msa/colab_att/TMB2.23_unrelaxed_rank_004_alphafold2_ptm_model_1_seed_000.pdb,27.08
1181,bbarrel/repeat_msa/colab_att/TMB2.5_unrelaxed_rank_002_alphafold2_ptm_model_4_seed_000.pdb,62.75
1182,bbarrel/repeat_msa/colab_att/HBI_b_21_unrelaxed_rank_001_alphafold2_ptm_model_5_seed_000.pdb,86.8
1183,bbarrel/repeat_msa/colab_att/TMB2.12_unrelaxed_rank_002_alphafold2_ptm_model_2_seed_000.pdb,31.98
1184,bbarrel/repeat_msa/colab_att/TMB2.3_unrelaxed_rank_003_alphafold2_ptm_model_4_seed_000.pdb,30.33
1185,bbarrel/repeat_msa/colab_att/TMB2.45_unrelaxed_rank_005_alphafold2_ptm_model_1_seed_000.pdb,32.77
1186,bbarrel/repeat_msa/colab_att/HBI_b_33_unrelaxed_rank_001_alphafold2_ptm_model_5_seed_000.pdb,81.8
1187,bbarrel/repeat_msa/colab_att/HBI_b_08_unrelaxed_rank_004_alphafold2_ptm_model_2_seed_000.pdb,73.44
1188,bbarrel/repeat_msa/colab_att/TMB2.44_unrelaxed_rank_004_alphafold2_ptm_model_3_seed_000.pdb,31.86
1189,bbarrel/repeat_msa/colab_att/TMB2.87_unrelaxed_rank_002_alphafold2_ptm_model_2_seed_000.pdb,30.9
1190,bbarrel/repeat_msa/colab_att/TMB2.5_unrelaxed_rank_005_alphafold2_ptm_model_1_seed_000.pdb,31.14
1191,bbarrel/repeat_msa/colab_att/TMB2.65_unrelaxed_rank_002_alphafold2_ptm_model_5_seed_000.pdb,76.13
1192,bbarrel/repeat_msa/colab_att/TMB2.6_unrelaxed_rank_001_alphafold2_ptm_model_5_seed_000.pdb,84.52
1193,bbarrel/repeat_msa/colab_att/HBI_b_14_unrelaxed_rank_001_alphafold2_ptm_model_5_seed_000.pdb,88.13
1194,bbarrel/repeat_msa/colab_att/TMB2.35_unrelaxed_rank_004_alphafold2_ptm_model_4_seed_000.pdb,30.08
1195,bbarrel/repeat_msa/colab_att/HBI_b_41_unrelaxed_rank_003_alphafold2_ptm_model_4_seed_000.pdb,73.15
1196,bbarrel/repeat_msa/colab_att/HBI_b_08_unrelaxed_rank_005_alphafold2_ptm_model_3_seed_000.pdb,72.53
1197,bbarrel/repeat_msa/colab_att/TMB2.52_unrelaxed_rank_002_alphafold2_ptm_model_2_seed_000.pdb,31.52
1198,bbarrel/repeat_msa/colab_att/HBI_b_26_unrelaxed_rank_004_alphafold2_ptm_model_2_seed_000.pdb,85.58
1199,bbarrel/repeat_msa/colab_att/HBI_b_23_unrelaxed_rank_005_alphafold2_ptm_model_3_seed_000.pdb,85.44
1200,bbarrel/repeat_msa/colab_att/HBI_b_17_unrelaxed_rank_004_alphafold2_ptm_model_3_seed_000.pdb,76.01
1201,bbarrel/repeat_msa/colab_att/TMB2.82_unrelaxed_rank_004_alphafold2_ptm_model_1_seed_000.pdb,26.34
1202,bbarrel/repeat_msa/colab_att/TMB2.66_unrelaxed_rank_004_alphafold2_ptm_model_1_seed_000.pdb,30.65
1203,bbarrel/repeat_msa/colab_att/TMB2.85_unrelaxed_rank_003_alphafold2_ptm_model_2_seed_000.pdb,30.52
1204,bbarrel/repeat_msa/colab_att/TMB2.50_unrelaxed_rank_002_alphafold2_ptm_model_4_seed_000.pdb,35.57
1205,bbarrel/repeat_msa/colab_att/TMB2.5_unrelaxed_rank_003_alphafold2_ptm_model_3_seed_000.pdb,42.51
1206,bbarrel/repeat_msa/colab_att/TMB2.42_unrelaxed_rank_005_alphafold2_ptm_model_3_seed_000.pdb,28.93
1207,bbarrel/repeat_msa/colab_att/TMB2.18_unrelaxed_rank_003_alphafold2_ptm_model_2_seed_000.pdb,32.71
1208,bbarrel/repeat_msa/colab_att/TMB2.86_unrelaxed_rank_005_alphafold2_ptm_model_1_seed_000.pdb,28.45
1209,bbarrel/repeat_msa/colab_att/TMB2.65_unrelaxed_rank_003_alphafold2_ptm_model_2_seed_000.pdb,56.54
1210,bbarrel/repeat_msa/colab_att/HBI_b_46_unrelaxed_rank_003_alphafold2_ptm_model_4_seed_000.pdb,67.32
1211,bbarrel/repeat_msa/colab_att/HBI_b_44_unrelaxed_rank_001_alphafold2_ptm_model_1_seed_000.pdb,84.42
1212,bbarrel/repeat_msa/colab_att/TMB2.52_unrelaxed_rank_004_alphafold2_ptm_model_4_seed_000.pdb,28.44
1213,bbarrel/repeat_msa/colab_att/HBI_b_26_unrelaxed_rank_005_alphafold2_ptm_model_4_seed_000.pdb,85.29
1214,bbarrel/repeat_msa/colab_att/TMB2.51_unrelaxed_rank_003_alphafold2_ptm_model_2_seed_000.pdb,30.1
1215,bbarrel/repeat_msa/colab_att/HBI_b_15_unrelaxed_rank_002_alphafold2_ptm_model_5_seed_000.pdb,85.48
1216,bbarrel/repeat_msa/colab_att/HBI_b_37_unrelaxed_rank_001_alphafold2_ptm_model_1_seed_000.pdb,81.94
1217,bbarrel/repeat_msa/colab_att/TMB2.20_unrelaxed_rank_004_alphafold2_ptm_model_5_seed_000.pdb,25.87
1218,bbarrel/repeat_msa/colab_att/TMB2.71_unrelaxed_rank_004_alphafold2_ptm_model_2_seed_000.pdb,32.05
1219,bbarrel/repeat_msa/colab_att/TMB2.39_unrelaxed_rank_002_alphafold2_ptm_model_2_seed_000.pdb,31.06
1220,bbarrel/repeat_msa/colab_att/HBI_b_27_unrelaxed_rank_005_alphafold2_ptm_model_4_seed_000.pdb,82.85
1221,bbarrel/repeat_msa/colab_att/TMB2.80_unrelaxed_rank_004_alphafold2_ptm_model_2_seed_000.pdb,32.24
1222,bbarrel/repeat_msa/colab_att/HBI_b_08_unrelaxed_rank_001_alphafold2_ptm_model_4_seed_000.pdb,82.73
1223,bbarrel/repeat_msa/colab_att/TMB2.76_unrelaxed_rank_002_alphafold2_ptm_model_5_seed_000.pdb,84.35
1224,bbarrel/repeat_msa/colab_att/TMB2.83_unrelaxed_rank_004_alphafold2_ptm_model_3_seed_000.pdb,77.71
1225,bbarrel/repeat_msa/colab_att/HBI_b_19_unrelaxed_rank_004_alphafold2_ptm_model_2_seed_000.pdb,82.97
1226,bbarrel/repeat_msa/colab_att/HBI_b_02_unrelaxed_rank_002_alphafold2_ptm_model_3_seed_000.pdb,82.15
1227,bbarrel/repeat_msa/colab_att/TMB2.67_unrelaxed_rank_002_alphafold2_ptm_model_4_seed_000.pdb,34.35
1228,bbarrel/repeat_msa/colab_att/HBI_b_08_unrelaxed_rank_002_alphafold2_ptm_model_1_seed_000.pdb,82.48
1229,bbarrel/repeat_msa/colab_att/TMB2.49_unrelaxed_rank_001_alphafold2_ptm_model_2_seed_000.pdb,29.63
1230,bbarrel/repeat_msa/colab_att/TMB2.37_unrelaxed_rank_002_alphafold2_ptm_model_4_seed_000.pdb,49.02
1231,bbarrel/repeat_msa/colab_att/HBI_b_22_unrelaxed_rank_002_alphafold2_ptm_model_2_seed_000.pdb,87.22
1232,bbarrel/repeat_msa/colab_att/TMB2.52_unrelaxed_rank_003_alphafold2_ptm_model_1_seed_000.pdb,30.04
1233,bbarrel/repeat_msa/colab_att/TMB2.56_unrelaxed_rank_002_alphafold2_ptm_model_1_seed_000.pdb,27.36
1234,bbarrel/repeat_msa/colab_att/TMB2.5_unrelaxed_rank_001_alphafold2_ptm_model_5_seed_000.pdb,84.23
1235,bbarrel/repeat_msa/colab_att/HBI_b_35_unrelaxed_rank_004_alphafold2_ptm_model_4_seed_000.pdb,59.38
1236,bbarrel/repeat_msa/colab_att/TMB2.7_unrelaxed_rank_001_alphafold2_ptm_model_5_seed_000.pdb,65.13
1237,bbarrel/repeat_msa/colab_att/TMB2.55_unrelaxed_rank_001_alphafold2_ptm_model_1_seed_000.pdb,27.87
1238,bbarrel/repeat_msa/colab_att/TMB2.12_unrelaxed_rank_004_alphafold2_ptm_model_3_seed_000.pdb,28.27
1239,bbarrel/repeat_msa/colab_att/HBI_b_27_unrelaxed_rank_002_alphafold2_ptm_model_5_seed_000.pdb,84.94
1240,bbarrel/repeat_msa/colab_att/TMB2.27_unrelaxed_rank_003_alphafold2_ptm_model_1_seed_000.pdb,29.53
1241,bbarrel/repeat_msa/colab_att/TMB2.89_unrelaxed_rank_005_alphafold2_ptm_model_4_seed_000.pdb,37.12
1242,bbarrel/repeat_msa/colab_att/HBI_b_25_unrelaxed_rank_002_alphafold2_ptm_model_5_seed_000.pdb,85.33
1243,bbarrel/repeat_msa/colab_att/TMB2.73_unrelaxed_rank_004_alphafold2_ptm_model_4_seed_000.pdb,29.87
1244,bbarrel/repeat_msa/colab_att/HBI_b_33_unrelaxed_rank_003_alphafold2_ptm_model_3_seed_000.pdb,80.2
1245,bbarrel/repeat_msa/colab_att/TMB2.75_unrelaxed_rank_004_alphafold2_ptm_model_3_seed_000.pdb,44.91
1246,bbarrel/repeat_msa/colab_att/TMB2.84_unrelaxed_rank_005_alphafold2_ptm_model_1_seed_000.pdb,29.04
1247,bbarrel/repeat_msa/colab_att/HBI_b_38_unrelaxed_rank_005_alphafold2_ptm_model_2_seed_000.pdb,81.09
1248,bbarrel/repeat_msa/colab_att/TMB2.78_unrelaxed_rank_003_alphafold2_ptm_model_3_seed_000.pdb,29.32
1249,bbarrel/repeat_msa/colab_att/HBI_b_02_unrelaxed_rank_003_alphafold2_ptm_model_4_seed_000.pdb,81.6
1250,bbarrel/repeat_msa/colab_att/TMB2.37_unrelaxed_rank_003_alphafold2_ptm_model_3_seed_000.pdb,42.78
1251,bbarrel/repeat_msa/colab_att/TMB2.77_unrelaxed_rank_003_alphafold2_ptm_model_5_seed_000.pdb,33.76
1252,bbarrel/repeat_msa/colab_att/TMB2.59_unrelaxed_rank_003_alphafold2_ptm_model_2_seed_000.pdb,66.28
1253,bbarrel/repeat_msa/colab_att/TMB2.77_unrelaxed_rank_002_alphafold2_ptm_model_4_seed_000.pdb,35.64
1254,bbarrel/repeat_msa/colab_att/HBI_b_20_unrelaxed_rank_001_alphafold2_ptm_model_3_seed_000.pdb,82.27
1255,bbarrel/repeat_msa/colab_att/HBI_b_28_unrelaxed_rank_003_alphafold2_ptm_model_3_seed_000.pdb,78.07
1256,bbarrel/repeat_msa/colab_att/HBI_b_20_unrelaxed_rank_002_alphafold2_ptm_model_1_seed_000.pdb,82.2
1257,bbarrel/repeat_msa/colab_att/HBI_b_32_unrelaxed_rank_002_alphafold2_ptm_model_3_seed_000.pdb,89.3
1258,bbarrel/repeat_msa/colab_att/TMB2.43_unrelaxed_rank_005_alphafold2_ptm_model_3_seed_000.pdb,30.39
1259,bbarrel/repeat_msa/colab_att/HBI_b_22_unrelaxed_rank_001_alphafold2_ptm_model_5_seed_000.pdb,87.72
1260,bbarrel/repeat_msa/colab_att/HBI_b_17_unrelaxed_rank_005_alphafold2_ptm_model_4_seed_000.pdb,70.65
1261,bbarrel/repeat_msa/colab_att/TMB2.6_unrelaxed_rank_005_alphafold2_ptm_model_1_seed_000.pdb,27.27
1262,bbarrel/repeat_msa/colab_att/TMB2.50_unrelaxed_rank_003_alphafold2_ptm_model_2_seed_000.pdb,29.85
1263,bbarrel/repeat_msa/colab_att/TMB2.57_unrelaxed_rank_005_alphafold2_ptm_model_3_seed_000.pdb,28.77
1264,bbarrel/repeat_msa/colab_att/TMB2.64_unrelaxed_rank_003_alphafold2_ptm_model_2_seed_000.pdb,31.3
1265,bbarrel/repeat_msa/colab_att/HBI_b_43_unrelaxed_rank_004_alphafold2_ptm_model_2_seed_000.pdb,47.99
1266,bbarrel/repeat_msa/colab_att/HBI_b_22_unrelaxed_rank_003_alphafold2_ptm_model_1_seed_000.pdb,86.24
1267,bbarrel/repeat_msa/colab_att/HBI_b_23_unrelaxed_rank_003_alphafold2_ptm_model_5_seed_000.pdb,88.28
1268,bbarrel/repeat_msa/colab_att/TMB2.42_unrelaxed_rank_003_alphafold2_ptm_model_2_seed_000.pdb,30.75
1269,bbarrel/repeat_msa/colab_att/HBI_b_19_unrelaxed_rank_001_alphafold2_ptm_model_1_seed_000.pdb,84.71
1270,bbarrel/repeat_msa/colab_att/TMB2.67_unrelaxed_rank_003_alphafold2_ptm_model_5_seed_000.pdb,32.75
1271,bbarrel/repeat_msa/colab_att/TMB2.44_unrelaxed_rank_003_alphafold2_ptm_model_2_seed_000.pdb,33.82
1272,bbarrel/repeat_msa/colab_att/HBI_b_20_unrelaxed_rank_003_alphafold2_ptm_model_5_seed_000.pdb,80.09
1273,bbarrel/repeat_msa/colab_att/HBI_b_28_unrelaxed_rank_002_alphafold2_ptm_model_4_seed_000.pdb,79.7
1274,bbarrel/repeat_msa/colab_att/TMB2.12_unrelaxed_rank_003_alphafold2_ptm_model_1_seed_000.pdb,29.66
1275,bbarrel/repeat_msa/colab_att/HBI_b_44_unrelaxed_rank_004_alphafold2_ptm_model_3_seed_000.pdb,80.08
1276,bbarrel/repeat_msa/colab_att/TMB2.78_unrelaxed_rank_001_alphafold2_ptm_model_5_seed_000.pdb,30.43
1277,bbarrel/repeat_msa/colab_att/HBI_b_45_unrelaxed_rank_005_alphafold2_ptm_model_5_seed_000.pdb,70.84
1278,bbarrel/repeat_msa/colab_att/TMB2.73_unrelaxed_rank_001_alphafold2_ptm_model_5_seed_000.pdb,59.78
1279,bbarrel/repeat_msa/colab_att/TMB2.60_unrelaxed_rank_005_alphafold2_ptm_model_3_seed_000.pdb,29.1
1280,bbarrel/repeat_msa/colab_att/TMB2.41_unrelaxed_rank_001_alphafold2_ptm_model_5_seed_000.pdb,85.14
1281,bbarrel/repeat_msa/colab_att/TMB2.73_unrelaxed_rank_003_alphafold2_ptm_model_1_seed_000.pdb,33.48
1282,bbarrel/repeat_msa/colab_att/HBI_b_38_unrelaxed_rank_004_alphafold2_ptm_model_3_seed_000.pdb,81.9
1283,bbarrel/repeat_msa/colab_att/TMB2.77_unrelaxed_rank_001_alphafold2_ptm_model_2_seed_000.pdb,62.0
1284,bbarrel/repeat_msa/colab_att/HBI_b_39_unrelaxed_rank_002_alphafold2_ptm_model_3_seed_000.pdb,79.78
1285,bbarrel/repeat_msa/colab_att/TMB2.24_unrelaxed_rank_002_alphafold2_ptm_model_5_seed_000.pdb,77.26
1286,bbarrel/repeat_msa/colab_att/TMB2.18_unrelaxed_rank_002_alphafold2_ptm_model_4_seed_000.pdb,34.81
1287,bbarrel/repeat_msa/colab_att/TMB2.12_unrelaxed_rank_001_alphafold2_ptm_model_5_seed_000.pdb,67.45
1288,bbarrel/repeat_msa/colab_att/HBI_b_31_unrelaxed_rank_003_alphafold2_ptm_model_2_seed_000.pdb,76.1
1289,bbarrel/repeat_msa/colab_att/TMB2.89_unrelaxed_rank_004_alphafold2_ptm_model_3_seed_000.pdb,37.19
1290,bbarrel/repeat_msa/colab_att/HBI_b_02_unrelaxed_rank_001_alphafold2_ptm_model_5_seed_000.pdb,82.24
1291,bbarrel/repeat_msa/colab_att/TMB2.60_unrelaxed_rank_003_alphafold2_ptm_model_4_seed_000.pdb,33.23
1292,bbarrel/repeat_msa/colab_att/TMB2.66_unrelaxed_rank_002_alphafold2_ptm_model_5_seed_000.pdb,35.63
1293,bbarrel/repeat_msa/colab_att/TMB2.45_unrelaxed_rank_002_alphafold2_ptm_model_5_seed_000.pdb,79.93
1294,bbarrel/repeat_msa/colab_att/TMB2.47_unrelaxed_rank_002_alphafold2_ptm_model_4_seed_000.pdb,29.48
1295,bbarrel/repeat_msa/colab_att/TMB2.9_unrelaxed_rank_002_alphafold2_ptm_model_2_seed_000.pdb,32.08
1296,bbarrel/repeat_msa/colab_att/TMB2.76_unrelaxed_rank_005_alphafold2_ptm_model_3_seed_000.pdb,27.83
1297,bbarrel/repeat_msa/colab_att/TMB2.74_unrelaxed_rank_002_alphafold2_ptm_model_2_seed_000.pdb,49.48
1298,bbarrel/repeat_msa/colab_att/TMB2.48_unrelaxed_rank_004_alphafold2_ptm_model_1_seed_000.pdb,27.85
1299,bbarrel/repeat_msa/colab_att/TMB2.69_unrelaxed_rank_001_alphafold2_ptm_model_4_seed_000.pdb,64.82
1300,bbarrel/repeat_msa/colab_att/TMB2.36_unrelaxed_rank_001_alphafold2_ptm_model_5_seed_000.pdb,81.96
1301,bbarrel/repeat_msa/colab_att/TMB2.3_unrelaxed_rank_005_alphafold2_ptm_model_1_seed_000.pdb,27.34
1302,bbarrel/repeat_msa/colab_att/TMB2.30_unrelaxed_rank_004_alphafold2_ptm_model_1_seed_000.pdb,29.94
1303,bbarrel/repeat_msa/colab_att/TMB2.26_unrelaxed_rank_005_alphafold2_ptm_model_4_seed_000.pdb,26.34
1304,bbarrel/repeat_msa/colab_att/TMB2.54_unrelaxed_rank_001_alphafold2_ptm_model_5_seed_000.pdb,82.92
1305,bbarrel/repeat_msa/colab_att/HBI_b_46_unrelaxed_rank_001_alphafold2_ptm_model_1_seed_000.pdb,82.88
1306,bbarrel/repeat_msa/colab_att/TMB2.88_unrelaxed_rank_004_alphafold2_ptm_model_1_seed_000.pdb,34.29
1307,bbarrel/repeat_msa/colab_att/TMB2.27_unrelaxed_rank_005_alphafold2_ptm_model_3_seed_000.pdb,28.86
1308,bbarrel/repeat_msa/colab_att/TMB2.45_unrelaxed_rank_003_alphafold2_ptm_model_2_seed_000.pdb,79.91
1309,bbarrel/repeat_msa/colab_att/TMB2.31_unrelaxed_rank_001_alphafold2_ptm_model_5_seed_000.pdb,82.52
1310,bbarrel/repeat_msa/colab_att/TMB2.54_unrelaxed_rank_004_alphafold2_ptm_model_2_seed_000.pdb,33.75
1311,bbarrel/repeat_msa/colab_att/TMB2.55_unrelaxed_rank_004_alphafold2_ptm_model_4_seed_000.pdb,25.78
1312,bbarrel/repeat_msa/colab_att/TMB2.11_unrelaxed_rank_003_alphafold2_ptm_model_2_seed_000.pdb,32.31
1313,bbarrel/repeat_msa/colab_att/TMB2.2_unrelaxed_rank_004_alphafold2_ptm_model_2_seed_000.pdb,29.43
1314,bbarrel/repeat_msa/colab_att/TMB2.47_unrelaxed_rank_004_alphafold2_ptm_model_1_seed_000.pdb,27.42
1315,bbarrel/repeat_msa/colab_att/HBI_b_49_unrelaxed_rank_001_alphafold2_ptm_model_5_seed_000.pdb,89.82
1316,bbarrel/repeat_msa/colab_att/TMB2.60_unrelaxed_rank_002_alphafold2_ptm_model_2_seed_000.pdb,37.04
1317,bbarrel/repeat_msa/colab_att/TMB2.29_unrelaxed_rank_003_alphafold2_ptm_model_1_seed_000.pdb,30.63
1318,bbarrel/repeat_msa/colab_att/TMB2.14_unrelaxed_rank_001_alphafold2_ptm_model_4_seed_000.pdb,70.85
1319,bbarrel/repeat_msa/colab_att/TMB2.1_unrelaxed_rank_001_alphafold2_ptm_model_5_seed_000.pdb,28.84
1320,bbarrel/repeat_msa/colab_att/HBI_b_21_unrelaxed_rank_002_alphafold2_ptm_model_3_seed_000.pdb,84.2
1321,bbarrel/repeat_msa/colab_att/TMB2.50_unrelaxed_rank_005_alphafold2_ptm_model_3_seed_000.pdb,26.88
1322,bbarrel/repeat_msa/colab_att/TMB2.15_unrelaxed_rank_002_alphafold2_ptm_model_5_seed_000.pdb,31.39
1323,bbarrel/repeat_msa/colab_att/TMB2.62_unrelaxed_rank_002_alphafold2_ptm_model_5_seed_000.pdb,56.32
1324,bbarrel/repeat_msa/colab_att/TMB2.27_unrelaxed_rank_002_alphafold2_ptm_model_2_seed_000.pdb,30.08
1325,bbarrel/repeat_msa/colab_att/TMB2.79_unrelaxed_rank_003_alphafold2_ptm_model_2_seed_000.pdb,32.51
1326,bbarrel/repeat_msa/colab_att/TMB2.31_unrelaxed_rank_005_alphafold2_ptm_model_1_seed_000.pdb,30.45
1327,bbarrel/repeat_msa/colab_att/HBI_b_01_unrelaxed_rank_005_alphafold2_ptm_model_3_seed_000.pdb,46.54
1328,bbarrel/repeat_msa/colab_att/HBI_b_13_unrelaxed_rank_004_alphafold2_ptm_model_4_seed_000.pdb,66.37
1329,bbarrel/repeat_msa/colab_att/HBI_b_01_unrelaxed_rank_004_alphafold2_ptm_model_4_seed_000.pdb,50.08
1330,bbarrel/repeat_msa/colab_att/HBI_b_07_unrelaxed_rank_003_alphafold2_ptm_model_4_seed_000.pdb,86.5
1331,bbarrel/repeat_msa/colab_att/TMB2.17_unrelaxed_rank_002_alphafold2_ptm_model_2_seed_000.pdb,67.65
1332,bbarrel/repeat_msa/colab_att/TMB2.74_unrelaxed_rank_001_alphafold2_ptm_model_5_seed_000.pdb,81.1
1333,bbarrel/repeat_msa/colab_att/TMB2.71_unrelaxed_rank_003_alphafold2_ptm_model_3_seed_000.pdb,32.44
1334,bbarrel/repeat_msa/colab_att/TMB2.79_unrelaxed_rank_001_alphafold2_ptm_model_5_seed_000.pdb,81.65
1335,bbarrel/repeat_msa/colab_att/TMB2.75_unrelaxed_rank_002_alphafold2_ptm_model_4_seed_000.pdb,72.25
1336,bbarrel/repeat_msa/colab_att/HBI_b_09_unrelaxed_rank_001_alphafold2_ptm_model_3_seed_000.pdb,85.14
1337,bbarrel/repeat_msa/colab_att/TMB2.58_unrelaxed_rank_004_alphafold2_ptm_model_1_seed_000.pdb,28.57
1338,bbarrel/repeat_msa/colab_att/TMB2.15_unrelaxed_rank_005_alphafold2_ptm_model_3_seed_000.pdb,28.96
1339,bbarrel/repeat_msa/colab_att/TMB2.31_unrelaxed_rank_002_alphafold2_ptm_model_4_seed_000.pdb,81.2
1340,bbarrel/repeat_msa/colab_att/TMB2.58_unrelaxed_rank_001_alphafold2_ptm_model_5_seed_000.pdb,48.59
1341,bbarrel/repeat_msa/colab_att/TMB2.36_unrelaxed_rank_003_alphafold2_ptm_model_4_seed_000.pdb,29.29
1342,bbarrel/repeat_msa/colab_att/HBI_b_50_unrelaxed_rank_002_alphafold2_ptm_model_5_seed_000.pdb,91.09
1343,bbarrel/repeat_msa/colab_att/HBI_b_10_unrelaxed_rank_003_alphafold2_ptm_model_4_seed_000.pdb,88.44
1344,bbarrel/repeat_msa/colab_att/HBI_b_27_unrelaxed_rank_003_alphafold2_ptm_model_3_seed_000.pdb,83.54
1345,bbarrel/repeat_msa/colab_att/TMB2.89_unrelaxed_rank_002_alphafold2_ptm_model_2_seed_000.pdb,48.05
1346,bbarrel/repeat_msa/colab_att/TMB2.72_unrelaxed_rank_004_alphafold2_ptm_model_4_seed_000.pdb,28.63
1347,bbarrel/repeat_msa/colab_att/TMB2.47_unrelaxed_rank_003_alphafold2_ptm_model_2_seed_000.pdb,28.31
1348,bbarrel/repeat_msa/colab_att/HBI_b_31_unrelaxed_rank_004_alphafold2_ptm_model_4_seed_000.pdb,70.71
1349,bbarrel/repeat_msa/colab_att/HBI_b_56_unrelaxed_rank_004_alphafold2_ptm_model_3_seed_000.pdb,52.61
1350,bbarrel/repeat_msa/colab_att/HBI_b_04_unrelaxed_rank_004_alphafold2_ptm_model_3_seed_000.pdb,71.93
1351,bbarrel/repeat_msa/colab_att/TMB2.29_unrelaxed_rank_001_alphafold2_ptm_model_4_seed_000.pdb,72.09
1352,bbarrel/repeat_msa/colab_att/TMB2.32_unrelaxed_rank_001_alphafold2_ptm_model_5_seed_000.pdb,66.22
1353,bbarrel/repeat_msa/colab_att/TMB2.77_unrelaxed_rank_005_alphafold2_ptm_model_3_seed_000.pdb,30.11
1354,bbarrel/repeat_msa/colab_att/HBI_b_16_unrelaxed_rank_001_alphafold2_ptm_model_1_seed_000.pdb,82.8
1355,bbarrel/repeat_msa/colab_att/TMB2.8_unrelaxed_rank_001_alphafold2_ptm_model_4_seed_000.pdb,34.64
1356,bbarrel/repeat_msa/colab_att/TMB2.87_unrelaxed_rank_004_alphafold2_ptm_model_3_seed_000.pdb,28.84
1357,bbarrel/repeat_msa/colab_att/HBI_b_34_unrelaxed_rank_002_alphafold2_ptm_model_1_seed_000.pdb,80.03
1358,bbarrel/repeat_msa/colab_att/TMB2.49_unrelaxed_rank_004_alphafold2_ptm_model_5_seed_000.pdb,26.56
1359,bbarrel/repeat_msa/colab_att/TMB2.17_unrelaxed_rank_005_alphafold2_ptm_model_3_seed_000.pdb,29.15
1360,bbarrel/repeat_msa/colab_att/HBI_b_43_unrelaxed_rank_005_alphafold2_ptm_model_4_seed_000.pdb,40.88
1361,bbarrel/repeat_msa/colab_att/TMB2.21_unrelaxed_rank_002_alphafold2_ptm_model_4_seed_000.pdb,36.49
1362,bbarrel/repeat_msa/colab_att/HBI_b_28_unrelaxed_rank_004_alphafold2_ptm_model_2_seed_000.pdb,77.68
1363,bbarrel/repeat_msa/colab_att/TMB2.82_unrelaxed_rank_002_alphafold2_ptm_model_2_seed_000.pdb,29.66
1364,bbarrel/repeat_msa/colab_att/HBI_b_20_unrelaxed_rank_004_alphafold2_ptm_model_2_seed_000.pdb,79.9
1365,bbarrel/repeat_msa/colab_att/HBI_b_31_unrelaxed_rank_002_alphafold2_ptm_model_1_seed_000.pdb,81.09
1366,bbarrel/repeat_msa/colab_att/TMB2.64_unrelaxed_rank_001_alphafold2_ptm_model_5_seed_000.pdb,81.97
1367,bbarrel/repeat_msa/colab_att/TMB2.81_unrelaxed_rank_001_alphafold2_ptm_model_5_seed_000.pdb,68.1
1368,bbarrel/repeat_msa/colab_att/TMB2.3_unrelaxed_rank_004_alphafold2_ptm_model_3_seed_000.pdb,27.59
1369,bbarrel/repeat_msa/colab_att/HBI_b_01_unrelaxed_rank_003_alphafold2_ptm_model_2_seed_000.pdb,57.68
1370,bbarrel/repeat_msa/colab_att/TMB2.54_unrelaxed_rank_003_alphafold2_ptm_model_4_seed_000.pdb,39.43
1371,bbarrel/repeat_msa/colab_att/TMB2.67_unrelaxed_rank_004_alphafold2_ptm_model_3_seed_000.pdb,30.04
1372,bbarrel/repeat_msa/colab_att/TMB2.4_unrelaxed_rank_004_alphafold2_ptm_model_3_seed_000.pdb,27.94
1373,bbarrel/repeat_msa/colab_att/TMB2.88_unrelaxed_rank_003_alphafold2_ptm_model_2_seed_000.pdb,61.62
1374,bbarrel/repeat_msa/colab_att/TMB2.43_unrelaxed_rank_003_alphafold2_ptm_model_4_seed_000.pdb,33.16
1375,bbarrel/repeat_msa/colab_att/HBI_b_16_unrelaxed_rank_004_alphafold2_ptm_model_5_seed_000.pdb,72.65
1376,bbarrel/repeat_msa/colab_att/TMB2.22_unrelaxed_rank_004_alphafold2_ptm_model_3_seed_000.pdb,27.38
1377,bbarrel/repeat_msa/colab_att/HBI_b_03_unrelaxed_rank_001_alphafold2_ptm_model_2_seed_000.pdb,75.37
1378,bbarrel/repeat_msa/colab_att/TMB2.20_unrelaxed_rank_005_alphafold2_ptm_model_3_seed_000.pdb,25.44
1379,bbarrel/repeat_msa/colab_att/TMB2.68_unrelaxed_rank_004_alphafold2_ptm_model_1_seed_000.pdb,37.66
1380,bbarrel/repeat_msa/colab_att/TMB2.34_unrelaxed_rank_003_alphafold2_ptm_model_2_seed_000.pdb,39.04
1381,bbarrel/repeat_msa/colab_att/TMB2.12_unrelaxed_rank_005_alphafold2_ptm_model_4_seed_000.pdb,27.38
1382,bbarrel/repeat_msa/colab_att/TMB2.86_unrelaxed_rank_002_alphafold2_ptm_model_4_seed_000.pdb,31.13
1383,bbarrel/repeat_msa/colab_att/HBI_b_56_unrelaxed_rank_003_alphafold2_ptm_model_2_seed_000.pdb,81.35
1384,bbarrel/repeat_msa/colab_att/TMB2.72_unrelaxed_rank_002_alphafold2_ptm_model_2_seed_000.pdb,32.69
1385,bbarrel/repeat_msa/colab_att/HBI_b_53_unrelaxed_rank_005_alphafold2_ptm_model_4_seed_000.pdb,80.21
1386,bbarrel/repeat_msa/colab_att/HBI_b_49_unrelaxed_rank_004_alphafold2_ptm_model_2_seed_000.pdb,87.95
1387,bbarrel/repeat_msa/colab_att/HBI_b_07_unrelaxed_rank_005_alphafold2_ptm_model_2_seed_000.pdb,86.36
1388,bbarrel/repeat_msa/colab_att/HBI_b_53_unrelaxed_rank_001_alphafold2_ptm_model_1_seed_000.pdb,86.35
1389,bbarrel/repeat_msa/colab_att/HBI_b_13_unrelaxed_rank_002_alphafold2_ptm_model_2_seed_000.pdb,81.34
1390,bbarrel/repeat_msa/colab_att/TMB2.65_unrelaxed_rank_001_alphafold2_ptm_model_4_seed_000.pdb,80.54
1391,bbarrel/repeat_msa/colab_att/HBI_b_23_unrelaxed_rank_002_alphafold2_ptm_model_1_seed_000.pdb,88.92
1392,bbarrel/repeat_msa/colab_att/HBI_b_04_unrelaxed_rank_001_alphafold2_ptm_model_5_seed_000.pdb,83.47
1393,bbarrel/repeat_msa/colab_att/TMB2.7_unrelaxed_rank_003_alphafold2_ptm_model_2_seed_000.pdb,31.62
1394,bbarrel/repeat_msa/colab_att/HBI_b_53_unrelaxed_rank_002_alphafold2_ptm_model_5_seed_000.pdb,85.1
1395,bbarrel/repeat_msa/colab_att/TMB2.45_unrelaxed_rank_004_alphafold2_ptm_model_3_seed_000.pdb,73.3
1396,bbarrel/repeat_msa/colab_att/TMB2.37_unrelaxed_rank_004_alphafold2_ptm_model_2_seed_000.pdb,36.34
1397,bbarrel/repeat_msa/colab_att/TMB2.28_unrelaxed_rank_005_alphafold2_ptm_model_2_seed_000.pdb,29.06
1398,bbarrel/repeat_msa/colab_att/TMB2.20_unrelaxed_rank_002_alphafold2_ptm_model_1_seed_000.pdb,26.46
1399,bbarrel/repeat_msa/colab_att/TMB2.19_unrelaxed_rank_003_alphafold2_ptm_model_3_seed_000.pdb,55.48
1400,bbarrel/repeat_msa/colab_att/TMB2.24_unrelaxed_rank_001_alphafold2_ptm_model_4_seed_000.pdb,81.25
1401,bbarrel/repeat_msa/colab_att/HBI_b_37_unrelaxed_rank_004_alphafold2_ptm_model_5_seed_000.pdb,79.41
1402,bbarrel/repeat_msa/colab_att/TMB2.1_unrelaxed_rank_003_alphafold2_ptm_model_1_seed_000.pdb,27.69
1403,bbarrel/repeat_msa/colab_att/HBI_b_33_unrelaxed_rank_002_alphafold2_ptm_model_1_seed_000.pdb,81.63
1404,bbarrel/repeat_msa/colab_att/TMB2.33_unrelaxed_rank_003_alphafold2_ptm_model_2_seed_000.pdb,29.12
1405,bbarrel/repeat_msa/colab_att/TMB2.85_unrelaxed_rank_004_alphafold2_ptm_model_1_seed_000.pdb,29.9
1406,bbarrel/repeat_msa/colab_att/TMB2.34_unrelaxed_rank_001_alphafold2_ptm_model_5_seed_000.pdb,67.5
1407,bbarrel/repeat_msa/colab_att/HBI_b_19_unrelaxed_rank_003_alphafold2_ptm_model_5_seed_000.pdb,83.2
1408,bbarrel/repeat_msa/colab_att/HBI_b_44_unrelaxed_rank_003_alphafold2_ptm_model_5_seed_000.pdb,81.26
1409,bbarrel/repeat_msa/colab_att/TMB2.19_unrelaxed_rank_001_alphafold2_ptm_model_5_seed_000.pdb,67.76
1410,bbarrel/repeat_msa/colab_att/HBI_b_56_unrelaxed_rank_001_alphafold2_ptm_model_5_seed_000.pdb,84.33
1411,bbarrel/repeat_msa/colab_att/TMB2.70_unrelaxed_rank_003_alphafold2_ptm_model_4_seed_000.pdb,36.95
1412,bbarrel/repeat_msa/colab_att/TMB2.47_unrelaxed_rank_001_alphafold2_ptm_model_5_seed_000.pdb,70.08
1413,bbarrel/repeat_msa/colab_att/TMB2.3_unrelaxed_rank_002_alphafold2_ptm_model_5_seed_000.pdb,31.12
1414,bbarrel/repeat_msa/colab_att/HBI_b_16_unrelaxed_rank_002_alphafold2_ptm_model_3_seed_000.pdb,80.42
1415,bbarrel/repeat_msa/colab_att/HBI_b_10_unrelaxed_rank_002_alphafold2_ptm_model_2_seed_000.pdb,88.87
1416,bbarrel/repeat_msa/colab_att/TMB2.19_unrelaxed_rank_005_alphafold2_ptm_model_1_seed_000.pdb,35.64
1417,bbarrel/repeat_msa/colab_att/TMB2.22_unrelaxed_rank_002_alphafold2_ptm_model_4_seed_000.pdb,58.85
1418,bbarrel/repeat_msa/colab_att/TMB2.4_unrelaxed_rank_003_alphafold2_ptm_model_1_seed_000.pdb,29.44
1419,bbarrel/repeat_msa/colab_att/TMB2.4_unrelaxed_rank_005_alphafold2_ptm_model_4_seed_000.pdb,26.62
1420,bbarrel/repeat_msa/colab_att/TMB2.11_unrelaxed_rank_001_alphafold2_ptm_model_5_seed_000.pdb,32.55
1421,bbarrel/repeat_msa/colab_att/HBI_b_23_unrelaxed_rank_001_alphafold2_ptm_model_4_seed_000.pdb,90.38
1422,bbarrel/repeat_msa/colab_att/TMB2.48_unrelaxed_rank_005_alphafold2_ptm_model_3_seed_000.pdb,27.03
1423,bbarrel/repeat_msa/colab_att/HBI_b_27_unrelaxed_rank_001_alphafold2_ptm_model_1_seed_000.pdb,85.29
1424,bbarrel/repeat_msa/colab_att/HBI_b_25_unrelaxed_rank_003_alphafold2_ptm_model_2_seed_000.pdb,84.57
1425,bbarrel/repeat_msa/colab_att/TMB2.47_unrelaxed_rank_005_alphafold2_ptm_model_3_seed_000.pdb,26.5
1426,bbarrel/repeat_msa/colab_att/TMB2.3_unrelaxed_rank_001_alphafold2_ptm_model_2_seed_000.pdb,37.1
1427,bbarrel/repeat_msa/colab_att/TMB2.62_unrelaxed_rank_003_alphafold2_ptm_model_2_seed_000.pdb,37.93
1428,bbarrel/repeat_msa/colab_att/TMB2.78_unrelaxed_rank_004_alphafold2_ptm_model_1_seed_000.pdb,27.71
1429,bbarrel/repeat_msa/colab_att/HBI_b_02_unrelaxed_rank_004_alphafold2_ptm_model_1_seed_000.pdb,80.86
1430,bbarrel/repeat_msa/colab_att/TMB2.35_unrelaxed_rank_005_alphafold2_ptm_model_2_seed_000.pdb,29.7
1431,bbarrel/repeat_msa/colab_att/TMB2.71_unrelaxed_rank_002_alphafold2_ptm_model_4_seed_000.pdb,33.78
1432,bbarrel/repeat_msa/colab_att/HBI_b_21_unrelaxed_rank_004_alphafold2_ptm_model_2_seed_000.pdb,83.44
1433,bbarrel/repeat_msa/colab_att/TMB2.63_unrelaxed_rank_005_alphafold2_ptm_model_1_seed_000.pdb,28.83
1434,bbarrel/repeat_msa/colab_att/TMB2.64_unrelaxed_rank_004_alphafold2_ptm_model_1_seed_000.pdb,28.93
1435,bbarrel/repeat_msa/colab_att/TMB2.74_unrelaxed_rank_005_alphafold2_ptm_model_3_seed_000.pdb,29.95
1436,bbarrel/repeat_msa/colab_att/TMB2.66_unrelaxed_rank_003_alphafold2_ptm_model_2_seed_000.pdb,32.32
1437,bbarrel/repeat_msa/colab_att/HBI_b_41_unrelaxed_rank_002_alphafold2_ptm_model_1_seed_000.pdb,83.28
1438,bbarrel/repeat_msa/colab_att/TMB2.49_unrelaxed_rank_002_alphafold2_ptm_model_3_seed_000.pdb,28.34
1439,bbarrel/repeat_msa/colab_att/TMB2.9_unrelaxed_rank_003_alphafold2_ptm_model_4_seed_000.pdb,29.77
1440,bbarrel/repeat_msa/colab/TMB2.86_unrelaxed_rank_004_alphafold2_ptm_model_2_seed_000.pdb,30.0
1441,bbarrel/repeat_msa/colab/TMB2.78_unrelaxed_rank_005_alphafold2_ptm_model_4_seed_000.pdb,27.32
1442,bbarrel/repeat_msa/colab/TMB2.36_unrelaxed_rank_004_alphafold2_ptm_model_3_seed_000.pdb,26.42
1443,bbarrel/repeat_msa/colab/HBI_b_46_unrelaxed_rank_005_alphafold2_ptm_model_5_seed_000.pdb,55.78
1444,bbarrel/repeat_msa/colab/TMB2.52_unrelaxed_rank_005_alphafold2_ptm_model_3_seed_000.pdb,28.1
1445,bbarrel/repeat_msa/colab/TMB2.38_unrelaxed_rank_003_alphafold2_ptm_model_1_seed_000.pdb,28.98
1446,bbarrel/repeat_msa/colab/TMB2.48_unrelaxed_rank_003_alphafold2_ptm_model_4_seed_000.pdb,28.24
1447,bbarrel/repeat_msa/colab/TMB2.63_unrelaxed_rank_002_alphafold2_ptm_model_2_seed_000.pdb,40.92
1448,bbarrel/repeat_msa/colab/HBI_b_55_unrelaxed_rank_002_alphafold2_ptm_model_1_seed_000.pdb,85.55
1449,bbarrel/repeat_msa/colab/TMB2.60_unrelaxed_rank_004_alphafold2_ptm_model_1_seed_000.pdb,29.53
1450,bbarrel/repeat_msa/colab/HBI_b_39_unrelaxed_rank_001_alphafold2_ptm_model_5_seed_000.pdb,79.93
1451,bbarrel/repeat_msa/colab/HBI_b_17_unrelaxed_rank_001_alphafold2_ptm_model_1_seed_000.pdb,85.38
1452,bbarrel/repeat_msa/colab/TMB2.80_unrelaxed_rank_005_alphafold2_ptm_model_1_seed_000.pdb,30.05
1453,bbarrel/repeat_msa/colab/TMB2.67_unrelaxed_rank_005_alphafold2_ptm_model_1_seed_000.pdb,28.29
1454,bbarrel/repeat_msa/colab/TMB2.32_unrelaxed_rank_002_alphafold2_ptm_model_3_seed_000.pdb,35.72
1455,bbarrel/repeat_msa/colab/HBI_b_45_unrelaxed_rank_003_alphafold2_ptm_model_1_seed_000.pdb,73.14
1456,bbarrel/repeat_msa/colab/TMB2.80_unrelaxed_rank_003_alphafold2_ptm_model_3_seed_000.pdb,32.51
1457,bbarrel/repeat_msa/colab/TMB2.84_unrelaxed_rank_001_alphafold2_ptm_model_5_seed_000.pdb,68.35
1458,bbarrel/repeat_msa/colab/TMB2.2_unrelaxed_rank_002_alphafold2_ptm_model_4_seed_000.pdb,54.1
1459,bbarrel/repeat_msa/colab/TMB2.2_unrelaxed_rank_005_alphafold2_ptm_model_3_seed_000.pdb,28.19
1460,bbarrel/repeat_msa/colab/HBI_b_35_unrelaxed_rank_001_alphafold2_ptm_model_1_seed_000.pdb,66.21
1461,bbarrel/repeat_msa/colab/TMB2.82_unrelaxed_rank_005_alphafold2_ptm_model_3_seed_000.pdb,25.29
1462,bbarrel/repeat_msa/colab/HBI_b_19_unrelaxed_rank_005_alphafold2_ptm_model_4_seed_000.pdb,77.28
1463,bbarrel/repeat_msa/colab/TMB2.76_unrelaxed_rank_004_alphafold2_ptm_model_1_seed_000.pdb,29.92
1464,bbarrel/repeat_msa/colab/HBI_b_34_unrelaxed_rank_003_alphafold2_ptm_model_5_seed_000.pdb,78.78
1465,bbarrel/repeat_msa/colab/TMB2.55_unrelaxed_rank_002_alphafold2_ptm_model_2_seed_000.pdb,27.3
1466,bbarrel/repeat_msa/colab/TMB2.51_unrelaxed_rank_002_alphafold2_ptm_model_5_seed_000.pdb,56.83
1467,bbarrel/repeat_msa/colab/TMB2.48_unrelaxed_rank_001_alphafold2_ptm_model_5_seed_000.pdb,33.98
1468,bbarrel/repeat_msa/colab/HBI_b_15_unrelaxed_rank_005_alphafold2_ptm_model_1_seed_000.pdb,82.41
1469,bbarrel/repeat_msa/colab/TMB2.24_unrelaxed_rank_003_alphafold2_ptm_model_2_seed_000.pdb,72.81
1470,bbarrel/repeat_msa/colab/TMB2.89_unrelaxed_rank_003_alphafold2_ptm_model_1_seed_000.pdb,41.8
1471,bbarrel/repeat_msa/colab/TMB2.51_unrelaxed_rank_004_alphafold2_ptm_model_3_seed_000.pdb,28.41
1472,bbarrel/repeat_msa/colab/TMB2.43_unrelaxed_rank_002_alphafold2_ptm_model_1_seed_000.pdb,33.66
1473,bbarrel/repeat_msa/colab/HBI_b_31_unrelaxed_rank_005_alphafold2_ptm_model_3_seed_000.pdb,70.0
1474,bbarrel/repeat_msa/colab/TMB2.35_unrelaxed_rank_002_alphafold2_ptm_model_3_seed_000.pdb,30.74
1475,bbarrel/repeat_msa/colab/HBI_b_23_unrelaxed_rank_004_alphafold2_ptm_model_2_seed_000.pdb,85.97
1476,bbarrel/repeat_msa/colab/TMB2.33_unrelaxed_rank_001_alphafold2_ptm_model_4_seed_000.pdb,54.63
1477,bbarrel/repeat_msa/colab/TMB2.82_unrelaxed_rank_003_alphafold2_ptm_model_4_seed_000.pdb,26.46
1478,bbarrel/repeat_msa/colab/HBI_b_56_unrelaxed_rank_002_alphafold2_ptm_model_1_seed_000.pdb,81.42
1479,bbarrel/repeat_msa/colab/TMB2.6_unrelaxed_rank_003_alphafold2_ptm_model_4_seed_000.pdb,33.2
1480,bbarrel/repeat_msa/colab/HBI_b_34_unrelaxed_rank_004_alphafold2_ptm_model_2_seed_000.pdb,77.03
1481,bbarrel/repeat_msa/colab/TMB2.2_unrelaxed_rank_001_alphafold2_ptm_model_5_seed_000.pdb,65.95
1482,bbarrel/repeat_msa/colab/TMB2.11_unrelaxed_rank_002_alphafold2_ptm_model_1_seed_000.pdb,32.48
1483,bbarrel/repeat_msa/colab/TMB2.27_unrelaxed_rank_004_alphafold2_ptm_model_4_seed_000.pdb,29.23
1484,bbarrel/repeat_msa/colab/HBI_b_14_unrelaxed_rank_005_alphafold2_ptm_model_1_seed_000.pdb,84.61
1485,bbarrel/repeat_msa/colab/TMB2.71_unrelaxed_rank_001_alphafold2_ptm_model_5_seed_000.pdb,51.64
1486,bbarrel/repeat_msa/colab/TMB2.39_unrelaxed_rank_004_alphafold2_ptm_model_1_seed_000.pdb,29.37
1487,bbarrel/repeat_msa/colab/HBI_b_03_unrelaxed_rank_003_alphafold2_ptm_model_1_seed_000.pdb,72.36
1488,bbarrel/repeat_msa/colab/TMB2.67_unrelaxed_rank_001_alphafold2_ptm_model_2_seed_000.pdb,37.58
1489,bbarrel/repeat_msa/colab/HBI_b_29_unrelaxed_rank_003_alphafold2_ptm_model_2_seed_000.pdb,83.92
1490,bbarrel/repeat_msa/colab/TMB2.17_unrelaxed_rank_003_alphafold2_ptm_model_4_seed_000.pdb,31.41
1491,bbarrel/repeat_msa/colab/HBI_b_09_unrelaxed_rank_003_alphafold2_ptm_model_5_seed_000.pdb,83.55
1492,bbarrel/repeat_msa/colab/HBI_b_46_unrelaxed_rank_002_alphafold2_ptm_model_2_seed_000.pdb,67.52
1493,bbarrel/repeat_msa/colab/TMB2.70_unrelaxed_rank_005_alphafold2_ptm_model_1_seed_000.pdb,26.87
1494,bbarrel/repeat_msa/colab/HBI_b_03_unrelaxed_rank_002_alphafold2_ptm_model_5_seed_000.pdb,73.07
1495,bbarrel/repeat_msa/colab/TMB2.8_unrelaxed_rank_005_alphafold2_ptm_model_3_seed_000.pdb,27.29
1496,bbarrel/repeat_msa/colab/HBI_b_40_unrelaxed_rank_005_alphafold2_ptm_model_4_seed_000.pdb,70.81
1497,bbarrel/repeat_msa/colab/TMB2.45_unrelaxed_rank_001_alphafold2_ptm_model_4_seed_000.pdb,85.71
1498,bbarrel/repeat_msa/colab/TMB2.72_unrelaxed_rank_003_alphafold2_ptm_model_1_seed_000.pdb,29.37
1499,bbarrel/repeat_msa/colab/HBI_b_04_unrelaxed_rank_005_alphafold2_ptm_model_4_seed_000.pdb,68.68
1500,bbarrel/repeat_msa/colab/TMB2.29_unrelaxed_rank_004_alphafold2_ptm_model_2_seed_000.pdb,30.58
1501,bbarrel/repeat_msa/colab/TMB2.50_unrelaxed_rank_004_alphafold2_ptm_model_1_seed_000.pdb,28.79
1502,bbarrel/repeat_msa/colab/TMB2.84_unrelaxed_rank_002_alphafold2_ptm_model_4_seed_000.pdb,58.42
1503,bbarrel/repeat_msa/colab/TMB2.31_unrelaxed_rank_003_alphafold2_ptm_model_2_seed_000.pdb,33.42
1504,bbarrel/repeat_msa/colab/TMB2.20_unrelaxed_rank_003_alphafold2_ptm_model_4_seed_000.pdb,26.26
1505,bbarrel/repeat_msa/colab/TMB2.7_unrelaxed_rank_002_alphafold2_ptm_model_4_seed_000.pdb,31.71
1506,bbarrel/repeat_msa/colab/TMB2.9_unrelaxed_rank_005_alphafold2_ptm_model_3_seed_000.pdb,26.88
1507,bbarrel/repeat_msa/colab/TMB2.15_unrelaxed_rank_001_alphafold2_ptm_model_4_seed_000.pdb,32.81
1508,bbarrel/repeat_msa/colab/HBI_b_29_unrelaxed_rank_005_alphafold2_ptm_model_3_seed_000.pdb,81.98
1509,bbarrel/repeat_msa/colab/TMB2.52_unrelaxed_rank_001_alphafold2_ptm_model_5_seed_000.pdb,49.44
1510,bbarrel/repeat_msa/colab/TMB2.33_unrelaxed_rank_005_alphafold2_ptm_model_3_seed_000.pdb,28.23
1511,bbarrel/repeat_msa/colab/TMB2.83_unrelaxed_rank_005_alphafold2_ptm_model_1_seed_000.pdb,40.74
1512,bbarrel/repeat_msa/colab/TMB2.57_unrelaxed_rank_003_alphafold2_ptm_model_2_seed_000.pdb,31.14
1513,bbarrel/repeat_msa/colab/HBI_b_31_unrelaxed_rank_001_alphafold2_ptm_model_5_seed_000.pdb,84.23
1514,bbarrel/repeat_msa/colab/TMB2.65_unrelaxed_rank_004_alphafold2_ptm_model_1_seed_000.pdb,27.94
1515,bbarrel/repeat_msa/colab/TMB2.56_unrelaxed_rank_003_alphafold2_ptm_model_4_seed_000.pdb,27.17
1516,bbarrel/repeat_msa/colab/TMB2.56_unrelaxed_rank_001_alphafold2_ptm_model_2_seed_000.pdb,27.69
1517,bbarrel/repeat_msa/colab/TMB2.42_unrelaxed_rank_004_alphafold2_ptm_model_1_seed_000.pdb,30.09
1518,bbarrel/repeat_msa/colab/TMB2.79_unrelaxed_rank_005_alphafold2_ptm_model_3_seed_000.pdb,31.43
1519,bbarrel/repeat_msa/colab/HBI_b_32_unrelaxed_rank_001_alphafold2_ptm_model_5_seed_000.pdb,91.39
1520,bbarrel/repeat_msa/colab/TMB2.30_unrelaxed_rank_002_alphafold2_ptm_model_4_seed_000.pdb,34.48
1521,bbarrel/repeat_msa/colab/HBI_b_03_unrelaxed_rank_004_alphafold2_ptm_model_3_seed_000.pdb,69.46
1522,bbarrel/repeat_msa/colab/HBI_b_45_unrelaxed_rank_004_alphafold2_ptm_model_2_seed_000.pdb,72.99
1523,bbarrel/repeat_msa/colab/TMB2.57_unrelaxed_rank_001_alphafold2_ptm_model_4_seed_000.pdb,78.17
1524,bbarrel/repeat_msa/colab/TMB2.27_unrelaxed_rank_001_alphafold2_ptm_model_5_seed_000.pdb,70.53
1525,bbarrel/repeat_msa/colab/TMB2.54_unrelaxed_rank_002_alphafold2_ptm_model_3_seed_000.pdb,48.33
1526,bbarrel/repeat_msa/colab/TMB2.70_unrelaxed_rank_004_alphafold2_ptm_model_3_seed_000.pdb,28.0
1527,bbarrel/repeat_msa/colab/TMB2.15_unrelaxed_rank_003_alphafold2_ptm_model_1_seed_000.pdb,29.85
1528,bbarrel/repeat_msa/colab/TMB2.33_unrelaxed_rank_002_alphafold2_ptm_model_5_seed_000.pdb,40.68
1529,bbarrel/repeat_msa/colab/TMB2.30_unrelaxed_rank_001_alphafold2_ptm_model_5_seed_000.pdb,83.19
1530,bbarrel/repeat_msa/colab/TMB2.15_unrelaxed_rank_004_alphafold2_ptm_model_2_seed_000.pdb,29.51
1531,bbarrel/repeat_msa/colab/HBI_b_21_unrelaxed_rank_003_alphafold2_ptm_model_1_seed_000.pdb,83.35
1532,bbarrel/repeat_msa/colab/TMB2.23_unrelaxed_rank_002_alphafold2_ptm_model_2_seed_000.pdb,31.36
1533,bbarrel/repeat_msa/colab/HBI_b_04_unrelaxed_rank_002_alphafold2_ptm_model_1_seed_000.pdb,82.77
1534,bbarrel/repeat_msa/colab/TMB2.72_unrelaxed_rank_001_alphafold2_ptm_model_5_seed_000.pdb,57.88
1535,bbarrel/repeat_msa/colab/TMB2.68_unrelaxed_rank_005_alphafold2_ptm_model_3_seed_000.pdb,33.86
1536,bbarrel/repeat_msa/colab/TMB2.26_unrelaxed_rank_001_alphafold2_ptm_model_2_seed_000.pdb,29.48
1537,bbarrel/repeat_msa/colab/HBI_b_03_unrelaxed_rank_005_alphafold2_ptm_model_4_seed_000.pdb,62.04
1538,bbarrel/repeat_msa/colab/TMB2.25_unrelaxed_rank_004_alphafold2_ptm_model_5_seed_000.pdb,27.22
1539,bbarrel/repeat_msa/colab/TMB2.89_unrelaxed_rank_001_alphafold2_ptm_model_5_seed_000.pdb,62.56
1540,bbarrel/repeat_msa/colab/HBI_b_15_unrelaxed_rank_001_alphafold2_ptm_model_4_seed_000.pdb,88.15
1541,bbarrel/repeat_msa/colab/TMB2.74_unrelaxed_rank_003_alphafold2_ptm_model_1_seed_000.pdb,32.45
1542,bbarrel/repeat_msa/colab/TMB2.83_unrelaxed_rank_001_alphafold2_ptm_model_5_seed_000.pdb,82.76
1543,bbarrel/repeat_msa/colab/TMB2.8_unrelaxed_rank_002_alphafold2_ptm_model_2_seed_000.pdb,32.88
1544,bbarrel/repeat_msa/colab/TMB2.64_unrelaxed_rank_005_alphafold2_ptm_model_3_seed_000.pdb,28.71
1545,bbarrel/repeat_msa/colab/TMB2.63_unrelaxed_rank_001_alphafold2_ptm_model_5_seed_000.pdb,66.38
1546,bbarrel/repeat_msa/colab/TMB2.41_unrelaxed_rank_002_alphafold2_ptm_model_4_seed_000.pdb,78.39
1547,bbarrel/repeat_msa/colab/TMB2.80_unrelaxed_rank_001_alphafold2_ptm_model_5_seed_000.pdb,43.87
1548,bbarrel/repeat_msa/colab/TMB2.6_unrelaxed_rank_002_alphafold2_ptm_model_2_seed_000.pdb,33.43
1549,bbarrel/repeat_msa/colab/TMB2.58_unrelaxed_rank_003_alphafold2_ptm_model_2_seed_000.pdb,29.15
1550,bbarrel/repeat_msa/colab/HBI_b_28_unrelaxed_rank_001_alphafold2_ptm_model_1_seed_000.pdb,80.55
1551,bbarrel/repeat_msa/colab/TMB2.81_unrelaxed_rank_002_alphafold2_ptm_model_4_seed_000.pdb,47.65
1552,bbarrel/repeat_msa/colab/TMB2.17_unrelaxed_rank_001_alphafold2_ptm_model_5_seed_000.pdb,70.13
1553,bbarrel/repeat_msa/colab/TMB2.49_unrelaxed_rank_003_alphafold2_ptm_model_1_seed_000.pdb,28.18
1554,bbarrel/repeat_msa/colab/HBI_b_50_unrelaxed_rank_003_alphafold2_ptm_model_2_seed_000.pdb,82.37
1555,bbarrel/repeat_msa/colab/HBI_b_49_unrelaxed_rank_005_alphafold2_ptm_model_1_seed_000.pdb,74.3
1556,bbarrel/repeat_msa/colab/HBI_b_33_unrelaxed_rank_005_alphafold2_ptm_model_2_seed_000.pdb,65.59
1557,bbarrel/repeat_msa/colab/TMB2.59_unrelaxed_rank_002_alphafold2_ptm_model_4_seed_000.pdb,85.71
1558,bbarrel/repeat_msa/colab/TMB2.35_unrelaxed_rank_001_alphafold2_ptm_model_5_seed_000.pdb,86.68
1559,bbarrel/repeat_msa/colab/HBI_b_07_unrelaxed_rank_002_alphafold2_ptm_model_1_seed_000.pdb,86.2
1560,bbarrel/repeat_msa/colab/HBI_b_13_unrelaxed_rank_005_alphafold2_ptm_model_5_seed_000.pdb,63.51
1561,bbarrel/repeat_msa/colab/TMB2.18_unrelaxed_rank_001_alphafold2_ptm_model_5_seed_000.pdb,82.81
1562,bbarrel/repeat_msa/colab/HBI_b_16_unrelaxed_rank_003_alphafold2_ptm_model_4_seed_000.pdb,72.02
1563,bbarrel/repeat_msa/colab/HBI_b_07_unrelaxed_rank_001_alphafold2_ptm_model_5_seed_000.pdb,89.64
1564,bbarrel/repeat_msa/colab/TMB2.83_unrelaxed_rank_002_alphafold2_ptm_model_4_seed_000.pdb,82.22
1565,bbarrel/repeat_msa/colab/TMB2.79_unrelaxed_rank_004_alphafold2_ptm_model_1_seed_000.pdb,32.47
1566,bbarrel/repeat_msa/colab/HBI_b_39_unrelaxed_rank_004_alphafold2_ptm_model_4_seed_000.pdb,77.9
1567,bbarrel/repeat_msa/colab/HBI_b_14_unrelaxed_rank_003_alphafold2_ptm_model_4_seed_000.pdb,85.16
1568,bbarrel/repeat_msa/colab/HBI_b_10_unrelaxed_rank_005_alphafold2_ptm_model_3_seed_000.pdb,51.99
1569,bbarrel/repeat_msa/colab/TMB2.38_unrelaxed_rank_005_alphafold2_ptm_model_4_seed_000.pdb,26.62
1570,bbarrel/repeat_msa/colab/HBI_b_53_unrelaxed_rank_004_alphafold2_ptm_model_2_seed_000.pdb,83.38
1571,bbarrel/repeat_msa/colab/HBI_b_09_unrelaxed_rank_002_alphafold2_ptm_model_4_seed_000.pdb,83.6
1572,bbarrel/repeat_msa/colab/TMB2.37_unrelaxed_rank_005_alphafold2_ptm_model_1_seed_000.pdb,34.92
1573,bbarrel/repeat_msa/colab/TMB2.23_unrelaxed_rank_003_alphafold2_ptm_model_3_seed_000.pdb,27.64
1574,bbarrel/repeat_msa/colab/TMB2.80_unrelaxed_rank_002_alphafold2_ptm_model_4_seed_000.pdb,33.08
1575,bbarrel/repeat_msa/colab/TMB2.85_unrelaxed_rank_001_alphafold2_ptm_model_5_seed_000.pdb,62.23
1576,bbarrel/repeat_msa/colab/HBI_b_35_unrelaxed_rank_003_alphafold2_ptm_model_2_seed_000.pdb,59.31
1577,bbarrel/repeat_msa/colab/TMB2.9_unrelaxed_rank_001_alphafold2_ptm_model_5_seed_000.pdb,52.31
1578,bbarrel/repeat_msa/colab/HBI_b_45_unrelaxed_rank_001_alphafold2_ptm_model_3_seed_000.pdb,75.76
1579,bbarrel/repeat_msa/colab/TMB2.55_unrelaxed_rank_003_alphafold2_ptm_model_3_seed_000.pdb,26.95
1580,bbarrel/repeat_msa/colab/TMB2.7_unrelaxed_rank_005_alphafold2_ptm_model_3_seed_000.pdb,28.14
1581,bbarrel/repeat_msa/colab/TMB2.34_unrelaxed_rank_002_alphafold2_ptm_model_4_seed_000.pdb,56.38
1582,bbarrel/repeat_msa/colab/HBI_b_29_unrelaxed_rank_001_alphafold2_ptm_model_4_seed_000.pdb,87.88
1583,bbarrel/repeat_msa/colab/TMB2.81_unrelaxed_rank_004_alphafold2_ptm_model_1_seed_000.pdb,29.29
1584,bbarrel/repeat_msa/colab/TMB2.41_unrelaxed_rank_005_alphafold2_ptm_model_1_seed_000.pdb,31.28
1585,bbarrel/repeat_msa/colab/TMB2.22_unrelaxed_rank_005_alphafold2_ptm_model_1_seed_000.pdb,26.4
1586,bbarrel/repeat_msa/colab/TMB2.87_unrelaxed_rank_005_alphafold2_ptm_model_4_seed_000.pdb,27.62
1587,bbarrel/repeat_msa/colab/TMB2.69_unrelaxed_rank_004_alphafold2_ptm_model_3_seed_000.pdb,34.19
1588,bbarrel/repeat_msa/colab/HBI_b_14_unrelaxed_rank_002_alphafold2_ptm_model_2_seed_000.pdb,85.79
1589,bbarrel/repeat_msa/colab/TMB2.44_unrelaxed_rank_005_alphafold2_ptm_model_1_seed_000.pdb,29.09
1590,bbarrel/repeat_msa/colab/TMB2.31_unrelaxed_rank_004_alphafold2_ptm_model_3_seed_000.pdb,31.06
1591,bbarrel/repeat_msa/colab/TMB2.44_unrelaxed_rank_002_alphafold2_ptm_model_4_seed_000.pdb,67.55
1592,bbarrel/repeat_msa/colab/HBI_b_26_unrelaxed_rank_003_alphafold2_ptm_model_1_seed_000.pdb,86.44
1593,bbarrel/repeat_msa/colab/TMB2.8_unrelaxed_rank_004_alphafold2_ptm_model_5_seed_000.pdb,29.84
1594,bbarrel/repeat_msa/colab/TMB2.51_unrelaxed_rank_005_alphafold2_ptm_model_1_seed_000.pdb,28.09
1595,bbarrel/repeat_msa/colab/TMB2.23_unrelaxed_rank_005_alphafold2_ptm_model_5_seed_000.pdb,24.65
1596,bbarrel/repeat_msa/colab/HBI_b_55_unrelaxed_rank_003_alphafold2_ptm_model_2_seed_000.pdb,83.19
1597,bbarrel/repeat_msa/colab/TMB2.86_unrelaxed_rank_001_alphafold2_ptm_model_5_seed_000.pdb,44.69
1598,bbarrel/repeat_msa/colab/TMB2.49_unrelaxed_rank_005_alphafold2_ptm_model_4_seed_000.pdb,25.87
1599,bbarrel/repeat_msa/colab/HBI_b_10_unrelaxed_rank_004_alphafold2_ptm_model_1_seed_000.pdb,86.66
1600,bbarrel/repeat_msa/colab/HBI_b_56_unrelaxed_rank_005_alphafold2_ptm_model_4_seed_000.pdb,51.06
1601,bbarrel/repeat_msa/colab/HBI_b_01_unrelaxed_rank_002_alphafold2_ptm_model_5_seed_000.pdb,82.39
1602,bbarrel/repeat_msa/colab/TMB2.82_unrelaxed_rank_001_alphafold2_ptm_model_5_seed_000.pdb,54.67
1603,bbarrel/repeat_msa/colab/HBI_b_49_unrelaxed_rank_002_alphafold2_ptm_model_3_seed_000.pdb,88.01
1604,bbarrel/repeat_msa/colab/HBI_b_28_unrelaxed_rank_005_alphafold2_ptm_model_5_seed_000.pdb,71.54
1605,bbarrel/repeat_msa/colab/TMB2.75_unrelaxed_rank_005_alphafold2_ptm_model_1_seed_000.pdb,32.8
1606,bbarrel/repeat_msa/colab/TMB2.65_unrelaxed_rank_005_alphafold2_ptm_model_3_seed_000.pdb,26.65
1607,bbarrel/repeat_msa/colab/TMB2.41_unrelaxed_rank_004_alphafold2_ptm_model_2_seed_000.pdb,33.83
1608,bbarrel/repeat_msa/colab/HBI_b_10_unrelaxed_rank_001_alphafold2_ptm_model_5_seed_000.pdb,89.74
1609,bbarrel/repeat_msa/colab/HBI_b_41_unrelaxed_rank_004_alphafold2_ptm_model_3_seed_000.pdb,65.01
1610,bbarrel/repeat_msa/colab/HBI_b_38_unrelaxed_rank_001_alphafold2_ptm_model_5_seed_000.pdb,84.1
1611,bbarrel/repeat_msa/colab/TMB2.75_unrelaxed_rank_003_alphafold2_ptm_model_2_seed_000.pdb,57.39
1612,bbarrel/repeat_msa/colab/TMB2.69_unrelaxed_rank_005_alphafold2_ptm_model_1_seed_000.pdb,30.17
1613,bbarrel/repeat_msa/colab/TMB2.24_unrelaxed_rank_005_alphafold2_ptm_model_1_seed_000.pdb,40.68
1614,bbarrel/repeat_msa/colab/TMB2.59_unrelaxed_rank_005_alphafold2_ptm_model_1_seed_000.pdb,31.78
1615,bbarrel/repeat_msa/colab/TMB2.57_unrelaxed_rank_004_alphafold2_ptm_model_1_seed_000.pdb,29.38
1616,bbarrel/repeat_msa/colab/TMB2.39_unrelaxed_rank_005_alphafold2_ptm_model_3_seed_000.pdb,28.45
1617,bbarrel/repeat_msa/colab/HBI_b_40_unrelaxed_rank_004_alphafold2_ptm_model_3_seed_000.pdb,75.73
1618,bbarrel/repeat_msa/colab/HBI_b_04_unrelaxed_rank_003_alphafold2_ptm_model_2_seed_000.pdb,79.71
1619,bbarrel/repeat_msa/colab/HBI_b_43_unrelaxed_rank_003_alphafold2_ptm_model_3_seed_000.pdb,48.93
1620,bbarrel/repeat_msa/colab/HBI_b_50_unrelaxed_rank_001_alphafold2_ptm_model_1_seed_000.pdb,91.98
1621,bbarrel/repeat_msa/colab/TMB2.48_unrelaxed_rank_002_alphafold2_ptm_model_2_seed_000.pdb,29.88
1622,bbarrel/repeat_msa/colab/TMB2.38_unrelaxed_rank_001_alphafold2_ptm_model_5_seed_000.pdb,30.43
1623,bbarrel/repeat_msa/colab/HBI_b_32_unrelaxed_rank_003_alphafold2_ptm_model_4_seed_000.pdb,87.11
1624,bbarrel/repeat_msa/colab/HBI_b_32_unrelaxed_rank_004_alphafold2_ptm_model_1_seed_000.pdb,86.79
1625,bbarrel/repeat_msa/colab/HBI_b_26_unrelaxed_rank_001_alphafold2_ptm_model_5_seed_000.pdb,89.35
1626,bbarrel/repeat_msa/colab/HBI_b_29_unrelaxed_rank_004_alphafold2_ptm_model_5_seed_000.pdb,82.73
1627,bbarrel/repeat_msa/colab/TMB2.25_unrelaxed_rank_001_alphafold2_ptm_model_4_seed_000.pdb,42.43
1628,bbarrel/repeat_msa/colab/HBI_b_35_unrelaxed_rank_005_alphafold2_ptm_model_5_seed_000.pdb,51.5
1629,bbarrel/repeat_msa/colab/HBI_b_49_unrelaxed_rank_003_alphafold2_ptm_model_4_seed_000.pdb,87.29
1630,bbarrel/repeat_msa/colab/HBI_b_38_unrelaxed_rank_002_alphafold2_ptm_model_4_seed_000.pdb,83.36
1631,bbarrel/repeat_msa/colab/TMB2.84_unrelaxed_rank_004_alphafold2_ptm_model_3_seed_000.pdb,30.91
1632,bbarrel/repeat_msa/colab/HBI_b_55_unrelaxed_rank_004_alphafold2_ptm_model_3_seed_000.pdb,71.98
1633,bbarrel/repeat_msa/colab/TMB2.21_unrelaxed_rank_001_alphafold2_ptm_model_5_seed_000.pdb,66.33
1634,bbarrel/repeat_msa/colab/HBI_b_34_unrelaxed_rank_001_alphafold2_ptm_model_3_seed_000.pdb,80.15
1635,bbarrel/repeat_msa/colab/HBI_b_19_unrelaxed_rank_002_alphafold2_ptm_model_3_seed_000.pdb,83.62
1636,bbarrel/repeat_msa/colab/TMB2.74_unrelaxed_rank_004_alphafold2_ptm_model_4_seed_000.pdb,31.19
1637,bbarrel/repeat_msa/colab/TMB2.72_unrelaxed_rank_005_alphafold2_ptm_model_3_seed_000.pdb,27.02
1638,bbarrel/repeat_msa/colab/TMB2.20_unrelaxed_rank_001_alphafold2_ptm_model_2_seed_000.pdb,29.85
1639,bbarrel/repeat_msa/colab/TMB2.14_unrelaxed_rank_002_alphafold2_ptm_model_5_seed_000.pdb,40.57
1640,bbarrel/repeat_msa/colab/TMB2.68_unrelaxed_rank_003_alphafold2_ptm_model_2_seed_000.pdb,53.08
1641,bbarrel/repeat_msa/colab/TMB2.38_unrelaxed_rank_002_alphafold2_ptm_model_2_seed_000.pdb,29.49
1642,bbarrel/repeat_msa/colab/TMB2.29_unrelaxed_rank_005_alphafold2_ptm_model_3_seed_000.pdb,27.81
1643,bbarrel/repeat_msa/colab/TMB2.28_unrelaxed_rank_002_alphafold2_ptm_model_3_seed_000.pdb,32.01
1644,bbarrel/repeat_msa/colab/HBI_b_39_unrelaxed_rank_005_alphafold2_ptm_model_1_seed_000.pdb,77.62
1645,bbarrel/repeat_msa/colab/TMB2.33_unrelaxed_rank_004_alphafold2_ptm_model_1_seed_000.pdb,28.5
1646,bbarrel/repeat_msa/colab/TMB2.1_unrelaxed_rank_002_alphafold2_ptm_model_2_seed_000.pdb,28.48
1647,bbarrel/repeat_msa/colab/TMB2.1_unrelaxed_rank_004_alphafold2_ptm_model_3_seed_000.pdb,27.65
1648,bbarrel/repeat_msa/colab/TMB2.19_unrelaxed_rank_002_alphafold2_ptm_model_2_seed_000.pdb,65.53
1649,bbarrel/repeat_msa/colab/TMB2.55_unrelaxed_rank_005_alphafold2_ptm_model_5_seed_000.pdb,23.24
1650,bbarrel/repeat_msa/colab/TMB2.17_unrelaxed_rank_004_alphafold2_ptm_model_1_seed_000.pdb,30.71
1651,bbarrel/repeat_msa/colab/HBI_b_13_unrelaxed_rank_003_alphafold2_ptm_model_3_seed_000.pdb,68.51
1652,bbarrel/repeat_msa/colab/TMB2.18_unrelaxed_rank_005_alphafold2_ptm_model_1_seed_000.pdb,29.07
1653,bbarrel/repeat_msa/colab/TMB2.34_unrelaxed_rank_005_alphafold2_ptm_model_3_seed_000.pdb,30.18
1654,bbarrel/repeat_msa/colab/HBI_b_08_unrelaxed_rank_003_alphafold2_ptm_model_5_seed_000.pdb,73.93
1655,bbarrel/repeat_msa/colab/TMB2.51_unrelaxed_rank_001_alphafold2_ptm_model_4_seed_000.pdb,69.91
1656,bbarrel/repeat_msa/colab/TMB2.26_unrelaxed_rank_004_alphafold2_ptm_model_1_seed_000.pdb,27.14
1657,bbarrel/repeat_msa/colab/HBI_b_50_unrelaxed_rank_004_alphafold2_ptm_model_4_seed_000.pdb,52.63
1658,bbarrel/repeat_msa/colab/TMB2.63_unrelaxed_rank_003_alphafold2_ptm_model_4_seed_000.pdb,33.08
1659,bbarrel/repeat_msa/colab/HBI_b_35_unrelaxed_rank_002_alphafold2_ptm_model_3_seed_000.pdb,63.13
1660,bbarrel/repeat_msa/colab/TMB2.56_unrelaxed_rank_005_alphafold2_ptm_model_5_seed_000.pdb,25.02
1661,bbarrel/repeat_msa/colab/TMB2.85_unrelaxed_rank_002_alphafold2_ptm_model_4_seed_000.pdb,34.39
1662,bbarrel/repeat_msa/colab/HBI_b_25_unrelaxed_rank_005_alphafold2_ptm_model_4_seed_000.pdb,82.63
1663,bbarrel/repeat_msa/colab/HBI_b_37_unrelaxed_rank_002_alphafold2_ptm_model_4_seed_000.pdb,80.57
1664,bbarrel/repeat_msa/colab/TMB2.25_unrelaxed_rank_002_alphafold2_ptm_model_2_seed_000.pdb,30.09
1665,bbarrel/repeat_msa/colab/HBI_b_44_unrelaxed_rank_005_alphafold2_ptm_model_4_seed_000.pdb,77.6
1666,bbarrel/repeat_msa/colab/TMB2.2_unrelaxed_rank_003_alphafold2_ptm_model_1_seed_000.pdb,30.82
1667,bbarrel/repeat_msa/colab/TMB2.71_unrelaxed_rank_005_alphafold2_ptm_model_1_seed_000.pdb,31.47
1668,bbarrel/repeat_msa/colab/TMB2.43_unrelaxed_rank_004_alphafold2_ptm_model_2_seed_000.pdb,32.84
1669,bbarrel/repeat_msa/colab/TMB2.66_unrelaxed_rank_005_alphafold2_ptm_model_3_seed_000.pdb,30.16
1670,bbarrel/repeat_msa/colab/TMB2.44_unrelaxed_rank_001_alphafold2_ptm_model_5_seed_000.pdb,76.59
1671,bbarrel/repeat_msa/colab/TMB2.70_unrelaxed_rank_001_alphafold2_ptm_model_5_seed_000.pdb,71.08
1672,bbarrel/repeat_msa/colab/HBI_b_37_unrelaxed_rank_003_alphafold2_ptm_model_3_seed_000.pdb,78.73
1673,bbarrel/repeat_msa/colab/TMB2.42_unrelaxed_rank_001_alphafold2_ptm_model_5_seed_000.pdb,74.51
1674,bbarrel/repeat_msa/colab/HBI_b_17_unrelaxed_rank_002_alphafold2_ptm_model_5_seed_000.pdb,84.22
1675,bbarrel/repeat_msa/colab/TMB2.24_unrelaxed_rank_004_alphafold2_ptm_model_3_seed_000.pdb,69.55
1676,bbarrel/repeat_msa/colab/HBI_b_46_unrelaxed_rank_004_alphafold2_ptm_model_3_seed_000.pdb,64.93
1677,bbarrel/repeat_msa/colab/TMB2.73_unrelaxed_rank_002_alphafold2_ptm_model_2_seed_000.pdb,38.47
1678,bbarrel/repeat_msa/colab/HBI_b_27_unrelaxed_rank_004_alphafold2_ptm_model_2_seed_000.pdb,82.76
1679,bbarrel/repeat_msa/colab/TMB2.39_unrelaxed_rank_001_alphafold2_ptm_model_5_seed_000.pdb,81.71
1680,bbarrel/repeat_msa/colab/TMB2.68_unrelaxed_rank_002_alphafold2_ptm_model_5_seed_000.pdb,74.35
1681,bbarrel/repeat_msa/colab/TMB2.21_unrelaxed_rank_004_alphafold2_ptm_model_2_seed_000.pdb,27.97
1682,bbarrel/repeat_msa/colab/HBI_b_43_unrelaxed_rank_002_alphafold2_ptm_model_1_seed_000.pdb,49.54
1683,bbarrel/repeat_msa/colab/HBI_b_09_unrelaxed_rank_005_alphafold2_ptm_model_1_seed_000.pdb,82.02
1684,bbarrel/repeat_msa/colab/TMB2.9_unrelaxed_rank_004_alphafold2_ptm_model_1_seed_000.pdb,28.87
1685,bbarrel/repeat_msa/colab/HBI_b_40_unrelaxed_rank_001_alphafold2_ptm_model_5_seed_000.pdb,84.49
1686,bbarrel/repeat_msa/colab/TMB2.73_unrelaxed_rank_005_alphafold2_ptm_model_3_seed_000.pdb,28.67
1687,bbarrel/repeat_msa/colab/TMB2.36_unrelaxed_rank_005_alphafold2_ptm_model_1_seed_000.pdb,25.87
1688,bbarrel/repeat_msa/colab/HBI_b_34_unrelaxed_rank_005_alphafold2_ptm_model_4_seed_000.pdb,76.86
1689,bbarrel/repeat_msa/colab/HBI_b_40_unrelaxed_rank_002_alphafold2_ptm_model_1_seed_000.pdb,84.08
1690,bbarrel/repeat_msa/colab/HBI_b_14_unrelaxed_rank_004_alphafold2_ptm_model_3_seed_000.pdb,85.13
1691,bbarrel/repeat_msa/colab/HBI_b_16_unrelaxed_rank_005_alphafold2_ptm_model_2_seed_000.pdb,66.94
1692,bbarrel/repeat_msa/colab/TMB2.14_unrelaxed_rank_005_alphafold2_ptm_model_1_seed_000.pdb,30.16
1693,bbarrel/repeat_msa/colab/TMB2.42_unrelaxed_rank_002_alphafold2_ptm_model_4_seed_000.pdb,44.85
1694,bbarrel/repeat_msa/colab/HBI_b_20_unrelaxed_rank_005_alphafold2_ptm_model_4_seed_000.pdb,76.86
1695,bbarrel/repeat_msa/colab/HBI_b_40_unrelaxed_rank_003_alphafold2_ptm_model_2_seed_000.pdb,80.29
1696,bbarrel/repeat_msa/colab/TMB2.54_unrelaxed_rank_005_alphafold2_ptm_model_1_seed_000.pdb,32.06
1697,bbarrel/repeat_msa/colab/TMB2.29_unrelaxed_rank_002_alphafold2_ptm_model_5_seed_000.pdb,31.78
1698,bbarrel/repeat_msa/colab/TMB2.19_unrelaxed_rank_004_alphafold2_ptm_model_4_seed_000.pdb,50.43
1699,bbarrel/repeat_msa/colab/TMB2.81_unrelaxed_rank_003_alphafold2_ptm_model_2_seed_000.pdb,31.36
1700,bbarrel/repeat_msa/colab/TMB2.84_unrelaxed_rank_003_alphafold2_ptm_model_2_seed_000.pdb,46.18
1701,bbarrel/repeat_msa/colab/TMB2.14_unrelaxed_rank_004_alphafold2_ptm_model_3_seed_000.pdb,31.97
1702,bbarrel/repeat_msa/colab/TMB2.32_unrelaxed_rank_005_alphafold2_ptm_model_1_seed_000.pdb,27.97
1703,bbarrel/repeat_msa/colab/TMB2.75_unrelaxed_rank_001_alphafold2_ptm_model_5_seed_000.pdb,78.4
1704,bbarrel/repeat_msa/colab/TMB2.68_unrelaxed_rank_001_alphafold2_ptm_model_4_seed_000.pdb,77.03
1705,bbarrel/repeat_msa/colab/TMB2.85_unrelaxed_rank_005_alphafold2_ptm_model_3_seed_000.pdb,28.85
1706,bbarrel/repeat_msa/colab/TMB2.32_unrelaxed_rank_004_alphafold2_ptm_model_2_seed_000.pdb,30.8
1707,bbarrel/repeat_msa/colab/TMB2.43_unrelaxed_rank_001_alphafold2_ptm_model_5_seed_000.pdb,76.37
1708,bbarrel/repeat_msa/colab/TMB2.11_unrelaxed_rank_005_alphafold2_ptm_model_4_seed_000.pdb,28.44
1709,bbarrel/repeat_msa/colab/HBI_b_41_unrelaxed_rank_005_alphafold2_ptm_model_2_seed_000.pdb,55.64
1710,bbarrel/repeat_msa/colab/TMB2.25_unrelaxed_rank_005_alphafold2_ptm_model_3_seed_000.pdb,26.82
1711,bbarrel/repeat_msa/colab/TMB2.69_unrelaxed_rank_003_alphafold2_ptm_model_2_seed_000.pdb,36.18
1712,bbarrel/repeat_msa/colab/TMB2.38_unrelaxed_rank_004_alphafold2_ptm_model_3_seed_000.pdb,26.72
1713,bbarrel/repeat_msa/colab/HBI_b_25_unrelaxed_rank_001_alphafold2_ptm_model_1_seed_000.pdb,85.94
1714,bbarrel/repeat_msa/colab/TMB2.76_unrelaxed_rank_003_alphafold2_ptm_model_2_seed_000.pdb,81.53
1715,bbarrel/repeat_msa/colab/HBI_b_50_unrelaxed_rank_005_alphafold2_ptm_model_3_seed_000.pdb,52.39
1716,bbarrel/repeat_msa/colab/TMB2.6_unrelaxed_rank_004_alphafold2_ptm_model_3_seed_000.pdb,29.33
1717,bbarrel/repeat_msa/colab/HBI_b_25_unrelaxed_rank_004_alphafold2_ptm_model_3_seed_000.pdb,83.83
1718,bbarrel/repeat_msa/colab/TMB2.78_unrelaxed_rank_002_alphafold2_ptm_model_2_seed_000.pdb,29.78
1719,bbarrel/repeat_msa/colab/TMB2.26_unrelaxed_rank_003_alphafold2_ptm_model_3_seed_000.pdb,27.67
1720,bbarrel/repeat_msa/colab/HBI_b_22_unrelaxed_rank_004_alphafold2_ptm_model_3_seed_000.pdb,83.83
1721,bbarrel/repeat_msa/colab/HBI_b_32_unrelaxed_rank_005_alphafold2_ptm_model_2_seed_000.pdb,85.13
1722,bbarrel/repeat_msa/colab/TMB2.5_unrelaxed_rank_004_alphafold2_ptm_model_2_seed_000.pdb,36.49
1723,bbarrel/repeat_msa/colab/TMB2.21_unrelaxed_rank_005_alphafold2_ptm_model_1_seed_000.pdb,27.1
1724,bbarrel/repeat_msa/colab/TMB2.62_unrelaxed_rank_001_alphafold2_ptm_model_4_seed_000.pdb,71.83
1725,bbarrel/repeat_msa/colab/HBI_b_22_unrelaxed_rank_005_alphafold2_ptm_model_4_seed_000.pdb,82.68
1726,bbarrel/repeat_msa/colab/TMB2.41_unrelaxed_rank_003_alphafold2_ptm_model_3_seed_000.pdb,35.04
1727,bbarrel/repeat_msa/colab/HBI_b_17_unrelaxed_rank_003_alphafold2_ptm_model_2_seed_000.pdb,83.64
1728,bbarrel/repeat_msa/colab/TMB2.50_unrelaxed_rank_001_alphafold2_ptm_model_5_seed_000.pdb,39.14
1729,bbarrel/repeat_msa/colab/HBI_b_15_unrelaxed_rank_003_alphafold2_ptm_model_3_seed_000.pdb,83.54
1730,bbarrel/repeat_msa/colab/HBI_b_44_unrelaxed_rank_002_alphafold2_ptm_model_2_seed_000.pdb,82.38
1731,bbarrel/repeat_msa/colab/TMB2.21_unrelaxed_rank_003_alphafold2_ptm_model_3_seed_000.pdb,28.94
1732,bbarrel/repeat_msa/colab/TMB2.63_unrelaxed_rank_004_alphafold2_ptm_model_3_seed_000.pdb,32.76
1733,bbarrel/repeat_msa/colab/HBI_b_43_unrelaxed_rank_001_alphafold2_ptm_model_5_seed_000.pdb,57.28
1734,bbarrel/repeat_msa/colab/TMB2.64_unrelaxed_rank_002_alphafold2_ptm_model_4_seed_000.pdb,36.95
1735,bbarrel/repeat_msa/colab/TMB2.87_unrelaxed_rank_001_alphafold2_ptm_model_5_seed_000.pdb,43.04
1736,bbarrel/repeat_msa/colab/TMB2.30_unrelaxed_rank_003_alphafold2_ptm_model_2_seed_000.pdb,32.39
1737,bbarrel/repeat_msa/colab/TMB2.59_unrelaxed_rank_004_alphafold2_ptm_model_3_seed_000.pdb,46.76
1738,bbarrel/repeat_msa/colab/TMB2.36_unrelaxed_rank_002_alphafold2_ptm_model_2_seed_000.pdb,33.15
1739,bbarrel/repeat_msa/colab/HBI_b_37_unrelaxed_rank_005_alphafold2_ptm_model_2_seed_000.pdb,78.62
1740,bbarrel/repeat_msa/colab/HBI_b_38_unrelaxed_rank_003_alphafold2_ptm_model_1_seed_000.pdb,82.7
1741,bbarrel/repeat_msa/colab/HBI_b_29_unrelaxed_rank_002_alphafold2_ptm_model_1_seed_000.pdb,86.31
1742,bbarrel/repeat_msa/colab/TMB2.79_unrelaxed_rank_002_alphafold2_ptm_model_4_seed_000.pdb,34.24
1743,bbarrel/repeat_msa/colab/TMB2.56_unrelaxed_rank_004_alphafold2_ptm_model_3_seed_000.pdb,26.58
1744,bbarrel/repeat_msa/colab/TMB2.70_unrelaxed_rank_002_alphafold2_ptm_model_2_seed_000.pdb,40.42
1745,bbarrel/repeat_msa/colab/TMB2.14_unrelaxed_rank_003_alphafold2_ptm_model_2_seed_000.pdb,39.05
1746,bbarrel/repeat_msa/colab/TMB2.1_unrelaxed_rank_005_alphafold2_ptm_model_4_seed_000.pdb,26.34
1747,bbarrel/repeat_msa/colab/HBI_b_33_unrelaxed_rank_004_alphafold2_ptm_model_4_seed_000.pdb,71.37
1748,bbarrel/repeat_msa/colab/TMB2.58_unrelaxed_rank_005_alphafold2_ptm_model_3_seed_000.pdb,26.9
1749,bbarrel/repeat_msa/colab/TMB2.66_unrelaxed_rank_001_alphafold2_ptm_model_4_seed_000.pdb,64.55
1750,bbarrel/repeat_msa/colab/TMB2.28_unrelaxed_rank_001_alphafold2_ptm_model_5_seed_000.pdb,56.46
1751,bbarrel/repeat_msa/colab/HBI_b_09_unrelaxed_rank_004_alphafold2_ptm_model_2_seed_000.pdb,82.24
1752,bbarrel/repeat_msa/colab/TMB2.18_unrelaxed_rank_004_alphafold2_ptm_model_3_seed_000.pdb,29.79
1753,bbarrel/repeat_msa/colab/TMB2.34_unrelaxed_rank_004_alphafold2_ptm_model_1_seed_000.pdb,30.3
1754,bbarrel/repeat_msa/colab/TMB2.59_unrelaxed_rank_001_alphafold2_ptm_model_5_seed_000.pdb,86.52
1755,bbarrel/repeat_msa/colab/HBI_b_15_unrelaxed_rank_004_alphafold2_ptm_model_2_seed_000.pdb,83.17
1756,bbarrel/repeat_msa/colab/TMB2.7_unrelaxed_rank_004_alphafold2_ptm_model_1_seed_000.pdb,30.07
1757,bbarrel/repeat_msa/colab/HBI_b_02_unrelaxed_rank_005_alphafold2_ptm_model_2_seed_000.pdb,79.14
1758,bbarrel/repeat_msa/colab/TMB2.22_unrelaxed_rank_003_alphafold2_ptm_model_2_seed_000.pdb,30.54
1759,bbarrel/repeat_msa/colab/TMB2.60_unrelaxed_rank_001_alphafold2_ptm_model_5_seed_000.pdb,83.63
1760,bbarrel/repeat_msa/colab/TMB2.87_unrelaxed_rank_003_alphafold2_ptm_model_1_seed_000.pdb,29.92
1761,bbarrel/repeat_msa/colab/TMB2.88_unrelaxed_rank_001_alphafold2_ptm_model_5_seed_000.pdb,82.43
1762,bbarrel/repeat_msa/colab/HBI_b_01_unrelaxed_rank_001_alphafold2_ptm_model_1_seed_000.pdb,87.64
1763,bbarrel/repeat_msa/colab/TMB2.62_unrelaxed_rank_004_alphafold2_ptm_model_3_seed_000.pdb,31.92
1764,bbarrel/repeat_msa/colab/HBI_b_55_unrelaxed_rank_005_alphafold2_ptm_model_4_seed_000.pdb,68.65
1765,bbarrel/repeat_msa/colab/HBI_b_07_unrelaxed_rank_004_alphafold2_ptm_model_3_seed_000.pdb,85.76
1766,bbarrel/repeat_msa/colab/TMB2.22_unrelaxed_rank_001_alphafold2_ptm_model_5_seed_000.pdb,72.57
1767,bbarrel/repeat_msa/colab/TMB2.88_unrelaxed_rank_002_alphafold2_ptm_model_4_seed_000.pdb,81.78
1768,bbarrel/repeat_msa/colab/TMB2.81_unrelaxed_rank_005_alphafold2_ptm_model_3_seed_000.pdb,27.93
1769,bbarrel/repeat_msa/colab/TMB2.28_unrelaxed_rank_003_alphafold2_ptm_model_1_seed_000.pdb,31.05
1770,bbarrel/repeat_msa/colab/TMB2.32_unrelaxed_rank_003_alphafold2_ptm_model_4_seed_000.pdb,34.89
1771,bbarrel/repeat_msa/colab/TMB2.57_unrelaxed_rank_002_alphafold2_ptm_model_5_seed_000.pdb,38.18
1772,bbarrel/repeat_msa/colab/TMB2.62_unrelaxed_rank_005_alphafold2_ptm_model_1_seed_000.pdb,31.77
1773,bbarrel/repeat_msa/colab/TMB2.88_unrelaxed_rank_005_alphafold2_ptm_model_3_seed_000.pdb,32.7
1774,bbarrel/repeat_msa/colab/HBI_b_13_unrelaxed_rank_001_alphafold2_ptm_model_1_seed_000.pdb,82.13
1775,bbarrel/repeat_msa/colab/TMB2.4_unrelaxed_rank_002_alphafold2_ptm_model_2_seed_000.pdb,29.43
1776,bbarrel/repeat_msa/colab/TMB2.11_unrelaxed_rank_004_alphafold2_ptm_model_3_seed_000.pdb,32.26
1777,bbarrel/repeat_msa/colab/HBI_b_45_unrelaxed_rank_002_alphafold2_ptm_model_4_seed_000.pdb,74.64
1778,bbarrel/repeat_msa/colab/TMB2.30_unrelaxed_rank_005_alphafold2_ptm_model_3_seed_000.pdb,29.1
1779,bbarrel/repeat_msa/colab/TMB2.8_unrelaxed_rank_003_alphafold2_ptm_model_1_seed_000.pdb,31.49
1780,bbarrel/repeat_msa/colab/HBI_b_26_unrelaxed_rank_002_alphafold2_ptm_model_3_seed_000.pdb,87.42
1781,bbarrel/repeat_msa/colab/TMB2.4_unrelaxed_rank_001_alphafold2_ptm_model_5_seed_000.pdb,30.83
1782,bbarrel/repeat_msa/colab/TMB2.58_unrelaxed_rank_002_alphafold2_ptm_model_4_seed_000.pdb,39.99
1783,bbarrel/repeat_msa/colab/TMB2.76_unrelaxed_rank_001_alphafold2_ptm_model_4_seed_000.pdb,86.42
1784,bbarrel/repeat_msa/colab/TMB2.26_unrelaxed_rank_002_alphafold2_ptm_model_5_seed_000.pdb,28.79
1785,bbarrel/repeat_msa/colab/TMB2.37_unrelaxed_rank_001_alphafold2_ptm_model_5_seed_000.pdb,63.45
1786,bbarrel/repeat_msa/colab/HBI_b_53_unrelaxed_rank_003_alphafold2_ptm_model_3_seed_000.pdb,83.89
1787,bbarrel/repeat_msa/colab/HBI_b_21_unrelaxed_rank_005_alphafold2_ptm_model_4_seed_000.pdb,81.07
1788,bbarrel/repeat_msa/colab/HBI_b_41_unrelaxed_rank_001_alphafold2_ptm_model_5_seed_000.pdb,85.29
1789,bbarrel/repeat_msa/colab/TMB2.28_unrelaxed_rank_004_alphafold2_ptm_model_4_seed_000.pdb,30.15
1790,bbarrel/repeat_msa/colab/TMB2.39_unrelaxed_rank_003_alphafold2_ptm_model_4_seed_000.pdb,30.89
1791,bbarrel/repeat_msa/colab/TMB2.77_unrelaxed_rank_004_alphafold2_ptm_model_1_seed_000.pdb,31.27
1792,bbarrel/repeat_msa/colab/TMB2.69_unrelaxed_rank_002_alphafold2_ptm_model_5_seed_000.pdb,59.12
1793,bbarrel/repeat_msa/colab/TMB2.23_unrelaxed_rank_001_alphafold2_ptm_model_4_seed_000.pdb,49.32
1794,bbarrel/repeat_msa/colab/TMB2.86_unrelaxed_rank_003_alphafold2_ptm_model_3_seed_000.pdb,30.44
1795,bbarrel/repeat_msa/colab/HBI_b_55_unrelaxed_rank_001_alphafold2_ptm_model_5_seed_000.pdb,89.65
1796,bbarrel/repeat_msa/colab/TMB2.35_unrelaxed_rank_003_alphafold2_ptm_model_1_seed_000.pdb,30.13
1797,bbarrel/repeat_msa/colab/HBI_b_39_unrelaxed_rank_003_alphafold2_ptm_model_2_seed_000.pdb,78.2
1798,bbarrel/repeat_msa/colab/TMB2.83_unrelaxed_rank_003_alphafold2_ptm_model_2_seed_000.pdb,80.42
1799,bbarrel/repeat_msa/colab/TMB2.25_unrelaxed_rank_003_alphafold2_ptm_model_1_seed_000.pdb,27.27
1800,bbarrel/repeat_msa/colab/TMB2.23_unrelaxed_rank_004_alphafold2_ptm_model_1_seed_000.pdb,27.1
1801,bbarrel/repeat_msa/colab/TMB2.5_unrelaxed_rank_002_alphafold2_ptm_model_4_seed_000.pdb,62.65
1802,bbarrel/repeat_msa/colab/HBI_b_21_unrelaxed_rank_001_alphafold2_ptm_model_5_seed_000.pdb,85.88
1803,bbarrel/repeat_msa/colab/TMB2.12_unrelaxed_rank_002_alphafold2_ptm_model_2_seed_000.pdb,32.02
1804,bbarrel/repeat_msa/colab/TMB2.3_unrelaxed_rank_003_alphafold2_ptm_model_4_seed_000.pdb,30.31
1805,bbarrel/repeat_msa/colab/TMB2.45_unrelaxed_rank_005_alphafold2_ptm_model_1_seed_000.pdb,32.73
1806,bbarrel/repeat_msa/colab/HBI_b_33_unrelaxed_rank_001_alphafold2_ptm_model_5_seed_000.pdb,81.11
1807,bbarrel/repeat_msa/colab/HBI_b_08_unrelaxed_rank_004_alphafold2_ptm_model_2_seed_000.pdb,72.74
1808,bbarrel/repeat_msa/colab/TMB2.44_unrelaxed_rank_004_alphafold2_ptm_model_3_seed_000.pdb,31.78
1809,bbarrel/repeat_msa/colab/TMB2.87_unrelaxed_rank_002_alphafold2_ptm_model_2_seed_000.pdb,30.92
1810,bbarrel/repeat_msa/colab/TMB2.5_unrelaxed_rank_005_alphafold2_ptm_model_1_seed_000.pdb,31.13
1811,bbarrel/repeat_msa/colab/TMB2.65_unrelaxed_rank_002_alphafold2_ptm_model_5_seed_000.pdb,75.96
1812,bbarrel/repeat_msa/colab/TMB2.6_unrelaxed_rank_001_alphafold2_ptm_model_5_seed_000.pdb,84.33
1813,bbarrel/repeat_msa/colab/HBI_b_14_unrelaxed_rank_001_alphafold2_ptm_model_5_seed_000.pdb,87.4
1814,bbarrel/repeat_msa/colab/TMB2.35_unrelaxed_rank_004_alphafold2_ptm_model_4_seed_000.pdb,30.07
1815,bbarrel/repeat_msa/colab/HBI_b_41_unrelaxed_rank_003_alphafold2_ptm_model_4_seed_000.pdb,72.46
1816,bbarrel/repeat_msa/colab/HBI_b_08_unrelaxed_rank_005_alphafold2_ptm_model_3_seed_000.pdb,71.86
1817,bbarrel/repeat_msa/colab/TMB2.52_unrelaxed_rank_002_alphafold2_ptm_model_2_seed_000.pdb,31.51
1818,bbarrel/repeat_msa/colab/HBI_b_26_unrelaxed_rank_004_alphafold2_ptm_model_2_seed_000.pdb,84.9
1819,bbarrel/repeat_msa/colab/HBI_b_23_unrelaxed_rank_005_alphafold2_ptm_model_3_seed_000.pdb,84.73
1820,bbarrel/repeat_msa/colab/HBI_b_17_unrelaxed_rank_004_alphafold2_ptm_model_3_seed_000.pdb,75.39
1821,bbarrel/repeat_msa/colab/TMB2.82_unrelaxed_rank_004_alphafold2_ptm_model_1_seed_000.pdb,26.32
1822,bbarrel/repeat_msa/colab/TMB2.66_unrelaxed_rank_004_alphafold2_ptm_model_1_seed_000.pdb,30.62
1823,bbarrel/repeat_msa/colab/TMB2.85_unrelaxed_rank_003_alphafold2_ptm_model_2_seed_000.pdb,30.56
1824,bbarrel/repeat_msa/colab/TMB2.50_unrelaxed_rank_002_alphafold2_ptm_model_4_seed_000.pdb,35.52
1825,bbarrel/repeat_msa/colab/TMB2.5_unrelaxed_rank_003_alphafold2_ptm_model_3_seed_000.pdb,42.4
1826,bbarrel/repeat_msa/colab/TMB2.42_unrelaxed_rank_005_alphafold2_ptm_model_3_seed_000.pdb,28.93
1827,bbarrel/repeat_msa/colab/TMB2.18_unrelaxed_rank_003_alphafold2_ptm_model_2_seed_000.pdb,32.74
1828,bbarrel/repeat_msa/colab/TMB2.86_unrelaxed_rank_005_alphafold2_ptm_model_1_seed_000.pdb,28.46
1829,bbarrel/repeat_msa/colab/TMB2.65_unrelaxed_rank_003_alphafold2_ptm_model_2_seed_000.pdb,56.37
1830,bbarrel/repeat_msa/colab/HBI_b_46_unrelaxed_rank_003_alphafold2_ptm_model_4_seed_000.pdb,66.73
1831,bbarrel/repeat_msa/colab/HBI_b_44_unrelaxed_rank_001_alphafold2_ptm_model_1_seed_000.pdb,83.81
1832,bbarrel/repeat_msa/colab/TMB2.52_unrelaxed_rank_004_alphafold2_ptm_model_4_seed_000.pdb,28.42
1833,bbarrel/repeat_msa/colab/HBI_b_26_unrelaxed_rank_005_alphafold2_ptm_model_4_seed_000.pdb,84.68
1834,bbarrel/repeat_msa/colab/TMB2.51_unrelaxed_rank_003_alphafold2_ptm_model_2_seed_000.pdb,30.1
1835,bbarrel/repeat_msa/colab/HBI_b_15_unrelaxed_rank_002_alphafold2_ptm_model_5_seed_000.pdb,84.75
1836,bbarrel/repeat_msa/colab/HBI_b_37_unrelaxed_rank_001_alphafold2_ptm_model_1_seed_000.pdb,81.25
1837,bbarrel/repeat_msa/colab/TMB2.20_unrelaxed_rank_004_alphafold2_ptm_model_5_seed_000.pdb,25.87
1838,bbarrel/repeat_msa/colab/TMB2.71_unrelaxed_rank_004_alphafold2_ptm_model_2_seed_000.pdb,32.11
1839,bbarrel/repeat_msa/colab/TMB2.39_unrelaxed_rank_002_alphafold2_ptm_model_2_seed_000.pdb,31.05
1840,bbarrel/repeat_msa/colab/HBI_b_27_unrelaxed_rank_005_alphafold2_ptm_model_4_seed_000.pdb,82.33
1841,bbarrel/repeat_msa/colab/TMB2.80_unrelaxed_rank_004_alphafold2_ptm_model_2_seed_000.pdb,32.26
1842,bbarrel/repeat_msa/colab/HBI_b_08_unrelaxed_rank_001_alphafold2_ptm_model_4_seed_000.pdb,81.98
1843,bbarrel/repeat_msa/colab/TMB2.76_unrelaxed_rank_002_alphafold2_ptm_model_5_seed_000.pdb,84.11
1844,bbarrel/repeat_msa/colab/TMB2.83_unrelaxed_rank_004_alphafold2_ptm_model_3_seed_000.pdb,77.44
1845,bbarrel/repeat_msa/colab/HBI_b_19_unrelaxed_rank_004_alphafold2_ptm_model_2_seed_000.pdb,82.3
1846,bbarrel/repeat_msa/colab/HBI_b_02_unrelaxed_rank_002_alphafold2_ptm_model_3_seed_000.pdb,81.42
1847,bbarrel/repeat_msa/colab/TMB2.67_unrelaxed_rank_002_alphafold2_ptm_model_4_seed_000.pdb,34.29
1848,bbarrel/repeat_msa/colab/HBI_b_08_unrelaxed_rank_002_alphafold2_ptm_model_1_seed_000.pdb,81.61
1849,bbarrel/repeat_msa/colab/TMB2.49_unrelaxed_rank_001_alphafold2_ptm_model_2_seed_000.pdb,29.63
1850,bbarrel/repeat_msa/colab/TMB2.37_unrelaxed_rank_002_alphafold2_ptm_model_4_seed_000.pdb,48.98
1851,bbarrel/repeat_msa/colab/HBI_b_22_unrelaxed_rank_002_alphafold2_ptm_model_2_seed_000.pdb,86.36
1852,bbarrel/repeat_msa/colab/TMB2.52_unrelaxed_rank_003_alphafold2_ptm_model_1_seed_000.pdb,30.05
1853,bbarrel/repeat_msa/colab/TMB2.56_unrelaxed_rank_002_alphafold2_ptm_model_1_seed_000.pdb,27.34
1854,bbarrel/repeat_msa/colab/TMB2.5_unrelaxed_rank_001_alphafold2_ptm_model_5_seed_000.pdb,83.98
1855,bbarrel/repeat_msa/colab/HBI_b_35_unrelaxed_rank_004_alphafold2_ptm_model_4_seed_000.pdb,59.07
1856,bbarrel/repeat_msa/colab/TMB2.7_unrelaxed_rank_001_alphafold2_ptm_model_5_seed_000.pdb,65.02
1857,bbarrel/repeat_msa/colab/TMB2.55_unrelaxed_rank_001_alphafold2_ptm_model_1_seed_000.pdb,27.89
1858,bbarrel/repeat_msa/colab/TMB2.12_unrelaxed_rank_004_alphafold2_ptm_model_3_seed_000.pdb,28.28
1859,bbarrel/repeat_msa/colab/HBI_b_27_unrelaxed_rank_002_alphafold2_ptm_model_5_seed_000.pdb,84.38
1860,bbarrel/repeat_msa/colab/TMB2.27_unrelaxed_rank_003_alphafold2_ptm_model_1_seed_000.pdb,29.51
1861,bbarrel/repeat_msa/colab/TMB2.89_unrelaxed_rank_005_alphafold2_ptm_model_4_seed_000.pdb,37.07
1862,bbarrel/repeat_msa/colab/HBI_b_25_unrelaxed_rank_002_alphafold2_ptm_model_5_seed_000.pdb,84.54
1863,bbarrel/repeat_msa/colab/TMB2.73_unrelaxed_rank_004_alphafold2_ptm_model_4_seed_000.pdb,29.85
1864,bbarrel/repeat_msa/colab/HBI_b_33_unrelaxed_rank_003_alphafold2_ptm_model_3_seed_000.pdb,79.56
1865,bbarrel/repeat_msa/colab/TMB2.75_unrelaxed_rank_004_alphafold2_ptm_model_3_seed_000.pdb,44.83
1866,bbarrel/repeat_msa/colab/TMB2.84_unrelaxed_rank_005_alphafold2_ptm_model_1_seed_000.pdb,29.04
1867,bbarrel/repeat_msa/colab/HBI_b_38_unrelaxed_rank_005_alphafold2_ptm_model_2_seed_000.pdb,80.37
1868,bbarrel/repeat_msa/colab/TMB2.78_unrelaxed_rank_003_alphafold2_ptm_model_3_seed_000.pdb,29.29
1869,bbarrel/repeat_msa/colab/HBI_b_02_unrelaxed_rank_003_alphafold2_ptm_model_4_seed_000.pdb,80.92
1870,bbarrel/repeat_msa/colab/TMB2.37_unrelaxed_rank_003_alphafold2_ptm_model_3_seed_000.pdb,42.71
1871,bbarrel/repeat_msa/colab/TMB2.77_unrelaxed_rank_003_alphafold2_ptm_model_5_seed_000.pdb,33.7
1872,bbarrel/repeat_msa/colab/TMB2.59_unrelaxed_rank_003_alphafold2_ptm_model_2_seed_000.pdb,66.22
1873,bbarrel/repeat_msa/colab/TMB2.77_unrelaxed_rank_002_alphafold2_ptm_model_4_seed_000.pdb,35.58
1874,bbarrel/repeat_msa/colab/HBI_b_20_unrelaxed_rank_001_alphafold2_ptm_model_3_seed_000.pdb,81.62
1875,bbarrel/repeat_msa/colab/HBI_b_28_unrelaxed_rank_003_alphafold2_ptm_model_3_seed_000.pdb,77.49
1876,bbarrel/repeat_msa/colab/HBI_b_20_unrelaxed_rank_002_alphafold2_ptm_model_1_seed_000.pdb,81.56
1877,bbarrel/repeat_msa/colab/HBI_b_32_unrelaxed_rank_002_alphafold2_ptm_model_3_seed_000.pdb,88.65
1878,bbarrel/repeat_msa/colab/TMB2.43_unrelaxed_rank_005_alphafold2_ptm_model_3_seed_000.pdb,30.34
1879,bbarrel/repeat_msa/colab/HBI_b_22_unrelaxed_rank_001_alphafold2_ptm_model_5_seed_000.pdb,86.94
1880,bbarrel/repeat_msa/colab/HBI_b_17_unrelaxed_rank_005_alphafold2_ptm_model_4_seed_000.pdb,70.08
1881,bbarrel/repeat_msa/colab/TMB2.6_unrelaxed_rank_005_alphafold2_ptm_model_1_seed_000.pdb,27.3
1882,bbarrel/repeat_msa/colab/TMB2.50_unrelaxed_rank_003_alphafold2_ptm_model_2_seed_000.pdb,29.86
1883,bbarrel/repeat_msa/colab/TMB2.57_unrelaxed_rank_005_alphafold2_ptm_model_3_seed_000.pdb,28.74
1884,bbarrel/repeat_msa/colab/TMB2.64_unrelaxed_rank_003_alphafold2_ptm_model_2_seed_000.pdb,31.28
1885,bbarrel/repeat_msa/colab/HBI_b_43_unrelaxed_rank_004_alphafold2_ptm_model_2_seed_000.pdb,47.92
1886,bbarrel/repeat_msa/colab/HBI_b_22_unrelaxed_rank_003_alphafold2_ptm_model_1_seed_000.pdb,85.33
1887,bbarrel/repeat_msa/colab/HBI_b_23_unrelaxed_rank_003_alphafold2_ptm_model_5_seed_000.pdb,87.49
1888,bbarrel/repeat_msa/colab/TMB2.42_unrelaxed_rank_003_alphafold2_ptm_model_2_seed_000.pdb,30.72
1889,bbarrel/repeat_msa/colab/HBI_b_19_unrelaxed_rank_001_alphafold2_ptm_model_1_seed_000.pdb,83.99
1890,bbarrel/repeat_msa/colab/TMB2.67_unrelaxed_rank_003_alphafold2_ptm_model_5_seed_000.pdb,32.76
1891,bbarrel/repeat_msa/colab/TMB2.44_unrelaxed_rank_003_alphafold2_ptm_model_2_seed_000.pdb,33.81
1892,bbarrel/repeat_msa/colab/HBI_b_20_unrelaxed_rank_003_alphafold2_ptm_model_5_seed_000.pdb,79.45
1893,bbarrel/repeat_msa/colab/HBI_b_28_unrelaxed_rank_002_alphafold2_ptm_model_4_seed_000.pdb,78.9
1894,bbarrel/repeat_msa/colab/TMB2.12_unrelaxed_rank_003_alphafold2_ptm_model_1_seed_000.pdb,29.65
1895,bbarrel/repeat_msa/colab/HBI_b_44_unrelaxed_rank_004_alphafold2_ptm_model_3_seed_000.pdb,79.55
1896,bbarrel/repeat_msa/colab/TMB2.78_unrelaxed_rank_001_alphafold2_ptm_model_5_seed_000.pdb,30.37
1897,bbarrel/repeat_msa/colab/HBI_b_45_unrelaxed_rank_005_alphafold2_ptm_model_5_seed_000.pdb,70.29
1898,bbarrel/repeat_msa/colab/TMB2.73_unrelaxed_rank_001_alphafold2_ptm_model_5_seed_000.pdb,59.65
1899,bbarrel/repeat_msa/colab/TMB2.60_unrelaxed_rank_005_alphafold2_ptm_model_3_seed_000.pdb,29.11
1900,bbarrel/repeat_msa/colab/TMB2.41_unrelaxed_rank_001_alphafold2_ptm_model_5_seed_000.pdb,84.88
1901,bbarrel/repeat_msa/colab/TMB2.73_unrelaxed_rank_003_alphafold2_ptm_model_1_seed_000.pdb,33.48
1902,bbarrel/repeat_msa/colab/HBI_b_38_unrelaxed_rank_004_alphafold2_ptm_model_3_seed_000.pdb,81.15
1903,bbarrel/repeat_msa/colab/TMB2.77_unrelaxed_rank_001_alphafold2_ptm_model_2_seed_000.pdb,61.92
1904,bbarrel/repeat_msa/colab/HBI_b_39_unrelaxed_rank_002_alphafold2_ptm_model_3_seed_000.pdb,79.13
1905,bbarrel/repeat_msa/colab/TMB2.24_unrelaxed_rank_002_alphafold2_ptm_model_5_seed_000.pdb,76.98
1906,bbarrel/repeat_msa/colab/TMB2.18_unrelaxed_rank_002_alphafold2_ptm_model_4_seed_000.pdb,34.77
1907,bbarrel/repeat_msa/colab/TMB2.12_unrelaxed_rank_001_alphafold2_ptm_model_5_seed_000.pdb,67.3
1908,bbarrel/repeat_msa/colab/HBI_b_31_unrelaxed_rank_003_alphafold2_ptm_model_2_seed_000.pdb,75.41
1909,bbarrel/repeat_msa/colab/TMB2.89_unrelaxed_rank_004_alphafold2_ptm_model_3_seed_000.pdb,37.11
1910,bbarrel/repeat_msa/colab/HBI_b_02_unrelaxed_rank_001_alphafold2_ptm_model_5_seed_000.pdb,81.54
1911,bbarrel/repeat_msa/colab/TMB2.60_unrelaxed_rank_003_alphafold2_ptm_model_4_seed_000.pdb,33.21
1912,bbarrel/repeat_msa/colab/TMB2.66_unrelaxed_rank_002_alphafold2_ptm_model_5_seed_000.pdb,35.6
1913,bbarrel/repeat_msa/colab/TMB2.45_unrelaxed_rank_002_alphafold2_ptm_model_5_seed_000.pdb,79.7
1914,bbarrel/repeat_msa/colab/TMB2.47_unrelaxed_rank_002_alphafold2_ptm_model_4_seed_000.pdb,29.48
1915,bbarrel/repeat_msa/colab/TMB2.9_unrelaxed_rank_002_alphafold2_ptm_model_2_seed_000.pdb,32.04
1916,bbarrel/repeat_msa/colab/TMB2.76_unrelaxed_rank_005_alphafold2_ptm_model_3_seed_000.pdb,27.8
1917,bbarrel/repeat_msa/colab/TMB2.74_unrelaxed_rank_002_alphafold2_ptm_model_2_seed_000.pdb,49.43
1918,bbarrel/repeat_msa/colab/TMB2.48_unrelaxed_rank_004_alphafold2_ptm_model_1_seed_000.pdb,27.84
1919,bbarrel/repeat_msa/colab/TMB2.69_unrelaxed_rank_001_alphafold2_ptm_model_4_seed_000.pdb,64.57
1920,bbarrel/repeat_msa/colab/TMB2.36_unrelaxed_rank_001_alphafold2_ptm_model_5_seed_000.pdb,81.71
1921,bbarrel/repeat_msa/colab/TMB2.3_unrelaxed_rank_005_alphafold2_ptm_model_1_seed_000.pdb,27.39
1922,bbarrel/repeat_msa/colab/TMB2.30_unrelaxed_rank_004_alphafold2_ptm_model_1_seed_000.pdb,29.93
1923,bbarrel/repeat_msa/colab/TMB2.26_unrelaxed_rank_005_alphafold2_ptm_model_4_seed_000.pdb,26.32
1924,bbarrel/repeat_msa/colab/TMB2.54_unrelaxed_rank_001_alphafold2_ptm_model_5_seed_000.pdb,82.72
1925,bbarrel/repeat_msa/colab/HBI_b_46_unrelaxed_rank_001_alphafold2_ptm_model_1_seed_000.pdb,82.04
1926,bbarrel/repeat_msa/colab/TMB2.88_unrelaxed_rank_004_alphafold2_ptm_model_1_seed_000.pdb,34.29
1927,bbarrel/repeat_msa/colab/TMB2.27_unrelaxed_rank_005_alphafold2_ptm_model_3_seed_000.pdb,28.81
1928,bbarrel/repeat_msa/colab/TMB2.45_unrelaxed_rank_003_alphafold2_ptm_model_2_seed_000.pdb,79.68
1929,bbarrel/repeat_msa/colab/TMB2.31_unrelaxed_rank_001_alphafold2_ptm_model_5_seed_000.pdb,82.29
1930,bbarrel/repeat_msa/colab/TMB2.54_unrelaxed_rank_004_alphafold2_ptm_model_2_seed_000.pdb,33.74
1931,bbarrel/repeat_msa/colab/TMB2.55_unrelaxed_rank_004_alphafold2_ptm_model_4_seed_000.pdb,25.76
1932,bbarrel/repeat_msa/colab/TMB2.11_unrelaxed_rank_003_alphafold2_ptm_model_2_seed_000.pdb,32.37
1933,bbarrel/repeat_msa/colab/TMB2.2_unrelaxed_rank_004_alphafold2_ptm_model_2_seed_000.pdb,29.44
1934,bbarrel/repeat_msa/colab/TMB2.47_unrelaxed_rank_004_alphafold2_ptm_model_1_seed_000.pdb,27.39
1935,bbarrel/repeat_msa/colab/HBI_b_49_unrelaxed_rank_001_alphafold2_ptm_model_5_seed_000.pdb,89.12
1936,bbarrel/repeat_msa/colab/TMB2.60_unrelaxed_rank_002_alphafold2_ptm_model_2_seed_000.pdb,37.03
1937,bbarrel/repeat_msa/colab/TMB2.29_unrelaxed_rank_003_alphafold2_ptm_model_1_seed_000.pdb,30.62
1938,bbarrel/repeat_msa/colab/TMB2.14_unrelaxed_rank_001_alphafold2_ptm_model_4_seed_000.pdb,70.76
1939,bbarrel/repeat_msa/colab/TMB2.1_unrelaxed_rank_001_alphafold2_ptm_model_5_seed_000.pdb,28.85
1940,bbarrel/repeat_msa/colab/HBI_b_21_unrelaxed_rank_002_alphafold2_ptm_model_3_seed_000.pdb,83.39
1941,bbarrel/repeat_msa/colab/TMB2.50_unrelaxed_rank_005_alphafold2_ptm_model_3_seed_000.pdb,26.86
1942,bbarrel/repeat_msa/colab/TMB2.15_unrelaxed_rank_002_alphafold2_ptm_model_5_seed_000.pdb,31.33
1943,bbarrel/repeat_msa/colab/TMB2.62_unrelaxed_rank_002_alphafold2_ptm_model_5_seed_000.pdb,56.28
1944,bbarrel/repeat_msa/colab/TMB2.27_unrelaxed_rank_002_alphafold2_ptm_model_2_seed_000.pdb,30.06
1945,bbarrel/repeat_msa/colab/TMB2.79_unrelaxed_rank_003_alphafold2_ptm_model_2_seed_000.pdb,32.49
1946,bbarrel/repeat_msa/colab/TMB2.31_unrelaxed_rank_005_alphafold2_ptm_model_1_seed_000.pdb,30.44
1947,bbarrel/repeat_msa/colab/HBI_b_01_unrelaxed_rank_005_alphafold2_ptm_model_3_seed_000.pdb,46.22
1948,bbarrel/repeat_msa/colab/HBI_b_13_unrelaxed_rank_004_alphafold2_ptm_model_4_seed_000.pdb,66.08
1949,bbarrel/repeat_msa/colab/HBI_b_01_unrelaxed_rank_004_alphafold2_ptm_model_4_seed_000.pdb,49.65
1950,bbarrel/repeat_msa/colab/HBI_b_07_unrelaxed_rank_003_alphafold2_ptm_model_4_seed_000.pdb,85.81
1951,bbarrel/repeat_msa/colab/TMB2.17_unrelaxed_rank_002_alphafold2_ptm_model_2_seed_000.pdb,67.53
1952,bbarrel/repeat_msa/colab/TMB2.74_unrelaxed_rank_001_alphafold2_ptm_model_5_seed_000.pdb,80.96
1953,bbarrel/repeat_msa/colab/TMB2.71_unrelaxed_rank_003_alphafold2_ptm_model_3_seed_000.pdb,32.42
1954,bbarrel/repeat_msa/colab/TMB2.79_unrelaxed_rank_001_alphafold2_ptm_model_5_seed_000.pdb,81.4
1955,bbarrel/repeat_msa/colab/TMB2.75_unrelaxed_rank_002_alphafold2_ptm_model_4_seed_000.pdb,72.05
1956,bbarrel/repeat_msa/colab/HBI_b_09_unrelaxed_rank_001_alphafold2_ptm_model_3_seed_000.pdb,84.35
1957,bbarrel/repeat_msa/colab/TMB2.58_unrelaxed_rank_004_alphafold2_ptm_model_1_seed_000.pdb,28.56
1958,bbarrel/repeat_msa/colab/TMB2.15_unrelaxed_rank_005_alphafold2_ptm_model_3_seed_000.pdb,28.92
1959,bbarrel/repeat_msa/colab/TMB2.31_unrelaxed_rank_002_alphafold2_ptm_model_4_seed_000.pdb,80.86
1960,bbarrel/repeat_msa/colab/TMB2.58_unrelaxed_rank_001_alphafold2_ptm_model_5_seed_000.pdb,48.45
1961,bbarrel/repeat_msa/colab/TMB2.36_unrelaxed_rank_003_alphafold2_ptm_model_4_seed_000.pdb,29.32
1962,bbarrel/repeat_msa/colab/HBI_b_50_unrelaxed_rank_002_alphafold2_ptm_model_5_seed_000.pdb,90.4
1963,bbarrel/repeat_msa/colab/HBI_b_10_unrelaxed_rank_003_alphafold2_ptm_model_4_seed_000.pdb,87.71
1964,bbarrel/repeat_msa/colab/HBI_b_27_unrelaxed_rank_003_alphafold2_ptm_model_3_seed_000.pdb,82.91
1965,bbarrel/repeat_msa/colab/TMB2.89_unrelaxed_rank_002_alphafold2_ptm_model_2_seed_000.pdb,48.06
1966,bbarrel/repeat_msa/colab/TMB2.72_unrelaxed_rank_004_alphafold2_ptm_model_4_seed_000.pdb,28.58
1967,bbarrel/repeat_msa/colab/TMB2.47_unrelaxed_rank_003_alphafold2_ptm_model_2_seed_000.pdb,28.33
1968,bbarrel/repeat_msa/colab/HBI_b_31_unrelaxed_rank_004_alphafold2_ptm_model_4_seed_000.pdb,70.08
1969,bbarrel/repeat_msa/colab/HBI_b_56_unrelaxed_rank_004_alphafold2_ptm_model_3_seed_000.pdb,52.15
1970,bbarrel/repeat_msa/colab/HBI_b_04_unrelaxed_rank_004_alphafold2_ptm_model_3_seed_000.pdb,71.38
1971,bbarrel/repeat_msa/colab/TMB2.29_unrelaxed_rank_001_alphafold2_ptm_model_4_seed_000.pdb,71.75
1972,bbarrel/repeat_msa/colab/TMB2.32_unrelaxed_rank_001_alphafold2_ptm_model_5_seed_000.pdb,66.03
1973,bbarrel/repeat_msa/colab/TMB2.77_unrelaxed_rank_005_alphafold2_ptm_model_3_seed_000.pdb,30.07
1974,bbarrel/repeat_msa/colab/HBI_b_16_unrelaxed_rank_001_alphafold2_ptm_model_1_seed_000.pdb,81.9
1975,bbarrel/repeat_msa/colab/TMB2.8_unrelaxed_rank_001_alphafold2_ptm_model_4_seed_000.pdb,34.67
1976,bbarrel/repeat_msa/colab/TMB2.87_unrelaxed_rank_004_alphafold2_ptm_model_3_seed_000.pdb,28.83
1977,bbarrel/repeat_msa/colab/HBI_b_34_unrelaxed_rank_002_alphafold2_ptm_model_1_seed_000.pdb,79.3
1978,bbarrel/repeat_msa/colab/TMB2.49_unrelaxed_rank_004_alphafold2_ptm_model_5_seed_000.pdb,26.52
1979,bbarrel/repeat_msa/colab/TMB2.17_unrelaxed_rank_005_alphafold2_ptm_model_3_seed_000.pdb,29.12
1980,bbarrel/repeat_msa/colab/HBI_b_43_unrelaxed_rank_005_alphafold2_ptm_model_4_seed_000.pdb,40.83
1981,bbarrel/repeat_msa/colab/TMB2.21_unrelaxed_rank_002_alphafold2_ptm_model_4_seed_000.pdb,36.43
1982,bbarrel/repeat_msa/colab/HBI_b_28_unrelaxed_rank_004_alphafold2_ptm_model_2_seed_000.pdb,76.98
1983,bbarrel/repeat_msa/colab/TMB2.82_unrelaxed_rank_002_alphafold2_ptm_model_2_seed_000.pdb,29.63
1984,bbarrel/repeat_msa/colab/HBI_b_20_unrelaxed_rank_004_alphafold2_ptm_model_2_seed_000.pdb,79.3
1985,bbarrel/repeat_msa/colab/HBI_b_31_unrelaxed_rank_002_alphafold2_ptm_model_1_seed_000.pdb,80.23
1986,bbarrel/repeat_msa/colab/TMB2.64_unrelaxed_rank_001_alphafold2_ptm_model_5_seed_000.pdb,81.71
1987,bbarrel/repeat_msa/colab/TMB2.81_unrelaxed_rank_001_alphafold2_ptm_model_5_seed_000.pdb,67.91
1988,bbarrel/repeat_msa/colab/TMB2.3_unrelaxed_rank_004_alphafold2_ptm_model_3_seed_000.pdb,27.57
1989,bbarrel/repeat_msa/colab/HBI_b_01_unrelaxed_rank_003_alphafold2_ptm_model_2_seed_000.pdb,57.28
1990,bbarrel/repeat_msa/colab/TMB2.54_unrelaxed_rank_003_alphafold2_ptm_model_4_seed_000.pdb,39.34
1991,bbarrel/repeat_msa/colab/TMB2.67_unrelaxed_rank_004_alphafold2_ptm_model_3_seed_000.pdb,30.03
1992,bbarrel/repeat_msa/colab/TMB2.4_unrelaxed_rank_004_alphafold2_ptm_model_3_seed_000.pdb,27.93
1993,bbarrel/repeat_msa/colab/TMB2.88_unrelaxed_rank_003_alphafold2_ptm_model_2_seed_000.pdb,61.45
1994,bbarrel/repeat_msa/colab/TMB2.43_unrelaxed_rank_003_alphafold2_ptm_model_4_seed_000.pdb,33.09
1995,bbarrel/repeat_msa/colab/HBI_b_16_unrelaxed_rank_004_alphafold2_ptm_model_5_seed_000.pdb,71.88
1996,bbarrel/repeat_msa/colab/TMB2.22_unrelaxed_rank_004_alphafold2_ptm_model_3_seed_000.pdb,27.39
1997,bbarrel/repeat_msa/colab/HBI_b_03_unrelaxed_rank_001_alphafold2_ptm_model_2_seed_000.pdb,74.8
1998,bbarrel/repeat_msa/colab/TMB2.20_unrelaxed_rank_005_alphafold2_ptm_model_3_seed_000.pdb,25.43
1999,bbarrel/repeat_msa/colab/TMB2.68_unrelaxed_rank_004_alphafold2_ptm_model_1_seed_000.pdb,37.61
2000,bbarrel/repeat_msa/colab/TMB2.34_unrelaxed_rank_003_alphafold2_ptm_model_2_seed_000.pdb,39.01
2001,bbarrel/repeat_msa/colab/TMB2.12_unrelaxed_rank_005_alphafold2_ptm_model_4_seed_000.pdb,27.39
2002,bbarrel/repeat_msa/colab/TMB2.86_unrelaxed_rank_002_alphafold2_ptm_model_4_seed_000.pdb,31.1
2003,bbarrel/repeat_msa/colab/HBI_b_56_unrelaxed_rank_003_alphafold2_ptm_model_2_seed_000.pdb,80.75
2004,bbarrel/repeat_msa/colab/TMB2.72_unrelaxed_rank_002_alphafold2_ptm_model_2_seed_000.pdb,32.69
2005,bbarrel/repeat_msa/colab/HBI_b_53_unrelaxed_rank_005_alphafold2_ptm_model_4_seed_000.pdb,79.87
2006,bbarrel/repeat_msa/colab/HBI_b_49_unrelaxed_rank_004_alphafold2_ptm_model_2_seed_000.pdb,87.2
2007,bbarrel/repeat_msa/colab/HBI_b_07_unrelaxed_rank_005_alphafold2_ptm_model_2_seed_000.pdb,85.64
2008,bbarrel/repeat_msa/colab/HBI_b_53_unrelaxed_rank_001_alphafold2_ptm_model_1_seed_000.pdb,85.87
2009,bbarrel/repeat_msa/colab/HBI_b_13_unrelaxed_rank_002_alphafold2_ptm_model_2_seed_000.pdb,80.9
2010,bbarrel/repeat_msa/colab/TMB2.65_unrelaxed_rank_001_alphafold2_ptm_model_4_seed_000.pdb,80.36
2011,bbarrel/repeat_msa/colab/HBI_b_23_unrelaxed_rank_002_alphafold2_ptm_model_1_seed_000.pdb,88.13
2012,bbarrel/repeat_msa/colab/HBI_b_04_unrelaxed_rank_001_alphafold2_ptm_model_5_seed_000.pdb,82.84
2013,bbarrel/repeat_msa/colab/TMB2.7_unrelaxed_rank_003_alphafold2_ptm_model_2_seed_000.pdb,31.64
2014,bbarrel/repeat_msa/colab/HBI_b_53_unrelaxed_rank_002_alphafold2_ptm_model_5_seed_000.pdb,84.67
2015,bbarrel/repeat_msa/colab/TMB2.45_unrelaxed_rank_004_alphafold2_ptm_model_3_seed_000.pdb,73.11
2016,bbarrel/repeat_msa/colab/TMB2.37_unrelaxed_rank_004_alphafold2_ptm_model_2_seed_000.pdb,36.31
2017,bbarrel/repeat_msa/colab/TMB2.28_unrelaxed_rank_005_alphafold2_ptm_model_2_seed_000.pdb,29.08
2018,bbarrel/repeat_msa/colab/TMB2.20_unrelaxed_rank_002_alphafold2_ptm_model_1_seed_000.pdb,26.47
2019,bbarrel/repeat_msa/colab/TMB2.19_unrelaxed_rank_003_alphafold2_ptm_model_3_seed_000.pdb,55.36
2020,bbarrel/repeat_msa/colab/TMB2.24_unrelaxed_rank_001_alphafold2_ptm_model_4_seed_000.pdb,80.93
2021,bbarrel/repeat_msa/colab/HBI_b_37_unrelaxed_rank_004_alphafold2_ptm_model_5_seed_000.pdb,78.69
2022,bbarrel/repeat_msa/colab/TMB2.1_unrelaxed_rank_003_alphafold2_ptm_model_1_seed_000.pdb,27.7
2023,bbarrel/repeat_msa/colab/HBI_b_33_unrelaxed_rank_002_alphafold2_ptm_model_1_seed_000.pdb,80.86
2024,bbarrel/repeat_msa/colab/TMB2.33_unrelaxed_rank_003_alphafold2_ptm_model_2_seed_000.pdb,29.2
2025,bbarrel/repeat_msa/colab/TMB2.85_unrelaxed_rank_004_alphafold2_ptm_model_1_seed_000.pdb,29.86
2026,bbarrel/repeat_msa/colab/TMB2.34_unrelaxed_rank_001_alphafold2_ptm_model_5_seed_000.pdb,67.3
2027,bbarrel/repeat_msa/colab/HBI_b_19_unrelaxed_rank_003_alphafold2_ptm_model_5_seed_000.pdb,82.48
2028,bbarrel/repeat_msa/colab/HBI_b_44_unrelaxed_rank_003_alphafold2_ptm_model_5_seed_000.pdb,80.59
2029,bbarrel/repeat_msa/colab/TMB2.19_unrelaxed_rank_001_alphafold2_ptm_model_5_seed_000.pdb,67.57
2030,bbarrel/repeat_msa/colab/HBI_b_56_unrelaxed_rank_001_alphafold2_ptm_model_5_seed_000.pdb,83.68
2031,bbarrel/repeat_msa/colab/TMB2.70_unrelaxed_rank_003_alphafold2_ptm_model_4_seed_000.pdb,36.97
2032,bbarrel/repeat_msa/colab/TMB2.47_unrelaxed_rank_001_alphafold2_ptm_model_5_seed_000.pdb,69.89
2033,bbarrel/repeat_msa/colab/TMB2.3_unrelaxed_rank_002_alphafold2_ptm_model_5_seed_000.pdb,31.07
2034,bbarrel/repeat_msa/colab/HBI_b_16_unrelaxed_rank_002_alphafold2_ptm_model_3_seed_000.pdb,79.58
2035,bbarrel/repeat_msa/colab/HBI_b_10_unrelaxed_rank_002_alphafold2_ptm_model_2_seed_000.pdb,88.17
2036,bbarrel/repeat_msa/colab/TMB2.19_unrelaxed_rank_005_alphafold2_ptm_model_1_seed_000.pdb,35.57
2037,bbarrel/repeat_msa/colab/TMB2.22_unrelaxed_rank_002_alphafold2_ptm_model_4_seed_000.pdb,58.61
2038,bbarrel/repeat_msa/colab/TMB2.4_unrelaxed_rank_003_alphafold2_ptm_model_1_seed_000.pdb,29.42
2039,bbarrel/repeat_msa/colab/TMB2.4_unrelaxed_rank_005_alphafold2_ptm_model_4_seed_000.pdb,26.61
2040,bbarrel/repeat_msa/colab/TMB2.11_unrelaxed_rank_001_alphafold2_ptm_model_5_seed_000.pdb,32.46
2041,bbarrel/repeat_msa/colab/HBI_b_23_unrelaxed_rank_001_alphafold2_ptm_model_4_seed_000.pdb,89.59
2042,bbarrel/repeat_msa/colab/TMB2.48_unrelaxed_rank_005_alphafold2_ptm_model_3_seed_000.pdb,27.01
2043,bbarrel/repeat_msa/colab/HBI_b_27_unrelaxed_rank_001_alphafold2_ptm_model_1_seed_000.pdb,84.63
2044,bbarrel/repeat_msa/colab/HBI_b_25_unrelaxed_rank_003_alphafold2_ptm_model_2_seed_000.pdb,83.87
2045,bbarrel/repeat_msa/colab/TMB2.47_unrelaxed_rank_005_alphafold2_ptm_model_3_seed_000.pdb,26.52
2046,bbarrel/repeat_msa/colab/TMB2.3_unrelaxed_rank_001_alphafold2_ptm_model_2_seed_000.pdb,37.08
2047,bbarrel/repeat_msa/colab/TMB2.62_unrelaxed_rank_003_alphafold2_ptm_model_2_seed_000.pdb,37.91
2048,bbarrel/repeat_msa/colab/TMB2.78_unrelaxed_rank_004_alphafold2_ptm_model_1_seed_000.pdb,27.69
2049,bbarrel/repeat_msa/colab/HBI_b_02_unrelaxed_rank_004_alphafold2_ptm_model_1_seed_000.pdb,80.1
2050,bbarrel/repeat_msa/colab/TMB2.35_unrelaxed_rank_005_alphafold2_ptm_model_2_seed_000.pdb,29.69
2051,bbarrel/repeat_msa/colab/TMB2.71_unrelaxed_rank_002_alphafold2_ptm_model_4_seed_000.pdb,33.78
2052,bbarrel/repeat_msa/colab/HBI_b_21_unrelaxed_rank_004_alphafold2_ptm_model_2_seed_000.pdb,82.68
2053,bbarrel/repeat_msa/colab/TMB2.63_unrelaxed_rank_005_alphafold2_ptm_model_1_seed_000.pdb,28.8
2054,bbarrel/repeat_msa/colab/TMB2.64_unrelaxed_rank_004_alphafold2_ptm_model_1_seed_000.pdb,28.94
2055,bbarrel/repeat_msa/colab/TMB2.74_unrelaxed_rank_005_alphafold2_ptm_model_3_seed_000.pdb,29.94
2056,bbarrel/repeat_msa/colab/TMB2.66_unrelaxed_rank_003_alphafold2_ptm_model_2_seed_000.pdb,32.32
2057,bbarrel/repeat_msa/colab/HBI_b_41_unrelaxed_rank_002_alphafold2_ptm_model_1_seed_000.pdb,82.5
2058,bbarrel/repeat_msa/colab/TMB2.49_unrelaxed_rank_002_alphafold2_ptm_model_3_seed_000.pdb,28.31
2059,bbarrel/repeat_msa/colab/TMB2.9_unrelaxed_rank_003_alphafold2_ptm_model_4_seed_000.pdb,29.73
2060,bbarrel/design_templates_2/tm85.pdb,0.0
2061,bbarrel/design_templates_2/tm34.pdb,0.0
2062,bbarrel/design_templates_2/tm28.pdb,0.0
2063,bbarrel/design_templates_2/tm08.pdb,0.0
2064,bbarrel/design_templates_2/tm62.pdb,0.0
2065,bbarrel/design_templates_2/hb23.pdb,0.0
2066,bbarrel/design_templates_2/tm44.pdb,0.0
2067,bbarrel/design_templates_2/tm14.pdb,0.0
2068,bbarrel/design_templates_2/tm06.pdb,0.0
2069,bbarrel/design_templates_2/hb13.pdb,0.0
2070,bbarrel/design_templates_2/hb50.pdb,0.0
2071,bbarrel/design_templates_2/tm83.pdb,0.0
2072,bbarrel/design_templates_2/tm78.pdb,0.0
2073,bbarrel/design_templates_2/tm82.pdb,0.0
2074,bbarrel/design_templates_2/tm36.pdb,0.0
2075,bbarrel/design_templates_2/tm65.pdb,0.0
2076,bbarrel/design_templates_2/tm30.pdb,0.0
2077,bbarrel/design_templates_2/tm75.pdb,0.0
2078,bbarrel/design_templates_2/tm02.pdb,0.0
2079,bbarrel/design_templates_2/hb56.pdb,0.0
2080,bbarrel/design_templates_2/hb22.pdb,0.0
2081,bbarrel/design_templates_2/tm11.pdb,0.0
2082,bbarrel/design_templates_2/hb49.pdb,0.0
2083,bbarrel/design_templates_2/hb28.pdb,0.0
2084,bbarrel/design_templates_2/hb53.pdb,0.0
2085,bbarrel/design_templates_2/tm01.pdb,0.0
2086,bbarrel/design_templates_2/tm31.pdb,0.0
2087,bbarrel/design_templates_2/tm41.pdb,0.0
2088,bbarrel/design_templates_2/tm37.pdb,0.0
2089,bbarrel/design_templates_2/hb01.pdb,0.0
2090,bbarrel/design_templates_2/hb29.pdb,0.0
2091,bbarrel/design_templates_2/tm07.pdb,0.0
2092,bbarrel/design_templates_2/tm17.pdb,0.0
2093,bbarrel/design_templates_2/hb07.pdb,0.0
2094,bbarrel/design_templates_2/tm23.pdb,0.0
2095,bbarrel/design_templates_2/tm25.pdb,0.0
2096,bbarrel/design_templates_2/tm63.pdb,0.0
2097,bbarrel/design_templates_2/tm18.pdb,0.0
2098,bbarrel/design_templates_2/tm76.pdb,0.0
2099,bbarrel/design_templates_2/hb44.pdb,0.0
2100,bbarrel/design_templates_2/tm09.pdb,0.0
2101,bbarrel/design_templates_2/tm15.pdb,0.0
2102,bbarrel/design_templates_2/tm50.pdb,0.0
2103,bbarrel/design_templates_2/tm58.pdb,0.0
2104,bbarrel/design_templates_2/temps/tm85.pdb,0.0
2105,bbarrel/design_templates_2/temps/tm34.pdb,0.0
2106,bbarrel/design_templates_2/temps/tm28.pdb,0.0
2107,bbarrel/design_templates_2/temps/tm08.pdb,0.0
2108,bbarrel/design_templates_2/temps/tm62.pdb,0.0
2109,bbarrel/design_templates_2/temps/hb23.pdb,0.0
2110,bbarrel/design_templates_2/temps/tm44.pdb,0.0
2111,bbarrel/design_templates_2/temps/tm14.pdb,0.0
2112,bbarrel/design_templates_2/temps/tm06.pdb,0.0
2113,bbarrel/design_templates_2/temps/hb13.pdb,0.0
2114,bbarrel/design_templates_2/temps/hb50.pdb,0.0
2115,bbarrel/design_templates_2/temps/tm83.pdb,0.0
2116,bbarrel/design_templates_2/temps/tm78.pdb,0.0
2117,bbarrel/design_templates_2/temps/tm82.pdb,0.0
2118,bbarrel/design_templates_2/temps/tm36.pdb,0.0
2119,bbarrel/design_templates_2/temps/tm65.pdb,0.0
2120,bbarrel/design_templates_2/temps/tm30.pdb,0.0
2121,bbarrel/design_templates_2/temps/tm75.pdb,0.0
2122,bbarrel/design_templates_2/temps/tm02.pdb,0.0
2123,bbarrel/design_templates_2/temps/hb56.pdb,0.0
2124,bbarrel/design_templates_2/temps/hb22.pdb,0.0
2125,bbarrel/design_templates_2/temps/tm11.pdb,0.0
2126,bbarrel/design_templates_2/temps/hb49.pdb,0.0
2127,bbarrel/design_templates_2/temps/hb28.pdb,0.0
2128,bbarrel/design_templates_2/temps/hb53.pdb,0.0
2129,bbarrel/design_templates_2/temps/tm01.pdb,0.0
2130,bbarrel/design_templates_2/temps/tm31.pdb,0.0
2131,bbarrel/design_templates_2/temps/tm41.pdb,0.0
2132,bbarrel/design_templates_2/temps/tm37.pdb,0.0
2133,bbarrel/design_templates_2/temps/hb01.pdb,0.0
2134,bbarrel/design_templates_2/temps/hb29.pdb,0.0
2135,bbarrel/design_templates_2/temps/tm07.pdb,0.0
2136,bbarrel/design_templates_2/temps/tm17.pdb,0.0
2137,bbarrel/design_templates_2/temps/hb07.pdb,0.0
2138,bbarrel/design_templates_2/temps/tm23.pdb,0.0
2139,bbarrel/design_templates_2/temps/tm25.pdb,0.0
2140,bbarrel/design_templates_2/temps/tm63.pdb,0.0
2141,bbarrel/design_templates_2/temps/tm18.pdb,0.0
2142,bbarrel/design_templates_2/temps/tm76.pdb,0.0
2143,bbarrel/design_templates_2/temps/hb44.pdb,0.0
2144,bbarrel/design_templates_2/temps/tm09.pdb,0.0
2145,bbarrel/design_templates_2/temps/tm15.pdb,0.0
2146,bbarrel/design_templates_2/temps/tm50.pdb,0.0
2147,bbarrel/design_templates_2/temps/tm58.pdb,0.0
2148,bbarrel/design_templates_2/temps/tm47.pdb,0.0
2149,bbarrel/design_templates_2/temps/tm52.pdb,0.0
2150,bbarrel/design_templates_2/temps/hb43.pdb,0.0
2151,bbarrel/design_templates_2/temps/hb34.pdb,0.0
2152,bbarrel/design_templates_2/temps/hb10.pdb,0.0
2153,bbarrel/design_templates_2/temps/hb02.pdb,0.0
2154,bbarrel/design_templates_2/temps/hb55.pdb,0.0
2155,bbarrel/design_templates_2/temps/hb03.pdb,0.0
2156,bbarrel/design_templates_2/temps/hb33.pdb,0.0
2157,bbarrel/design_templates_2/temps/tm77.pdb,0.0
2158,bbarrel/design_templates_2/temps/tm80.pdb,0.0
2159,bbarrel/design_templates_2/temps/hb41.pdb,0.0
2160,bbarrel/design_templates_2/temps/hb46.pdb,0.0
2161,bbarrel/design_templates_2/temps/tm42.pdb,0.0
2162,bbarrel/design_templates_2/temps/tm66.pdb,0.0
2163,bbarrel/design_templates_2/temps/tm87.pdb,0.0
2164,bbarrel/design_templates_2/temps/tm70.pdb,0.0
2165,bbarrel/design_templates_2/temps/tm55.pdb,0.0
2166,bbarrel/design_templates_2/temps/tm74.pdb,0.0
2167,bbarrel/design_templates_2/temps/hb25.pdb,0.0
2168,bbarrel/design_templates_2/temps/tm38.pdb,0.0
2169,bbarrel/design_templates_2/temps/tm67.pdb,0.0
2170,bbarrel/design_templates_2/temps/hb35.pdb,0.0
2171,bbarrel/design_templates_2/temps/tm12.pdb,0.0
2172,bbarrel/design_templates_2/temps/tm60.pdb,0.0
2173,bbarrel/design_templates_2/temps/tm04.pdb,0.0
2174,bbarrel/design_templates_2/temps/tm21.pdb,0.0
2175,bbarrel/design_templates_2/temps/tm32.pdb,0.0
2176,bbarrel/design_templates_2/temps/tm35.pdb,0.0
2177,bbarrel/design_templates_2/temps/tm72.pdb,0.0
2178,bbarrel/design_templates_2/temps/hb40.pdb,0.0
2179,bbarrel/design_templates_2/temps/tm88.pdb,0.0
2180,bbarrel/design_templates_2/temps/tm26.pdb,0.0
2181,bbarrel/design_templates_2/temps/hb39.pdb,0.0
2182,bbarrel/design_templates_2/temps/tm68.pdb,0.0
2183,bbarrel/design_templates_2/temps/hb38.pdb,0.0
2184,bbarrel/design_templates_2/temps/tm59.pdb,0.0
2185,bbarrel/design_templates_2/temps/hb14.pdb,0.0
2186,bbarrel/design_templates_2/temps/hb15.pdb,0.0
2187,bbarrel/design_templates_2/temps/hb17.pdb,0.0
2188,bbarrel/design_templates_2/temps/tm79.pdb,0.0
2189,bbarrel/design_templates_2/temps/tm51.pdb,0.0
2190,bbarrel/design_templates_2/temps/tm49.pdb,0.0
2191,bbarrel/design_templates_2/temps/tm20.pdb,0.0
2192,bbarrel/design_templates_2/temps/tm43.pdb,0.0
2193,bbarrel/design_templates_2/temps/tm03.pdb,0.0
2194,bbarrel/design_templates_2/temps/tm84.pdb,0.0
2195,bbarrel/design_templates_2/temps/hb26.pdb,0.0
2196,bbarrel/design_templates_2/temps/hb19.pdb,0.0
2197,bbarrel/design_templates_2/temps/tm54.pdb,0.0
2198,bbarrel/design_templates_2/temps/tm29.pdb,0.0
2199,bbarrel/design_templates_2/temps/hb20.pdb,0.0
2200,bbarrel/design_templates_2/temps/hb09.pdb,0.0
2201,bbarrel/design_templates_2/temps/hb16.pdb,0.0
2202,bbarrel/design_templates_2/temps/tm57.pdb,0.0
2203,bbarrel/design_templates_2/temps/tm71.pdb,0.0
2204,bbarrel/design_templates_2/temps/hb27.pdb,0.0
2205,bbarrel/design_templates_2/temps/tm19.pdb,0.0
2206,bbarrel/design_templates_2/temps/tm86.pdb,0.0
2207,bbarrel/design_templates_2/temps/tm22.pdb,0.0
2208,bbarrel/design_templates_2/temps/tm64.pdb,0.0
2209,bbarrel/design_templates_2/temps/tm33.pdb,0.0
2210,bbarrel/design_templates_2/temps/hb37.pdb,0.0
2211,bbarrel/design_templates_2/temps/hb32.pdb,0.0
2212,bbarrel/design_templates_2/temps/hb31.pdb,0.0
2213,bbarrel/design_templates_2/temps/hb45.pdb,0.0
2214,bbarrel/design_templates_2/temps/tm39.pdb,0.0
2215,bbarrel/design_templates_2/temps/tm89.pdb,0.0
2216,bbarrel/design_templates_2/temps/hb21.pdb,0.0
2217,bbarrel/design_templates_2/temps/hb04.pdb,0.0
2218,bbarrel/design_templates_2/temps/tm56.pdb,0.0
2219,bbarrel/design_templates_2/temps/tm27.pdb,0.0
2220,bbarrel/design_templates_2/temps/tm45.pdb,0.0
2221,bbarrel/design_templates_2/temps/tm48.pdb,0.0
2222,bbarrel/design_templates_2/temps/tm05.pdb,0.0
2223,bbarrel/design_templates_2/temps/hb08.pdb,0.0
2224,bbarrel/design_templates_2/temps/tm81.pdb,0.0
2225,bbarrel/design_templates_2/temps/tm69.pdb,0.0
2226,bbarrel/design_templates_2/temps/tm24.pdb,0.0
2227,bbarrel/design_templates_2/temps/tm73.pdb,0.0
2228,bbarrel/design_templates_2/tm47.pdb,0.0
2229,bbarrel/design_templates_2/tm52.pdb,0.0
2230,bbarrel/design_templates_2/hb43.pdb,0.0
2231,bbarrel/design_templates_2/hb34.pdb,0.0
2232,bbarrel/design_templates_2/hb10.pdb,0.0
2233,bbarrel/design_templates_2/hb02.pdb,0.0
2234,bbarrel/design_templates_2/hb55.pdb,0.0
2235,bbarrel/design_templates_2/hb03.pdb,0.0
2236,bbarrel/design_templates_2/hb33.pdb,0.0
2237,bbarrel/design_templates_2/tm77.pdb,0.0
2238,bbarrel/design_templates_2/tm80.pdb,0.0
2239,bbarrel/design_templates_2/hb41.pdb,0.0
2240,bbarrel/design_templates_2/hb46.pdb,0.0
2241,bbarrel/design_templates_2/tm42.pdb,0.0
2242,bbarrel/design_templates_2/tm66.pdb,0.0
2243,bbarrel/design_templates_2/tm87.pdb,0.0
2244,bbarrel/design_templates_2/tm70.pdb,0.0
2245,bbarrel/design_templates_2/tm55.pdb,0.0
2246,bbarrel/design_templates_2/tm74.pdb,0.0
2247,bbarrel/design_templates_2/hb25.pdb,0.0
2248,bbarrel/design_templates_2/tm38.pdb,0.0
2249,bbarrel/design_templates_2/tm67.pdb,0.0
2250,bbarrel/design_templates_2/hb35.pdb,0.0
2251,bbarrel/design_templates_2/tm12.pdb,0.0
2252,bbarrel/design_templates_2/tm60.pdb,0.0
2253,bbarrel/design_templates_2/tm04.pdb,0.0
2254,bbarrel/design_templates_2/tm21.pdb,0.0
2255,bbarrel/design_templates_2/tm32.pdb,0.0
2256,bbarrel/design_templates_2/tm35.pdb,0.0
2257,bbarrel/design_templates_2/tm72.pdb,0.0
2258,bbarrel/design_templates_2/hb40.pdb,0.0
2259,bbarrel/design_templates_2/tm88.pdb,0.0
2260,bbarrel/design_templates_2/tm26.pdb,0.0
2261,bbarrel/design_templates_2/hb39.pdb,0.0
2262,bbarrel/design_templates_2/tm68.pdb,0.0
2263,bbarrel/design_templates_2/hb38.pdb,0.0
2264,bbarrel/design_templates_2/tm59.pdb,0.0
2265,bbarrel/design_templates_2/hb14.pdb,0.0
2266,bbarrel/design_templates_2/hb15.pdb,0.0
2267,bbarrel/design_templates_2/hb17.pdb,0.0
2268,bbarrel/design_templates_2/tm79.pdb,0.0
2269,bbarrel/design_templates_2/tm51.pdb,0.0
2270,bbarrel/design_templates_2/tm49.pdb,0.0
2271,bbarrel/design_templates_2/tm20.pdb,0.0
2272,bbarrel/design_templates_2/tm43.pdb,0.0
2273,bbarrel/design_templates_2/tm03.pdb,0.0
2274,bbarrel/design_templates_2/tm84.pdb,0.0
2275,bbarrel/design_templates_2/hb26.pdb,0.0
2276,bbarrel/design_templates_2/hb19.pdb,0.0
2277,bbarrel/design_templates_2/tm54.pdb,0.0
2278,bbarrel/design_templates_2/tm29.pdb,0.0
2279,bbarrel/design_templates_2/hb20.pdb,0.0
2280,bbarrel/design_templates_2/hb09.pdb,0.0
2281,bbarrel/design_templates_2/hb16.pdb,0.0
2282,bbarrel/design_templates_2/tm57.pdb,0.0
2283,bbarrel/design_templates_2/tm71.pdb,0.0
2284,bbarrel/design_templates_2/hb27.pdb,0.0
2285,bbarrel/design_templates_2/tm19.pdb,0.0
2286,bbarrel/design_templates_2/tm86.pdb,0.0
2287,bbarrel/design_templates_2/tm22.pdb,0.0
2288,bbarrel/design_templates_2/tm64.pdb,0.0
2289,bbarrel/design_templates_2/tm33.pdb,0.0
2290,bbarrel/design_templates_2/hb37.pdb,0.0
2291,bbarrel/design_templates_2/hb32.pdb,0.0
2292,bbarrel/design_templates_2/hb31.pdb,0.0
2293,bbarrel/design_templates_2/hb45.pdb,0.0
2294,bbarrel/design_templates_2/tm39.pdb,0.0
2295,bbarrel/design_templates_2/tm89.pdb,0.0
2296,bbarrel/design_templates_2/hb21.pdb,0.0
2297,bbarrel/design_templates_2/hb04.pdb,0.0
2298,bbarrel/design_templates_2/tm56.pdb,0.0
2299,bbarrel/design_templates_2/tm27.pdb,0.0
2300,bbarrel/design_templates_2/tm45.pdb,0.0
2301,bbarrel/design_templates_2/tm48.pdb,0.0
2302,bbarrel/design_templates_2/tm05.pdb,0.0
2303,bbarrel/design_templates_2/hb08.pdb,0.0
2304,bbarrel/design_templates_2/tm81.pdb,0.0
2305,bbarrel/design_templates_2/tm69.pdb,0.0
2306,bbarrel/design_templates_2/tm24.pdb,0.0
2307,bbarrel/design_templates_2/tm73.pdb,0.0
2308,bbarrel/with_template_2/colab_att/HBI_b_21_unrelaxed_rank_005_alphafold2_ptm_model_3_seed_000.pdb,84.84
2309,bbarrel/with_template_2/colab_att/HBI_b_44_unrelaxed_rank_005_alphafold2_ptm_model_3_seed_000.pdb,79.91
2310,bbarrel/with_template_2/colab_att/HBI_b_25_unrelaxed_rank_002_alphafold2_ptm_model_2_seed_000.pdb,90.14
2311,bbarrel/with_template_2/colab_att/HBI_b_46_unrelaxed_rank_005_alphafold2_ptm_model_5_seed_000.pdb,60.21
2312,bbarrel/with_template_2/colab_att/HBI_b_55_unrelaxed_rank_002_alphafold2_ptm_model_1_seed_000.pdb,93.46
2313,bbarrel/with_template_2/colab_att/HBI_b_34_unrelaxed_rank_002_alphafold2_ptm_model_2_seed_000.pdb,91.88
2314,bbarrel/with_template_2/colab_att/HBI_b_25_unrelaxed_rank_003_alphafold2_ptm_model_3_seed_000.pdb,87.59
2315,bbarrel/with_template_2/colab_att/HBI_b_04_unrelaxed_rank_003_alphafold2_ptm_model_3_seed_000.pdb,74.62
2316,bbarrel/with_template_2/colab_att/HBI_b_15_unrelaxed_rank_004_alphafold2_ptm_model_5_seed_000.pdb,88.1
2317,bbarrel/with_template_2/colab_att/HBI_b_35_unrelaxed_rank_005_alphafold2_ptm_model_4_seed_000.pdb,57.93
2318,bbarrel/with_template_2/colab_att/HBI_b_01_unrelaxed_rank_003_alphafold2_ptm_model_4_seed_000.pdb,80.29
2319,bbarrel/with_template_2/colab_att/HBI_b_09_unrelaxed_rank_001_alphafold2_ptm_model_2_seed_000.pdb,93.2
2320,bbarrel/with_template_2/colab_att/HBI_b_07_unrelaxed_rank_001_alphafold2_ptm_model_1_seed_000.pdb,93.04
2321,bbarrel/with_template_2/colab_att/HBI_b_31_unrelaxed_rank_005_alphafold2_ptm_model_3_seed_000.pdb,74.74
2322,bbarrel/with_template_2/colab_att/HBI_b_56_unrelaxed_rank_001_alphafold2_ptm_model_2_seed_000.pdb,92.87
2323,bbarrel/with_template_2/colab_att/HBI_b_15_unrelaxed_rank_001_alphafold2_ptm_model_1_seed_000.pdb,93.34
2324,bbarrel/with_template_2/colab_att/HBI_b_07_unrelaxed_rank_004_alphafold2_ptm_model_4_seed_000.pdb,87.05
2325,bbarrel/with_template_2/colab_att/HBI_b_13_unrelaxed_rank_003_alphafold2_ptm_model_4_seed_000.pdb,82.9
2326,bbarrel/with_template_2/colab_att/HBI_b_46_unrelaxed_rank_001_alphafold2_ptm_model_2_seed_000.pdb,93.43
2327,bbarrel/with_template_2/colab_att/HBI_b_34_unrelaxed_rank_004_alphafold2_ptm_model_3_seed_000.pdb,79.25
2328,bbarrel/with_template_2/colab_att/HBI_b_19_unrelaxed_rank_004_alphafold2_ptm_model_4_seed_000.pdb,85.34
2329,bbarrel/with_template_2/colab_att/HBI_b_56_unrelaxed_rank_002_alphafold2_ptm_model_1_seed_000.pdb,92.22
2330,bbarrel/with_template_2/colab_att/HBI_b_09_unrelaxed_rank_004_alphafold2_ptm_model_4_seed_000.pdb,86.71
2331,bbarrel/with_template_2/colab_att/HBI_b_09_unrelaxed_rank_003_alphafold2_ptm_model_5_seed_000.pdb,87.0
2332,bbarrel/with_template_2/colab_att/HBI_b_33_unrelaxed_rank_004_alphafold2_ptm_model_5_seed_000.pdb,78.48
2333,bbarrel/with_template_2/colab_att/HBI_b_16_unrelaxed_rank_001_alphafold2_ptm_model_2_seed_000.pdb,94.4
2334,bbarrel/with_template_2/colab_att/HBI_b_04_unrelaxed_rank_005_alphafold2_ptm_model_4_seed_000.pdb,69.71
2335,bbarrel/with_template_2/colab_att/HBI_b_14_unrelaxed_rank_005_alphafold2_ptm_model_4_seed_000.pdb,86.79
2336,bbarrel/with_template_2/colab_att/HBI_b_38_unrelaxed_rank_001_alphafold2_ptm_model_2_seed_000.pdb,92.11
2337,bbarrel/with_template_2/colab_att/HBI_b_35_unrelaxed_rank_004_alphafold2_ptm_model_3_seed_000.pdb,62.71
2338,bbarrel/with_template_2/colab_att/HBI_b_55_unrelaxed_rank_004_alphafold2_ptm_model_5_seed_000.pdb,74.96
2339,bbarrel/with_template_2/colab_att/HBI_b_41_unrelaxed_rank_003_alphafold2_ptm_model_5_seed_000.pdb,75.92
2340,bbarrel/with_template_2/colab_att/HBI_b_15_unrelaxed_rank_002_alphafold2_ptm_model_2_seed_000.pdb,93.22
2341,bbarrel/with_template_2/colab_att/HBI_b_04_unrelaxed_rank_002_alphafold2_ptm_model_1_seed_000.pdb,93.73
2342,bbarrel/with_template_2/colab_att/HBI_b_16_unrelaxed_rank_003_alphafold2_ptm_model_5_seed_000.pdb,84.75
2343,bbarrel/with_template_2/colab_att/HBI_b_53_unrelaxed_rank_004_alphafold2_ptm_model_5_seed_000.pdb,87.1
2344,bbarrel/with_template_2/colab_att/HBI_b_41_unrelaxed_rank_001_alphafold2_ptm_model_2_seed_000.pdb,90.88
2345,bbarrel/with_template_2/colab_att/HBI_b_08_unrelaxed_rank_001_alphafold2_ptm_model_2_seed_000.pdb,94.54
2346,bbarrel/with_template_2/colab_att/HBI_b_50_unrelaxed_rank_002_alphafold2_ptm_model_1_seed_000.pdb,93.52
2347,bbarrel/with_template_2/colab_att/HBI_b_19_unrelaxed_rank_002_alphafold2_ptm_model_1_seed_000.pdb,91.58
2348,bbarrel/with_template_2/colab_att/HBI_b_13_unrelaxed_rank_005_alphafold2_ptm_model_5_seed_000.pdb,78.77
2349,bbarrel/with_template_2/colab_att/HBI_b_17_unrelaxed_rank_005_alphafold2_ptm_model_5_seed_000.pdb,75.5
2350,bbarrel/with_template_2/colab_att/HBI_b_10_unrelaxed_rank_005_alphafold2_ptm_model_3_seed_000.pdb,86.83
2351,bbarrel/with_template_2/colab_att/HBI_b_14_unrelaxed_rank_002_alphafold2_ptm_model_2_seed_000.pdb,90.14
2352,bbarrel/with_template_2/colab_att/HBI_b_29_unrelaxed_rank_005_alphafold2_ptm_model_5_seed_000.pdb,78.29
2353,bbarrel/with_template_2/colab_att/HBI_b_53_unrelaxed_rank_002_alphafold2_ptm_model_2_seed_000.pdb,90.52
2354,bbarrel/with_template_2/colab_att/HBI_b_31_unrelaxed_rank_003_alphafold2_ptm_model_5_seed_000.pdb,83.29
2355,bbarrel/with_template_2/colab_att/HBI_b_46_unrelaxed_rank_004_alphafold2_ptm_model_4_seed_000.pdb,67.19
2356,bbarrel/with_template_2/colab_att/HBI_b_16_unrelaxed_rank_005_alphafold2_ptm_model_4_seed_000.pdb,77.39
2357,bbarrel/with_template_2/colab_att/HBI_b_28_unrelaxed_rank_005_alphafold2_ptm_model_5_seed_000.pdb,79.46
2358,bbarrel/with_template_2/colab_att/HBI_b_41_unrelaxed_rank_004_alphafold2_ptm_model_3_seed_000.pdb,55.68
2359,bbarrel/with_template_2/colab_att/HBI_b_08_unrelaxed_rank_005_alphafold2_ptm_model_5_seed_000.pdb,74.72
2360,bbarrel/with_template_2/colab_att/HBI_b_17_unrelaxed_rank_002_alphafold2_ptm_model_1_seed_000.pdb,94.2
2361,bbarrel/with_template_2/colab_att/HBI_b_37_unrelaxed_rank_002_alphafold2_ptm_model_2_seed_000.pdb,92.16
2362,bbarrel/with_template_2/colab_att/HBI_b_15_unrelaxed_rank_005_alphafold2_ptm_model_3_seed_000.pdb,85.59
2363,bbarrel/with_template_2/colab_att/HBI_b_49_unrelaxed_rank_003_alphafold2_ptm_model_4_seed_000.pdb,88.77
2364,bbarrel/with_template_2/colab_att/HBI_b_39_unrelaxed_rank_002_alphafold2_ptm_model_1_seed_000.pdb,90.32
2365,bbarrel/with_template_2/colab_att/HBI_b_21_unrelaxed_rank_002_alphafold2_ptm_model_1_seed_000.pdb,91.09
2366,bbarrel/with_template_2/colab_att/HBI_b_32_unrelaxed_rank_003_alphafold2_ptm_model_5_seed_000.pdb,89.77
2367,bbarrel/with_template_2/colab_att/HBI_b_43_unrelaxed_rank_002_alphafold2_ptm_model_2_seed_000.pdb,90.74
2368,bbarrel/with_template_2/colab_att/HBI_b_28_unrelaxed_rank_004_alphafold2_ptm_model_3_seed_000.pdb,79.66
2369,bbarrel/with_template_2/colab_att/HBI_b_44_unrelaxed_rank_004_alphafold2_ptm_model_4_seed_000.pdb,82.42
2370,bbarrel/with_template_2/colab_att/HBI_b_04_unrelaxed_rank_004_alphafold2_ptm_model_5_seed_000.pdb,73.97
2371,bbarrel/with_template_2/colab_att/HBI_b_04_unrelaxed_rank_001_alphafold2_ptm_model_2_seed_000.pdb,94.29
2372,bbarrel/with_template_2/colab_att/HBI_b_21_unrelaxed_rank_001_alphafold2_ptm_model_2_seed_000.pdb,91.41
2373,bbarrel/with_template_2/colab_att/HBI_b_20_unrelaxed_rank_003_alphafold2_ptm_model_4_seed_000.pdb,84.76
2374,bbarrel/with_template_2/colab_att/HBI_b_37_unrelaxed_rank_003_alphafold2_ptm_model_4_seed_000.pdb,85.03
2375,bbarrel/with_template_2/colab_att/HBI_b_56_unrelaxed_rank_003_alphafold2_ptm_model_5_seed_000.pdb,87.06
2376,bbarrel/with_template_2/colab_att/HBI_b_25_unrelaxed_rank_005_alphafold2_ptm_model_4_seed_000.pdb,84.26
2377,bbarrel/with_template_2/colab_att/HBI_b_17_unrelaxed_rank_001_alphafold2_ptm_model_2_seed_000.pdb,94.21
2378,bbarrel/with_template_2/colab_att/HBI_b_03_unrelaxed_rank_002_alphafold2_ptm_model_2_seed_000.pdb,87.06
2379,bbarrel/with_template_2/colab_att/HBI_b_43_unrelaxed_rank_001_alphafold2_ptm_model_1_seed_000.pdb,91.75
2380,bbarrel/with_template_2/colab_att/HBI_b_19_unrelaxed_rank_003_alphafold2_ptm_model_3_seed_000.pdb,86.75
2381,bbarrel/with_template_2/colab_att/HBI_b_03_unrelaxed_rank_004_alphafold2_ptm_model_4_seed_000.pdb,77.19
2382,bbarrel/with_template_2/colab_att/HBI_b_40_unrelaxed_rank_002_alphafold2_ptm_model_1_seed_000.pdb,92.86
2383,bbarrel/with_template_2/colab_att/HBI_b_10_unrelaxed_rank_004_alphafold2_ptm_model_5_seed_000.pdb,88.9
2384,bbarrel/with_template_2/colab_att/HBI_b_56_unrelaxed_rank_004_alphafold2_ptm_model_4_seed_000.pdb,86.23
2385,bbarrel/with_template_2/colab_att/HBI_b_49_unrelaxed_rank_001_alphafold2_ptm_model_2_seed_000.pdb,93.88
2386,bbarrel/with_template_2/colab_att/HBI_b_28_unrelaxed_rank_001_alphafold2_ptm_model_2_seed_000.pdb,94.04
2387,bbarrel/with_template_2/colab_att/HBI_b_56_unrelaxed_rank_005_alphafold2_ptm_model_3_seed_000.pdb,84.44
2388,bbarrel/with_template_2/colab_att/HBI_b_45_unrelaxed_rank_002_alphafold2_ptm_model_2_seed_000.pdb,91.3
2389,bbarrel/with_template_2/colab_att/HBI_b_25_unrelaxed_rank_001_alphafold2_ptm_model_1_seed_000.pdb,90.53
2390,bbarrel/with_template_2/colab_att/HBI_b_22_unrelaxed_rank_001_alphafold2_ptm_model_2_seed_000.pdb,93.75
2391,bbarrel/with_template_2/colab_att/HBI_b_50_unrelaxed_rank_005_alphafold2_ptm_model_3_seed_000.pdb,61.79
2392,bbarrel/with_template_2/colab_att/HBI_b_40_unrelaxed_rank_004_alphafold2_ptm_model_5_seed_000.pdb,81.42
2393,bbarrel/with_template_2/colab_att/HBI_b_44_unrelaxed_rank_002_alphafold2_ptm_model_2_seed_000.pdb,90.91
2394,bbarrel/with_template_2/colab_att/HBI_b_38_unrelaxed_rank_004_alphafold2_ptm_model_5_seed_000.pdb,84.58
2395,bbarrel/with_template_2/colab_att/HBI_b_23_unrelaxed_rank_003_alphafold2_ptm_model_4_seed_000.pdb,83.82
2396,bbarrel/with_template_2/colab_att/HBI_b_22_unrelaxed_rank_005_alphafold2_ptm_model_3_seed_000.pdb,87.61
2397,bbarrel/with_template_2/colab_att/HBI_b_02_unrelaxed_rank_002_alphafold2_ptm_model_2_seed_000.pdb,91.14
2398,bbarrel/with_template_2/colab_att/HBI_b_29_unrelaxed_rank_002_alphafold2_ptm_model_1_seed_000.pdb,93.82
2399,bbarrel/with_template_2/colab_att/HBI_b_19_unrelaxed_rank_001_alphafold2_ptm_model_2_seed_000.pdb,92.32
2400,bbarrel/with_template_2/colab_att/HBI_b_20_unrelaxed_rank_005_alphafold2_ptm_model_5_seed_000.pdb,80.76
2401,bbarrel/with_template_2/colab_att/HBI_b_27_unrelaxed_rank_004_alphafold2_ptm_model_5_seed_000.pdb,79.17
2402,bbarrel/with_template_2/colab_att/HBI_b_02_unrelaxed_rank_001_alphafold2_ptm_model_1_seed_000.pdb,91.75
2403,bbarrel/with_template_2/colab_att/HBI_b_41_unrelaxed_rank_005_alphafold2_ptm_model_4_seed_000.pdb,54.65
2404,bbarrel/with_template_2/colab_att/HBI_b_38_unrelaxed_rank_003_alphafold2_ptm_model_4_seed_000.pdb,85.93
2405,bbarrel/with_template_2/colab_att/HBI_b_43_unrelaxed_rank_005_alphafold2_ptm_model_3_seed_000.pdb,57.61
2406,bbarrel/with_template_2/colab_att/HBI_b_32_unrelaxed_rank_004_alphafold2_ptm_model_3_seed_000.pdb,88.68
2407,bbarrel/with_template_2/colab_att/HBI_b_55_unrelaxed_rank_005_alphafold2_ptm_model_4_seed_000.pdb,73.09
2408,bbarrel/with_template_2/colab_att/HBI_b_32_unrelaxed_rank_005_alphafold2_ptm_model_4_seed_000.pdb,88.29
2409,bbarrel/with_template_2/colab_att/HBI_b_03_unrelaxed_rank_001_alphafold2_ptm_model_1_seed_000.pdb,88.4
2410,bbarrel/with_template_2/colab_att/HBI_b_13_unrelaxed_rank_001_alphafold2_ptm_model_1_seed_000.pdb,89.12
2411,bbarrel/with_template_2/colab_att/HBI_b_08_unrelaxed_rank_004_alphafold2_ptm_model_3_seed_000.pdb,77.26
2412,bbarrel/with_template_2/colab_att/HBI_b_46_unrelaxed_rank_002_alphafold2_ptm_model_1_seed_000.pdb,93.09
2413,bbarrel/with_template_2/colab_att/HBI_b_53_unrelaxed_rank_003_alphafold2_ptm_model_3_seed_000.pdb,87.19
2414,bbarrel/with_template_2/colab_att/HBI_b_45_unrelaxed_rank_004_alphafold2_ptm_model_3_seed_000.pdb,73.24
2415,bbarrel/with_template_2/colab_att/HBI_b_33_unrelaxed_rank_001_alphafold2_ptm_model_2_seed_000.pdb,91.9
2416,bbarrel/with_template_2/colab_att/HBI_b_16_unrelaxed_rank_004_alphafold2_ptm_model_3_seed_000.pdb,80.12
2417,bbarrel/with_template_2/colab_att/HBI_b_25_unrelaxed_rank_004_alphafold2_ptm_model_5_seed_000.pdb,86.64
2418,bbarrel/with_template_2/colab_att/HBI_b_03_unrelaxed_rank_005_alphafold2_ptm_model_3_seed_000.pdb,57.86
2419,bbarrel/with_template_2/colab_att/HBI_b_39_unrelaxed_rank_003_alphafold2_ptm_model_4_seed_000.pdb,83.89
2420,bbarrel/with_template_2/colab_att/HBI_b_40_unrelaxed_rank_005_alphafold2_ptm_model_3_seed_000.pdb,62.19
2421,bbarrel/with_template_2/colab_att/HBI_b_02_unrelaxed_rank_005_alphafold2_ptm_model_4_seed_000.pdb,60.81
2422,bbarrel/with_template_2/colab_att/HBI_b_23_unrelaxed_rank_005_alphafold2_ptm_model_3_seed_000.pdb,77.88
2423,bbarrel/with_template_2/colab_att/HBI_b_17_unrelaxed_rank_004_alphafold2_ptm_model_3_seed_000.pdb,75.69
2424,bbarrel/with_template_2/colab_att/HBI_b_09_unrelaxed_rank_005_alphafold2_ptm_model_3_seed_000.pdb,86.31
2425,bbarrel/with_template_2/colab_att/HBI_b_14_unrelaxed_rank_001_alphafold2_ptm_model_1_seed_000.pdb,92.04
2426,bbarrel/with_template_2/colab_att/HBI_b_10_unrelaxed_rank_001_alphafold2_ptm_model_2_seed_000.pdb,92.41
2427,bbarrel/with_template_2/colab_att/HBI_b_45_unrelaxed_rank_001_alphafold2_ptm_model_1_seed_000.pdb,91.81
2428,bbarrel/with_template_2/colab_att/HBI_b_13_unrelaxed_rank_004_alphafold2_ptm_model_3_seed_000.pdb,79.55
2429,bbarrel/with_template_2/colab_att/HBI_b_44_unrelaxed_rank_001_alphafold2_ptm_model_1_seed_000.pdb,91.11
2430,bbarrel/with_template_2/colab_att/HBI_b_20_unrelaxed_rank_002_alphafold2_ptm_model_2_seed_000.pdb,92.4
2431,bbarrel/with_template_2/colab_att/HBI_b_16_unrelaxed_rank_002_alphafold2_ptm_model_1_seed_000.pdb,93.95
2432,bbarrel/with_template_2/colab_att/HBI_b_26_unrelaxed_rank_005_alphafold2_ptm_model_4_seed_000.pdb,89.11
2433,bbarrel/with_template_2/colab_att/HBI_b_37_unrelaxed_rank_001_alphafold2_ptm_model_1_seed_000.pdb,92.11
2434,bbarrel/with_template_2/colab_att/HBI_b_40_unrelaxed_rank_003_alphafold2_ptm_model_4_seed_000.pdb,83.94
2435,bbarrel/with_template_2/colab_att/HBI_b_08_unrelaxed_rank_002_alphafold2_ptm_model_1_seed_000.pdb,93.76
2436,bbarrel/with_template_2/colab_att/HBI_b_07_unrelaxed_rank_002_alphafold2_ptm_model_2_seed_000.pdb,92.09
2437,bbarrel/with_template_2/colab_att/HBI_b_26_unrelaxed_rank_004_alphafold2_ptm_model_3_seed_000.pdb,89.75
2438,bbarrel/with_template_2/colab_att/HBI_b_29_unrelaxed_rank_001_alphafold2_ptm_model_2_seed_000.pdb,94.18
2439,bbarrel/with_template_2/colab_att/HBI_b_29_unrelaxed_rank_003_alphafold2_ptm_model_3_seed_000.pdb,82.97
2440,bbarrel/with_template_2/colab_att/HBI_b_26_unrelaxed_rank_002_alphafold2_ptm_model_2_seed_000.pdb,93.33
2441,bbarrel/with_template_2/colab_att/HBI_b_35_unrelaxed_rank_001_alphafold2_ptm_model_2_seed_000.pdb,91.64
2442,bbarrel/with_template_2/colab_att/HBI_b_19_unrelaxed_rank_005_alphafold2_ptm_model_5_seed_000.pdb,72.59
2443,bbarrel/with_template_2/colab_att/HBI_b_33_unrelaxed_rank_003_alphafold2_ptm_model_4_seed_000.pdb,78.74
2444,bbarrel/with_template_2/colab_att/HBI_b_43_unrelaxed_rank_003_alphafold2_ptm_model_4_seed_000.pdb,81.6
2445,bbarrel/with_template_2/colab_att/HBI_b_23_unrelaxed_rank_001_alphafold2_ptm_model_2_seed_000.pdb,93.24
2446,bbarrel/with_template_2/colab_att/HBI_b_33_unrelaxed_rank_005_alphafold2_ptm_model_3_seed_000.pdb,77.04
2447,bbarrel/with_template_2/colab_att/HBI_b_27_unrelaxed_rank_003_alphafold2_ptm_model_4_seed_000.pdb,84.29
2448,bbarrel/with_template_2/colab_att/HBI_b_35_unrelaxed_rank_002_alphafold2_ptm_model_1_seed_000.pdb,90.73
2449,bbarrel/with_template_2/colab_att/HBI_b_14_unrelaxed_rank_004_alphafold2_ptm_model_5_seed_000.pdb,87.11
2450,bbarrel/with_template_2/colab_att/HBI_b_21_unrelaxed_rank_004_alphafold2_ptm_model_5_seed_000.pdb,87.12
2451,bbarrel/with_template_2/colab_att/HBI_b_28_unrelaxed_rank_002_alphafold2_ptm_model_1_seed_000.pdb,93.18
2452,bbarrel/with_template_2/colab_att/HBI_b_49_unrelaxed_rank_004_alphafold2_ptm_model_5_seed_000.pdb,87.88
2453,bbarrel/with_template_2/colab_att/HBI_b_49_unrelaxed_rank_005_alphafold2_ptm_model_3_seed_000.pdb,87.3
2454,bbarrel/with_template_2/colab_att/HBI_b_02_unrelaxed_rank_004_alphafold2_ptm_model_3_seed_000.pdb,83.5
2455,bbarrel/with_template_2/colab_att/HBI_b_45_unrelaxed_rank_005_alphafold2_ptm_model_4_seed_000.pdb,48.7
2456,bbarrel/with_template_2/colab_att/HBI_b_14_unrelaxed_rank_003_alphafold2_ptm_model_3_seed_000.pdb,87.55
2457,bbarrel/with_template_2/colab_att/HBI_b_34_unrelaxed_rank_005_alphafold2_ptm_model_5_seed_000.pdb,66.23
2458,bbarrel/with_template_2/colab_att/HBI_b_03_unrelaxed_rank_003_alphafold2_ptm_model_5_seed_000.pdb,80.52
2459,bbarrel/with_template_2/colab_att/HBI_b_50_unrelaxed_rank_001_alphafold2_ptm_model_2_seed_000.pdb,93.81
2460,bbarrel/with_template_2/colab_att/HBI_b_01_unrelaxed_rank_001_alphafold2_ptm_model_2_seed_000.pdb,93.71
2461,bbarrel/with_template_2/colab_att/HBI_b_20_unrelaxed_rank_001_alphafold2_ptm_model_1_seed_000.pdb,92.9
2462,bbarrel/with_template_2/colab_att/HBI_b_26_unrelaxed_rank_003_alphafold2_ptm_model_5_seed_000.pdb,89.79
2463,bbarrel/with_template_2/colab_att/HBI_b_46_unrelaxed_rank_003_alphafold2_ptm_model_3_seed_000.pdb,69.3
2464,bbarrel/with_template_2/colab_att/HBI_b_07_unrelaxed_rank_005_alphafold2_ptm_model_3_seed_000.pdb,85.4
2465,bbarrel/with_template_2/colab_att/HBI_b_43_unrelaxed_rank_004_alphafold2_ptm_model_5_seed_000.pdb,73.19
2466,bbarrel/with_template_2/colab_att/HBI_b_26_unrelaxed_rank_001_alphafold2_ptm_model_1_seed_000.pdb,93.79
2467,bbarrel/with_template_2/colab_att/HBI_b_28_unrelaxed_rank_003_alphafold2_ptm_model_4_seed_000.pdb,82.35
2468,bbarrel/with_template_2/colab_att/HBI_b_01_unrelaxed_rank_005_alphafold2_ptm_model_3_seed_000.pdb,59.03
2469,bbarrel/with_template_2/colab_att/HBI_b_07_unrelaxed_rank_003_alphafold2_ptm_model_5_seed_000.pdb,88.2
2470,bbarrel/with_template_2/colab_att/HBI_b_32_unrelaxed_rank_002_alphafold2_ptm_model_1_seed_000.pdb,92.64
2471,bbarrel/with_template_2/colab_att/HBI_b_55_unrelaxed_rank_003_alphafold2_ptm_model_3_seed_000.pdb,75.97
2472,bbarrel/with_template_2/colab_att/HBI_b_10_unrelaxed_rank_003_alphafold2_ptm_model_4_seed_000.pdb,89.1
2473,bbarrel/with_template_2/colab_att/HBI_b_21_unrelaxed_rank_003_alphafold2_ptm_model_4_seed_000.pdb,87.51
2474,bbarrel/with_template_2/colab_att/HBI_b_31_unrelaxed_rank_004_alphafold2_ptm_model_4_seed_000.pdb,80.8
2475,bbarrel/with_template_2/colab_att/HBI_b_27_unrelaxed_rank_005_alphafold2_ptm_model_3_seed_000.pdb,71.21
2476,bbarrel/with_template_2/colab_att/HBI_b_29_unrelaxed_rank_004_alphafold2_ptm_model_4_seed_000.pdb,82.92
2477,bbarrel/with_template_2/colab_att/HBI_b_50_unrelaxed_rank_003_alphafold2_ptm_model_4_seed_000.pdb,87.2
2478,bbarrel/with_template_2/colab_att/HBI_b_17_unrelaxed_rank_003_alphafold2_ptm_model_4_seed_000.pdb,79.69
2479,bbarrel/with_template_2/colab_att/HBI_b_35_unrelaxed_rank_003_alphafold2_ptm_model_5_seed_000.pdb,72.12
2480,bbarrel/with_template_2/colab_att/HBI_b_22_unrelaxed_rank_004_alphafold2_ptm_model_4_seed_000.pdb,89.44
2481,bbarrel/with_template_2/colab_att/HBI_b_31_unrelaxed_rank_002_alphafold2_ptm_model_2_seed_000.pdb,90.79
2482,bbarrel/with_template_2/colab_att/HBI_b_37_unrelaxed_rank_005_alphafold2_ptm_model_3_seed_000.pdb,74.46
2483,bbarrel/with_template_2/colab_att/HBI_b_38_unrelaxed_rank_005_alphafold2_ptm_model_3_seed_000.pdb,83.81
2484,bbarrel/with_template_2/colab_att/HBI_b_45_unrelaxed_rank_003_alphafold2_ptm_model_5_seed_000.pdb,75.09
2485,bbarrel/with_template_2/colab_att/HBI_b_34_unrelaxed_rank_003_alphafold2_ptm_model_4_seed_000.pdb,79.45
2486,bbarrel/with_template_2/colab_att/HBI_b_01_unrelaxed_rank_004_alphafold2_ptm_model_5_seed_000.pdb,77.59
2487,bbarrel/with_template_2/colab_att/HBI_b_53_unrelaxed_rank_005_alphafold2_ptm_model_4_seed_000.pdb,86.86
2488,bbarrel/with_template_2/colab_att/HBI_b_27_unrelaxed_rank_002_alphafold2_ptm_model_1_seed_000.pdb,90.81
2489,bbarrel/with_template_2/colab_att/HBI_b_22_unrelaxed_rank_002_alphafold2_ptm_model_1_seed_000.pdb,93.29
2490,bbarrel/with_template_2/colab_att/HBI_b_39_unrelaxed_rank_005_alphafold2_ptm_model_3_seed_000.pdb,82.71
2491,bbarrel/with_template_2/colab_att/HBI_b_53_unrelaxed_rank_001_alphafold2_ptm_model_1_seed_000.pdb,91.14
2492,bbarrel/with_template_2/colab_att/HBI_b_13_unrelaxed_rank_002_alphafold2_ptm_model_2_seed_000.pdb,88.56
2493,bbarrel/with_template_2/colab_att/HBI_b_50_unrelaxed_rank_004_alphafold2_ptm_model_5_seed_000.pdb,82.57
2494,bbarrel/with_template_2/colab_att/HBI_b_23_unrelaxed_rank_002_alphafold2_ptm_model_1_seed_000.pdb,93.07
2495,bbarrel/with_template_2/colab_att/HBI_b_27_unrelaxed_rank_001_alphafold2_ptm_model_2_seed_000.pdb,91.66
2496,bbarrel/with_template_2/colab_att/HBI_b_02_unrelaxed_rank_003_alphafold2_ptm_model_5_seed_000.pdb,83.51
2497,bbarrel/with_template_2/colab_att/HBI_b_37_unrelaxed_rank_004_alphafold2_ptm_model_5_seed_000.pdb,81.46
2498,bbarrel/with_template_2/colab_att/HBI_b_33_unrelaxed_rank_002_alphafold2_ptm_model_1_seed_000.pdb,90.8
2499,bbarrel/with_template_2/colab_att/HBI_b_39_unrelaxed_rank_004_alphafold2_ptm_model_5_seed_000.pdb,83.85
2500,bbarrel/with_template_2/colab_att/HBI_b_01_unrelaxed_rank_002_alphafold2_ptm_model_1_seed_000.pdb,93.55
2501,bbarrel/with_template_2/colab_att/HBI_b_44_unrelaxed_rank_003_alphafold2_ptm_model_5_seed_000.pdb,83.88
2502,bbarrel/with_template_2/colab_att/HBI_b_09_unrelaxed_rank_002_alphafold2_ptm_model_1_seed_000.pdb,93.09
2503,bbarrel/with_template_2/colab_att/HBI_b_38_unrelaxed_rank_002_alphafold2_ptm_model_1_seed_000.pdb,91.68
2504,bbarrel/with_template_2/colab_att/HBI_b_22_unrelaxed_rank_003_alphafold2_ptm_model_5_seed_000.pdb,91.26
2505,bbarrel/with_template_2/colab_att/HBI_b_55_unrelaxed_rank_001_alphafold2_ptm_model_2_seed_000.pdb,93.85
2506,bbarrel/with_template_2/colab_att/HBI_b_49_unrelaxed_rank_002_alphafold2_ptm_model_1_seed_000.pdb,93.47
2507,bbarrel/with_template_2/colab_att/HBI_b_34_unrelaxed_rank_001_alphafold2_ptm_model_1_seed_000.pdb,91.91
2508,bbarrel/with_template_2/colab_att/HBI_b_40_unrelaxed_rank_001_alphafold2_ptm_model_2_seed_000.pdb,93.02
2509,bbarrel/with_template_2/colab_att/HBI_b_10_unrelaxed_rank_002_alphafold2_ptm_model_1_seed_000.pdb,92.07
2510,bbarrel/with_template_2/colab_att/HBI_b_23_unrelaxed_rank_004_alphafold2_ptm_model_5_seed_000.pdb,80.79
2511,bbarrel/with_template_2/colab_att/HBI_b_31_unrelaxed_rank_001_alphafold2_ptm_model_1_seed_000.pdb,91.41
2512,bbarrel/with_template_2/colab_att/HBI_b_20_unrelaxed_rank_004_alphafold2_ptm_model_3_seed_000.pdb,82.68
2513,bbarrel/with_template_2/colab_att/HBI_b_41_unrelaxed_rank_002_alphafold2_ptm_model_1_seed_000.pdb,90.73
2514,bbarrel/with_template_2/colab_att/HBI_b_32_unrelaxed_rank_001_alphafold2_ptm_model_2_seed_000.pdb,92.94
2515,bbarrel/with_template_2/colab_att/HBI_b_15_unrelaxed_rank_003_alphafold2_ptm_model_4_seed_000.pdb,90.3
2516,bbarrel/with_template_2/colab_att/HBI_b_39_unrelaxed_rank_001_alphafold2_ptm_model_2_seed_000.pdb,90.83
2517,bbarrel/with_template_2/colab_att/HBI_b_08_unrelaxed_rank_003_alphafold2_ptm_model_4_seed_000.pdb,86.6
2518,bbarrel/with_template_2/colab/HBI_b_21_unrelaxed_rank_005_alphafold2_ptm_model_3_seed_000.pdb,84.0
2519,bbarrel/with_template_2/colab/HBI_b_44_unrelaxed_rank_005_alphafold2_ptm_model_3_seed_000.pdb,79.07
2520,bbarrel/with_template_2/colab/HBI_b_25_unrelaxed_rank_002_alphafold2_ptm_model_2_seed_000.pdb,89.27
2521,bbarrel/with_template_2/colab/HBI_b_46_unrelaxed_rank_005_alphafold2_ptm_model_5_seed_000.pdb,59.84
2522,bbarrel/with_template_2/colab/HBI_b_55_unrelaxed_rank_002_alphafold2_ptm_model_1_seed_000.pdb,92.61
2523,bbarrel/with_template_2/colab/HBI_b_34_unrelaxed_rank_002_alphafold2_ptm_model_2_seed_000.pdb,91.01
2524,bbarrel/with_template_2/colab/HBI_b_25_unrelaxed_rank_003_alphafold2_ptm_model_3_seed_000.pdb,86.72
2525,bbarrel/with_template_2/colab/HBI_b_04_unrelaxed_rank_003_alphafold2_ptm_model_3_seed_000.pdb,73.97
2526,bbarrel/with_template_2/colab/HBI_b_15_unrelaxed_rank_004_alphafold2_ptm_model_5_seed_000.pdb,87.38
2527,bbarrel/with_template_2/colab/HBI_b_35_unrelaxed_rank_005_alphafold2_ptm_model_4_seed_000.pdb,57.44
2528,bbarrel/with_template_2/colab/HBI_b_01_unrelaxed_rank_003_alphafold2_ptm_model_4_seed_000.pdb,79.71
2529,bbarrel/with_template_2/colab/HBI_b_09_unrelaxed_rank_001_alphafold2_ptm_model_2_seed_000.pdb,92.35
2530,bbarrel/with_template_2/colab/HBI_b_07_unrelaxed_rank_001_alphafold2_ptm_model_1_seed_000.pdb,92.27
2531,bbarrel/with_template_2/colab/HBI_b_31_unrelaxed_rank_005_alphafold2_ptm_model_3_seed_000.pdb,73.95
2532,bbarrel/with_template_2/colab/HBI_b_56_unrelaxed_rank_001_alphafold2_ptm_model_2_seed_000.pdb,92.01
2533,bbarrel/with_template_2/colab/HBI_b_15_unrelaxed_rank_001_alphafold2_ptm_model_1_seed_000.pdb,92.51
2534,bbarrel/with_template_2/colab/HBI_b_07_unrelaxed_rank_004_alphafold2_ptm_model_4_seed_000.pdb,86.27
2535,bbarrel/with_template_2/colab/HBI_b_13_unrelaxed_rank_003_alphafold2_ptm_model_4_seed_000.pdb,82.47
2536,bbarrel/with_template_2/colab/HBI_b_46_unrelaxed_rank_001_alphafold2_ptm_model_2_seed_000.pdb,92.49
2537,bbarrel/with_template_2/colab/HBI_b_34_unrelaxed_rank_004_alphafold2_ptm_model_3_seed_000.pdb,78.55
2538,bbarrel/with_template_2/colab/HBI_b_19_unrelaxed_rank_004_alphafold2_ptm_model_4_seed_000.pdb,84.55
2539,bbarrel/with_template_2/colab/HBI_b_56_unrelaxed_rank_002_alphafold2_ptm_model_1_seed_000.pdb,91.37
2540,bbarrel/with_template_2/colab/HBI_b_09_unrelaxed_rank_004_alphafold2_ptm_model_4_seed_000.pdb,85.87
2541,bbarrel/with_template_2/colab/HBI_b_09_unrelaxed_rank_003_alphafold2_ptm_model_5_seed_000.pdb,86.31
2542,bbarrel/with_template_2/colab/HBI_b_33_unrelaxed_rank_004_alphafold2_ptm_model_5_seed_000.pdb,77.81
2543,bbarrel/with_template_2/colab/HBI_b_16_unrelaxed_rank_001_alphafold2_ptm_model_2_seed_000.pdb,93.6
2544,bbarrel/with_template_2/colab/HBI_b_04_unrelaxed_rank_005_alphafold2_ptm_model_4_seed_000.pdb,69.18
2545,bbarrel/with_template_2/colab/HBI_b_14_unrelaxed_rank_005_alphafold2_ptm_model_4_seed_000.pdb,86.13
2546,bbarrel/with_template_2/colab/HBI_b_38_unrelaxed_rank_001_alphafold2_ptm_model_2_seed_000.pdb,91.32
2547,bbarrel/with_template_2/colab/HBI_b_35_unrelaxed_rank_004_alphafold2_ptm_model_3_seed_000.pdb,62.09
2548,bbarrel/with_template_2/colab/HBI_b_55_unrelaxed_rank_004_alphafold2_ptm_model_5_seed_000.pdb,74.45
2549,bbarrel/with_template_2/colab/HBI_b_41_unrelaxed_rank_003_alphafold2_ptm_model_5_seed_000.pdb,75.18
2550,bbarrel/with_template_2/colab/HBI_b_15_unrelaxed_rank_002_alphafold2_ptm_model_2_seed_000.pdb,92.36
2551,bbarrel/with_template_2/colab/HBI_b_04_unrelaxed_rank_002_alphafold2_ptm_model_1_seed_000.pdb,92.91
2552,bbarrel/with_template_2/colab/HBI_b_16_unrelaxed_rank_003_alphafold2_ptm_model_5_seed_000.pdb,84.1
2553,bbarrel/with_template_2/colab/HBI_b_53_unrelaxed_rank_004_alphafold2_ptm_model_5_seed_000.pdb,86.63
2554,bbarrel/with_template_2/colab/HBI_b_41_unrelaxed_rank_001_alphafold2_ptm_model_2_seed_000.pdb,90.07
2555,bbarrel/with_template_2/colab/HBI_b_08_unrelaxed_rank_001_alphafold2_ptm_model_2_seed_000.pdb,93.69
2556,bbarrel/with_template_2/colab/HBI_b_50_unrelaxed_rank_002_alphafold2_ptm_model_1_seed_000.pdb,92.67
2557,bbarrel/with_template_2/colab/HBI_b_19_unrelaxed_rank_002_alphafold2_ptm_model_1_seed_000.pdb,90.66
2558,bbarrel/with_template_2/colab/HBI_b_13_unrelaxed_rank_005_alphafold2_ptm_model_5_seed_000.pdb,78.36
2559,bbarrel/with_template_2/colab/HBI_b_17_unrelaxed_rank_005_alphafold2_ptm_model_5_seed_000.pdb,74.9
2560,bbarrel/with_template_2/colab/HBI_b_10_unrelaxed_rank_005_alphafold2_ptm_model_3_seed_000.pdb,86.09
2561,bbarrel/with_template_2/colab/HBI_b_14_unrelaxed_rank_002_alphafold2_ptm_model_2_seed_000.pdb,89.28
2562,bbarrel/with_template_2/colab/HBI_b_29_unrelaxed_rank_005_alphafold2_ptm_model_5_seed_000.pdb,77.6
2563,bbarrel/with_template_2/colab/HBI_b_53_unrelaxed_rank_002_alphafold2_ptm_model_2_seed_000.pdb,89.74
2564,bbarrel/with_template_2/colab/HBI_b_31_unrelaxed_rank_003_alphafold2_ptm_model_5_seed_000.pdb,82.56
2565,bbarrel/with_template_2/colab/HBI_b_46_unrelaxed_rank_004_alphafold2_ptm_model_4_seed_000.pdb,66.55
2566,bbarrel/with_template_2/colab/HBI_b_16_unrelaxed_rank_005_alphafold2_ptm_model_4_seed_000.pdb,76.73
2567,bbarrel/with_template_2/colab/HBI_b_28_unrelaxed_rank_005_alphafold2_ptm_model_5_seed_000.pdb,78.87
2568,bbarrel/with_template_2/colab/HBI_b_41_unrelaxed_rank_004_alphafold2_ptm_model_3_seed_000.pdb,55.41
2569,bbarrel/with_template_2/colab/HBI_b_08_unrelaxed_rank_005_alphafold2_ptm_model_5_seed_000.pdb,74.19
2570,bbarrel/with_template_2/colab/HBI_b_17_unrelaxed_rank_002_alphafold2_ptm_model_1_seed_000.pdb,93.55
2571,bbarrel/with_template_2/colab/HBI_b_37_unrelaxed_rank_002_alphafold2_ptm_model_2_seed_000.pdb,91.33
2572,bbarrel/with_template_2/colab/HBI_b_15_unrelaxed_rank_005_alphafold2_ptm_model_3_seed_000.pdb,84.76
2573,bbarrel/with_template_2/colab/HBI_b_49_unrelaxed_rank_003_alphafold2_ptm_model_4_seed_000.pdb,88.05
2574,bbarrel/with_template_2/colab/HBI_b_39_unrelaxed_rank_002_alphafold2_ptm_model_1_seed_000.pdb,89.39
2575,bbarrel/with_template_2/colab/HBI_b_21_unrelaxed_rank_002_alphafold2_ptm_model_1_seed_000.pdb,90.18
2576,bbarrel/with_template_2/colab/HBI_b_32_unrelaxed_rank_003_alphafold2_ptm_model_5_seed_000.pdb,89.08
2577,bbarrel/with_template_2/colab/HBI_b_43_unrelaxed_rank_002_alphafold2_ptm_model_2_seed_000.pdb,89.89
2578,bbarrel/with_template_2/colab/HBI_b_28_unrelaxed_rank_004_alphafold2_ptm_model_3_seed_000.pdb,79.0
2579,bbarrel/with_template_2/colab/HBI_b_44_unrelaxed_rank_004_alphafold2_ptm_model_4_seed_000.pdb,81.63
2580,bbarrel/with_template_2/colab/HBI_b_04_unrelaxed_rank_004_alphafold2_ptm_model_5_seed_000.pdb,73.49
2581,bbarrel/with_template_2/colab/HBI_b_04_unrelaxed_rank_001_alphafold2_ptm_model_2_seed_000.pdb,93.45
2582,bbarrel/with_template_2/colab/HBI_b_21_unrelaxed_rank_001_alphafold2_ptm_model_2_seed_000.pdb,90.54
2583,bbarrel/with_template_2/colab/HBI_b_20_unrelaxed_rank_003_alphafold2_ptm_model_4_seed_000.pdb,84.1
2584,bbarrel/with_template_2/colab/HBI_b_37_unrelaxed_rank_003_alphafold2_ptm_model_4_seed_000.pdb,84.37
2585,bbarrel/with_template_2/colab/HBI_b_56_unrelaxed_rank_003_alphafold2_ptm_model_5_seed_000.pdb,86.42
2586,bbarrel/with_template_2/colab/HBI_b_25_unrelaxed_rank_005_alphafold2_ptm_model_4_seed_000.pdb,83.51
2587,bbarrel/with_template_2/colab/HBI_b_17_unrelaxed_rank_001_alphafold2_ptm_model_2_seed_000.pdb,93.64
2588,bbarrel/with_template_2/colab/HBI_b_03_unrelaxed_rank_002_alphafold2_ptm_model_2_seed_000.pdb,86.22
2589,bbarrel/with_template_2/colab/HBI_b_43_unrelaxed_rank_001_alphafold2_ptm_model_1_seed_000.pdb,90.96
2590,bbarrel/with_template_2/colab/HBI_b_19_unrelaxed_rank_003_alphafold2_ptm_model_3_seed_000.pdb,85.97
2591,bbarrel/with_template_2/colab/HBI_b_03_unrelaxed_rank_004_alphafold2_ptm_model_4_seed_000.pdb,76.65
2592,bbarrel/with_template_2/colab/HBI_b_40_unrelaxed_rank_002_alphafold2_ptm_model_1_seed_000.pdb,91.94
2593,bbarrel/with_template_2/colab/HBI_b_10_unrelaxed_rank_004_alphafold2_ptm_model_5_seed_000.pdb,88.21
2594,bbarrel/with_template_2/colab/HBI_b_56_unrelaxed_rank_004_alphafold2_ptm_model_4_seed_000.pdb,85.58
2595,bbarrel/with_template_2/colab/HBI_b_49_unrelaxed_rank_001_alphafold2_ptm_model_2_seed_000.pdb,93.12
2596,bbarrel/with_template_2/colab/HBI_b_28_unrelaxed_rank_001_alphafold2_ptm_model_2_seed_000.pdb,93.27
2597,bbarrel/with_template_2/colab/HBI_b_56_unrelaxed_rank_005_alphafold2_ptm_model_3_seed_000.pdb,83.75
2598,bbarrel/with_template_2/colab/HBI_b_45_unrelaxed_rank_002_alphafold2_ptm_model_2_seed_000.pdb,90.54
2599,bbarrel/with_template_2/colab/HBI_b_25_unrelaxed_rank_001_alphafold2_ptm_model_1_seed_000.pdb,89.64
2600,bbarrel/with_template_2/colab/HBI_b_22_unrelaxed_rank_001_alphafold2_ptm_model_2_seed_000.pdb,92.93
2601,bbarrel/with_template_2/colab/HBI_b_50_unrelaxed_rank_005_alphafold2_ptm_model_3_seed_000.pdb,61.23
2602,bbarrel/with_template_2/colab/HBI_b_40_unrelaxed_rank_004_alphafold2_ptm_model_5_seed_000.pdb,80.78
2603,bbarrel/with_template_2/colab/HBI_b_44_unrelaxed_rank_002_alphafold2_ptm_model_2_seed_000.pdb,90.08
2604,bbarrel/with_template_2/colab/HBI_b_38_unrelaxed_rank_004_alphafold2_ptm_model_5_seed_000.pdb,83.89
2605,bbarrel/with_template_2/colab/HBI_b_23_unrelaxed_rank_003_alphafold2_ptm_model_4_seed_000.pdb,83.15
2606,bbarrel/with_template_2/colab/HBI_b_22_unrelaxed_rank_005_alphafold2_ptm_model_3_seed_000.pdb,86.76
2607,bbarrel/with_template_2/colab/HBI_b_02_unrelaxed_rank_002_alphafold2_ptm_model_2_seed_000.pdb,90.4
2608,bbarrel/with_template_2/colab/HBI_b_29_unrelaxed_rank_002_alphafold2_ptm_model_1_seed_000.pdb,93.18
2609,bbarrel/with_template_2/colab/HBI_b_19_unrelaxed_rank_001_alphafold2_ptm_model_2_seed_000.pdb,91.43
2610,bbarrel/with_template_2/colab/HBI_b_20_unrelaxed_rank_005_alphafold2_ptm_model_5_seed_000.pdb,80.19
2611,bbarrel/with_template_2/colab/HBI_b_27_unrelaxed_rank_004_alphafold2_ptm_model_5_seed_000.pdb,78.53
2612,bbarrel/with_template_2/colab/HBI_b_02_unrelaxed_rank_001_alphafold2_ptm_model_1_seed_000.pdb,90.98
2613,bbarrel/with_template_2/colab/HBI_b_41_unrelaxed_rank_005_alphafold2_ptm_model_4_seed_000.pdb,54.37
2614,bbarrel/with_template_2/colab/HBI_b_38_unrelaxed_rank_003_alphafold2_ptm_model_4_seed_000.pdb,85.1
2615,bbarrel/with_template_2/colab/HBI_b_43_unrelaxed_rank_005_alphafold2_ptm_model_3_seed_000.pdb,57.07
2616,bbarrel/with_template_2/colab/HBI_b_32_unrelaxed_rank_004_alphafold2_ptm_model_3_seed_000.pdb,87.87
2617,bbarrel/with_template_2/colab/HBI_b_55_unrelaxed_rank_005_alphafold2_ptm_model_4_seed_000.pdb,72.43
2618,bbarrel/with_template_2/colab/HBI_b_32_unrelaxed_rank_005_alphafold2_ptm_model_4_seed_000.pdb,87.55
2619,bbarrel/with_template_2/colab/HBI_b_03_unrelaxed_rank_001_alphafold2_ptm_model_1_seed_000.pdb,87.55
2620,bbarrel/with_template_2/colab/HBI_b_13_unrelaxed_rank_001_alphafold2_ptm_model_1_seed_000.pdb,88.56
2621,bbarrel/with_template_2/colab/HBI_b_08_unrelaxed_rank_004_alphafold2_ptm_model_3_seed_000.pdb,76.53
2622,bbarrel/with_template_2/colab/HBI_b_46_unrelaxed_rank_002_alphafold2_ptm_model_1_seed_000.pdb,92.17
2623,bbarrel/with_template_2/colab/HBI_b_53_unrelaxed_rank_003_alphafold2_ptm_model_3_seed_000.pdb,86.79
2624,bbarrel/with_template_2/colab/HBI_b_45_unrelaxed_rank_004_alphafold2_ptm_model_3_seed_000.pdb,72.64
2625,bbarrel/with_template_2/colab/HBI_b_33_unrelaxed_rank_001_alphafold2_ptm_model_2_seed_000.pdb,91.17
2626,bbarrel/with_template_2/colab/HBI_b_16_unrelaxed_rank_004_alphafold2_ptm_model_3_seed_000.pdb,79.31
2627,bbarrel/with_template_2/colab/HBI_b_25_unrelaxed_rank_004_alphafold2_ptm_model_5_seed_000.pdb,85.94
2628,bbarrel/with_template_2/colab/HBI_b_03_unrelaxed_rank_005_alphafold2_ptm_model_3_seed_000.pdb,57.3
2629,bbarrel/with_template_2/colab/HBI_b_39_unrelaxed_rank_003_alphafold2_ptm_model_4_seed_000.pdb,83.26
2630,bbarrel/with_template_2/colab/HBI_b_40_unrelaxed_rank_005_alphafold2_ptm_model_3_seed_000.pdb,61.63
2631,bbarrel/with_template_2/colab/HBI_b_02_unrelaxed_rank_005_alphafold2_ptm_model_4_seed_000.pdb,60.37
2632,bbarrel/with_template_2/colab/HBI_b_23_unrelaxed_rank_005_alphafold2_ptm_model_3_seed_000.pdb,77.28
2633,bbarrel/with_template_2/colab/HBI_b_17_unrelaxed_rank_004_alphafold2_ptm_model_3_seed_000.pdb,75.01
2634,bbarrel/with_template_2/colab/HBI_b_09_unrelaxed_rank_005_alphafold2_ptm_model_3_seed_000.pdb,85.48
2635,bbarrel/with_template_2/colab/HBI_b_14_unrelaxed_rank_001_alphafold2_ptm_model_1_seed_000.pdb,91.16
2636,bbarrel/with_template_2/colab/HBI_b_10_unrelaxed_rank_001_alphafold2_ptm_model_2_seed_000.pdb,91.55
2637,bbarrel/with_template_2/colab/HBI_b_45_unrelaxed_rank_001_alphafold2_ptm_model_1_seed_000.pdb,91.02
2638,bbarrel/with_template_2/colab/HBI_b_13_unrelaxed_rank_004_alphafold2_ptm_model_3_seed_000.pdb,79.09
2639,bbarrel/with_template_2/colab/HBI_b_44_unrelaxed_rank_001_alphafold2_ptm_model_1_seed_000.pdb,90.25
2640,bbarrel/with_template_2/colab/HBI_b_20_unrelaxed_rank_002_alphafold2_ptm_model_2_seed_000.pdb,91.62
2641,bbarrel/with_template_2/colab/HBI_b_16_unrelaxed_rank_002_alphafold2_ptm_model_1_seed_000.pdb,93.17
2642,bbarrel/with_template_2/colab/HBI_b_26_unrelaxed_rank_005_alphafold2_ptm_model_4_seed_000.pdb,88.39
2643,bbarrel/with_template_2/colab/HBI_b_37_unrelaxed_rank_001_alphafold2_ptm_model_1_seed_000.pdb,91.37
2644,bbarrel/with_template_2/colab/HBI_b_40_unrelaxed_rank_003_alphafold2_ptm_model_4_seed_000.pdb,83.37
2645,bbarrel/with_template_2/colab/HBI_b_08_unrelaxed_rank_002_alphafold2_ptm_model_1_seed_000.pdb,92.93
2646,bbarrel/with_template_2/colab/HBI_b_07_unrelaxed_rank_002_alphafold2_ptm_model_2_seed_000.pdb,91.31
2647,bbarrel/with_template_2/colab/HBI_b_26_unrelaxed_rank_004_alphafold2_ptm_model_3_seed_000.pdb,89.01
2648,bbarrel/with_template_2/colab/HBI_b_29_unrelaxed_rank_001_alphafold2_ptm_model_2_seed_000.pdb,93.57
2649,bbarrel/with_template_2/colab/HBI_b_29_unrelaxed_rank_003_alphafold2_ptm_model_3_seed_000.pdb,82.2
2650,bbarrel/with_template_2/colab/HBI_b_26_unrelaxed_rank_002_alphafold2_ptm_model_2_seed_000.pdb,92.51
2651,bbarrel/with_template_2/colab/HBI_b_35_unrelaxed_rank_001_alphafold2_ptm_model_2_seed_000.pdb,90.86
2652,bbarrel/with_template_2/colab/HBI_b_19_unrelaxed_rank_005_alphafold2_ptm_model_5_seed_000.pdb,72.08
2653,bbarrel/with_template_2/colab/HBI_b_33_unrelaxed_rank_003_alphafold2_ptm_model_4_seed_000.pdb,78.09
2654,bbarrel/with_template_2/colab/HBI_b_43_unrelaxed_rank_003_alphafold2_ptm_model_4_seed_000.pdb,80.82
2655,bbarrel/with_template_2/colab/HBI_b_23_unrelaxed_rank_001_alphafold2_ptm_model_2_seed_000.pdb,92.45
2656,bbarrel/with_template_2/colab/HBI_b_33_unrelaxed_rank_005_alphafold2_ptm_model_3_seed_000.pdb,76.28
2657,bbarrel/with_template_2/colab/HBI_b_27_unrelaxed_rank_003_alphafold2_ptm_model_4_seed_000.pdb,83.57
2658,bbarrel/with_template_2/colab/HBI_b_35_unrelaxed_rank_002_alphafold2_ptm_model_1_seed_000.pdb,89.92
2659,bbarrel/with_template_2/colab/HBI_b_14_unrelaxed_rank_004_alphafold2_ptm_model_5_seed_000.pdb,86.43
2660,bbarrel/with_template_2/colab/HBI_b_21_unrelaxed_rank_004_alphafold2_ptm_model_5_seed_000.pdb,86.35
2661,bbarrel/with_template_2/colab/HBI_b_28_unrelaxed_rank_002_alphafold2_ptm_model_1_seed_000.pdb,92.39
2662,bbarrel/with_template_2/colab/HBI_b_49_unrelaxed_rank_004_alphafold2_ptm_model_5_seed_000.pdb,87.17
2663,bbarrel/with_template_2/colab/HBI_b_49_unrelaxed_rank_005_alphafold2_ptm_model_3_seed_000.pdb,86.43
2664,bbarrel/with_template_2/colab/HBI_b_02_unrelaxed_rank_004_alphafold2_ptm_model_3_seed_000.pdb,82.68
2665,bbarrel/with_template_2/colab/HBI_b_45_unrelaxed_rank_005_alphafold2_ptm_model_4_seed_000.pdb,48.59
2666,bbarrel/with_template_2/colab/HBI_b_14_unrelaxed_rank_003_alphafold2_ptm_model_3_seed_000.pdb,86.83
2667,bbarrel/with_template_2/colab/HBI_b_34_unrelaxed_rank_005_alphafold2_ptm_model_5_seed_000.pdb,65.86
2668,bbarrel/with_template_2/colab/HBI_b_03_unrelaxed_rank_003_alphafold2_ptm_model_5_seed_000.pdb,80.04
2669,bbarrel/with_template_2/colab/HBI_b_50_unrelaxed_rank_001_alphafold2_ptm_model_2_seed_000.pdb,92.96
2670,bbarrel/with_template_2/colab/HBI_b_01_unrelaxed_rank_001_alphafold2_ptm_model_2_seed_000.pdb,92.81
2671,bbarrel/with_template_2/colab/HBI_b_20_unrelaxed_rank_001_alphafold2_ptm_model_1_seed_000.pdb,92.15
2672,bbarrel/with_template_2/colab/HBI_b_26_unrelaxed_rank_003_alphafold2_ptm_model_5_seed_000.pdb,89.07
2673,bbarrel/with_template_2/colab/HBI_b_46_unrelaxed_rank_003_alphafold2_ptm_model_3_seed_000.pdb,68.66
2674,bbarrel/with_template_2/colab/HBI_b_07_unrelaxed_rank_005_alphafold2_ptm_model_3_seed_000.pdb,84.61
2675,bbarrel/with_template_2/colab/HBI_b_43_unrelaxed_rank_004_alphafold2_ptm_model_5_seed_000.pdb,72.6
2676,bbarrel/with_template_2/colab/HBI_b_26_unrelaxed_rank_001_alphafold2_ptm_model_1_seed_000.pdb,92.96
2677,bbarrel/with_template_2/colab/HBI_b_28_unrelaxed_rank_003_alphafold2_ptm_model_4_seed_000.pdb,81.57
2678,bbarrel/with_template_2/colab/HBI_b_01_unrelaxed_rank_005_alphafold2_ptm_model_3_seed_000.pdb,58.44
2679,bbarrel/with_template_2/colab/HBI_b_07_unrelaxed_rank_003_alphafold2_ptm_model_5_seed_000.pdb,87.48
2680,bbarrel/with_template_2/colab/HBI_b_32_unrelaxed_rank_002_alphafold2_ptm_model_1_seed_000.pdb,91.84
2681,bbarrel/with_template_2/colab/HBI_b_55_unrelaxed_rank_003_alphafold2_ptm_model_3_seed_000.pdb,75.3
2682,bbarrel/with_template_2/colab/HBI_b_10_unrelaxed_rank_003_alphafold2_ptm_model_4_seed_000.pdb,88.38
2683,bbarrel/with_template_2/colab/HBI_b_21_unrelaxed_rank_003_alphafold2_ptm_model_4_seed_000.pdb,86.78
2684,bbarrel/with_template_2/colab/HBI_b_31_unrelaxed_rank_004_alphafold2_ptm_model_4_seed_000.pdb,80.02
2685,bbarrel/with_template_2/colab/HBI_b_27_unrelaxed_rank_005_alphafold2_ptm_model_3_seed_000.pdb,70.61
2686,bbarrel/with_template_2/colab/HBI_b_29_unrelaxed_rank_004_alphafold2_ptm_model_4_seed_000.pdb,82.1
2687,bbarrel/with_template_2/colab/HBI_b_50_unrelaxed_rank_003_alphafold2_ptm_model_4_seed_000.pdb,86.53
2688,bbarrel/with_template_2/colab/HBI_b_17_unrelaxed_rank_003_alphafold2_ptm_model_4_seed_000.pdb,78.98
2689,bbarrel/with_template_2/colab/HBI_b_35_unrelaxed_rank_003_alphafold2_ptm_model_5_seed_000.pdb,71.6
2690,bbarrel/with_template_2/colab/HBI_b_22_unrelaxed_rank_004_alphafold2_ptm_model_4_seed_000.pdb,88.59
2691,bbarrel/with_template_2/colab/HBI_b_31_unrelaxed_rank_002_alphafold2_ptm_model_2_seed_000.pdb,89.91
2692,bbarrel/with_template_2/colab/HBI_b_37_unrelaxed_rank_005_alphafold2_ptm_model_3_seed_000.pdb,73.67
2693,bbarrel/with_template_2/colab/HBI_b_38_unrelaxed_rank_005_alphafold2_ptm_model_3_seed_000.pdb,82.94
2694,bbarrel/with_template_2/colab/HBI_b_45_unrelaxed_rank_003_alphafold2_ptm_model_5_seed_000.pdb,74.73
2695,bbarrel/with_template_2/colab/HBI_b_34_unrelaxed_rank_003_alphafold2_ptm_model_4_seed_000.pdb,78.81
2696,bbarrel/with_template_2/colab/HBI_b_01_unrelaxed_rank_004_alphafold2_ptm_model_5_seed_000.pdb,77.12
2697,bbarrel/with_template_2/colab/HBI_b_53_unrelaxed_rank_005_alphafold2_ptm_model_4_seed_000.pdb,86.41
2698,bbarrel/with_template_2/colab/HBI_b_27_unrelaxed_rank_002_alphafold2_ptm_model_1_seed_000.pdb,89.97
2699,bbarrel/with_template_2/colab/HBI_b_22_unrelaxed_rank_002_alphafold2_ptm_model_1_seed_000.pdb,92.5
2700,bbarrel/with_template_2/colab/HBI_b_39_unrelaxed_rank_005_alphafold2_ptm_model_3_seed_000.pdb,82.1
2701,bbarrel/with_template_2/colab/HBI_b_53_unrelaxed_rank_001_alphafold2_ptm_model_1_seed_000.pdb,90.33
2702,bbarrel/with_template_2/colab/HBI_b_13_unrelaxed_rank_002_alphafold2_ptm_model_2_seed_000.pdb,88.02
2703,bbarrel/with_template_2/colab/HBI_b_50_unrelaxed_rank_004_alphafold2_ptm_model_5_seed_000.pdb,81.94
2704,bbarrel/with_template_2/colab/HBI_b_23_unrelaxed_rank_002_alphafold2_ptm_model_1_seed_000.pdb,92.27
2705,bbarrel/with_template_2/colab/HBI_b_27_unrelaxed_rank_001_alphafold2_ptm_model_2_seed_000.pdb,90.85
2706,bbarrel/with_template_2/colab/HBI_b_02_unrelaxed_rank_003_alphafold2_ptm_model_5_seed_000.pdb,82.9
2707,bbarrel/with_template_2/colab/HBI_b_37_unrelaxed_rank_004_alphafold2_ptm_model_5_seed_000.pdb,80.82
2708,bbarrel/with_template_2/colab/HBI_b_33_unrelaxed_rank_002_alphafold2_ptm_model_1_seed_000.pdb,90.04
2709,bbarrel/with_template_2/colab/HBI_b_39_unrelaxed_rank_004_alphafold2_ptm_model_5_seed_000.pdb,83.19
2710,bbarrel/with_template_2/colab/HBI_b_01_unrelaxed_rank_002_alphafold2_ptm_model_1_seed_000.pdb,92.69
2711,bbarrel/with_template_2/colab/HBI_b_44_unrelaxed_rank_003_alphafold2_ptm_model_5_seed_000.pdb,83.25
2712,bbarrel/with_template_2/colab/HBI_b_09_unrelaxed_rank_002_alphafold2_ptm_model_1_seed_000.pdb,92.31
2713,bbarrel/with_template_2/colab/HBI_b_38_unrelaxed_rank_002_alphafold2_ptm_model_1_seed_000.pdb,90.91
2714,bbarrel/with_template_2/colab/HBI_b_22_unrelaxed_rank_003_alphafold2_ptm_model_5_seed_000.pdb,90.58
2715,bbarrel/with_template_2/colab/HBI_b_55_unrelaxed_rank_001_alphafold2_ptm_model_2_seed_000.pdb,93.01
2716,bbarrel/with_template_2/colab/HBI_b_49_unrelaxed_rank_002_alphafold2_ptm_model_1_seed_000.pdb,92.72
2717,bbarrel/with_template_2/colab/HBI_b_34_unrelaxed_rank_001_alphafold2_ptm_model_1_seed_000.pdb,91.04
2718,bbarrel/with_template_2/colab/HBI_b_40_unrelaxed_rank_001_alphafold2_ptm_model_2_seed_000.pdb,92.08
2719,bbarrel/with_template_2/colab/HBI_b_10_unrelaxed_rank_002_alphafold2_ptm_model_1_seed_000.pdb,91.23
2720,bbarrel/with_template_2/colab/HBI_b_23_unrelaxed_rank_004_alphafold2_ptm_model_5_seed_000.pdb,80.12
2721,bbarrel/with_template_2/colab/HBI_b_31_unrelaxed_rank_001_alphafold2_ptm_model_1_seed_000.pdb,90.53
2722,bbarrel/with_template_2/colab/HBI_b_20_unrelaxed_rank_004_alphafold2_ptm_model_3_seed_000.pdb,81.99
2723,bbarrel/with_template_2/colab/HBI_b_41_unrelaxed_rank_002_alphafold2_ptm_model_1_seed_000.pdb,89.94
2724,bbarrel/with_template_2/colab/HBI_b_32_unrelaxed_rank_001_alphafold2_ptm_model_2_seed_000.pdb,92.15
2725,bbarrel/with_template_2/colab/HBI_b_15_unrelaxed_rank_003_alphafold2_ptm_model_4_seed_000.pdb,89.46
2726,bbarrel/with_template_2/colab/HBI_b_39_unrelaxed_rank_001_alphafold2_ptm_model_2_seed_000.pdb,89.96
2727,bbarrel/with_template_2/colab/HBI_b_08_unrelaxed_rank_003_alphafold2_ptm_model_4_seed_000.pdb,85.79
2728,bbarrel/with_msa/colab_att/HBI_b_44_unrelaxed_rank_005_alphafold2_ptm_model_3_seed_000.pdb,84.46
2729,bbarrel/with_msa/colab_att/TMB2.69_unrelaxed_rank_003_alphafold2_ptm_model_4_seed_000.pdb,90.23
2730,bbarrel/with_msa/colab_att/HBI_b_26_unrelaxed_rank_005_alphafold2_ptm_model_2_seed_000.pdb,82.84
2731,bbarrel/with_msa/colab_att/TMB2.35_unrelaxed_rank_002_alphafold2_ptm_model_1_seed_000.pdb,91.31
2732,bbarrel/with_msa/colab_att/TMB2.48_unrelaxed_rank_003_alphafold2_ptm_model_4_seed_000.pdb,92.85
2733,bbarrel/with_msa/colab_att/TMB2.63_unrelaxed_rank_002_alphafold2_ptm_model_2_seed_000.pdb,90.16
2734,bbarrel/with_msa/colab_att/TMB2.64_unrelaxed_rank_004_alphafold2_ptm_model_2_seed_000.pdb,90.61
2735,bbarrel/with_msa/colab_att/HBI_b_29_unrelaxed_rank_001_alphafold2_ptm_model_5_seed_000.pdb,87.6
2736,bbarrel/with_msa/colab_att/TMB2.23_unrelaxed_rank_005_alphafold2_ptm_model_2_seed_000.pdb,89.71
2737,bbarrel/with_msa/colab_att/HBI_b_26_unrelaxed_rank_001_alphafold2_ptm_model_4_seed_000.pdb,87.5
2738,bbarrel/with_msa/colab_att/TMB2.60_unrelaxed_rank_004_alphafold2_ptm_model_1_seed_000.pdb,86.16
2739,bbarrel/with_msa/colab_att/HBI_b_39_unrelaxed_rank_001_alphafold2_ptm_model_5_seed_000.pdb,84.73
2740,bbarrel/with_msa/colab_att/TMB2.63_unrelaxed_rank_005_alphafold2_ptm_model_5_seed_000.pdb,88.06
2741,bbarrel/with_msa/colab_att/TMB2.25_unrelaxed_rank_004_alphafold2_ptm_model_1_seed_000.pdb,86.89
2742,bbarrel/with_msa/colab_att/HBI_b_23_unrelaxed_rank_005_alphafold2_ptm_model_1_seed_000.pdb,88.58
2743,bbarrel/with_msa/colab_att/TMB2.70_unrelaxed_rank_001_alphafold2_ptm_model_4_seed_000.pdb,91.9
2744,bbarrel/with_msa/colab_att/TMB2.27_unrelaxed_rank_005_alphafold2_ptm_model_4_seed_000.pdb,89.74
2745,bbarrel/with_msa/colab_att/TMB2.1_unrelaxed_rank_003_alphafold2_ptm_model_5_seed_000.pdb,92.57
2746,bbarrel/with_msa/colab_att/TMB2.67_unrelaxed_rank_001_alphafold2_ptm_model_4_seed_000.pdb,91.84
2747,bbarrel/with_msa/colab_att/TMB2.80_unrelaxed_rank_003_alphafold2_ptm_model_3_seed_000.pdb,88.6
2748,bbarrel/with_msa/colab_att/TMB2.12_unrelaxed_rank_002_alphafold2_ptm_model_1_seed_000.pdb,87.14
2749,bbarrel/with_msa/colab_att/TMB2.2_unrelaxed_rank_002_alphafold2_ptm_model_4_seed_000.pdb,91.15
2750,bbarrel/with_msa/colab_att/TMB2.30_unrelaxed_rank_001_alphafold2_ptm_model_1_seed_000.pdb,92.58
2751,bbarrel/with_msa/colab_att/TMB2.82_unrelaxed_rank_005_alphafold2_ptm_model_3_seed_000.pdb,91.21
2752,bbarrel/with_msa/colab_att/TMB2.81_unrelaxed_rank_001_alphafold2_ptm_model_3_seed_000.pdb,91.64
2753,bbarrel/with_msa/colab_att/TMB2.48_unrelaxed_rank_002_alphafold2_ptm_model_3_seed_000.pdb,92.92
2754,bbarrel/with_msa/colab_att/TMB2.79_unrelaxed_rank_005_alphafold2_ptm_model_4_seed_000.pdb,88.93
2755,bbarrel/with_msa/colab_att/HBI_b_01_unrelaxed_rank_003_alphafold2_ptm_model_4_seed_000.pdb,91.13
2756,bbarrel/with_msa/colab_att/HBI_b_34_unrelaxed_rank_003_alphafold2_ptm_model_5_seed_000.pdb,88.76
2757,bbarrel/with_msa/colab_att/TMB2.71_unrelaxed_rank_003_alphafold2_ptm_model_2_seed_000.pdb,30.64
2758,bbarrel/with_msa/colab_att/HBI_b_19_unrelaxed_rank_003_alphafold2_ptm_model_1_seed_000.pdb,83.96
2759,bbarrel/with_msa/colab_att/TMB2.51_unrelaxed_rank_002_alphafold2_ptm_model_5_seed_000.pdb,91.91
2760,bbarrel/with_msa/colab_att/TMB2.48_unrelaxed_rank_001_alphafold2_ptm_model_5_seed_000.pdb,93.07
2761,bbarrel/with_msa/colab_att/TMB2.59_unrelaxed_rank_003_alphafold2_ptm_model_1_seed_000.pdb,89.45
2762,bbarrel/with_msa/colab_att/TMB2.51_unrelaxed_rank_004_alphafold2_ptm_model_3_seed_000.pdb,86.55
2763,bbarrel/with_msa/colab_att/TMB2.70_unrelaxed_rank_003_alphafold2_ptm_model_3_seed_000.pdb,90.91
2764,bbarrel/with_msa/colab_att/HBI_b_31_unrelaxed_rank_005_alphafold2_ptm_model_3_seed_000.pdb,69.9
2765,bbarrel/with_msa/colab_att/TMB2.26_unrelaxed_rank_002_alphafold2_ptm_model_1_seed_000.pdb,91.9
2766,bbarrel/with_msa/colab_att/TMB2.36_unrelaxed_rank_004_alphafold2_ptm_model_2_seed_000.pdb,91.97
2767,bbarrel/with_msa/colab_att/TMB2.32_unrelaxed_rank_004_alphafold2_ptm_model_4_seed_000.pdb,91.31
2768,bbarrel/with_msa/colab_att/HBI_b_23_unrelaxed_rank_004_alphafold2_ptm_model_2_seed_000.pdb,89.54
2769,bbarrel/with_msa/colab_att/HBI_b_07_unrelaxed_rank_004_alphafold2_ptm_model_4_seed_000.pdb,87.36
2770,bbarrel/with_msa/colab_att/TMB2.54_unrelaxed_rank_002_alphafold2_ptm_model_5_seed_000.pdb,90.79
2771,bbarrel/with_msa/colab_att/HBI_b_35_unrelaxed_rank_002_alphafold2_ptm_model_5_seed_000.pdb,77.37
2772,bbarrel/with_msa/colab_att/TMB2.62_unrelaxed_rank_005_alphafold2_ptm_model_4_seed_000.pdb,90.28
2773,bbarrel/with_msa/colab_att/HBI_b_19_unrelaxed_rank_004_alphafold2_ptm_model_4_seed_000.pdb,83.16
2774,bbarrel/with_msa/colab_att/TMB2.6_unrelaxed_rank_003_alphafold2_ptm_model_4_seed_000.pdb,92.62
2775,bbarrel/with_msa/colab_att/TMB2.74_unrelaxed_rank_004_alphafold2_ptm_model_1_seed_000.pdb,89.35
2776,bbarrel/with_msa/colab_att/TMB2.2_unrelaxed_rank_001_alphafold2_ptm_model_5_seed_000.pdb,91.64
2777,bbarrel/with_msa/colab_att/TMB2.85_unrelaxed_rank_005_alphafold2_ptm_model_2_seed_000.pdb,89.49
2778,bbarrel/with_msa/colab_att/HBI_b_22_unrelaxed_rank_002_alphafold2_ptm_model_3_seed_000.pdb,90.01
2779,bbarrel/with_msa/colab_att/TMB2.14_unrelaxed_rank_005_alphafold2_ptm_model_5_seed_000.pdb,89.75
2780,bbarrel/with_msa/colab_att/TMB2.62_unrelaxed_rank_003_alphafold2_ptm_model_1_seed_000.pdb,91.93
2781,bbarrel/with_msa/colab_att/TMB2.45_unrelaxed_rank_001_alphafold2_ptm_model_4_seed_000.pdb,91.15
2782,bbarrel/with_msa/colab_att/TMB2.88_unrelaxed_rank_004_alphafold2_ptm_model_4_seed_000.pdb,89.71
2783,bbarrel/with_msa/colab_att/HBI_b_03_unrelaxed_rank_004_alphafold2_ptm_model_1_seed_000.pdb,62.47
2784,bbarrel/with_msa/colab_att/TMB2.74_unrelaxed_rank_001_alphafold2_ptm_model_3_seed_000.pdb,91.9
2785,bbarrel/with_msa/colab_att/TMB2.82_unrelaxed_rank_003_alphafold2_ptm_model_5_seed_000.pdb,92.49
2786,bbarrel/with_msa/colab_att/TMB2.34_unrelaxed_rank_002_alphafold2_ptm_model_3_seed_000.pdb,93.61
2787,bbarrel/with_msa/colab_att/TMB2.23_unrelaxed_rank_001_alphafold2_ptm_model_5_seed_000.pdb,94.35
2788,bbarrel/with_msa/colab_att/TMB2.35_unrelaxed_rank_003_alphafold2_ptm_model_4_seed_000.pdb,91.09
2789,bbarrel/with_msa/colab_att/TMB2.20_unrelaxed_rank_003_alphafold2_ptm_model_4_seed_000.pdb,91.08
2790,bbarrel/with_msa/colab_att/TMB2.58_unrelaxed_rank_002_alphafold2_ptm_model_1_seed_000.pdb,94.13
2791,bbarrel/with_msa/colab_att/TMB2.4_unrelaxed_rank_002_alphafold2_ptm_model_1_seed_000.pdb,91.51
2792,bbarrel/with_msa/colab_att/TMB2.35_unrelaxed_rank_001_alphafold2_ptm_model_2_seed_000.pdb,91.88
2793,bbarrel/with_msa/colab_att/TMB2.52_unrelaxed_rank_001_alphafold2_ptm_model_5_seed_000.pdb,90.92
2794,bbarrel/with_msa/colab_att/TMB2.57_unrelaxed_rank_003_alphafold2_ptm_model_2_seed_000.pdb,93.16
2795,bbarrel/with_msa/colab_att/TMB2.49_unrelaxed_rank_001_alphafold2_ptm_model_4_seed_000.pdb,93.09
2796,bbarrel/with_msa/colab_att/HBI_b_33_unrelaxed_rank_002_alphafold2_ptm_model_4_seed_000.pdb,83.87
2797,bbarrel/with_msa/colab_att/HBI_b_34_unrelaxed_rank_005_alphafold2_ptm_model_2_seed_000.pdb,88.06
2798,bbarrel/with_msa/colab_att/TMB2.55_unrelaxed_rank_002_alphafold2_ptm_model_4_seed_000.pdb,92.8
2799,bbarrel/with_msa/colab_att/TMB2.11_unrelaxed_rank_004_alphafold2_ptm_model_4_seed_000.pdb,91.25
2800,bbarrel/with_msa/colab_att/TMB2.60_unrelaxed_rank_005_alphafold2_ptm_model_5_seed_000.pdb,85.24
2801,bbarrel/with_msa/colab_att/HBI_b_55_unrelaxed_rank_004_alphafold2_ptm_model_1_seed_000.pdb,90.0
2802,bbarrel/with_msa/colab_att/HBI_b_10_unrelaxed_rank_004_alphafold2_ptm_model_3_seed_000.pdb,88.8
2803,bbarrel/with_msa/colab_att/TMB2.66_unrelaxed_rank_001_alphafold2_ptm_model_5_seed_000.pdb,94.39
2804,bbarrel/with_msa/colab_att/HBI_b_15_unrelaxed_rank_001_alphafold2_ptm_model_3_seed_000.pdb,87.84
2805,bbarrel/with_msa/colab_att/TMB2.56_unrelaxed_rank_001_alphafold2_ptm_model_1_seed_000.pdb,93.57
2806,bbarrel/with_msa/colab_att/TMB2.43_unrelaxed_rank_005_alphafold2_ptm_model_2_seed_000.pdb,90.58
2807,bbarrel/with_msa/colab_att/TMB2.38_unrelaxed_rank_003_alphafold2_ptm_model_2_seed_000.pdb,90.12
2808,bbarrel/with_msa/colab_att/TMB2.39_unrelaxed_rank_003_alphafold2_ptm_model_2_seed_000.pdb,89.33
2809,bbarrel/with_msa/colab_att/TMB2.3_unrelaxed_rank_003_alphafold2_ptm_model_1_seed_000.pdb,92.25
2810,bbarrel/with_msa/colab_att/TMB2.33_unrelaxed_rank_005_alphafold2_ptm_model_4_seed_000.pdb,90.92
2811,bbarrel/with_msa/colab_att/TMB2.8_unrelaxed_rank_003_alphafold2_ptm_model_3_seed_000.pdb,91.44
2812,bbarrel/with_msa/colab_att/TMB2.34_unrelaxed_rank_005_alphafold2_ptm_model_2_seed_000.pdb,92.68
2813,bbarrel/with_msa/colab_att/TMB2.43_unrelaxed_rank_002_alphafold2_ptm_model_3_seed_000.pdb,91.87
2814,bbarrel/with_msa/colab_att/TMB2.4_unrelaxed_rank_001_alphafold2_ptm_model_3_seed_000.pdb,91.6
2815,bbarrel/with_msa/colab_att/HBI_b_15_unrelaxed_rank_002_alphafold2_ptm_model_2_seed_000.pdb,86.29
2816,bbarrel/with_msa/colab_att/TMB2.6_unrelaxed_rank_002_alphafold2_ptm_model_5_seed_000.pdb,92.74
2817,bbarrel/with_msa/colab_att/TMB2.3_unrelaxed_rank_005_alphafold2_ptm_model_2_seed_000.pdb,91.2
2818,bbarrel/with_msa/colab_att/TMB2.77_unrelaxed_rank_004_alphafold2_ptm_model_5_seed_000.pdb,83.38
2819,bbarrel/with_msa/colab_att/TMB2.32_unrelaxed_rank_002_alphafold2_ptm_model_5_seed_000.pdb,91.85
2820,bbarrel/with_msa/colab_att/TMB2.83_unrelaxed_rank_004_alphafold2_ptm_model_1_seed_000.pdb,90.81
2821,bbarrel/with_msa/colab_att/TMB2.32_unrelaxed_rank_005_alphafold2_ptm_model_3_seed_000.pdb,90.42
2822,bbarrel/with_msa/colab_att/HBI_b_43_unrelaxed_rank_002_alphafold2_ptm_model_3_seed_000.pdb,88.18
2823,bbarrel/with_msa/colab_att/TMB2.72_unrelaxed_rank_003_alphafold2_ptm_model_3_seed_000.pdb,90.04
2824,bbarrel/with_msa/colab_att/TMB2.81_unrelaxed_rank_004_alphafold2_ptm_model_5_seed_000.pdb,88.66
2825,bbarrel/with_msa/colab_att/TMB2.50_unrelaxed_rank_003_alphafold2_ptm_model_1_seed_000.pdb,92.81
2826,bbarrel/with_msa/colab_att/TMB2.72_unrelaxed_rank_005_alphafold2_ptm_model_5_seed_000.pdb,88.32
2827,bbarrel/with_msa/colab_att/HBI_b_25_unrelaxed_rank_002_alphafold2_ptm_model_3_seed_000.pdb,83.9
2828,bbarrel/with_msa/colab_att/TMB2.83_unrelaxed_rank_003_alphafold2_ptm_model_5_seed_000.pdb,91.27
2829,bbarrel/with_msa/colab_att/TMB2.9_unrelaxed_rank_002_alphafold2_ptm_model_1_seed_000.pdb,88.28
2830,bbarrel/with_msa/colab_att/TMB2.89_unrelaxed_rank_003_alphafold2_ptm_model_4_seed_000.pdb,90.6
2831,bbarrel/with_msa/colab_att/TMB2.17_unrelaxed_rank_003_alphafold2_ptm_model_3_seed_000.pdb,93.07
2832,bbarrel/with_msa/colab_att/TMB2.64_unrelaxed_rank_005_alphafold2_ptm_model_3_seed_000.pdb,87.46
2833,bbarrel/with_msa/colab_att/TMB2.56_unrelaxed_rank_004_alphafold2_ptm_model_4_seed_000.pdb,90.69
2834,bbarrel/with_msa/colab_att/HBI_b_50_unrelaxed_rank_003_alphafold2_ptm_model_5_seed_000.pdb,74.79
2835,bbarrel/with_msa/colab_att/TMB2.41_unrelaxed_rank_002_alphafold2_ptm_model_4_seed_000.pdb,93.28
2836,bbarrel/with_msa/colab_att/TMB2.37_unrelaxed_rank_002_alphafold2_ptm_model_2_seed_000.pdb,91.51
2837,bbarrel/with_msa/colab_att/TMB2.81_unrelaxed_rank_002_alphafold2_ptm_model_4_seed_000.pdb,91.1
2838,bbarrel/with_msa/colab_att/HBI_b_20_unrelaxed_rank_004_alphafold2_ptm_model_1_seed_000.pdb,88.75
2839,bbarrel/with_msa/colab_att/TMB2.26_unrelaxed_rank_001_alphafold2_ptm_model_3_seed_000.pdb,91.98
2840,bbarrel/with_msa/colab_att/HBI_b_07_unrelaxed_rank_002_alphafold2_ptm_model_5_seed_000.pdb,88.07
2841,bbarrel/with_msa/colab_att/TMB2.4_unrelaxed_rank_004_alphafold2_ptm_model_5_seed_000.pdb,89.2
2842,bbarrel/with_msa/colab_att/TMB2.45_unrelaxed_rank_003_alphafold2_ptm_model_3_seed_000.pdb,89.19
2843,bbarrel/with_msa/colab_att/HBI_b_07_unrelaxed_rank_003_alphafold2_ptm_model_1_seed_000.pdb,87.85
2844,bbarrel/with_msa/colab_att/TMB2.59_unrelaxed_rank_002_alphafold2_ptm_model_4_seed_000.pdb,90.29
2845,bbarrel/with_msa/colab_att/TMB2.22_unrelaxed_rank_005_alphafold2_ptm_model_5_seed_000.pdb,90.76
2846,bbarrel/with_msa/colab_att/TMB2.78_unrelaxed_rank_001_alphafold2_ptm_model_4_seed_000.pdb,92.18
2847,bbarrel/with_msa/colab_att/TMB2.33_unrelaxed_rank_003_alphafold2_ptm_model_3_seed_000.pdb,91.48
2848,bbarrel/with_msa/colab_att/HBI_b_32_unrelaxed_rank_001_alphafold2_ptm_model_4_seed_000.pdb,86.8
2849,bbarrel/with_msa/colab_att/HBI_b_26_unrelaxed_rank_004_alphafold2_ptm_model_1_seed_000.pdb,84.86
2850,bbarrel/with_msa/colab_att/HBI_b_25_unrelaxed_rank_003_alphafold2_ptm_model_1_seed_000.pdb,83.19
2851,bbarrel/with_msa/colab_att/TMB2.18_unrelaxed_rank_005_alphafold2_ptm_model_5_seed_000.pdb,90.96
2852,bbarrel/with_msa/colab_att/TMB2.17_unrelaxed_rank_004_alphafold2_ptm_model_4_seed_000.pdb,92.73
2853,bbarrel/with_msa/colab_att/HBI_b_10_unrelaxed_rank_005_alphafold2_ptm_model_2_seed_000.pdb,88.15
2854,bbarrel/with_msa/colab_att/TMB2.6_unrelaxed_rank_005_alphafold2_ptm_model_2_seed_000.pdb,90.12
2855,bbarrel/with_msa/colab_att/HBI_b_44_unrelaxed_rank_004_alphafold2_ptm_model_2_seed_000.pdb,85.67
2856,bbarrel/with_msa/colab_att/TMB2.14_unrelaxed_rank_001_alphafold2_ptm_model_3_seed_000.pdb,94.93
2857,bbarrel/with_msa/colab_att/TMB2.45_unrelaxed_rank_002_alphafold2_ptm_model_1_seed_000.pdb,89.63
2858,bbarrel/with_msa/colab_att/TMB2.25_unrelaxed_rank_002_alphafold2_ptm_model_3_seed_000.pdb,88.84
2859,bbarrel/with_msa/colab_att/TMB2.67_unrelaxed_rank_002_alphafold2_ptm_model_3_seed_000.pdb,91.3
2860,bbarrel/with_msa/colab_att/HBI_b_53_unrelaxed_rank_005_alphafold2_ptm_model_3_seed_000.pdb,83.24
2861,bbarrel/with_msa/colab_att/TMB2.64_unrelaxed_rank_003_alphafold2_ptm_model_5_seed_000.pdb,90.44
2862,bbarrel/with_msa/colab_att/HBI_b_45_unrelaxed_rank_001_alphafold2_ptm_model_3_seed_000.pdb,88.66
2863,bbarrel/with_msa/colab_att/TMB2.55_unrelaxed_rank_003_alphafold2_ptm_model_3_seed_000.pdb,92.39
2864,bbarrel/with_msa/colab_att/TMB2.35_unrelaxed_rank_005_alphafold2_ptm_model_5_seed_000.pdb,90.17
2865,bbarrel/with_msa/colab_att/TMB2.3_unrelaxed_rank_002_alphafold2_ptm_model_4_seed_000.pdb,92.72
2866,bbarrel/with_msa/colab_att/TMB2.69_unrelaxed_rank_005_alphafold2_ptm_model_5_seed_000.pdb,88.39
2867,bbarrel/with_msa/colab_att/TMB2.5_unrelaxed_rank_005_alphafold2_ptm_model_3_seed_000.pdb,90.57
2868,bbarrel/with_msa/colab_att/TMB2.49_unrelaxed_rank_004_alphafold2_ptm_model_1_seed_000.pdb,90.96
2869,bbarrel/with_msa/colab_att/TMB2.28_unrelaxed_rank_005_alphafold2_ptm_model_1_seed_000.pdb,91.03
2870,bbarrel/with_msa/colab_att/TMB2.8_unrelaxed_rank_004_alphafold2_ptm_model_5_seed_000.pdb,91.36
2871,bbarrel/with_msa/colab_att/TMB2.51_unrelaxed_rank_005_alphafold2_ptm_model_1_seed_000.pdb,86.32
2872,bbarrel/with_msa/colab_att/TMB2.87_unrelaxed_rank_004_alphafold2_ptm_model_1_seed_000.pdb,86.62
2873,bbarrel/with_msa/colab_att/TMB2.75_unrelaxed_rank_003_alphafold2_ptm_model_5_seed_000.pdb,88.6
2874,bbarrel/with_msa/colab_att/HBI_b_49_unrelaxed_rank_005_alphafold2_ptm_model_2_seed_000.pdb,87.44
2875,bbarrel/with_msa/colab_att/HBI_b_31_unrelaxed_rank_003_alphafold2_ptm_model_5_seed_000.pdb,77.3
2876,bbarrel/with_msa/colab_att/TMB2.86_unrelaxed_rank_001_alphafold2_ptm_model_5_seed_000.pdb,92.73
2877,bbarrel/with_msa/colab_att/HBI_b_41_unrelaxed_rank_004_alphafold2_ptm_model_2_seed_000.pdb,85.94
2878,bbarrel/with_msa/colab_att/HBI_b_08_unrelaxed_rank_003_alphafold2_ptm_model_1_seed_000.pdb,87.95
2879,bbarrel/with_msa/colab_att/TMB2.66_unrelaxed_rank_004_alphafold2_ptm_model_4_seed_000.pdb,92.4
2880,bbarrel/with_msa/colab_att/TMB2.88_unrelaxed_rank_001_alphafold2_ptm_model_3_seed_000.pdb,92.62
2881,bbarrel/with_msa/colab_att/TMB2.7_unrelaxed_rank_002_alphafold2_ptm_model_5_seed_000.pdb,93.14
2882,bbarrel/with_msa/colab_att/HBI_b_16_unrelaxed_rank_005_alphafold2_ptm_model_4_seed_000.pdb,85.97
2883,bbarrel/with_msa/colab_att/TMB2.75_unrelaxed_rank_005_alphafold2_ptm_model_3_seed_000.pdb,83.54
2884,bbarrel/with_msa/colab_att/TMB2.83_unrelaxed_rank_002_alphafold2_ptm_model_3_seed_000.pdb,91.67
2885,bbarrel/with_msa/colab_att/TMB2.55_unrelaxed_rank_004_alphafold2_ptm_model_2_seed_000.pdb,92.46
2886,bbarrel/with_msa/colab_att/TMB2.65_unrelaxed_rank_005_alphafold2_ptm_model_3_seed_000.pdb,88.98
2887,bbarrel/with_msa/colab_att/TMB2.41_unrelaxed_rank_004_alphafold2_ptm_model_2_seed_000.pdb,91.38
2888,bbarrel/with_msa/colab_att/HBI_b_10_unrelaxed_rank_001_alphafold2_ptm_model_5_seed_000.pdb,90.79
2889,bbarrel/with_msa/colab_att/HBI_b_38_unrelaxed_rank_001_alphafold2_ptm_model_5_seed_000.pdb,86.05
2890,bbarrel/with_msa/colab_att/TMB2.38_unrelaxed_rank_002_alphafold2_ptm_model_4_seed_000.pdb,90.63
2891,bbarrel/with_msa/colab_att/TMB2.57_unrelaxed_rank_004_alphafold2_ptm_model_1_seed_000.pdb,92.14
2892,bbarrel/with_msa/colab_att/TMB2.87_unrelaxed_rank_005_alphafold2_ptm_model_5_seed_000.pdb,79.58
2893,bbarrel/with_msa/colab_att/TMB2.86_unrelaxed_rank_002_alphafold2_ptm_model_1_seed_000.pdb,90.99
2894,bbarrel/with_msa/colab_att/TMB2.44_unrelaxed_rank_004_alphafold2_ptm_model_4_seed_000.pdb,92.1
2895,bbarrel/with_msa/colab_att/HBI_b_17_unrelaxed_rank_002_alphafold2_ptm_model_1_seed_000.pdb,87.9
2896,bbarrel/with_msa/colab_att/HBI_b_32_unrelaxed_rank_004_alphafold2_ptm_model_1_seed_000.pdb,84.92
2897,bbarrel/with_msa/colab_att/TMB2.4_unrelaxed_rank_005_alphafold2_ptm_model_2_seed_000.pdb,88.34
2898,bbarrel/with_msa/colab_att/HBI_b_39_unrelaxed_rank_004_alphafold2_ptm_model_3_seed_000.pdb,79.72
2899,bbarrel/with_msa/colab_att/HBI_b_40_unrelaxed_rank_003_alphafold2_ptm_model_5_seed_000.pdb,91.03
2900,bbarrel/with_msa/colab_att/TMB2.25_unrelaxed_rank_001_alphafold2_ptm_model_4_seed_000.pdb,92.68
2901,bbarrel/with_msa/colab_att/HBI_b_37_unrelaxed_rank_002_alphafold2_ptm_model_2_seed_000.pdb,84.05
2902,bbarrel/with_msa/colab_att/HBI_b_01_unrelaxed_rank_001_alphafold2_ptm_model_5_seed_000.pdb,92.18
2903,bbarrel/with_msa/colab_att/TMB2.58_unrelaxed_rank_001_alphafold2_ptm_model_4_seed_000.pdb,94.63
2904,bbarrel/with_msa/colab_att/TMB2.28_unrelaxed_rank_004_alphafold2_ptm_model_5_seed_000.pdb,92.47
2905,bbarrel/with_msa/colab_att/HBI_b_19_unrelaxed_rank_002_alphafold2_ptm_model_3_seed_000.pdb,86.85
2906,bbarrel/with_msa/colab_att/TMB2.20_unrelaxed_rank_001_alphafold2_ptm_model_2_seed_000.pdb,92.19
2907,bbarrel/with_msa/colab_att/TMB2.84_unrelaxed_rank_004_alphafold2_ptm_model_1_seed_000.pdb,90.69
2908,bbarrel/with_msa/colab_att/TMB2.14_unrelaxed_rank_004_alphafold2_ptm_model_4_seed_000.pdb,91.0
2909,bbarrel/with_msa/colab_att/TMB2.68_unrelaxed_rank_003_alphafold2_ptm_model_2_seed_000.pdb,91.98
2910,bbarrel/with_msa/colab_att/TMB2.78_unrelaxed_rank_003_alphafold2_ptm_model_5_seed_000.pdb,90.54
2911,bbarrel/with_msa/colab_att/TMB2.42_unrelaxed_rank_002_alphafold2_ptm_model_1_seed_000.pdb,91.19
2912,bbarrel/with_msa/colab_att/TMB2.45_unrelaxed_rank_005_alphafold2_ptm_model_5_seed_000.pdb,85.26
2913,bbarrel/with_msa/colab_att/HBI_b_32_unrelaxed_rank_005_alphafold2_ptm_model_5_seed_000.pdb,84.48
2914,bbarrel/with_msa/colab_att/TMB2.26_unrelaxed_rank_005_alphafold2_ptm_model_5_seed_000.pdb,89.21
2915,bbarrel/with_msa/colab_att/TMB2.17_unrelaxed_rank_001_alphafold2_ptm_model_1_seed_000.pdb,93.98
2916,bbarrel/with_msa/colab_att/HBI_b_28_unrelaxed_rank_004_alphafold2_ptm_model_3_seed_000.pdb,83.73
2917,bbarrel/with_msa/colab_att/HBI_b_39_unrelaxed_rank_005_alphafold2_ptm_model_1_seed_000.pdb,76.81
2918,bbarrel/with_msa/colab_att/TMB2.33_unrelaxed_rank_002_alphafold2_ptm_model_2_seed_000.pdb,92.99
2919,bbarrel/with_msa/colab_att/TMB2.1_unrelaxed_rank_002_alphafold2_ptm_model_2_seed_000.pdb,92.59
2920,bbarrel/with_msa/colab_att/TMB2.1_unrelaxed_rank_004_alphafold2_ptm_model_3_seed_000.pdb,90.74
2921,bbarrel/with_msa/colab_att/TMB2.51_unrelaxed_rank_001_alphafold2_ptm_model_4_seed_000.pdb,92.41
2922,bbarrel/with_msa/colab_att/TMB2.80_unrelaxed_rank_005_alphafold2_ptm_model_5_seed_000.pdb,86.75
2923,bbarrel/with_msa/colab_att/TMB2.83_unrelaxed_rank_005_alphafold2_ptm_model_2_seed_000.pdb,89.8
2924,bbarrel/with_msa/colab_att/TMB2.82_unrelaxed_rank_001_alphafold2_ptm_model_1_seed_000.pdb,93.33
2925,bbarrel/with_msa/colab_att/HBI_b_37_unrelaxed_rank_003_alphafold2_ptm_model_4_seed_000.pdb,82.34
2926,bbarrel/with_msa/colab_att/TMB2.2_unrelaxed_rank_004_alphafold2_ptm_model_3_seed_000.pdb,90.61
2927,bbarrel/with_msa/colab_att/HBI_b_15_unrelaxed_rank_005_alphafold2_ptm_model_5_seed_000.pdb,84.98
2928,bbarrel/with_msa/colab_att/HBI_b_21_unrelaxed_rank_005_alphafold2_ptm_model_1_seed_000.pdb,85.56
2929,bbarrel/with_msa/colab_att/HBI_b_04_unrelaxed_rank_005_alphafold2_ptm_model_1_seed_000.pdb,89.38
2930,bbarrel/with_msa/colab_att/TMB2.83_unrelaxed_rank_001_alphafold2_ptm_model_4_seed_000.pdb,92.41
2931,bbarrel/with_msa/colab_att/HBI_b_56_unrelaxed_rank_003_alphafold2_ptm_model_5_seed_000.pdb,85.84
2932,bbarrel/with_msa/colab_att/TMB2.4_unrelaxed_rank_003_alphafold2_ptm_model_4_seed_000.pdb,91.44
2933,bbarrel/with_msa/colab_att/HBI_b_25_unrelaxed_rank_005_alphafold2_ptm_model_4_seed_000.pdb,80.63
2934,bbarrel/with_msa/colab_att/TMB2.49_unrelaxed_rank_005_alphafold2_ptm_model_5_seed_000.pdb,89.66
2935,bbarrel/with_msa/colab_att/TMB2.12_unrelaxed_rank_003_alphafold2_ptm_model_2_seed_000.pdb,87.04
2936,bbarrel/with_msa/colab_att/TMB2.29_unrelaxed_rank_001_alphafold2_ptm_model_3_seed_000.pdb,91.5
2937,bbarrel/with_msa/colab_att/TMB2.71_unrelaxed_rank_005_alphafold2_ptm_model_5_seed_000.pdb,27.8
2938,bbarrel/with_msa/colab_att/TMB2.2_unrelaxed_rank_003_alphafold2_ptm_model_1_seed_000.pdb,91.07
2939,bbarrel/with_msa/colab_att/HBI_b_17_unrelaxed_rank_001_alphafold2_ptm_model_2_seed_000.pdb,88.08
2940,bbarrel/with_msa/colab_att/TMB2.76_unrelaxed_rank_003_alphafold2_ptm_model_3_seed_000.pdb,91.5
2941,bbarrel/with_msa/colab_att/HBI_b_03_unrelaxed_rank_002_alphafold2_ptm_model_2_seed_000.pdb,65.97
2942,bbarrel/with_msa/colab_att/TMB2.79_unrelaxed_rank_001_alphafold2_ptm_model_1_seed_000.pdb,90.28
2943,bbarrel/with_msa/colab_att/HBI_b_08_unrelaxed_rank_002_alphafold2_ptm_model_5_seed_000.pdb,88.14
2944,bbarrel/with_msa/colab_att/TMB2.58_unrelaxed_rank_005_alphafold2_ptm_model_2_seed_000.pdb,92.94
2945,bbarrel/with_msa/colab_att/HBI_b_13_unrelaxed_rank_002_alphafold2_ptm_model_1_seed_000.pdb,84.37
2946,bbarrel/with_msa/colab_att/HBI_b_17_unrelaxed_rank_004_alphafold2_ptm_model_5_seed_000.pdb,85.65
2947,bbarrel/with_msa/colab_att/TMB2.12_unrelaxed_rank_005_alphafold2_ptm_model_5_seed_000.pdb,85.46
2948,bbarrel/with_msa/colab_att/TMB2.43_unrelaxed_rank_004_alphafold2_ptm_model_5_seed_000.pdb,91.4
2949,bbarrel/with_msa/colab_att/TMB2.42_unrelaxed_rank_005_alphafold2_ptm_model_4_seed_000.pdb,90.41
2950,bbarrel/with_msa/colab_att/TMB2.19_unrelaxed_rank_005_alphafold2_ptm_model_2_seed_000.pdb,88.77
2951,bbarrel/with_msa/colab_att/TMB2.78_unrelaxed_rank_002_alphafold2_ptm_model_1_seed_000.pdb,91.34
2952,bbarrel/with_msa/colab_att/HBI_b_53_unrelaxed_rank_003_alphafold2_ptm_model_2_seed_000.pdb,83.49
2953,bbarrel/with_msa/colab_att/TMB2.47_unrelaxed_rank_002_alphafold2_ptm_model_1_seed_000.pdb,88.85
2954,bbarrel/with_msa/colab_att/TMB2.21_unrelaxed_rank_004_alphafold2_ptm_model_2_seed_000.pdb,93.21
2955,bbarrel/with_msa/colab_att/TMB2.28_unrelaxed_rank_003_alphafold2_ptm_model_3_seed_000.pdb,93.0
2956,bbarrel/with_msa/colab_att/TMB2.73_unrelaxed_rank_005_alphafold2_ptm_model_3_seed_000.pdb,85.16
2957,bbarrel/with_msa/colab_att/TMB2.36_unrelaxed_rank_005_alphafold2_ptm_model_1_seed_000.pdb,91.74
2958,bbarrel/with_msa/colab_att/TMB2.73_unrelaxed_rank_004_alphafold2_ptm_model_5_seed_000.pdb,87.38
2959,bbarrel/with_msa/colab_att/HBI_b_14_unrelaxed_rank_004_alphafold2_ptm_model_3_seed_000.pdb,89.04
2960,bbarrel/with_msa/colab_att/TMB2.9_unrelaxed_rank_001_alphafold2_ptm_model_2_seed_000.pdb,88.89
2961,bbarrel/with_msa/colab_att/TMB2.30_unrelaxed_rank_004_alphafold2_ptm_model_2_seed_000.pdb,90.59
2962,bbarrel/with_msa/colab_att/HBI_b_27_unrelaxed_rank_002_alphafold2_ptm_model_3_seed_000.pdb,87.69
2963,bbarrel/with_msa/colab_att/TMB2.31_unrelaxed_rank_002_alphafold2_ptm_model_2_seed_000.pdb,93.09
2964,bbarrel/with_msa/colab_att/HBI_b_40_unrelaxed_rank_004_alphafold2_ptm_model_1_seed_000.pdb,90.91
2965,bbarrel/with_msa/colab_att/HBI_b_33_unrelaxed_rank_005_alphafold2_ptm_model_1_seed_000.pdb,80.62
2966,bbarrel/with_msa/colab_att/TMB2.35_unrelaxed_rank_004_alphafold2_ptm_model_3_seed_000.pdb,90.69
2967,bbarrel/with_msa/colab_att/TMB2.5_unrelaxed_rank_001_alphafold2_ptm_model_1_seed_000.pdb,91.71
2968,bbarrel/with_msa/colab_att/TMB2.81_unrelaxed_rank_003_alphafold2_ptm_model_2_seed_000.pdb,88.84
2969,bbarrel/with_msa/colab_att/HBI_b_46_unrelaxed_rank_001_alphafold2_ptm_model_4_seed_000.pdb,89.92
2970,bbarrel/with_msa/colab_att/TMB2.74_unrelaxed_rank_002_alphafold2_ptm_model_4_seed_000.pdb,91.79
2971,bbarrel/with_msa/colab_att/TMB2.69_unrelaxed_rank_001_alphafold2_ptm_model_1_seed_000.pdb,91.84
2972,bbarrel/with_msa/colab_att/HBI_b_29_unrelaxed_rank_003_alphafold2_ptm_model_1_seed_000.pdb,86.75
2973,bbarrel/with_msa/colab_att/TMB2.30_unrelaxed_rank_003_alphafold2_ptm_model_5_seed_000.pdb,90.71
2974,bbarrel/with_msa/colab_att/TMB2.88_unrelaxed_rank_005_alphafold2_ptm_model_5_seed_000.pdb,86.51
2975,bbarrel/with_msa/colab_att/HBI_b_28_unrelaxed_rank_002_alphafold2_ptm_model_2_seed_000.pdb,85.4
2976,bbarrel/with_msa/colab_att/HBI_b_50_unrelaxed_rank_005_alphafold2_ptm_model_3_seed_000.pdb,67.81
2977,bbarrel/with_msa/colab_att/HBI_b_14_unrelaxed_rank_005_alphafold2_ptm_model_5_seed_000.pdb,87.4
2978,bbarrel/with_msa/colab_att/TMB2.80_unrelaxed_rank_004_alphafold2_ptm_model_4_seed_000.pdb,87.52
2979,bbarrel/with_msa/colab_att/TMB2.89_unrelaxed_rank_001_alphafold2_ptm_model_1_seed_000.pdb,93.62
2980,bbarrel/with_msa/colab_att/HBI_b_41_unrelaxed_rank_003_alphafold2_ptm_model_1_seed_000.pdb,86.54
2981,bbarrel/with_msa/colab_att/HBI_b_37_unrelaxed_rank_005_alphafold2_ptm_model_1_seed_000.pdb,74.06
2982,bbarrel/with_msa/colab_att/HBI_b_40_unrelaxed_rank_002_alphafold2_ptm_model_4_seed_000.pdb,91.3
2983,bbarrel/with_msa/colab_att/TMB2.67_unrelaxed_rank_004_alphafold2_ptm_model_2_seed_000.pdb,90.46
2984,bbarrel/with_msa/colab_att/HBI_b_35_unrelaxed_rank_005_alphafold2_ptm_model_2_seed_000.pdb,64.54
2985,bbarrel/with_msa/colab_att/TMB2.42_unrelaxed_rank_004_alphafold2_ptm_model_5_seed_000.pdb,90.77
2986,bbarrel/with_msa/colab_att/TMB2.21_unrelaxed_rank_005_alphafold2_ptm_model_1_seed_000.pdb,93.13
2987,bbarrel/with_msa/colab_att/TMB2.29_unrelaxed_rank_004_alphafold2_ptm_model_5_seed_000.pdb,84.98
2988,bbarrel/with_msa/colab_att/HBI_b_43_unrelaxed_rank_005_alphafold2_ptm_model_2_seed_000.pdb,85.5
2989,bbarrel/with_msa/colab_att/HBI_b_22_unrelaxed_rank_005_alphafold2_ptm_model_4_seed_000.pdb,87.53
2990,bbarrel/with_msa/colab_att/HBI_b_16_unrelaxed_rank_004_alphafold2_ptm_model_2_seed_000.pdb,87.88
2991,bbarrel/with_msa/colab_att/TMB2.71_unrelaxed_rank_001_alphafold2_ptm_model_1_seed_000.pdb,61.18
2992,bbarrel/with_msa/colab_att/HBI_b_20_unrelaxed_rank_001_alphafold2_ptm_model_4_seed_000.pdb,91.83
2993,bbarrel/with_msa/colab_att/TMB2.50_unrelaxed_rank_001_alphafold2_ptm_model_5_seed_000.pdb,93.31
2994,bbarrel/with_msa/colab_att/TMB2.63_unrelaxed_rank_004_alphafold2_ptm_model_3_seed_000.pdb,89.05
2995,bbarrel/with_msa/colab_att/HBI_b_43_unrelaxed_rank_001_alphafold2_ptm_model_5_seed_000.pdb,88.45
2996,bbarrel/with_msa/colab_att/TMB2.77_unrelaxed_rank_002_alphafold2_ptm_model_1_seed_000.pdb,89.35
2997,bbarrel/with_msa/colab_att/HBI_b_23_unrelaxed_rank_003_alphafold2_ptm_model_4_seed_000.pdb,89.62
2998,bbarrel/with_msa/colab_att/HBI_b_04_unrelaxed_rank_001_alphafold2_ptm_model_4_seed_000.pdb,91.42
2999,bbarrel/with_msa/colab_att/TMB2.59_unrelaxed_rank_004_alphafold2_ptm_model_3_seed_000.pdb,89.33
3000,bbarrel/with_msa/colab_att/TMB2.12_unrelaxed_rank_001_alphafold2_ptm_model_4_seed_000.pdb,87.76
3001,bbarrel/with_msa/colab_att/TMB2.11_unrelaxed_rank_005_alphafold2_ptm_model_5_seed_000.pdb,90.19
3002,bbarrel/with_msa/colab_att/TMB2.65_unrelaxed_rank_004_alphafold2_ptm_model_2_seed_000.pdb,90.41
3003,bbarrel/with_msa/colab_att/HBI_b_03_unrelaxed_rank_001_alphafold2_ptm_model_5_seed_000.pdb,66.04
3004,bbarrel/with_msa/colab_att/TMB2.68_unrelaxed_rank_002_alphafold2_ptm_model_3_seed_000.pdb,92.22
3005,bbarrel/with_msa/colab_att/TMB2.14_unrelaxed_rank_003_alphafold2_ptm_model_2_seed_000.pdb,92.66
3006,bbarrel/with_msa/colab_att/TMB2.1_unrelaxed_rank_005_alphafold2_ptm_model_4_seed_000.pdb,90.64
3007,bbarrel/with_msa/colab_att/HBI_b_56_unrelaxed_rank_001_alphafold2_ptm_model_4_seed_000.pdb,86.03
3008,bbarrel/with_msa/colab_att/TMB2.8_unrelaxed_rank_002_alphafold2_ptm_model_1_seed_000.pdb,92.38
3009,bbarrel/with_msa/colab_att/HBI_b_09_unrelaxed_rank_004_alphafold2_ptm_model_2_seed_000.pdb,86.12
3010,bbarrel/with_msa/colab_att/TMB2.72_unrelaxed_rank_001_alphafold2_ptm_model_2_seed_000.pdb,90.89
3011,bbarrel/with_msa/colab_att/TMB2.39_unrelaxed_rank_005_alphafold2_ptm_model_5_seed_000.pdb,85.0
3012,bbarrel/with_msa/colab_att/HBI_b_56_unrelaxed_rank_005_alphafold2_ptm_model_2_seed_000.pdb,83.74
3013,bbarrel/with_msa/colab_att/TMB2.34_unrelaxed_rank_004_alphafold2_ptm_model_1_seed_000.pdb,93.38
3014,bbarrel/with_msa/colab_att/TMB2.75_unrelaxed_rank_001_alphafold2_ptm_model_1_seed_000.pdb,90.69
3015,bbarrel/with_msa/colab_att/HBI_b_35_unrelaxed_rank_004_alphafold2_ptm_model_1_seed_000.pdb,76.99
3016,bbarrel/with_msa/colab_att/TMB2.57_unrelaxed_rank_005_alphafold2_ptm_model_5_seed_000.pdb,91.63
3017,bbarrel/with_msa/colab_att/TMB2.24_unrelaxed_rank_002_alphafold2_ptm_model_1_seed_000.pdb,91.19
3018,bbarrel/with_msa/colab_att/HBI_b_09_unrelaxed_rank_005_alphafold2_ptm_model_5_seed_000.pdb,85.97
3019,bbarrel/with_msa/colab_att/TMB2.37_unrelaxed_rank_004_alphafold2_ptm_model_5_seed_000.pdb,91.19
3020,bbarrel/with_msa/colab_att/TMB2.7_unrelaxed_rank_004_alphafold2_ptm_model_1_seed_000.pdb,90.59
3021,bbarrel/with_msa/colab_att/HBI_b_41_unrelaxed_rank_005_alphafold2_ptm_model_4_seed_000.pdb,85.76
3022,bbarrel/with_msa/colab_att/HBI_b_38_unrelaxed_rank_003_alphafold2_ptm_model_4_seed_000.pdb,83.07
3023,bbarrel/with_msa/colab_att/TMB2.22_unrelaxed_rank_003_alphafold2_ptm_model_2_seed_000.pdb,92.35
3024,bbarrel/with_msa/colab_att/TMB2.29_unrelaxed_rank_005_alphafold2_ptm_model_2_seed_000.pdb,84.81
3025,bbarrel/with_msa/colab_att/TMB2.31_unrelaxed_rank_003_alphafold2_ptm_model_3_seed_000.pdb,92.48
3026,bbarrel/with_msa/colab_att/TMB2.38_unrelaxed_rank_005_alphafold2_ptm_model_3_seed_000.pdb,88.76
3027,bbarrel/with_msa/colab_att/TMB2.85_unrelaxed_rank_002_alphafold2_ptm_model_1_seed_000.pdb,92.45
3028,bbarrel/with_msa/colab_att/TMB2.48_unrelaxed_rank_005_alphafold2_ptm_model_2_seed_000.pdb,92.26
3029,bbarrel/with_msa/colab_att/TMB2.82_unrelaxed_rank_004_alphafold2_ptm_model_4_seed_000.pdb,91.79
3030,bbarrel/with_msa/colab_att/TMB2.15_unrelaxed_rank_001_alphafold2_ptm_model_3_seed_000.pdb,89.75
3031,bbarrel/with_msa/colab_att/TMB2.9_unrelaxed_rank_005_alphafold2_ptm_model_5_seed_000.pdb,86.48
3032,bbarrel/with_msa/colab_att/TMB2.87_unrelaxed_rank_001_alphafold2_ptm_model_3_seed_000.pdb,91.05
3033,bbarrel/with_msa/colab_att/HBI_b_27_unrelaxed_rank_004_alphafold2_ptm_model_1_seed_000.pdb,87.3
3034,bbarrel/with_msa/colab_att/TMB2.2_unrelaxed_rank_005_alphafold2_ptm_model_2_seed_000.pdb,90.6
3035,bbarrel/with_msa/colab_att/TMB2.21_unrelaxed_rank_002_alphafold2_ptm_model_3_seed_000.pdb,93.73
3036,bbarrel/with_msa/colab_att/TMB2.70_unrelaxed_rank_002_alphafold2_ptm_model_1_seed_000.pdb,91.17
3037,bbarrel/with_msa/colab_att/HBI_b_16_unrelaxed_rank_003_alphafold2_ptm_model_3_seed_000.pdb,88.35
3038,bbarrel/with_msa/colab_att/TMB2.87_unrelaxed_rank_003_alphafold2_ptm_model_4_seed_000.pdb,87.88
3039,bbarrel/with_msa/colab_att/TMB2.36_unrelaxed_rank_003_alphafold2_ptm_model_5_seed_000.pdb,92.39
3040,bbarrel/with_msa/colab_att/HBI_b_28_unrelaxed_rank_005_alphafold2_ptm_model_4_seed_000.pdb,83.05
3041,bbarrel/with_msa/colab_att/HBI_b_45_unrelaxed_rank_002_alphafold2_ptm_model_4_seed_000.pdb,87.72
3042,bbarrel/with_msa/colab_att/HBI_b_09_unrelaxed_rank_001_alphafold2_ptm_model_4_seed_000.pdb,88.38
3043,bbarrel/with_msa/colab_att/HBI_b_26_unrelaxed_rank_002_alphafold2_ptm_model_3_seed_000.pdb,87.53
3044,bbarrel/with_msa/colab_att/HBI_b_13_unrelaxed_rank_003_alphafold2_ptm_model_5_seed_000.pdb,84.21
3045,bbarrel/with_msa/colab_att/TMB2.7_unrelaxed_rank_005_alphafold2_ptm_model_2_seed_000.pdb,90.04
3046,bbarrel/with_msa/colab_att/TMB2.76_unrelaxed_rank_001_alphafold2_ptm_model_4_seed_000.pdb,92.64
3047,bbarrel/with_msa/colab_att/TMB2.80_unrelaxed_rank_002_alphafold2_ptm_model_1_seed_000.pdb,88.94
3048,bbarrel/with_msa/colab_att/TMB2.78_unrelaxed_rank_004_alphafold2_ptm_model_3_seed_000.pdb,90.57
3049,bbarrel/with_msa/colab_att/TMB2.30_unrelaxed_rank_002_alphafold2_ptm_model_3_seed_000.pdb,91.22
3050,bbarrel/with_msa/colab_att/TMB2.64_unrelaxed_rank_002_alphafold2_ptm_model_1_seed_000.pdb,92.06
3051,bbarrel/with_msa/colab_att/TMB2.32_unrelaxed_rank_001_alphafold2_ptm_model_1_seed_000.pdb,92.08
3052,bbarrel/with_msa/colab_att/HBI_b_09_unrelaxed_rank_003_alphafold2_ptm_model_1_seed_000.pdb,87.98
3053,bbarrel/with_msa/colab_att/TMB2.50_unrelaxed_rank_002_alphafold2_ptm_model_3_seed_000.pdb,92.92
3054,bbarrel/with_msa/colab_att/TMB2.24_unrelaxed_rank_005_alphafold2_ptm_model_2_seed_000.pdb,88.85
3055,bbarrel/with_msa/colab_att/TMB2.19_unrelaxed_rank_002_alphafold2_ptm_model_4_seed_000.pdb,91.44
3056,bbarrel/with_msa/colab_att/HBI_b_55_unrelaxed_rank_003_alphafold2_ptm_model_4_seed_000.pdb,90.29
3057,bbarrel/with_msa/colab_att/HBI_b_25_unrelaxed_rank_004_alphafold2_ptm_model_5_seed_000.pdb,82.6
3058,bbarrel/with_msa/colab_att/HBI_b_03_unrelaxed_rank_005_alphafold2_ptm_model_3_seed_000.pdb,58.53
3059,bbarrel/with_msa/colab_att/TMB2.75_unrelaxed_rank_004_alphafold2_ptm_model_2_seed_000.pdb,87.64
3060,bbarrel/with_msa/colab_att/HBI_b_49_unrelaxed_rank_002_alphafold2_ptm_model_4_seed_000.pdb,89.98
3061,bbarrel/with_msa/colab_att/HBI_b_39_unrelaxed_rank_003_alphafold2_ptm_model_2_seed_000.pdb,80.95
3062,bbarrel/with_msa/colab_att/TMB2.5_unrelaxed_rank_002_alphafold2_ptm_model_5_seed_000.pdb,91.33
3063,bbarrel/with_msa/colab_att/TMB2.60_unrelaxed_rank_001_alphafold2_ptm_model_4_seed_000.pdb,88.22
3064,bbarrel/with_msa/colab_att/TMB2.7_unrelaxed_rank_001_alphafold2_ptm_model_3_seed_000.pdb,93.28
3065,bbarrel/with_msa/colab_att/HBI_b_46_unrelaxed_rank_002_alphafold2_ptm_model_5_seed_000.pdb,89.27
3066,bbarrel/with_msa/colab_att/TMB2.54_unrelaxed_rank_001_alphafold2_ptm_model_1_seed_000.pdb,90.88
3067,bbarrel/with_msa/colab_att/TMB2.58_unrelaxed_rank_003_alphafold2_ptm_model_3_seed_000.pdb,93.99
3068,bbarrel/with_msa/colab_att/TMB2.23_unrelaxed_rank_004_alphafold2_ptm_model_1_seed_000.pdb,90.48
3069,bbarrel/with_msa/colab_att/HBI_b_21_unrelaxed_rank_001_alphafold2_ptm_model_5_seed_000.pdb,87.22
3070,bbarrel/with_msa/colab_att/TMB2.57_unrelaxed_rank_001_alphafold2_ptm_model_3_seed_000.pdb,93.51
3071,bbarrel/with_msa/colab_att/HBI_b_33_unrelaxed_rank_001_alphafold2_ptm_model_5_seed_000.pdb,86.84
3072,bbarrel/with_msa/colab_att/TMB2.87_unrelaxed_rank_002_alphafold2_ptm_model_2_seed_000.pdb,88.5
3073,bbarrel/with_msa/colab_att/TMB2.15_unrelaxed_rank_004_alphafold2_ptm_model_4_seed_000.pdb,87.54
3074,bbarrel/with_msa/colab_att/HBI_b_08_unrelaxed_rank_005_alphafold2_ptm_model_2_seed_000.pdb,87.25
3075,bbarrel/with_msa/colab_att/HBI_b_32_unrelaxed_rank_003_alphafold2_ptm_model_2_seed_000.pdb,85.89
3076,bbarrel/with_msa/colab_att/HBI_b_02_unrelaxed_rank_005_alphafold2_ptm_model_4_seed_000.pdb,83.14
3077,bbarrel/with_msa/colab_att/HBI_b_08_unrelaxed_rank_001_alphafold2_ptm_model_3_seed_000.pdb,88.97
3078,bbarrel/with_msa/colab_att/TMB2.27_unrelaxed_rank_002_alphafold2_ptm_model_1_seed_000.pdb,92.67
3079,bbarrel/with_msa/colab_att/TMB2.44_unrelaxed_rank_005_alphafold2_ptm_model_2_seed_000.pdb,90.24
3080,bbarrel/with_msa/colab_att/TMB2.73_unrelaxed_rank_002_alphafold2_ptm_model_1_seed_000.pdb,88.21
3081,bbarrel/with_msa/colab_att/TMB2.85_unrelaxed_rank_001_alphafold2_ptm_model_3_seed_000.pdb,92.49
3082,bbarrel/with_msa/colab_att/TMB2.41_unrelaxed_rank_005_alphafold2_ptm_model_5_seed_000.pdb,91.03
3083,bbarrel/with_msa/colab_att/HBI_b_14_unrelaxed_rank_001_alphafold2_ptm_model_1_seed_000.pdb,90.72
3084,bbarrel/with_msa/colab_att/TMB2.77_unrelaxed_rank_001_alphafold2_ptm_model_3_seed_000.pdb,90.93
3085,bbarrel/with_msa/colab_att/TMB2.31_unrelaxed_rank_001_alphafold2_ptm_model_4_seed_000.pdb,93.87
3086,bbarrel/with_msa/colab_att/TMB2.76_unrelaxed_rank_004_alphafold2_ptm_model_2_seed_000.pdb,90.8
3087,bbarrel/with_msa/colab_att/HBI_b_50_unrelaxed_rank_001_alphafold2_ptm_model_4_seed_000.pdb,94.43
3088,bbarrel/with_msa/colab_att/HBI_b_55_unrelaxed_rank_005_alphafold2_ptm_model_5_seed_000.pdb,89.22
3089,bbarrel/with_msa/colab_att/TMB2.18_unrelaxed_rank_003_alphafold2_ptm_model_2_seed_000.pdb,91.27
3090,bbarrel/with_msa/colab_att/TMB2.89_unrelaxed_rank_005_alphafold2_ptm_model_5_seed_000.pdb,87.46
3091,bbarrel/with_msa/colab_att/TMB2.19_unrelaxed_rank_004_alphafold2_ptm_model_5_seed_000.pdb,89.87
3092,bbarrel/with_msa/colab_att/TMB2.84_unrelaxed_rank_002_alphafold2_ptm_model_2_seed_000.pdb,90.97
3093,bbarrel/with_msa/colab_att/HBI_b_44_unrelaxed_rank_001_alphafold2_ptm_model_1_seed_000.pdb,88.72
3094,bbarrel/with_msa/colab_att/TMB2.85_unrelaxed_rank_004_alphafold2_ptm_model_5_seed_000.pdb,89.52
3095,bbarrel/with_msa/colab_att/HBI_b_16_unrelaxed_rank_002_alphafold2_ptm_model_1_seed_000.pdb,88.46
3096,bbarrel/with_msa/colab_att/TMB2.66_unrelaxed_rank_002_alphafold2_ptm_model_3_seed_000.pdb,93.92
3097,bbarrel/with_msa/colab_att/TMB2.55_unrelaxed_rank_001_alphafold2_ptm_model_5_seed_000.pdb,93.94
3098,bbarrel/with_msa/colab_att/TMB2.29_unrelaxed_rank_002_alphafold2_ptm_model_4_seed_000.pdb,91.0
3099,bbarrel/with_msa/colab_att/TMB2.6_unrelaxed_rank_004_alphafold2_ptm_model_1_seed_000.pdb,92.49
3100,bbarrel/with_msa/colab_att/TMB2.88_unrelaxed_rank_003_alphafold2_ptm_model_1_seed_000.pdb,91.0
3101,bbarrel/with_msa/colab_att/TMB2.51_unrelaxed_rank_003_alphafold2_ptm_model_2_seed_000.pdb,88.04
3102,bbarrel/with_msa/colab_att/TMB2.20_unrelaxed_rank_004_alphafold2_ptm_model_5_seed_000.pdb,90.84
3103,bbarrel/with_msa/colab_att/HBI_b_39_unrelaxed_rank_002_alphafold2_ptm_model_4_seed_000.pdb,81.42
3104,bbarrel/with_msa/colab_att/TMB2.79_unrelaxed_rank_002_alphafold2_ptm_model_5_seed_000.pdb,90.18
3105,bbarrel/with_msa/colab_att/TMB2.58_unrelaxed_rank_004_alphafold2_ptm_model_5_seed_000.pdb,93.78
3106,bbarrel/with_msa/colab_att/TMB2.84_unrelaxed_rank_001_alphafold2_ptm_model_4_seed_000.pdb,90.96
3107,bbarrel/with_msa/colab_att/TMB2.11_unrelaxed_rank_001_alphafold2_ptm_model_1_seed_000.pdb,94.4
3108,bbarrel/with_msa/colab_att/TMB2.86_unrelaxed_rank_004_alphafold2_ptm_model_3_seed_000.pdb,89.43
3109,bbarrel/with_msa/colab_att/HBI_b_17_unrelaxed_rank_003_alphafold2_ptm_model_3_seed_000.pdb,86.73
3110,bbarrel/with_msa/colab_att/TMB2.65_unrelaxed_rank_002_alphafold2_ptm_model_1_seed_000.pdb,90.54
3111,bbarrel/with_msa/colab_att/TMB2.52_unrelaxed_rank_002_alphafold2_ptm_model_3_seed_000.pdb,89.48
3112,bbarrel/with_msa/colab_att/TMB2.77_unrelaxed_rank_003_alphafold2_ptm_model_2_seed_000.pdb,84.06
3113,bbarrel/with_msa/colab_att/HBI_b_13_unrelaxed_rank_001_alphafold2_ptm_model_3_seed_000.pdb,85.24
3114,bbarrel/with_msa/colab_att/TMB2.12_unrelaxed_rank_004_alphafold2_ptm_model_3_seed_000.pdb,86.39
3115,bbarrel/with_msa/colab_att/HBI_b_41_unrelaxed_rank_001_alphafold2_ptm_model_3_seed_000.pdb,87.57
3116,bbarrel/with_msa/colab_att/TMB2.49_unrelaxed_rank_003_alphafold2_ptm_model_2_seed_000.pdb,91.53
3117,bbarrel/with_msa/colab_att/TMB2.81_unrelaxed_rank_005_alphafold2_ptm_model_1_seed_000.pdb,88.58
3118,bbarrel/with_msa/colab_att/HBI_b_45_unrelaxed_rank_003_alphafold2_ptm_model_2_seed_000.pdb,87.25
3119,bbarrel/with_msa/colab_att/HBI_b_01_unrelaxed_rank_005_alphafold2_ptm_model_2_seed_000.pdb,89.44
3120,bbarrel/with_msa/colab_att/HBI_b_14_unrelaxed_rank_002_alphafold2_ptm_model_4_seed_000.pdb,89.73
3121,bbarrel/with_msa/colab_att/HBI_b_33_unrelaxed_rank_003_alphafold2_ptm_model_3_seed_000.pdb,83.64
3122,bbarrel/with_msa/colab_att/HBI_b_34_unrelaxed_rank_004_alphafold2_ptm_model_4_seed_000.pdb,88.38
3123,bbarrel/with_msa/colab_att/HBI_b_02_unrelaxed_rank_003_alphafold2_ptm_model_3_seed_000.pdb,84.9
3124,bbarrel/with_msa/colab_att/HBI_b_38_unrelaxed_rank_005_alphafold2_ptm_model_2_seed_000.pdb,82.46
3125,bbarrel/with_msa/colab_att/HBI_b_55_unrelaxed_rank_002_alphafold2_ptm_model_3_seed_000.pdb,91.08
3126,bbarrel/with_msa/colab_att/TMB2.37_unrelaxed_rank_003_alphafold2_ptm_model_3_seed_000.pdb,91.42
3127,bbarrel/with_msa/colab_att/TMB2.24_unrelaxed_rank_001_alphafold2_ptm_model_3_seed_000.pdb,92.98
3128,bbarrel/with_msa/colab_att/TMB2.24_unrelaxed_rank_003_alphafold2_ptm_model_4_seed_000.pdb,90.68
3129,bbarrel/with_msa/colab_att/TMB2.1_unrelaxed_rank_001_alphafold2_ptm_model_1_seed_000.pdb,95.27
3130,bbarrel/with_msa/colab_att/TMB2.86_unrelaxed_rank_005_alphafold2_ptm_model_4_seed_000.pdb,87.29
3131,bbarrel/with_msa/colab_att/HBI_b_32_unrelaxed_rank_002_alphafold2_ptm_model_3_seed_000.pdb,86.21
3132,bbarrel/with_msa/colab_att/TMB2.47_unrelaxed_rank_004_alphafold2_ptm_model_4_seed_000.pdb,79.42
3133,bbarrel/with_msa/colab_att/HBI_b_50_unrelaxed_rank_004_alphafold2_ptm_model_1_seed_000.pdb,73.35
3134,bbarrel/with_msa/colab_att/TMB2.55_unrelaxed_rank_005_alphafold2_ptm_model_1_seed_000.pdb,92.28
3135,bbarrel/with_msa/colab_att/TMB2.36_unrelaxed_rank_001_alphafold2_ptm_model_3_seed_000.pdb,93.05
3136,bbarrel/with_msa/colab_att/TMB2.67_unrelaxed_rank_005_alphafold2_ptm_model_5_seed_000.pdb,89.34
3137,bbarrel/with_msa/colab_att/TMB2.14_unrelaxed_rank_002_alphafold2_ptm_model_1_seed_000.pdb,92.83
3138,bbarrel/with_msa/colab_att/HBI_b_22_unrelaxed_rank_001_alphafold2_ptm_model_5_seed_000.pdb,91.67
3139,bbarrel/with_msa/colab_att/HBI_b_17_unrelaxed_rank_005_alphafold2_ptm_model_4_seed_000.pdb,84.87
3140,bbarrel/with_msa/colab_att/TMB2.5_unrelaxed_rank_003_alphafold2_ptm_model_2_seed_000.pdb,91.25
3141,bbarrel/with_msa/colab_att/HBI_b_04_unrelaxed_rank_003_alphafold2_ptm_model_5_seed_000.pdb,90.63
3142,bbarrel/with_msa/colab_att/TMB2.27_unrelaxed_rank_004_alphafold2_ptm_model_5_seed_000.pdb,90.24
3143,bbarrel/with_msa/colab_att/HBI_b_14_unrelaxed_rank_003_alphafold2_ptm_model_2_seed_000.pdb,89.51
3144,bbarrel/with_msa/colab_att/TMB2.7_unrelaxed_rank_003_alphafold2_ptm_model_4_seed_000.pdb,92.06
3145,bbarrel/with_msa/colab_att/TMB2.63_unrelaxed_rank_003_alphafold2_ptm_model_1_seed_000.pdb,89.07
3146,bbarrel/with_msa/colab_att/TMB2.44_unrelaxed_rank_001_alphafold2_ptm_model_3_seed_000.pdb,93.12
3147,bbarrel/with_msa/colab_att/TMB2.31_unrelaxed_rank_005_alphafold2_ptm_model_5_seed_000.pdb,90.44
3148,bbarrel/with_msa/colab_att/TMB2.76_unrelaxed_rank_005_alphafold2_ptm_model_5_seed_000.pdb,90.13
3149,bbarrel/with_msa/colab_att/HBI_b_22_unrelaxed_rank_003_alphafold2_ptm_model_1_seed_000.pdb,89.35
3150,bbarrel/with_msa/colab_att/HBI_b_43_unrelaxed_rank_004_alphafold2_ptm_model_4_seed_000.pdb,85.61
3151,bbarrel/with_msa/colab_att/TMB2.42_unrelaxed_rank_003_alphafold2_ptm_model_2_seed_000.pdb,91.05
3152,bbarrel/with_msa/colab_att/HBI_b_27_unrelaxed_rank_003_alphafold2_ptm_model_4_seed_000.pdb,87.33
3153,bbarrel/with_msa/colab_att/TMB2.26_unrelaxed_rank_003_alphafold2_ptm_model_4_seed_000.pdb,90.86
3154,bbarrel/with_msa/colab_att/HBI_b_27_unrelaxed_rank_005_alphafold2_ptm_model_2_seed_000.pdb,86.49
3155,bbarrel/with_msa/colab_att/HBI_b_20_unrelaxed_rank_003_alphafold2_ptm_model_5_seed_000.pdb,89.65
3156,bbarrel/with_msa/colab_att/TMB2.6_unrelaxed_rank_001_alphafold2_ptm_model_3_seed_000.pdb,92.82
3157,bbarrel/with_msa/colab_att/TMB2.21_unrelaxed_rank_003_alphafold2_ptm_model_5_seed_000.pdb,93.57
3158,bbarrel/with_msa/colab_att/TMB2.52_unrelaxed_rank_004_alphafold2_ptm_model_1_seed_000.pdb,88.36
3159,bbarrel/with_msa/colab_att/HBI_b_15_unrelaxed_rank_004_alphafold2_ptm_model_4_seed_000.pdb,86.07
3160,bbarrel/with_msa/colab_att/HBI_b_45_unrelaxed_rank_005_alphafold2_ptm_model_5_seed_000.pdb,85.93
3161,bbarrel/with_msa/colab_att/TMB2.27_unrelaxed_rank_003_alphafold2_ptm_model_2_seed_000.pdb,91.75
3162,bbarrel/with_msa/colab_att/HBI_b_37_unrelaxed_rank_001_alphafold2_ptm_model_3_seed_000.pdb,84.24
3163,bbarrel/with_msa/colab_att/TMB2.33_unrelaxed_rank_001_alphafold2_ptm_model_1_seed_000.pdb,92.97
3164,bbarrel/with_msa/colab_att/HBI_b_19_unrelaxed_rank_005_alphafold2_ptm_model_2_seed_000.pdb,82.63
3165,bbarrel/with_msa/colab_att/TMB2.84_unrelaxed_rank_005_alphafold2_ptm_model_5_seed_000.pdb,85.51
3166,bbarrel/with_msa/colab_att/TMB2.72_unrelaxed_rank_002_alphafold2_ptm_model_1_seed_000.pdb,90.27
3167,bbarrel/with_msa/colab_att/HBI_b_38_unrelaxed_rank_004_alphafold2_ptm_model_3_seed_000.pdb,83.08
3168,bbarrel/with_msa/colab_att/TMB2.15_unrelaxed_rank_003_alphafold2_ptm_model_5_seed_000.pdb,88.59
3169,bbarrel/with_msa/colab_att/HBI_b_49_unrelaxed_rank_004_alphafold2_ptm_model_5_seed_000.pdb,87.9
3170,bbarrel/with_msa/colab_att/HBI_b_29_unrelaxed_rank_005_alphafold2_ptm_model_2_seed_000.pdb,84.8
3171,bbarrel/with_msa/colab_att/TMB2.73_unrelaxed_rank_003_alphafold2_ptm_model_4_seed_000.pdb,87.8
3172,bbarrel/with_msa/colab_att/TMB2.31_unrelaxed_rank_004_alphafold2_ptm_model_1_seed_000.pdb,92.58
3173,bbarrel/with_msa/colab_att/TMB2.60_unrelaxed_rank_003_alphafold2_ptm_model_3_seed_000.pdb,86.64
3174,bbarrel/with_msa/colab_att/HBI_b_23_unrelaxed_rank_002_alphafold2_ptm_model_3_seed_000.pdb,90.39
3175,bbarrel/with_msa/colab_att/TMB2.18_unrelaxed_rank_002_alphafold2_ptm_model_4_seed_000.pdb,93.35
3176,bbarrel/with_msa/colab_att/TMB2.89_unrelaxed_rank_004_alphafold2_ptm_model_3_seed_000.pdb,89.96
3177,bbarrel/with_msa/colab_att/TMB2.63_unrelaxed_rank_001_alphafold2_ptm_model_4_seed_000.pdb,91.61
3178,bbarrel/with_msa/colab_att/HBI_b_02_unrelaxed_rank_001_alphafold2_ptm_model_5_seed_000.pdb,85.62
3179,bbarrel/with_msa/colab_att/TMB2.69_unrelaxed_rank_004_alphafold2_ptm_model_2_seed_000.pdb,89.62
3180,bbarrel/with_msa/colab_att/HBI_b_35_unrelaxed_rank_001_alphafold2_ptm_model_3_seed_000.pdb,78.36
3181,bbarrel/with_msa/colab_att/TMB2.88_unrelaxed_rank_002_alphafold2_ptm_model_2_seed_000.pdb,91.5
3182,bbarrel/with_msa/colab_att/TMB2.80_unrelaxed_rank_001_alphafold2_ptm_model_2_seed_000.pdb,89.86
3183,bbarrel/with_msa/colab_att/TMB2.56_unrelaxed_rank_003_alphafold2_ptm_model_5_seed_000.pdb,91.57
3184,bbarrel/with_msa/colab_att/TMB2.76_unrelaxed_rank_002_alphafold2_ptm_model_1_seed_000.pdb,91.92
3185,bbarrel/with_msa/colab_att/TMB2.18_unrelaxed_rank_001_alphafold2_ptm_model_3_seed_000.pdb,94.0
3186,bbarrel/with_msa/colab_att/HBI_b_33_unrelaxed_rank_004_alphafold2_ptm_model_2_seed_000.pdb,81.55
3187,bbarrel/with_msa/colab_att/TMB2.69_unrelaxed_rank_002_alphafold2_ptm_model_3_seed_000.pdb,90.74
3188,bbarrel/with_msa/colab_att/HBI_b_28_unrelaxed_rank_003_alphafold2_ptm_model_1_seed_000.pdb,84.28
3189,bbarrel/with_msa/colab_att/TMB2.56_unrelaxed_rank_002_alphafold2_ptm_model_2_seed_000.pdb,91.65
3190,bbarrel/with_msa/colab_att/TMB2.48_unrelaxed_rank_004_alphafold2_ptm_model_1_seed_000.pdb,92.57
3191,bbarrel/with_msa/colab_att/TMB2.79_unrelaxed_rank_004_alphafold2_ptm_model_2_seed_000.pdb,89.24
3192,bbarrel/with_msa/colab_att/TMB2.71_unrelaxed_rank_004_alphafold2_ptm_model_4_seed_000.pdb,30.69
3193,bbarrel/with_msa/colab_att/HBI_b_09_unrelaxed_rank_002_alphafold2_ptm_model_3_seed_000.pdb,88.08
3194,bbarrel/with_msa/colab_att/HBI_b_50_unrelaxed_rank_002_alphafold2_ptm_model_2_seed_000.pdb,76.75
3195,bbarrel/with_msa/colab_att/HBI_b_19_unrelaxed_rank_001_alphafold2_ptm_model_5_seed_000.pdb,87.73
3196,bbarrel/with_msa/colab_att/TMB2.59_unrelaxed_rank_005_alphafold2_ptm_model_5_seed_000.pdb,88.12
3197,bbarrel/with_msa/colab_att/TMB2.39_unrelaxed_rank_002_alphafold2_ptm_model_1_seed_000.pdb,90.14
3198,bbarrel/with_msa/colab_att/TMB2.77_unrelaxed_rank_005_alphafold2_ptm_model_4_seed_000.pdb,82.18
3199,bbarrel/with_msa/colab_att/TMB2.11_unrelaxed_rank_002_alphafold2_ptm_model_3_seed_000.pdb,92.65
3200,bbarrel/with_msa/colab_att/TMB2.50_unrelaxed_rank_004_alphafold2_ptm_model_2_seed_000.pdb,92.7
3201,bbarrel/with_msa/colab_att/TMB2.54_unrelaxed_rank_004_alphafold2_ptm_model_2_seed_000.pdb,90.76
3202,bbarrel/with_msa/colab_att/HBI_b_29_unrelaxed_rank_002_alphafold2_ptm_model_3_seed_000.pdb,86.84
3203,bbarrel/with_msa/colab_att/TMB2.11_unrelaxed_rank_003_alphafold2_ptm_model_2_seed_000.pdb,92.68
3204,bbarrel/with_msa/colab_att/TMB2.68_unrelaxed_rank_005_alphafold2_ptm_model_5_seed_000.pdb,89.25
3205,bbarrel/with_msa/colab_att/TMB2.28_unrelaxed_rank_001_alphafold2_ptm_model_4_seed_000.pdb,93.27
3206,bbarrel/with_msa/colab_att/HBI_b_31_unrelaxed_rank_004_alphafold2_ptm_model_2_seed_000.pdb,75.92
3207,bbarrel/with_msa/colab_att/HBI_b_26_unrelaxed_rank_003_alphafold2_ptm_model_5_seed_000.pdb,86.64
3208,bbarrel/with_msa/colab_att/TMB2.15_unrelaxed_rank_005_alphafold2_ptm_model_2_seed_000.pdb,86.33
3209,bbarrel/with_msa/colab_att/HBI_b_46_unrelaxed_rank_003_alphafold2_ptm_model_3_seed_000.pdb,88.35
3210,bbarrel/with_msa/colab_att/TMB2.60_unrelaxed_rank_002_alphafold2_ptm_model_2_seed_000.pdb,88.14
3211,bbarrel/with_msa/colab_att/TMB2.29_unrelaxed_rank_003_alphafold2_ptm_model_1_seed_000.pdb,89.93
3212,bbarrel/with_msa/colab_att/TMB2.26_unrelaxed_rank_004_alphafold2_ptm_model_2_seed_000.pdb,90.45
3213,bbarrel/with_msa/colab_att/HBI_b_49_unrelaxed_rank_003_alphafold2_ptm_model_1_seed_000.pdb,88.02
3214,bbarrel/with_msa/colab_att/HBI_b_20_unrelaxed_rank_005_alphafold2_ptm_model_2_seed_000.pdb,88.35
3215,bbarrel/with_msa/colab_att/HBI_b_02_unrelaxed_rank_004_alphafold2_ptm_model_2_seed_000.pdb,83.9
3216,bbarrel/with_msa/colab_att/HBI_b_21_unrelaxed_rank_002_alphafold2_ptm_model_3_seed_000.pdb,87.04
3217,bbarrel/with_msa/colab_att/TMB2.37_unrelaxed_rank_001_alphafold2_ptm_model_1_seed_000.pdb,93.09
3218,bbarrel/with_msa/colab_att/TMB2.73_unrelaxed_rank_001_alphafold2_ptm_model_2_seed_000.pdb,90.02
3219,bbarrel/with_msa/colab_att/TMB2.62_unrelaxed_rank_002_alphafold2_ptm_model_5_seed_000.pdb,93.18
3220,bbarrel/with_msa/colab_att/TMB2.25_unrelaxed_rank_005_alphafold2_ptm_model_2_seed_000.pdb,86.79
3221,bbarrel/with_msa/colab_att/HBI_b_13_unrelaxed_rank_005_alphafold2_ptm_model_4_seed_000.pdb,83.39
3222,bbarrel/with_msa/colab_att/TMB2.17_unrelaxed_rank_005_alphafold2_ptm_model_5_seed_000.pdb,92.39
3223,bbarrel/with_msa/colab_att/TMB2.43_unrelaxed_rank_001_alphafold2_ptm_model_1_seed_000.pdb,92.14
3224,bbarrel/with_msa/colab_att/TMB2.15_unrelaxed_rank_002_alphafold2_ptm_model_1_seed_000.pdb,88.97
3225,bbarrel/with_msa/colab_att/HBI_b_25_unrelaxed_rank_001_alphafold2_ptm_model_2_seed_000.pdb,85.08
3226,bbarrel/with_msa/colab_att/TMB2.54_unrelaxed_rank_005_alphafold2_ptm_model_3_seed_000.pdb,90.16
3227,bbarrel/with_msa/colab_att/TMB2.41_unrelaxed_rank_001_alphafold2_ptm_model_3_seed_000.pdb,94.04
3228,bbarrel/with_msa/colab_att/TMB2.3_unrelaxed_rank_001_alphafold2_ptm_model_3_seed_000.pdb,93.72
3229,bbarrel/with_msa/colab_att/TMB2.17_unrelaxed_rank_002_alphafold2_ptm_model_2_seed_000.pdb,93.28
3230,bbarrel/with_msa/colab_att/TMB2.70_unrelaxed_rank_004_alphafold2_ptm_model_2_seed_000.pdb,90.13
3231,bbarrel/with_msa/colab_att/TMB2.42_unrelaxed_rank_001_alphafold2_ptm_model_3_seed_000.pdb,91.33
3232,bbarrel/with_msa/colab_att/HBI_b_46_unrelaxed_rank_005_alphafold2_ptm_model_1_seed_000.pdb,87.13
3233,bbarrel/with_msa/colab_att/TMB2.37_unrelaxed_rank_005_alphafold2_ptm_model_4_seed_000.pdb,90.12
3234,bbarrel/with_msa/colab_att/TMB2.19_unrelaxed_rank_001_alphafold2_ptm_model_1_seed_000.pdb,92.63
3235,bbarrel/with_msa/colab_att/TMB2.30_unrelaxed_rank_005_alphafold2_ptm_model_4_seed_000.pdb,90.04
3236,bbarrel/with_msa/colab_att/TMB2.22_unrelaxed_rank_001_alphafold2_ptm_model_1_seed_000.pdb,93.27
3237,bbarrel/with_msa/colab_att/TMB2.64_unrelaxed_rank_001_alphafold2_ptm_model_4_seed_000.pdb,94.73
3238,bbarrel/with_msa/colab_att/TMB2.75_unrelaxed_rank_002_alphafold2_ptm_model_4_seed_000.pdb,88.95
3239,bbarrel/with_msa/colab_att/HBI_b_40_unrelaxed_rank_001_alphafold2_ptm_model_3_seed_000.pdb,91.35
3240,bbarrel/with_msa/colab_att/HBI_b_27_unrelaxed_rank_001_alphafold2_ptm_model_5_seed_000.pdb,87.74
3241,bbarrel/with_msa/colab_att/HBI_b_10_unrelaxed_rank_003_alphafold2_ptm_model_4_seed_000.pdb,89.0
3242,bbarrel/with_msa/colab_att/HBI_b_21_unrelaxed_rank_003_alphafold2_ptm_model_4_seed_000.pdb,86.76
3243,bbarrel/with_msa/colab_att/TMB2.89_unrelaxed_rank_002_alphafold2_ptm_model_2_seed_000.pdb,91.95
3244,bbarrel/with_msa/colab_att/TMB2.72_unrelaxed_rank_004_alphafold2_ptm_model_4_seed_000.pdb,89.52
3245,bbarrel/with_msa/colab_att/TMB2.45_unrelaxed_rank_004_alphafold2_ptm_model_2_seed_000.pdb,87.36
3246,bbarrel/with_msa/colab_att/TMB2.47_unrelaxed_rank_003_alphafold2_ptm_model_2_seed_000.pdb,85.02
3247,bbarrel/with_msa/colab_att/HBI_b_04_unrelaxed_rank_004_alphafold2_ptm_model_3_seed_000.pdb,89.76
3248,bbarrel/with_msa/colab_att/HBI_b_29_unrelaxed_rank_004_alphafold2_ptm_model_4_seed_000.pdb,85.99
3249,bbarrel/with_msa/colab_att/TMB2.8_unrelaxed_rank_001_alphafold2_ptm_model_4_seed_000.pdb,92.91
3250,bbarrel/with_msa/colab_att/TMB2.38_unrelaxed_rank_004_alphafold2_ptm_model_5_seed_000.pdb,89.44
3251,bbarrel/with_msa/colab_att/TMB2.27_unrelaxed_rank_001_alphafold2_ptm_model_3_seed_000.pdb,92.72
3252,bbarrel/with_msa/colab_att/HBI_b_53_unrelaxed_rank_001_alphafold2_ptm_model_4_seed_000.pdb,84.33
3253,bbarrel/with_msa/colab_att/TMB2.59_unrelaxed_rank_001_alphafold2_ptm_model_2_seed_000.pdb,90.84
3254,bbarrel/with_msa/colab_att/HBI_b_53_unrelaxed_rank_004_alphafold2_ptm_model_1_seed_000.pdb,83.49
3255,bbarrel/with_msa/colab_att/TMB2.68_unrelaxed_rank_001_alphafold2_ptm_model_1_seed_000.pdb,92.89
3256,bbarrel/with_msa/colab_att/HBI_b_13_unrelaxed_rank_004_alphafold2_ptm_model_2_seed_000.pdb,83.77
3257,bbarrel/with_msa/colab_att/HBI_b_31_unrelaxed_rank_001_alphafold2_ptm_model_4_seed_000.pdb,84.4
3258,bbarrel/with_msa/colab_att/TMB2.82_unrelaxed_rank_002_alphafold2_ptm_model_2_seed_000.pdb,92.68
3259,bbarrel/with_msa/colab_att/HBI_b_31_unrelaxed_rank_002_alphafold2_ptm_model_1_seed_000.pdb,83.26
3260,bbarrel/with_msa/colab_att/TMB2.18_unrelaxed_rank_004_alphafold2_ptm_model_1_seed_000.pdb,91.02
3261,bbarrel/with_msa/colab_att/HBI_b_07_unrelaxed_rank_001_alphafold2_ptm_model_3_seed_000.pdb,88.38
3262,bbarrel/with_msa/colab_att/TMB2.54_unrelaxed_rank_003_alphafold2_ptm_model_4_seed_000.pdb,90.71
3263,bbarrel/with_msa/colab_att/TMB2.36_unrelaxed_rank_002_alphafold2_ptm_model_4_seed_000.pdb,92.51
3264,bbarrel/with_msa/colab_att/HBI_b_56_unrelaxed_rank_004_alphafold2_ptm_model_1_seed_000.pdb,85.23
3265,bbarrel/with_msa/colab_att/HBI_b_20_unrelaxed_rank_002_alphafold2_ptm_model_3_seed_000.pdb,90.47
3266,bbarrel/with_msa/colab_att/HBI_b_23_unrelaxed_rank_001_alphafold2_ptm_model_5_seed_000.pdb,91.95
3267,bbarrel/with_msa/colab_att/TMB2.43_unrelaxed_rank_003_alphafold2_ptm_model_4_seed_000.pdb,91.65
3268,bbarrel/with_msa/colab_att/TMB2.44_unrelaxed_rank_003_alphafold2_ptm_model_5_seed_000.pdb,92.2
3269,bbarrel/with_msa/colab_att/TMB2.22_unrelaxed_rank_004_alphafold2_ptm_model_3_seed_000.pdb,91.98
3270,bbarrel/with_msa/colab_att/TMB2.20_unrelaxed_rank_005_alphafold2_ptm_model_3_seed_000.pdb,88.57
3271,bbarrel/with_msa/colab_att/TMB2.66_unrelaxed_rank_005_alphafold2_ptm_model_1_seed_000.pdb,91.64
3272,bbarrel/with_msa/colab_att/HBI_b_56_unrelaxed_rank_002_alphafold2_ptm_model_3_seed_000.pdb,85.93
3273,bbarrel/with_msa/colab_att/TMB2.28_unrelaxed_rank_002_alphafold2_ptm_model_2_seed_000.pdb,93.08
3274,bbarrel/with_msa/colab_att/HBI_b_03_unrelaxed_rank_003_alphafold2_ptm_model_4_seed_000.pdb,63.8
3275,bbarrel/with_msa/colab_att/TMB2.52_unrelaxed_rank_005_alphafold2_ptm_model_2_seed_000.pdb,86.25
3276,bbarrel/with_msa/colab_att/HBI_b_28_unrelaxed_rank_001_alphafold2_ptm_model_5_seed_000.pdb,88.28
3277,bbarrel/with_msa/colab_att/HBI_b_49_unrelaxed_rank_001_alphafold2_ptm_model_3_seed_000.pdb,90.94
3278,bbarrel/with_msa/colab_att/TMB2.86_unrelaxed_rank_003_alphafold2_ptm_model_2_seed_000.pdb,89.91
3279,bbarrel/with_msa/colab_att/HBI_b_40_unrelaxed_rank_005_alphafold2_ptm_model_2_seed_000.pdb,90.92
3280,bbarrel/with_msa/colab_att/HBI_b_02_unrelaxed_rank_002_alphafold2_ptm_model_1_seed_000.pdb,85.11
3281,bbarrel/with_msa/colab_att/HBI_b_07_unrelaxed_rank_005_alphafold2_ptm_model_2_seed_000.pdb,87.26
3282,bbarrel/with_msa/colab_att/TMB2.74_unrelaxed_rank_003_alphafold2_ptm_model_2_seed_000.pdb,91.23
3283,bbarrel/with_msa/colab_att/TMB2.41_unrelaxed_rank_003_alphafold2_ptm_model_1_seed_000.pdb,92.95
3284,bbarrel/with_msa/colab_att/HBI_b_16_unrelaxed_rank_001_alphafold2_ptm_model_5_seed_000.pdb,89.5
3285,bbarrel/with_msa/colab_att/HBI_b_22_unrelaxed_rank_004_alphafold2_ptm_model_2_seed_000.pdb,88.82
3286,bbarrel/with_msa/colab_att/TMB2.33_unrelaxed_rank_004_alphafold2_ptm_model_5_seed_000.pdb,91.48
3287,bbarrel/with_msa/colab_att/TMB2.39_unrelaxed_rank_004_alphafold2_ptm_model_3_seed_000.pdb,88.93
3288,bbarrel/with_msa/colab_att/TMB2.39_unrelaxed_rank_001_alphafold2_ptm_model_4_seed_000.pdb,90.77
3289,bbarrel/with_msa/colab_att/TMB2.21_unrelaxed_rank_001_alphafold2_ptm_model_4_seed_000.pdb,93.86
3290,bbarrel/with_msa/colab_att/TMB2.56_unrelaxed_rank_005_alphafold2_ptm_model_3_seed_000.pdb,89.93
3291,bbarrel/with_msa/colab_att/TMB2.34_unrelaxed_rank_003_alphafold2_ptm_model_4_seed_000.pdb,93.53
3292,bbarrel/with_msa/colab_att/HBI_b_53_unrelaxed_rank_002_alphafold2_ptm_model_5_seed_000.pdb,84.03
3293,bbarrel/with_msa/colab_att/TMB2.65_unrelaxed_rank_001_alphafold2_ptm_model_5_seed_000.pdb,90.65
3294,bbarrel/with_msa/colab_att/TMB2.20_unrelaxed_rank_002_alphafold2_ptm_model_1_seed_000.pdb,92.04
3295,bbarrel/with_msa/colab_att/TMB2.25_unrelaxed_rank_003_alphafold2_ptm_model_5_seed_000.pdb,87.84
3296,bbarrel/with_msa/colab_att/TMB2.79_unrelaxed_rank_003_alphafold2_ptm_model_3_seed_000.pdb,89.69
3297,bbarrel/with_msa/colab_att/TMB2.78_unrelaxed_rank_005_alphafold2_ptm_model_2_seed_000.pdb,88.99
3298,bbarrel/with_msa/colab_att/TMB2.19_unrelaxed_rank_003_alphafold2_ptm_model_3_seed_000.pdb,91.38
3299,bbarrel/with_msa/colab_att/TMB2.24_unrelaxed_rank_004_alphafold2_ptm_model_5_seed_000.pdb,89.8
3300,bbarrel/with_msa/colab_att/TMB2.50_unrelaxed_rank_005_alphafold2_ptm_model_4_seed_000.pdb,91.99
3301,bbarrel/with_msa/colab_att/TMB2.74_unrelaxed_rank_005_alphafold2_ptm_model_5_seed_000.pdb,88.07
3302,bbarrel/with_msa/colab_att/HBI_b_37_unrelaxed_rank_004_alphafold2_ptm_model_5_seed_000.pdb,82.03
3303,bbarrel/with_msa/colab_att/TMB2.44_unrelaxed_rank_002_alphafold2_ptm_model_1_seed_000.pdb,92.81
3304,bbarrel/with_msa/colab_att/TMB2.32_unrelaxed_rank_003_alphafold2_ptm_model_2_seed_000.pdb,91.74
3305,bbarrel/with_msa/colab_att/TMB2.38_unrelaxed_rank_001_alphafold2_ptm_model_1_seed_000.pdb,91.1
3306,bbarrel/with_msa/colab_att/TMB2.34_unrelaxed_rank_001_alphafold2_ptm_model_5_seed_000.pdb,94.58
3307,bbarrel/with_msa/colab_att/HBI_b_01_unrelaxed_rank_002_alphafold2_ptm_model_1_seed_000.pdb,91.4
3308,bbarrel/with_msa/colab_att/HBI_b_44_unrelaxed_rank_003_alphafold2_ptm_model_5_seed_000.pdb,87.22
3309,bbarrel/with_msa/colab_att/HBI_b_44_unrelaxed_rank_002_alphafold2_ptm_model_4_seed_000.pdb,87.81
3310,bbarrel/with_msa/colab_att/TMB2.23_unrelaxed_rank_003_alphafold2_ptm_model_4_seed_000.pdb,93.01
3311,bbarrel/with_msa/colab_att/HBI_b_38_unrelaxed_rank_002_alphafold2_ptm_model_1_seed_000.pdb,83.38
3312,bbarrel/with_msa/colab_att/HBI_b_55_unrelaxed_rank_001_alphafold2_ptm_model_2_seed_000.pdb,92.51
3313,bbarrel/with_msa/colab_att/TMB2.52_unrelaxed_rank_003_alphafold2_ptm_model_4_seed_000.pdb,89.39
3314,bbarrel/with_msa/colab_att/TMB2.47_unrelaxed_rank_001_alphafold2_ptm_model_5_seed_000.pdb,92.18
3315,bbarrel/with_msa/colab_att/HBI_b_04_unrelaxed_rank_002_alphafold2_ptm_model_2_seed_000.pdb,90.84
3316,bbarrel/with_msa/colab_att/HBI_b_46_unrelaxed_rank_004_alphafold2_ptm_model_2_seed_000.pdb,88.28
3317,bbarrel/with_msa/colab_att/HBI_b_01_unrelaxed_rank_004_alphafold2_ptm_model_3_seed_000.pdb,90.2
3318,bbarrel/with_msa/colab_att/TMB2.62_unrelaxed_rank_004_alphafold2_ptm_model_2_seed_000.pdb,91.33
3319,bbarrel/with_msa/colab_att/TMB2.9_unrelaxed_rank_004_alphafold2_ptm_model_3_seed_000.pdb,87.64
3320,bbarrel/with_msa/colab_att/HBI_b_41_unrelaxed_rank_002_alphafold2_ptm_model_5_seed_000.pdb,87.23
3321,bbarrel/with_msa/colab_att/TMB2.22_unrelaxed_rank_002_alphafold2_ptm_model_4_seed_000.pdb,93.18
3322,bbarrel/with_msa/colab_att/TMB2.3_unrelaxed_rank_004_alphafold2_ptm_model_5_seed_000.pdb,91.77
3323,bbarrel/with_msa/colab_att/TMB2.67_unrelaxed_rank_003_alphafold2_ptm_model_1_seed_000.pdb,90.75
3324,bbarrel/with_msa/colab_att/HBI_b_34_unrelaxed_rank_001_alphafold2_ptm_model_1_seed_000.pdb,90.36
3325,bbarrel/with_msa/colab_att/HBI_b_10_unrelaxed_rank_002_alphafold2_ptm_model_1_seed_000.pdb,89.5
3326,bbarrel/with_msa/colab_att/TMB2.8_unrelaxed_rank_005_alphafold2_ptm_model_2_seed_000.pdb,91.32
3327,bbarrel/with_msa/colab_att/HBI_b_08_unrelaxed_rank_004_alphafold2_ptm_model_4_seed_000.pdb,87.77
3328,bbarrel/with_msa/colab_att/TMB2.47_unrelaxed_rank_005_alphafold2_ptm_model_3_seed_000.pdb,75.83
3329,bbarrel/with_msa/colab_att/HBI_b_45_unrelaxed_rank_004_alphafold2_ptm_model_1_seed_000.pdb,87.15
3330,bbarrel/with_msa/colab_att/HBI_b_15_unrelaxed_rank_003_alphafold2_ptm_model_1_seed_000.pdb,86.41
3331,bbarrel/with_msa/colab_att/TMB2.5_unrelaxed_rank_004_alphafold2_ptm_model_4_seed_000.pdb,90.62
3332,bbarrel/with_msa/colab_att/TMB2.62_unrelaxed_rank_001_alphafold2_ptm_model_3_seed_000.pdb,93.85
3333,bbarrel/with_msa/colab_att/HBI_b_35_unrelaxed_rank_003_alphafold2_ptm_model_4_seed_000.pdb,77.19
3334,bbarrel/with_msa/colab_att/TMB2.68_unrelaxed_rank_004_alphafold2_ptm_model_4_seed_000.pdb,91.05
3335,bbarrel/with_msa/colab_att/HBI_b_43_unrelaxed_rank_003_alphafold2_ptm_model_1_seed_000.pdb,87.44
3336,bbarrel/with_msa/colab_att/TMB2.23_unrelaxed_rank_002_alphafold2_ptm_model_3_seed_000.pdb,93.1
3337,bbarrel/with_msa/colab_att/HBI_b_21_unrelaxed_rank_004_alphafold2_ptm_model_2_seed_000.pdb,85.8
3338,bbarrel/with_msa/colab_att/TMB2.85_unrelaxed_rank_003_alphafold2_ptm_model_4_seed_000.pdb,92.1
3339,bbarrel/with_msa/colab_att/TMB2.71_unrelaxed_rank_002_alphafold2_ptm_model_3_seed_000.pdb,35.05
3340,bbarrel/with_msa/colab_att/TMB2.70_unrelaxed_rank_005_alphafold2_ptm_model_5_seed_000.pdb,86.77
3341,bbarrel/with_msa/colab_att/TMB2.84_unrelaxed_rank_003_alphafold2_ptm_model_3_seed_000.pdb,90.69
3342,bbarrel/with_msa/colab_att/HBI_b_34_unrelaxed_rank_002_alphafold2_ptm_model_3_seed_000.pdb,89.97
3343,bbarrel/with_msa/colab_att/TMB2.66_unrelaxed_rank_003_alphafold2_ptm_model_2_seed_000.pdb,93.43
3344,bbarrel/with_msa/colab_att/TMB2.49_unrelaxed_rank_002_alphafold2_ptm_model_3_seed_000.pdb,91.69
3345,bbarrel/with_msa/colab_att/TMB2.57_unrelaxed_rank_002_alphafold2_ptm_model_4_seed_000.pdb,93.39
3346,bbarrel/with_msa/colab_att/TMB2.9_unrelaxed_rank_003_alphafold2_ptm_model_4_seed_000.pdb,88.06
3347,bbarrel/with_msa/colab_att/TMB2.65_unrelaxed_rank_003_alphafold2_ptm_model_4_seed_000.pdb,90.38
3348,bbarrel/with_msa/colab/HBI_b_44_unrelaxed_rank_005_alphafold2_ptm_model_3_seed_000.pdb,83.8
3349,bbarrel/with_msa/colab/TMB2.69_unrelaxed_rank_003_alphafold2_ptm_model_4_seed_000.pdb,89.95
3350,bbarrel/with_msa/colab/HBI_b_26_unrelaxed_rank_005_alphafold2_ptm_model_2_seed_000.pdb,82.16
3351,bbarrel/with_msa/colab/TMB2.35_unrelaxed_rank_002_alphafold2_ptm_model_1_seed_000.pdb,90.92
3352,bbarrel/with_msa/colab/TMB2.48_unrelaxed_rank_003_alphafold2_ptm_model_4_seed_000.pdb,92.54
3353,bbarrel/with_msa/colab/TMB2.63_unrelaxed_rank_002_alphafold2_ptm_model_2_seed_000.pdb,89.94
3354,bbarrel/with_msa/colab/TMB2.64_unrelaxed_rank_004_alphafold2_ptm_model_2_seed_000.pdb,90.28
3355,bbarrel/with_msa/colab/HBI_b_29_unrelaxed_rank_001_alphafold2_ptm_model_5_seed_000.pdb,86.75
3356,bbarrel/with_msa/colab/TMB2.23_unrelaxed_rank_005_alphafold2_ptm_model_2_seed_000.pdb,89.45
3357,bbarrel/with_msa/colab/HBI_b_26_unrelaxed_rank_001_alphafold2_ptm_model_4_seed_000.pdb,86.79
3358,bbarrel/with_msa/colab/TMB2.60_unrelaxed_rank_004_alphafold2_ptm_model_1_seed_000.pdb,85.93
3359,bbarrel/with_msa/colab/HBI_b_39_unrelaxed_rank_001_alphafold2_ptm_model_5_seed_000.pdb,83.99
3360,bbarrel/with_msa/colab/TMB2.63_unrelaxed_rank_005_alphafold2_ptm_model_5_seed_000.pdb,87.84
3361,bbarrel/with_msa/colab/TMB2.25_unrelaxed_rank_004_alphafold2_ptm_model_1_seed_000.pdb,86.59
3362,bbarrel/with_msa/colab/HBI_b_23_unrelaxed_rank_005_alphafold2_ptm_model_1_seed_000.pdb,87.76
3363,bbarrel/with_msa/colab/TMB2.70_unrelaxed_rank_001_alphafold2_ptm_model_4_seed_000.pdb,91.62
3364,bbarrel/with_msa/colab/TMB2.27_unrelaxed_rank_005_alphafold2_ptm_model_4_seed_000.pdb,89.43
3365,bbarrel/with_msa/colab/TMB2.1_unrelaxed_rank_003_alphafold2_ptm_model_5_seed_000.pdb,92.21
3366,bbarrel/with_msa/colab/TMB2.67_unrelaxed_rank_001_alphafold2_ptm_model_4_seed_000.pdb,91.55
3367,bbarrel/with_msa/colab/TMB2.80_unrelaxed_rank_003_alphafold2_ptm_model_3_seed_000.pdb,88.21
3368,bbarrel/with_msa/colab/TMB2.12_unrelaxed_rank_002_alphafold2_ptm_model_1_seed_000.pdb,86.93
3369,bbarrel/with_msa/colab/TMB2.2_unrelaxed_rank_002_alphafold2_ptm_model_4_seed_000.pdb,90.88
3370,bbarrel/with_msa/colab/TMB2.30_unrelaxed_rank_001_alphafold2_ptm_model_1_seed_000.pdb,92.38
3371,bbarrel/with_msa/colab/TMB2.82_unrelaxed_rank_005_alphafold2_ptm_model_3_seed_000.pdb,90.87
3372,bbarrel/with_msa/colab/TMB2.81_unrelaxed_rank_001_alphafold2_ptm_model_3_seed_000.pdb,91.44
3373,bbarrel/with_msa/colab/TMB2.48_unrelaxed_rank_002_alphafold2_ptm_model_3_seed_000.pdb,92.65
3374,bbarrel/with_msa/colab/TMB2.79_unrelaxed_rank_005_alphafold2_ptm_model_4_seed_000.pdb,88.66
3375,bbarrel/with_msa/colab/HBI_b_01_unrelaxed_rank_003_alphafold2_ptm_model_4_seed_000.pdb,90.35
3376,bbarrel/with_msa/colab/HBI_b_34_unrelaxed_rank_003_alphafold2_ptm_model_5_seed_000.pdb,87.97
3377,bbarrel/with_msa/colab/TMB2.71_unrelaxed_rank_003_alphafold2_ptm_model_2_seed_000.pdb,30.66
3378,bbarrel/with_msa/colab/HBI_b_19_unrelaxed_rank_003_alphafold2_ptm_model_1_seed_000.pdb,83.2
3379,bbarrel/with_msa/colab/TMB2.51_unrelaxed_rank_002_alphafold2_ptm_model_5_seed_000.pdb,91.58
3380,bbarrel/with_msa/colab/TMB2.48_unrelaxed_rank_001_alphafold2_ptm_model_5_seed_000.pdb,92.77
3381,bbarrel/with_msa/colab/TMB2.59_unrelaxed_rank_003_alphafold2_ptm_model_1_seed_000.pdb,89.27
3382,bbarrel/with_msa/colab/TMB2.51_unrelaxed_rank_004_alphafold2_ptm_model_3_seed_000.pdb,86.28
3383,bbarrel/with_msa/colab/TMB2.70_unrelaxed_rank_003_alphafold2_ptm_model_3_seed_000.pdb,90.63
3384,bbarrel/with_msa/colab/HBI_b_31_unrelaxed_rank_005_alphafold2_ptm_model_3_seed_000.pdb,69.22
3385,bbarrel/with_msa/colab/TMB2.26_unrelaxed_rank_002_alphafold2_ptm_model_1_seed_000.pdb,91.64
3386,bbarrel/with_msa/colab/TMB2.36_unrelaxed_rank_004_alphafold2_ptm_model_2_seed_000.pdb,91.66
3387,bbarrel/with_msa/colab/TMB2.32_unrelaxed_rank_004_alphafold2_ptm_model_4_seed_000.pdb,91.15
3388,bbarrel/with_msa/colab/HBI_b_23_unrelaxed_rank_004_alphafold2_ptm_model_2_seed_000.pdb,88.76
3389,bbarrel/with_msa/colab/HBI_b_07_unrelaxed_rank_004_alphafold2_ptm_model_4_seed_000.pdb,86.64
3390,bbarrel/with_msa/colab/TMB2.54_unrelaxed_rank_002_alphafold2_ptm_model_5_seed_000.pdb,90.59
3391,bbarrel/with_msa/colab/HBI_b_35_unrelaxed_rank_002_alphafold2_ptm_model_5_seed_000.pdb,76.76
3392,bbarrel/with_msa/colab/TMB2.62_unrelaxed_rank_005_alphafold2_ptm_model_4_seed_000.pdb,90.09
3393,bbarrel/with_msa/colab/HBI_b_19_unrelaxed_rank_004_alphafold2_ptm_model_4_seed_000.pdb,82.51
3394,bbarrel/with_msa/colab/TMB2.6_unrelaxed_rank_003_alphafold2_ptm_model_4_seed_000.pdb,92.37
3395,bbarrel/with_msa/colab/TMB2.74_unrelaxed_rank_004_alphafold2_ptm_model_1_seed_000.pdb,89.09
3396,bbarrel/with_msa/colab/TMB2.2_unrelaxed_rank_001_alphafold2_ptm_model_5_seed_000.pdb,91.35
3397,bbarrel/with_msa/colab/TMB2.85_unrelaxed_rank_005_alphafold2_ptm_model_2_seed_000.pdb,89.14
3398,bbarrel/with_msa/colab/HBI_b_22_unrelaxed_rank_002_alphafold2_ptm_model_3_seed_000.pdb,89.33
3399,bbarrel/with_msa/colab/TMB2.14_unrelaxed_rank_005_alphafold2_ptm_model_5_seed_000.pdb,89.51
3400,bbarrel/with_msa/colab/TMB2.62_unrelaxed_rank_003_alphafold2_ptm_model_1_seed_000.pdb,91.73
3401,bbarrel/with_msa/colab/TMB2.45_unrelaxed_rank_001_alphafold2_ptm_model_4_seed_000.pdb,90.77
3402,bbarrel/with_msa/colab/TMB2.88_unrelaxed_rank_004_alphafold2_ptm_model_4_seed_000.pdb,89.39
3403,bbarrel/with_msa/colab/HBI_b_03_unrelaxed_rank_004_alphafold2_ptm_model_1_seed_000.pdb,61.97
3404,bbarrel/with_msa/colab/TMB2.74_unrelaxed_rank_001_alphafold2_ptm_model_3_seed_000.pdb,91.59
3405,bbarrel/with_msa/colab/TMB2.82_unrelaxed_rank_003_alphafold2_ptm_model_5_seed_000.pdb,92.2
3406,bbarrel/with_msa/colab/TMB2.34_unrelaxed_rank_002_alphafold2_ptm_model_3_seed_000.pdb,93.28
3407,bbarrel/with_msa/colab/TMB2.23_unrelaxed_rank_001_alphafold2_ptm_model_5_seed_000.pdb,94.27
3408,bbarrel/with_msa/colab/TMB2.35_unrelaxed_rank_003_alphafold2_ptm_model_4_seed_000.pdb,90.68
3409,bbarrel/with_msa/colab/TMB2.20_unrelaxed_rank_003_alphafold2_ptm_model_4_seed_000.pdb,90.82
3410,bbarrel/with_msa/colab/TMB2.58_unrelaxed_rank_002_alphafold2_ptm_model_1_seed_000.pdb,93.71
3411,bbarrel/with_msa/colab/TMB2.4_unrelaxed_rank_002_alphafold2_ptm_model_1_seed_000.pdb,91.25
3412,bbarrel/with_msa/colab/TMB2.35_unrelaxed_rank_001_alphafold2_ptm_model_2_seed_000.pdb,91.46
3413,bbarrel/with_msa/colab/TMB2.52_unrelaxed_rank_001_alphafold2_ptm_model_5_seed_000.pdb,90.75
3414,bbarrel/with_msa/colab/TMB2.57_unrelaxed_rank_003_alphafold2_ptm_model_2_seed_000.pdb,92.8
3415,bbarrel/with_msa/colab/TMB2.49_unrelaxed_rank_001_alphafold2_ptm_model_4_seed_000.pdb,92.81
3416,bbarrel/with_msa/colab/HBI_b_33_unrelaxed_rank_002_alphafold2_ptm_model_4_seed_000.pdb,83.15
3417,bbarrel/with_msa/colab/HBI_b_34_unrelaxed_rank_005_alphafold2_ptm_model_2_seed_000.pdb,87.29
3418,bbarrel/with_msa/colab/TMB2.55_unrelaxed_rank_002_alphafold2_ptm_model_4_seed_000.pdb,92.62
3419,bbarrel/with_msa/colab/TMB2.11_unrelaxed_rank_004_alphafold2_ptm_model_4_seed_000.pdb,90.99
3420,bbarrel/with_msa/colab/TMB2.60_unrelaxed_rank_005_alphafold2_ptm_model_5_seed_000.pdb,84.99
3421,bbarrel/with_msa/colab/HBI_b_55_unrelaxed_rank_004_alphafold2_ptm_model_1_seed_000.pdb,89.25
3422,bbarrel/with_msa/colab/HBI_b_10_unrelaxed_rank_004_alphafold2_ptm_model_3_seed_000.pdb,88.11
3423,bbarrel/with_msa/colab/TMB2.66_unrelaxed_rank_001_alphafold2_ptm_model_5_seed_000.pdb,94.09
3424,bbarrel/with_msa/colab/HBI_b_15_unrelaxed_rank_001_alphafold2_ptm_model_3_seed_000.pdb,87.08
3425,bbarrel/with_msa/colab/TMB2.56_unrelaxed_rank_001_alphafold2_ptm_model_1_seed_000.pdb,93.41
3426,bbarrel/with_msa/colab/TMB2.43_unrelaxed_rank_005_alphafold2_ptm_model_2_seed_000.pdb,90.3
3427,bbarrel/with_msa/colab/TMB2.38_unrelaxed_rank_003_alphafold2_ptm_model_2_seed_000.pdb,89.85
3428,bbarrel/with_msa/colab/TMB2.39_unrelaxed_rank_003_alphafold2_ptm_model_2_seed_000.pdb,89.03
3429,bbarrel/with_msa/colab/TMB2.3_unrelaxed_rank_003_alphafold2_ptm_model_1_seed_000.pdb,91.92
3430,bbarrel/with_msa/colab/TMB2.33_unrelaxed_rank_005_alphafold2_ptm_model_4_seed_000.pdb,90.71
3431,bbarrel/with_msa/colab/TMB2.8_unrelaxed_rank_003_alphafold2_ptm_model_3_seed_000.pdb,91.1
3432,bbarrel/with_msa/colab/TMB2.34_unrelaxed_rank_005_alphafold2_ptm_model_2_seed_000.pdb,92.31
3433,bbarrel/with_msa/colab/TMB2.43_unrelaxed_rank_002_alphafold2_ptm_model_3_seed_000.pdb,91.59
3434,bbarrel/with_msa/colab/TMB2.4_unrelaxed_rank_001_alphafold2_ptm_model_3_seed_000.pdb,91.27
3435,bbarrel/with_msa/colab/HBI_b_15_unrelaxed_rank_002_alphafold2_ptm_model_2_seed_000.pdb,85.6
3436,bbarrel/with_msa/colab/TMB2.6_unrelaxed_rank_002_alphafold2_ptm_model_5_seed_000.pdb,92.49
3437,bbarrel/with_msa/colab/TMB2.3_unrelaxed_rank_005_alphafold2_ptm_model_2_seed_000.pdb,90.85
3438,bbarrel/with_msa/colab/TMB2.77_unrelaxed_rank_004_alphafold2_ptm_model_5_seed_000.pdb,83.14
3439,bbarrel/with_msa/colab/TMB2.32_unrelaxed_rank_002_alphafold2_ptm_model_5_seed_000.pdb,91.68
3440,bbarrel/with_msa/colab/TMB2.83_unrelaxed_rank_004_alphafold2_ptm_model_1_seed_000.pdb,90.45
3441,bbarrel/with_msa/colab/TMB2.32_unrelaxed_rank_005_alphafold2_ptm_model_3_seed_000.pdb,90.26
3442,bbarrel/with_msa/colab/HBI_b_43_unrelaxed_rank_002_alphafold2_ptm_model_3_seed_000.pdb,87.41
3443,bbarrel/with_msa/colab/TMB2.72_unrelaxed_rank_003_alphafold2_ptm_model_3_seed_000.pdb,89.74
3444,bbarrel/with_msa/colab/TMB2.81_unrelaxed_rank_004_alphafold2_ptm_model_5_seed_000.pdb,88.41
3445,bbarrel/with_msa/colab/TMB2.50_unrelaxed_rank_003_alphafold2_ptm_model_1_seed_000.pdb,92.62
3446,bbarrel/with_msa/colab/TMB2.72_unrelaxed_rank_005_alphafold2_ptm_model_5_seed_000.pdb,88.0
3447,bbarrel/with_msa/colab/HBI_b_25_unrelaxed_rank_002_alphafold2_ptm_model_3_seed_000.pdb,83.27
3448,bbarrel/with_msa/colab/TMB2.83_unrelaxed_rank_003_alphafold2_ptm_model_5_seed_000.pdb,90.88
3449,bbarrel/with_msa/colab/TMB2.9_unrelaxed_rank_002_alphafold2_ptm_model_1_seed_000.pdb,87.97
3450,bbarrel/with_msa/colab/TMB2.89_unrelaxed_rank_003_alphafold2_ptm_model_4_seed_000.pdb,90.38
3451,bbarrel/with_msa/colab/TMB2.17_unrelaxed_rank_003_alphafold2_ptm_model_3_seed_000.pdb,92.9
3452,bbarrel/with_msa/colab/TMB2.64_unrelaxed_rank_005_alphafold2_ptm_model_3_seed_000.pdb,87.23
3453,bbarrel/with_msa/colab/TMB2.56_unrelaxed_rank_004_alphafold2_ptm_model_4_seed_000.pdb,90.51
3454,bbarrel/with_msa/colab/HBI_b_50_unrelaxed_rank_003_alphafold2_ptm_model_5_seed_000.pdb,74.15
3455,bbarrel/with_msa/colab/TMB2.41_unrelaxed_rank_002_alphafold2_ptm_model_4_seed_000.pdb,92.99
3456,bbarrel/with_msa/colab/TMB2.37_unrelaxed_rank_002_alphafold2_ptm_model_2_seed_000.pdb,91.26
3457,bbarrel/with_msa/colab/TMB2.81_unrelaxed_rank_002_alphafold2_ptm_model_4_seed_000.pdb,90.85
3458,bbarrel/with_msa/colab/HBI_b_20_unrelaxed_rank_004_alphafold2_ptm_model_1_seed_000.pdb,88.0
3459,bbarrel/with_msa/colab/TMB2.26_unrelaxed_rank_001_alphafold2_ptm_model_3_seed_000.pdb,91.8
3460,bbarrel/with_msa/colab/HBI_b_07_unrelaxed_rank_002_alphafold2_ptm_model_5_seed_000.pdb,87.32
3461,bbarrel/with_msa/colab/TMB2.4_unrelaxed_rank_004_alphafold2_ptm_model_5_seed_000.pdb,88.89
3462,bbarrel/with_msa/colab/TMB2.45_unrelaxed_rank_003_alphafold2_ptm_model_3_seed_000.pdb,88.83
3463,bbarrel/with_msa/colab/HBI_b_07_unrelaxed_rank_003_alphafold2_ptm_model_1_seed_000.pdb,87.05
3464,bbarrel/with_msa/colab/TMB2.59_unrelaxed_rank_002_alphafold2_ptm_model_4_seed_000.pdb,90.1
3465,bbarrel/with_msa/colab/TMB2.22_unrelaxed_rank_005_alphafold2_ptm_model_5_seed_000.pdb,90.46
3466,bbarrel/with_msa/colab/TMB2.78_unrelaxed_rank_001_alphafold2_ptm_model_4_seed_000.pdb,91.93
3467,bbarrel/with_msa/colab/TMB2.33_unrelaxed_rank_003_alphafold2_ptm_model_3_seed_000.pdb,91.39
3468,bbarrel/with_msa/colab/HBI_b_32_unrelaxed_rank_001_alphafold2_ptm_model_4_seed_000.pdb,86.09
3469,bbarrel/with_msa/colab/HBI_b_26_unrelaxed_rank_004_alphafold2_ptm_model_1_seed_000.pdb,84.16
3470,bbarrel/with_msa/colab/HBI_b_25_unrelaxed_rank_003_alphafold2_ptm_model_1_seed_000.pdb,82.58
3471,bbarrel/with_msa/colab/TMB2.18_unrelaxed_rank_005_alphafold2_ptm_model_5_seed_000.pdb,90.69
3472,bbarrel/with_msa/colab/TMB2.17_unrelaxed_rank_004_alphafold2_ptm_model_4_seed_000.pdb,92.51
3473,bbarrel/with_msa/colab/HBI_b_10_unrelaxed_rank_005_alphafold2_ptm_model_2_seed_000.pdb,87.41
3474,bbarrel/with_msa/colab/TMB2.6_unrelaxed_rank_005_alphafold2_ptm_model_2_seed_000.pdb,89.89
3475,bbarrel/with_msa/colab/HBI_b_44_unrelaxed_rank_004_alphafold2_ptm_model_2_seed_000.pdb,84.97
3476,bbarrel/with_msa/colab/TMB2.14_unrelaxed_rank_001_alphafold2_ptm_model_3_seed_000.pdb,94.69
3477,bbarrel/with_msa/colab/TMB2.45_unrelaxed_rank_002_alphafold2_ptm_model_1_seed_000.pdb,89.29
3478,bbarrel/with_msa/colab/TMB2.25_unrelaxed_rank_002_alphafold2_ptm_model_3_seed_000.pdb,88.57
3479,bbarrel/with_msa/colab/TMB2.67_unrelaxed_rank_002_alphafold2_ptm_model_3_seed_000.pdb,91.06
3480,bbarrel/with_msa/colab/HBI_b_53_unrelaxed_rank_005_alphafold2_ptm_model_3_seed_000.pdb,82.68
3481,bbarrel/with_msa/colab/TMB2.64_unrelaxed_rank_003_alphafold2_ptm_model_5_seed_000.pdb,90.25
3482,bbarrel/with_msa/colab/HBI_b_45_unrelaxed_rank_001_alphafold2_ptm_model_3_seed_000.pdb,87.87
3483,bbarrel/with_msa/colab/TMB2.55_unrelaxed_rank_003_alphafold2_ptm_model_3_seed_000.pdb,92.22
3484,bbarrel/with_msa/colab/TMB2.35_unrelaxed_rank_005_alphafold2_ptm_model_5_seed_000.pdb,89.75
3485,bbarrel/with_msa/colab/TMB2.3_unrelaxed_rank_002_alphafold2_ptm_model_4_seed_000.pdb,92.43
3486,bbarrel/with_msa/colab/TMB2.69_unrelaxed_rank_005_alphafold2_ptm_model_5_seed_000.pdb,88.11
3487,bbarrel/with_msa/colab/TMB2.5_unrelaxed_rank_005_alphafold2_ptm_model_3_seed_000.pdb,90.39
3488,bbarrel/with_msa/colab/TMB2.49_unrelaxed_rank_004_alphafold2_ptm_model_1_seed_000.pdb,90.68
3489,bbarrel/with_msa/colab/TMB2.28_unrelaxed_rank_005_alphafold2_ptm_model_1_seed_000.pdb,90.68
3490,bbarrel/with_msa/colab/TMB2.8_unrelaxed_rank_004_alphafold2_ptm_model_5_seed_000.pdb,91.07
3491,bbarrel/with_msa/colab/TMB2.51_unrelaxed_rank_005_alphafold2_ptm_model_1_seed_000.pdb,86.03
3492,bbarrel/with_msa/colab/TMB2.87_unrelaxed_rank_004_alphafold2_ptm_model_1_seed_000.pdb,86.39
3493,bbarrel/with_msa/colab/TMB2.75_unrelaxed_rank_003_alphafold2_ptm_model_5_seed_000.pdb,88.37
3494,bbarrel/with_msa/colab/HBI_b_49_unrelaxed_rank_005_alphafold2_ptm_model_2_seed_000.pdb,86.8
3495,bbarrel/with_msa/colab/HBI_b_31_unrelaxed_rank_003_alphafold2_ptm_model_5_seed_000.pdb,76.65
3496,bbarrel/with_msa/colab/TMB2.86_unrelaxed_rank_001_alphafold2_ptm_model_5_seed_000.pdb,92.63
3497,bbarrel/with_msa/colab/HBI_b_41_unrelaxed_rank_004_alphafold2_ptm_model_2_seed_000.pdb,85.17
3498,bbarrel/with_msa/colab/HBI_b_08_unrelaxed_rank_003_alphafold2_ptm_model_1_seed_000.pdb,87.18
3499,bbarrel/with_msa/colab/TMB2.66_unrelaxed_rank_004_alphafold2_ptm_model_4_seed_000.pdb,92.11
3500,bbarrel/with_msa/colab/TMB2.88_unrelaxed_rank_001_alphafold2_ptm_model_3_seed_000.pdb,92.34
3501,bbarrel/with_msa/colab/TMB2.7_unrelaxed_rank_002_alphafold2_ptm_model_5_seed_000.pdb,92.88
3502,bbarrel/with_msa/colab/HBI_b_16_unrelaxed_rank_005_alphafold2_ptm_model_4_seed_000.pdb,85.23
3503,bbarrel/with_msa/colab/TMB2.75_unrelaxed_rank_005_alphafold2_ptm_model_3_seed_000.pdb,83.36
3504,bbarrel/with_msa/colab/TMB2.83_unrelaxed_rank_002_alphafold2_ptm_model_3_seed_000.pdb,91.3
3505,bbarrel/with_msa/colab/TMB2.55_unrelaxed_rank_004_alphafold2_ptm_model_2_seed_000.pdb,92.21
3506,bbarrel/with_msa/colab/TMB2.65_unrelaxed_rank_005_alphafold2_ptm_model_3_seed_000.pdb,88.72
3507,bbarrel/with_msa/colab/TMB2.41_unrelaxed_rank_004_alphafold2_ptm_model_2_seed_000.pdb,91.07
3508,bbarrel/with_msa/colab/HBI_b_10_unrelaxed_rank_001_alphafold2_ptm_model_5_seed_000.pdb,90.05
3509,bbarrel/with_msa/colab/HBI_b_38_unrelaxed_rank_001_alphafold2_ptm_model_5_seed_000.pdb,85.36
3510,bbarrel/with_msa/colab/TMB2.38_unrelaxed_rank_002_alphafold2_ptm_model_4_seed_000.pdb,90.39
3511,bbarrel/with_msa/colab/TMB2.57_unrelaxed_rank_004_alphafold2_ptm_model_1_seed_000.pdb,91.77
3512,bbarrel/with_msa/colab/TMB2.87_unrelaxed_rank_005_alphafold2_ptm_model_5_seed_000.pdb,79.36
3513,bbarrel/with_msa/colab/TMB2.86_unrelaxed_rank_002_alphafold2_ptm_model_1_seed_000.pdb,90.73
3514,bbarrel/with_msa/colab/TMB2.44_unrelaxed_rank_004_alphafold2_ptm_model_4_seed_000.pdb,91.89
3515,bbarrel/with_msa/colab/HBI_b_17_unrelaxed_rank_002_alphafold2_ptm_model_1_seed_000.pdb,87.16
3516,bbarrel/with_msa/colab/HBI_b_32_unrelaxed_rank_004_alphafold2_ptm_model_1_seed_000.pdb,84.18
3517,bbarrel/with_msa/colab/TMB2.4_unrelaxed_rank_005_alphafold2_ptm_model_2_seed_000.pdb,88.04
3518,bbarrel/with_msa/colab/HBI_b_39_unrelaxed_rank_004_alphafold2_ptm_model_3_seed_000.pdb,79.18
3519,bbarrel/with_msa/colab/HBI_b_40_unrelaxed_rank_003_alphafold2_ptm_model_5_seed_000.pdb,90.33
3520,bbarrel/with_msa/colab/TMB2.25_unrelaxed_rank_001_alphafold2_ptm_model_4_seed_000.pdb,92.35
3521,bbarrel/with_msa/colab/HBI_b_37_unrelaxed_rank_002_alphafold2_ptm_model_2_seed_000.pdb,83.44
3522,bbarrel/with_msa/colab/HBI_b_01_unrelaxed_rank_001_alphafold2_ptm_model_5_seed_000.pdb,91.38
3523,bbarrel/with_msa/colab/TMB2.58_unrelaxed_rank_001_alphafold2_ptm_model_4_seed_000.pdb,94.35
3524,bbarrel/with_msa/colab/TMB2.28_unrelaxed_rank_004_alphafold2_ptm_model_5_seed_000.pdb,92.11
3525,bbarrel/with_msa/colab/HBI_b_19_unrelaxed_rank_002_alphafold2_ptm_model_3_seed_000.pdb,86.11
3526,bbarrel/with_msa/colab/TMB2.20_unrelaxed_rank_001_alphafold2_ptm_model_2_seed_000.pdb,91.89
3527,bbarrel/with_msa/colab/TMB2.84_unrelaxed_rank_004_alphafold2_ptm_model_1_seed_000.pdb,90.44
3528,bbarrel/with_msa/colab/TMB2.14_unrelaxed_rank_004_alphafold2_ptm_model_4_seed_000.pdb,90.75
3529,bbarrel/with_msa/colab/TMB2.68_unrelaxed_rank_003_alphafold2_ptm_model_2_seed_000.pdb,91.68
3530,bbarrel/with_msa/colab/TMB2.78_unrelaxed_rank_003_alphafold2_ptm_model_5_seed_000.pdb,90.28
3531,bbarrel/with_msa/colab/TMB2.42_unrelaxed_rank_002_alphafold2_ptm_model_1_seed_000.pdb,91.03
3532,bbarrel/with_msa/colab/TMB2.45_unrelaxed_rank_005_alphafold2_ptm_model_5_seed_000.pdb,84.9
3533,bbarrel/with_msa/colab/HBI_b_32_unrelaxed_rank_005_alphafold2_ptm_model_5_seed_000.pdb,83.72
3534,bbarrel/with_msa/colab/TMB2.26_unrelaxed_rank_005_alphafold2_ptm_model_5_seed_000.pdb,88.97
3535,bbarrel/with_msa/colab/TMB2.17_unrelaxed_rank_001_alphafold2_ptm_model_1_seed_000.pdb,93.7
3536,bbarrel/with_msa/colab/HBI_b_28_unrelaxed_rank_004_alphafold2_ptm_model_3_seed_000.pdb,83.01
3537,bbarrel/with_msa/colab/HBI_b_39_unrelaxed_rank_005_alphafold2_ptm_model_1_seed_000.pdb,76.16
3538,bbarrel/with_msa/colab/TMB2.33_unrelaxed_rank_002_alphafold2_ptm_model_2_seed_000.pdb,92.73
3539,bbarrel/with_msa/colab/TMB2.1_unrelaxed_rank_002_alphafold2_ptm_model_2_seed_000.pdb,92.23
3540,bbarrel/with_msa/colab/TMB2.1_unrelaxed_rank_004_alphafold2_ptm_model_3_seed_000.pdb,90.4
3541,bbarrel/with_msa/colab/TMB2.51_unrelaxed_rank_001_alphafold2_ptm_model_4_seed_000.pdb,92.09
3542,bbarrel/with_msa/colab/TMB2.80_unrelaxed_rank_005_alphafold2_ptm_model_5_seed_000.pdb,86.37
3543,bbarrel/with_msa/colab/TMB2.83_unrelaxed_rank_005_alphafold2_ptm_model_2_seed_000.pdb,89.43
3544,bbarrel/with_msa/colab/TMB2.82_unrelaxed_rank_001_alphafold2_ptm_model_1_seed_000.pdb,92.97
3545,bbarrel/with_msa/colab/HBI_b_37_unrelaxed_rank_003_alphafold2_ptm_model_4_seed_000.pdb,81.71
3546,bbarrel/with_msa/colab/TMB2.2_unrelaxed_rank_004_alphafold2_ptm_model_3_seed_000.pdb,90.36
3547,bbarrel/with_msa/colab/HBI_b_15_unrelaxed_rank_005_alphafold2_ptm_model_5_seed_000.pdb,84.22
3548,bbarrel/with_msa/colab/HBI_b_21_unrelaxed_rank_005_alphafold2_ptm_model_1_seed_000.pdb,84.85
3549,bbarrel/with_msa/colab/HBI_b_04_unrelaxed_rank_005_alphafold2_ptm_model_1_seed_000.pdb,88.64
3550,bbarrel/with_msa/colab/TMB2.83_unrelaxed_rank_001_alphafold2_ptm_model_4_seed_000.pdb,92.07
3551,bbarrel/with_msa/colab/HBI_b_56_unrelaxed_rank_003_alphafold2_ptm_model_5_seed_000.pdb,85.18
3552,bbarrel/with_msa/colab/TMB2.4_unrelaxed_rank_003_alphafold2_ptm_model_4_seed_000.pdb,91.08
3553,bbarrel/with_msa/colab/HBI_b_25_unrelaxed_rank_005_alphafold2_ptm_model_4_seed_000.pdb,80.05
3554,bbarrel/with_msa/colab/TMB2.49_unrelaxed_rank_005_alphafold2_ptm_model_5_seed_000.pdb,89.33
3555,bbarrel/with_msa/colab/TMB2.12_unrelaxed_rank_003_alphafold2_ptm_model_2_seed_000.pdb,86.86
3556,bbarrel/with_msa/colab/TMB2.29_unrelaxed_rank_001_alphafold2_ptm_model_3_seed_000.pdb,91.25
3557,bbarrel/with_msa/colab/TMB2.71_unrelaxed_rank_005_alphafold2_ptm_model_5_seed_000.pdb,27.78
3558,bbarrel/with_msa/colab/TMB2.2_unrelaxed_rank_003_alphafold2_ptm_model_1_seed_000.pdb,90.81
3559,bbarrel/with_msa/colab/HBI_b_17_unrelaxed_rank_001_alphafold2_ptm_model_2_seed_000.pdb,87.39
3560,bbarrel/with_msa/colab/TMB2.76_unrelaxed_rank_003_alphafold2_ptm_model_3_seed_000.pdb,91.25
3561,bbarrel/with_msa/colab/HBI_b_03_unrelaxed_rank_002_alphafold2_ptm_model_2_seed_000.pdb,65.47
3562,bbarrel/with_msa/colab/TMB2.79_unrelaxed_rank_001_alphafold2_ptm_model_1_seed_000.pdb,89.99
3563,bbarrel/with_msa/colab/HBI_b_08_unrelaxed_rank_002_alphafold2_ptm_model_5_seed_000.pdb,87.4
3564,bbarrel/with_msa/colab/TMB2.58_unrelaxed_rank_005_alphafold2_ptm_model_2_seed_000.pdb,92.54
3565,bbarrel/with_msa/colab/HBI_b_13_unrelaxed_rank_002_alphafold2_ptm_model_1_seed_000.pdb,83.79
3566,bbarrel/with_msa/colab/HBI_b_17_unrelaxed_rank_004_alphafold2_ptm_model_5_seed_000.pdb,84.92
3567,bbarrel/with_msa/colab/TMB2.12_unrelaxed_rank_005_alphafold2_ptm_model_5_seed_000.pdb,85.25
3568,bbarrel/with_msa/colab/TMB2.43_unrelaxed_rank_004_alphafold2_ptm_model_5_seed_000.pdb,91.14
3569,bbarrel/with_msa/colab/TMB2.42_unrelaxed_rank_005_alphafold2_ptm_model_4_seed_000.pdb,90.2
3570,bbarrel/with_msa/colab/TMB2.19_unrelaxed_rank_005_alphafold2_ptm_model_2_seed_000.pdb,88.4
3571,bbarrel/with_msa/colab/TMB2.78_unrelaxed_rank_002_alphafold2_ptm_model_1_seed_000.pdb,91.1
3572,bbarrel/with_msa/colab/HBI_b_53_unrelaxed_rank_003_alphafold2_ptm_model_2_seed_000.pdb,82.89
3573,bbarrel/with_msa/colab/TMB2.47_unrelaxed_rank_002_alphafold2_ptm_model_1_seed_000.pdb,88.6
3574,bbarrel/with_msa/colab/TMB2.21_unrelaxed_rank_004_alphafold2_ptm_model_2_seed_000.pdb,92.95
3575,bbarrel/with_msa/colab/TMB2.28_unrelaxed_rank_003_alphafold2_ptm_model_3_seed_000.pdb,92.64
3576,bbarrel/with_msa/colab/TMB2.73_unrelaxed_rank_005_alphafold2_ptm_model_3_seed_000.pdb,84.96
3577,bbarrel/with_msa/colab/TMB2.36_unrelaxed_rank_005_alphafold2_ptm_model_1_seed_000.pdb,91.45
3578,bbarrel/with_msa/colab/TMB2.73_unrelaxed_rank_004_alphafold2_ptm_model_5_seed_000.pdb,87.14
3579,bbarrel/with_msa/colab/HBI_b_14_unrelaxed_rank_004_alphafold2_ptm_model_3_seed_000.pdb,88.27
3580,bbarrel/with_msa/colab/TMB2.9_unrelaxed_rank_001_alphafold2_ptm_model_2_seed_000.pdb,88.54
3581,bbarrel/with_msa/colab/TMB2.30_unrelaxed_rank_004_alphafold2_ptm_model_2_seed_000.pdb,90.31
3582,bbarrel/with_msa/colab/HBI_b_27_unrelaxed_rank_002_alphafold2_ptm_model_3_seed_000.pdb,87.01
3583,bbarrel/with_msa/colab/TMB2.31_unrelaxed_rank_002_alphafold2_ptm_model_2_seed_000.pdb,92.9
3584,bbarrel/with_msa/colab/HBI_b_40_unrelaxed_rank_004_alphafold2_ptm_model_1_seed_000.pdb,90.22
3585,bbarrel/with_msa/colab/HBI_b_33_unrelaxed_rank_005_alphafold2_ptm_model_1_seed_000.pdb,79.98
3586,bbarrel/with_msa/colab/TMB2.35_unrelaxed_rank_004_alphafold2_ptm_model_3_seed_000.pdb,90.3
3587,bbarrel/with_msa/colab/TMB2.5_unrelaxed_rank_001_alphafold2_ptm_model_1_seed_000.pdb,91.48
3588,bbarrel/with_msa/colab/TMB2.81_unrelaxed_rank_003_alphafold2_ptm_model_2_seed_000.pdb,88.58
3589,bbarrel/with_msa/colab/HBI_b_46_unrelaxed_rank_001_alphafold2_ptm_model_4_seed_000.pdb,89.18
3590,bbarrel/with_msa/colab/TMB2.74_unrelaxed_rank_002_alphafold2_ptm_model_4_seed_000.pdb,91.46
3591,bbarrel/with_msa/colab/TMB2.69_unrelaxed_rank_001_alphafold2_ptm_model_1_seed_000.pdb,91.56
3592,bbarrel/with_msa/colab/HBI_b_29_unrelaxed_rank_003_alphafold2_ptm_model_1_seed_000.pdb,86.04
3593,bbarrel/with_msa/colab/TMB2.30_unrelaxed_rank_003_alphafold2_ptm_model_5_seed_000.pdb,90.38
3594,bbarrel/with_msa/colab/TMB2.88_unrelaxed_rank_005_alphafold2_ptm_model_5_seed_000.pdb,86.2
3595,bbarrel/with_msa/colab/HBI_b_28_unrelaxed_rank_002_alphafold2_ptm_model_2_seed_000.pdb,84.76
3596,bbarrel/with_msa/colab/HBI_b_50_unrelaxed_rank_005_alphafold2_ptm_model_3_seed_000.pdb,67.22
3597,bbarrel/with_msa/colab/HBI_b_14_unrelaxed_rank_005_alphafold2_ptm_model_5_seed_000.pdb,86.62
3598,bbarrel/with_msa/colab/TMB2.80_unrelaxed_rank_004_alphafold2_ptm_model_4_seed_000.pdb,87.15
3599,bbarrel/with_msa/colab/TMB2.89_unrelaxed_rank_001_alphafold2_ptm_model_1_seed_000.pdb,93.33
3600,bbarrel/with_msa/colab/HBI_b_41_unrelaxed_rank_003_alphafold2_ptm_model_1_seed_000.pdb,85.76
3601,bbarrel/with_msa/colab/HBI_b_37_unrelaxed_rank_005_alphafold2_ptm_model_1_seed_000.pdb,73.38
3602,bbarrel/with_msa/colab/HBI_b_40_unrelaxed_rank_002_alphafold2_ptm_model_4_seed_000.pdb,90.53
3603,bbarrel/with_msa/colab/TMB2.67_unrelaxed_rank_004_alphafold2_ptm_model_2_seed_000.pdb,90.18
3604,bbarrel/with_msa/colab/HBI_b_35_unrelaxed_rank_005_alphafold2_ptm_model_2_seed_000.pdb,64.07
3605,bbarrel/with_msa/colab/TMB2.42_unrelaxed_rank_004_alphafold2_ptm_model_5_seed_000.pdb,90.55
3606,bbarrel/with_msa/colab/TMB2.21_unrelaxed_rank_005_alphafold2_ptm_model_1_seed_000.pdb,92.89
3607,bbarrel/with_msa/colab/TMB2.29_unrelaxed_rank_004_alphafold2_ptm_model_5_seed_000.pdb,84.62
3608,bbarrel/with_msa/colab/HBI_b_43_unrelaxed_rank_005_alphafold2_ptm_model_2_seed_000.pdb,84.77
3609,bbarrel/with_msa/colab/HBI_b_22_unrelaxed_rank_005_alphafold2_ptm_model_4_seed_000.pdb,86.71
3610,bbarrel/with_msa/colab/HBI_b_16_unrelaxed_rank_004_alphafold2_ptm_model_2_seed_000.pdb,87.15
3611,bbarrel/with_msa/colab/TMB2.71_unrelaxed_rank_001_alphafold2_ptm_model_1_seed_000.pdb,61.13
3612,bbarrel/with_msa/colab/HBI_b_20_unrelaxed_rank_001_alphafold2_ptm_model_4_seed_000.pdb,91.01
3613,bbarrel/with_msa/colab/TMB2.50_unrelaxed_rank_001_alphafold2_ptm_model_5_seed_000.pdb,93.2
3614,bbarrel/with_msa/colab/TMB2.63_unrelaxed_rank_004_alphafold2_ptm_model_3_seed_000.pdb,88.81
3615,bbarrel/with_msa/colab/HBI_b_43_unrelaxed_rank_001_alphafold2_ptm_model_5_seed_000.pdb,87.64
3616,bbarrel/with_msa/colab/TMB2.77_unrelaxed_rank_002_alphafold2_ptm_model_1_seed_000.pdb,89.02
3617,bbarrel/with_msa/colab/HBI_b_23_unrelaxed_rank_003_alphafold2_ptm_model_4_seed_000.pdb,88.85
3618,bbarrel/with_msa/colab/HBI_b_04_unrelaxed_rank_001_alphafold2_ptm_model_4_seed_000.pdb,90.69
3619,bbarrel/with_msa/colab/TMB2.59_unrelaxed_rank_004_alphafold2_ptm_model_3_seed_000.pdb,89.13
3620,bbarrel/with_msa/colab/TMB2.12_unrelaxed_rank_001_alphafold2_ptm_model_4_seed_000.pdb,87.62
3621,bbarrel/with_msa/colab/TMB2.11_unrelaxed_rank_005_alphafold2_ptm_model_5_seed_000.pdb,89.91
3622,bbarrel/with_msa/colab/TMB2.65_unrelaxed_rank_004_alphafold2_ptm_model_2_seed_000.pdb,90.14
3623,bbarrel/with_msa/colab/HBI_b_03_unrelaxed_rank_001_alphafold2_ptm_model_5_seed_000.pdb,65.6
3624,bbarrel/with_msa/colab/TMB2.68_unrelaxed_rank_002_alphafold2_ptm_model_3_seed_000.pdb,91.91
3625,bbarrel/with_msa/colab/TMB2.14_unrelaxed_rank_003_alphafold2_ptm_model_2_seed_000.pdb,92.4
3626,bbarrel/with_msa/colab/TMB2.1_unrelaxed_rank_005_alphafold2_ptm_model_4_seed_000.pdb,90.31
3627,bbarrel/with_msa/colab/HBI_b_56_unrelaxed_rank_001_alphafold2_ptm_model_4_seed_000.pdb,85.38
3628,bbarrel/with_msa/colab/TMB2.8_unrelaxed_rank_002_alphafold2_ptm_model_1_seed_000.pdb,92.07
3629,bbarrel/with_msa/colab/HBI_b_09_unrelaxed_rank_004_alphafold2_ptm_model_2_seed_000.pdb,85.33
3630,bbarrel/with_msa/colab/TMB2.72_unrelaxed_rank_001_alphafold2_ptm_model_2_seed_000.pdb,90.55
3631,bbarrel/with_msa/colab/TMB2.39_unrelaxed_rank_005_alphafold2_ptm_model_5_seed_000.pdb,84.68
3632,bbarrel/with_msa/colab/HBI_b_56_unrelaxed_rank_005_alphafold2_ptm_model_2_seed_000.pdb,83.07
3633,bbarrel/with_msa/colab/TMB2.34_unrelaxed_rank_004_alphafold2_ptm_model_1_seed_000.pdb,93.04
3634,bbarrel/with_msa/colab/TMB2.75_unrelaxed_rank_001_alphafold2_ptm_model_1_seed_000.pdb,90.5
3635,bbarrel/with_msa/colab/HBI_b_35_unrelaxed_rank_004_alphafold2_ptm_model_1_seed_000.pdb,76.4
3636,bbarrel/with_msa/colab/TMB2.57_unrelaxed_rank_005_alphafold2_ptm_model_5_seed_000.pdb,91.2
3637,bbarrel/with_msa/colab/TMB2.24_unrelaxed_rank_002_alphafold2_ptm_model_1_seed_000.pdb,90.85
3638,bbarrel/with_msa/colab/HBI_b_09_unrelaxed_rank_005_alphafold2_ptm_model_5_seed_000.pdb,85.2
3639,bbarrel/with_msa/colab/TMB2.37_unrelaxed_rank_004_alphafold2_ptm_model_5_seed_000.pdb,90.93
3640,bbarrel/with_msa/colab/TMB2.7_unrelaxed_rank_004_alphafold2_ptm_model_1_seed_000.pdb,90.37
3641,bbarrel/with_msa/colab/HBI_b_41_unrelaxed_rank_005_alphafold2_ptm_model_4_seed_000.pdb,84.98
3642,bbarrel/with_msa/colab/HBI_b_38_unrelaxed_rank_003_alphafold2_ptm_model_4_seed_000.pdb,82.42
3643,bbarrel/with_msa/colab/TMB2.22_unrelaxed_rank_003_alphafold2_ptm_model_2_seed_000.pdb,92.02
3644,bbarrel/with_msa/colab/TMB2.29_unrelaxed_rank_005_alphafold2_ptm_model_2_seed_000.pdb,84.51
3645,bbarrel/with_msa/colab/TMB2.31_unrelaxed_rank_003_alphafold2_ptm_model_3_seed_000.pdb,92.34
3646,bbarrel/with_msa/colab/TMB2.38_unrelaxed_rank_005_alphafold2_ptm_model_3_seed_000.pdb,88.52
3647,bbarrel/with_msa/colab/TMB2.85_unrelaxed_rank_002_alphafold2_ptm_model_1_seed_000.pdb,92.07
3648,bbarrel/with_msa/colab/TMB2.48_unrelaxed_rank_005_alphafold2_ptm_model_2_seed_000.pdb,91.95
3649,bbarrel/with_msa/colab/TMB2.82_unrelaxed_rank_004_alphafold2_ptm_model_4_seed_000.pdb,91.43
3650,bbarrel/with_msa/colab/TMB2.15_unrelaxed_rank_001_alphafold2_ptm_model_3_seed_000.pdb,89.51
3651,bbarrel/with_msa/colab/TMB2.9_unrelaxed_rank_005_alphafold2_ptm_model_5_seed_000.pdb,86.12
3652,bbarrel/with_msa/colab/TMB2.87_unrelaxed_rank_001_alphafold2_ptm_model_3_seed_000.pdb,90.66
3653,bbarrel/with_msa/colab/HBI_b_27_unrelaxed_rank_004_alphafold2_ptm_model_1_seed_000.pdb,86.61
3654,bbarrel/with_msa/colab/TMB2.2_unrelaxed_rank_005_alphafold2_ptm_model_2_seed_000.pdb,90.29
3655,bbarrel/with_msa/colab/TMB2.21_unrelaxed_rank_002_alphafold2_ptm_model_3_seed_000.pdb,93.47
3656,bbarrel/with_msa/colab/TMB2.70_unrelaxed_rank_002_alphafold2_ptm_model_1_seed_000.pdb,90.89
3657,bbarrel/with_msa/colab/HBI_b_16_unrelaxed_rank_003_alphafold2_ptm_model_3_seed_000.pdb,87.52
3658,bbarrel/with_msa/colab/TMB2.87_unrelaxed_rank_003_alphafold2_ptm_model_4_seed_000.pdb,87.65
3659,bbarrel/with_msa/colab/TMB2.36_unrelaxed_rank_003_alphafold2_ptm_model_5_seed_000.pdb,92.12
3660,bbarrel/with_msa/colab/HBI_b_28_unrelaxed_rank_005_alphafold2_ptm_model_4_seed_000.pdb,82.35
3661,bbarrel/with_msa/colab/HBI_b_45_unrelaxed_rank_002_alphafold2_ptm_model_4_seed_000.pdb,86.96
3662,bbarrel/with_msa/colab/HBI_b_09_unrelaxed_rank_001_alphafold2_ptm_model_4_seed_000.pdb,87.62
3663,bbarrel/with_msa/colab/HBI_b_26_unrelaxed_rank_002_alphafold2_ptm_model_3_seed_000.pdb,86.82
3664,bbarrel/with_msa/colab/HBI_b_13_unrelaxed_rank_003_alphafold2_ptm_model_5_seed_000.pdb,83.62
3665,bbarrel/with_msa/colab/TMB2.7_unrelaxed_rank_005_alphafold2_ptm_model_2_seed_000.pdb,89.78
3666,bbarrel/with_msa/colab/TMB2.76_unrelaxed_rank_001_alphafold2_ptm_model_4_seed_000.pdb,92.32
3667,bbarrel/with_msa/colab/TMB2.80_unrelaxed_rank_002_alphafold2_ptm_model_1_seed_000.pdb,88.53
3668,bbarrel/with_msa/colab/TMB2.78_unrelaxed_rank_004_alphafold2_ptm_model_3_seed_000.pdb,90.28
3669,bbarrel/with_msa/colab/TMB2.30_unrelaxed_rank_002_alphafold2_ptm_model_3_seed_000.pdb,90.93
3670,bbarrel/with_msa/colab/TMB2.64_unrelaxed_rank_002_alphafold2_ptm_model_1_seed_000.pdb,91.74
3671,bbarrel/with_msa/colab/TMB2.32_unrelaxed_rank_001_alphafold2_ptm_model_1_seed_000.pdb,91.97
3672,bbarrel/with_msa/colab/HBI_b_09_unrelaxed_rank_003_alphafold2_ptm_model_1_seed_000.pdb,87.21
3673,bbarrel/with_msa/colab/TMB2.50_unrelaxed_rank_002_alphafold2_ptm_model_3_seed_000.pdb,92.72
3674,bbarrel/with_msa/colab/TMB2.24_unrelaxed_rank_005_alphafold2_ptm_model_2_seed_000.pdb,88.52
3675,bbarrel/with_msa/colab/TMB2.19_unrelaxed_rank_002_alphafold2_ptm_model_4_seed_000.pdb,91.17
3676,bbarrel/with_msa/colab/HBI_b_55_unrelaxed_rank_003_alphafold2_ptm_model_4_seed_000.pdb,89.61
3677,bbarrel/with_msa/colab/HBI_b_25_unrelaxed_rank_004_alphafold2_ptm_model_5_seed_000.pdb,81.98
3678,bbarrel/with_msa/colab/HBI_b_03_unrelaxed_rank_005_alphafold2_ptm_model_3_seed_000.pdb,58.19
3679,bbarrel/with_msa/colab/TMB2.75_unrelaxed_rank_004_alphafold2_ptm_model_2_seed_000.pdb,87.38
3680,bbarrel/with_msa/colab/HBI_b_49_unrelaxed_rank_002_alphafold2_ptm_model_4_seed_000.pdb,89.28
3681,bbarrel/with_msa/colab/HBI_b_39_unrelaxed_rank_003_alphafold2_ptm_model_2_seed_000.pdb,80.29
3682,bbarrel/with_msa/colab/TMB2.5_unrelaxed_rank_002_alphafold2_ptm_model_5_seed_000.pdb,91.04
3683,bbarrel/with_msa/colab/TMB2.60_unrelaxed_rank_001_alphafold2_ptm_model_4_seed_000.pdb,87.99
3684,bbarrel/with_msa/colab/TMB2.7_unrelaxed_rank_001_alphafold2_ptm_model_3_seed_000.pdb,93.0
3685,bbarrel/with_msa/colab/HBI_b_46_unrelaxed_rank_002_alphafold2_ptm_model_5_seed_000.pdb,88.62
3686,bbarrel/with_msa/colab/TMB2.54_unrelaxed_rank_001_alphafold2_ptm_model_1_seed_000.pdb,90.64
3687,bbarrel/with_msa/colab/TMB2.58_unrelaxed_rank_003_alphafold2_ptm_model_3_seed_000.pdb,93.57
3688,bbarrel/with_msa/colab/TMB2.23_unrelaxed_rank_004_alphafold2_ptm_model_1_seed_000.pdb,90.28
3689,bbarrel/with_msa/colab/HBI_b_21_unrelaxed_rank_001_alphafold2_ptm_model_5_seed_000.pdb,86.41
3690,bbarrel/with_msa/colab/TMB2.57_unrelaxed_rank_001_alphafold2_ptm_model_3_seed_000.pdb,93.23
3691,bbarrel/with_msa/colab/HBI_b_33_unrelaxed_rank_001_alphafold2_ptm_model_5_seed_000.pdb,86.28
3692,bbarrel/with_msa/colab/TMB2.87_unrelaxed_rank_002_alphafold2_ptm_model_2_seed_000.pdb,88.26
3693,bbarrel/with_msa/colab/TMB2.15_unrelaxed_rank_004_alphafold2_ptm_model_4_seed_000.pdb,87.32
3694,bbarrel/with_msa/colab/HBI_b_08_unrelaxed_rank_005_alphafold2_ptm_model_2_seed_000.pdb,86.55
3695,bbarrel/with_msa/colab/HBI_b_32_unrelaxed_rank_003_alphafold2_ptm_model_2_seed_000.pdb,85.16
3696,bbarrel/with_msa/colab/HBI_b_02_unrelaxed_rank_005_alphafold2_ptm_model_4_seed_000.pdb,82.41
3697,bbarrel/with_msa/colab/HBI_b_08_unrelaxed_rank_001_alphafold2_ptm_model_3_seed_000.pdb,88.23
3698,bbarrel/with_msa/colab/TMB2.27_unrelaxed_rank_002_alphafold2_ptm_model_1_seed_000.pdb,92.35
3699,bbarrel/with_msa/colab/TMB2.44_unrelaxed_rank_005_alphafold2_ptm_model_2_seed_000.pdb,89.98
3700,bbarrel/with_msa/colab/TMB2.73_unrelaxed_rank_002_alphafold2_ptm_model_1_seed_000.pdb,88.0
3701,bbarrel/with_msa/colab/TMB2.85_unrelaxed_rank_001_alphafold2_ptm_model_3_seed_000.pdb,92.13
3702,bbarrel/with_msa/colab/TMB2.41_unrelaxed_rank_005_alphafold2_ptm_model_5_seed_000.pdb,90.72
3703,bbarrel/with_msa/colab/HBI_b_14_unrelaxed_rank_001_alphafold2_ptm_model_1_seed_000.pdb,89.97
3704,bbarrel/with_msa/colab/TMB2.77_unrelaxed_rank_001_alphafold2_ptm_model_3_seed_000.pdb,90.69
3705,bbarrel/with_msa/colab/TMB2.31_unrelaxed_rank_001_alphafold2_ptm_model_4_seed_000.pdb,93.67
3706,bbarrel/with_msa/colab/TMB2.76_unrelaxed_rank_004_alphafold2_ptm_model_2_seed_000.pdb,90.51
3707,bbarrel/with_msa/colab/HBI_b_50_unrelaxed_rank_001_alphafold2_ptm_model_4_seed_000.pdb,93.7
3708,bbarrel/with_msa/colab/HBI_b_55_unrelaxed_rank_005_alphafold2_ptm_model_5_seed_000.pdb,88.51
3709,bbarrel/with_msa/colab/TMB2.18_unrelaxed_rank_003_alphafold2_ptm_model_2_seed_000.pdb,90.96
3710,bbarrel/with_msa/colab/TMB2.89_unrelaxed_rank_005_alphafold2_ptm_model_5_seed_000.pdb,87.22
3711,bbarrel/with_msa/colab/TMB2.19_unrelaxed_rank_004_alphafold2_ptm_model_5_seed_000.pdb,89.59
3712,bbarrel/with_msa/colab/TMB2.84_unrelaxed_rank_002_alphafold2_ptm_model_2_seed_000.pdb,90.71
3713,bbarrel/with_msa/colab/HBI_b_44_unrelaxed_rank_001_alphafold2_ptm_model_1_seed_000.pdb,88.05
3714,bbarrel/with_msa/colab/TMB2.85_unrelaxed_rank_004_alphafold2_ptm_model_5_seed_000.pdb,89.15
3715,bbarrel/with_msa/colab/HBI_b_16_unrelaxed_rank_002_alphafold2_ptm_model_1_seed_000.pdb,87.71
3716,bbarrel/with_msa/colab/TMB2.66_unrelaxed_rank_002_alphafold2_ptm_model_3_seed_000.pdb,93.62
3717,bbarrel/with_msa/colab/TMB2.55_unrelaxed_rank_001_alphafold2_ptm_model_5_seed_000.pdb,93.79
3718,bbarrel/with_msa/colab/TMB2.29_unrelaxed_rank_002_alphafold2_ptm_model_4_seed_000.pdb,90.79
3719,bbarrel/with_msa/colab/TMB2.6_unrelaxed_rank_004_alphafold2_ptm_model_1_seed_000.pdb,92.25
3720,bbarrel/with_msa/colab/TMB2.88_unrelaxed_rank_003_alphafold2_ptm_model_1_seed_000.pdb,90.71
3721,bbarrel/with_msa/colab/TMB2.51_unrelaxed_rank_003_alphafold2_ptm_model_2_seed_000.pdb,87.76
3722,bbarrel/with_msa/colab/TMB2.20_unrelaxed_rank_004_alphafold2_ptm_model_5_seed_000.pdb,90.57
3723,bbarrel/with_msa/colab/HBI_b_39_unrelaxed_rank_002_alphafold2_ptm_model_4_seed_000.pdb,80.77
3724,bbarrel/with_msa/colab/TMB2.79_unrelaxed_rank_002_alphafold2_ptm_model_5_seed_000.pdb,89.85
3725,bbarrel/with_msa/colab/TMB2.58_unrelaxed_rank_004_alphafold2_ptm_model_5_seed_000.pdb,93.49
3726,bbarrel/with_msa/colab/TMB2.84_unrelaxed_rank_001_alphafold2_ptm_model_4_seed_000.pdb,90.72
3727,bbarrel/with_msa/colab/TMB2.11_unrelaxed_rank_001_alphafold2_ptm_model_1_seed_000.pdb,94.12
3728,bbarrel/with_msa/colab/TMB2.86_unrelaxed_rank_004_alphafold2_ptm_model_3_seed_000.pdb,89.19
3729,bbarrel/with_msa/colab/HBI_b_17_unrelaxed_rank_003_alphafold2_ptm_model_3_seed_000.pdb,86.02
3730,bbarrel/with_msa/colab/TMB2.65_unrelaxed_rank_002_alphafold2_ptm_model_1_seed_000.pdb,90.29
3731,bbarrel/with_msa/colab/TMB2.52_unrelaxed_rank_002_alphafold2_ptm_model_3_seed_000.pdb,89.36
3732,bbarrel/with_msa/colab/TMB2.77_unrelaxed_rank_003_alphafold2_ptm_model_2_seed_000.pdb,83.79
3733,bbarrel/with_msa/colab/HBI_b_13_unrelaxed_rank_001_alphafold2_ptm_model_3_seed_000.pdb,84.69
3734,bbarrel/with_msa/colab/TMB2.12_unrelaxed_rank_004_alphafold2_ptm_model_3_seed_000.pdb,86.21
3735,bbarrel/with_msa/colab/HBI_b_41_unrelaxed_rank_001_alphafold2_ptm_model_3_seed_000.pdb,86.8
3736,bbarrel/with_msa/colab/TMB2.49_unrelaxed_rank_003_alphafold2_ptm_model_2_seed_000.pdb,91.23
3737,bbarrel/with_msa/colab/TMB2.81_unrelaxed_rank_005_alphafold2_ptm_model_1_seed_000.pdb,88.34
3738,bbarrel/with_msa/colab/HBI_b_45_unrelaxed_rank_003_alphafold2_ptm_model_2_seed_000.pdb,86.52
3739,bbarrel/with_msa/colab/HBI_b_01_unrelaxed_rank_005_alphafold2_ptm_model_2_seed_000.pdb,88.65
3740,bbarrel/with_msa/colab/HBI_b_14_unrelaxed_rank_002_alphafold2_ptm_model_4_seed_000.pdb,88.96
3741,bbarrel/with_msa/colab/HBI_b_33_unrelaxed_rank_003_alphafold2_ptm_model_3_seed_000.pdb,82.95
3742,bbarrel/with_msa/colab/HBI_b_34_unrelaxed_rank_004_alphafold2_ptm_model_4_seed_000.pdb,87.6
3743,bbarrel/with_msa/colab/HBI_b_02_unrelaxed_rank_003_alphafold2_ptm_model_3_seed_000.pdb,84.17
3744,bbarrel/with_msa/colab/HBI_b_38_unrelaxed_rank_005_alphafold2_ptm_model_2_seed_000.pdb,81.77
3745,bbarrel/with_msa/colab/HBI_b_55_unrelaxed_rank_002_alphafold2_ptm_model_3_seed_000.pdb,90.44
3746,bbarrel/with_msa/colab/TMB2.37_unrelaxed_rank_003_alphafold2_ptm_model_3_seed_000.pdb,91.18
3747,bbarrel/with_msa/colab/TMB2.24_unrelaxed_rank_001_alphafold2_ptm_model_3_seed_000.pdb,92.63
3748,bbarrel/with_msa/colab/TMB2.24_unrelaxed_rank_003_alphafold2_ptm_model_4_seed_000.pdb,90.31
3749,bbarrel/with_msa/colab/TMB2.1_unrelaxed_rank_001_alphafold2_ptm_model_1_seed_000.pdb,94.92
3750,bbarrel/with_msa/colab/TMB2.86_unrelaxed_rank_005_alphafold2_ptm_model_4_seed_000.pdb,86.99
3751,bbarrel/with_msa/colab/HBI_b_32_unrelaxed_rank_002_alphafold2_ptm_model_3_seed_000.pdb,85.46
3752,bbarrel/with_msa/colab/TMB2.47_unrelaxed_rank_004_alphafold2_ptm_model_4_seed_000.pdb,79.1
3753,bbarrel/with_msa/colab/HBI_b_50_unrelaxed_rank_004_alphafold2_ptm_model_1_seed_000.pdb,72.67
3754,bbarrel/with_msa/colab/TMB2.55_unrelaxed_rank_005_alphafold2_ptm_model_1_seed_000.pdb,92.08
3755,bbarrel/with_msa/colab/TMB2.36_unrelaxed_rank_001_alphafold2_ptm_model_3_seed_000.pdb,92.77
3756,bbarrel/with_msa/colab/TMB2.67_unrelaxed_rank_005_alphafold2_ptm_model_5_seed_000.pdb,89.03
3757,bbarrel/with_msa/colab/TMB2.14_unrelaxed_rank_002_alphafold2_ptm_model_1_seed_000.pdb,92.57
3758,bbarrel/with_msa/colab/HBI_b_22_unrelaxed_rank_001_alphafold2_ptm_model_5_seed_000.pdb,91.0
3759,bbarrel/with_msa/colab/HBI_b_17_unrelaxed_rank_005_alphafold2_ptm_model_4_seed_000.pdb,84.14
3760,bbarrel/with_msa/colab/TMB2.5_unrelaxed_rank_003_alphafold2_ptm_model_2_seed_000.pdb,91.01
3761,bbarrel/with_msa/colab/HBI_b_04_unrelaxed_rank_003_alphafold2_ptm_model_5_seed_000.pdb,89.96
3762,bbarrel/with_msa/colab/TMB2.27_unrelaxed_rank_004_alphafold2_ptm_model_5_seed_000.pdb,89.92
3763,bbarrel/with_msa/colab/HBI_b_14_unrelaxed_rank_003_alphafold2_ptm_model_2_seed_000.pdb,88.82
3764,bbarrel/with_msa/colab/TMB2.7_unrelaxed_rank_003_alphafold2_ptm_model_4_seed_000.pdb,91.81
3765,bbarrel/with_msa/colab/TMB2.63_unrelaxed_rank_003_alphafold2_ptm_model_1_seed_000.pdb,88.85
3766,bbarrel/with_msa/colab/TMB2.44_unrelaxed_rank_001_alphafold2_ptm_model_3_seed_000.pdb,92.93
3767,bbarrel/with_msa/colab/TMB2.31_unrelaxed_rank_005_alphafold2_ptm_model_5_seed_000.pdb,90.24
3768,bbarrel/with_msa/colab/TMB2.76_unrelaxed_rank_005_alphafold2_ptm_model_5_seed_000.pdb,89.74
3769,bbarrel/with_msa/colab/HBI_b_22_unrelaxed_rank_003_alphafold2_ptm_model_1_seed_000.pdb,88.54
3770,bbarrel/with_msa/colab/HBI_b_43_unrelaxed_rank_004_alphafold2_ptm_model_4_seed_000.pdb,84.82
3771,bbarrel/with_msa/colab/TMB2.42_unrelaxed_rank_003_alphafold2_ptm_model_2_seed_000.pdb,90.83
3772,bbarrel/with_msa/colab/HBI_b_27_unrelaxed_rank_003_alphafold2_ptm_model_4_seed_000.pdb,86.69
3773,bbarrel/with_msa/colab/TMB2.26_unrelaxed_rank_003_alphafold2_ptm_model_4_seed_000.pdb,90.62
3774,bbarrel/with_msa/colab/HBI_b_27_unrelaxed_rank_005_alphafold2_ptm_model_2_seed_000.pdb,85.79
3775,bbarrel/with_msa/colab/HBI_b_20_unrelaxed_rank_003_alphafold2_ptm_model_5_seed_000.pdb,88.85
3776,bbarrel/with_msa/colab/TMB2.6_unrelaxed_rank_001_alphafold2_ptm_model_3_seed_000.pdb,92.54
3777,bbarrel/with_msa/colab/TMB2.21_unrelaxed_rank_003_alphafold2_ptm_model_5_seed_000.pdb,93.26
3778,bbarrel/with_msa/colab/TMB2.52_unrelaxed_rank_004_alphafold2_ptm_model_1_seed_000.pdb,88.21
3779,bbarrel/with_msa/colab/HBI_b_15_unrelaxed_rank_004_alphafold2_ptm_model_4_seed_000.pdb,85.27
3780,bbarrel/with_msa/colab/HBI_b_45_unrelaxed_rank_005_alphafold2_ptm_model_5_seed_000.pdb,85.17
3781,bbarrel/with_msa/colab/TMB2.27_unrelaxed_rank_003_alphafold2_ptm_model_2_seed_000.pdb,91.41
3782,bbarrel/with_msa/colab/HBI_b_37_unrelaxed_rank_001_alphafold2_ptm_model_3_seed_000.pdb,83.66
3783,bbarrel/with_msa/colab/TMB2.33_unrelaxed_rank_001_alphafold2_ptm_model_1_seed_000.pdb,92.79
3784,bbarrel/with_msa/colab/HBI_b_19_unrelaxed_rank_005_alphafold2_ptm_model_2_seed_000.pdb,81.92
3785,bbarrel/with_msa/colab/TMB2.84_unrelaxed_rank_005_alphafold2_ptm_model_5_seed_000.pdb,85.24
3786,bbarrel/with_msa/colab/TMB2.72_unrelaxed_rank_002_alphafold2_ptm_model_1_seed_000.pdb,90.07
3787,bbarrel/with_msa/colab/HBI_b_38_unrelaxed_rank_004_alphafold2_ptm_model_3_seed_000.pdb,82.41
3788,bbarrel/with_msa/colab/TMB2.15_unrelaxed_rank_003_alphafold2_ptm_model_5_seed_000.pdb,88.25
3789,bbarrel/with_msa/colab/HBI_b_49_unrelaxed_rank_004_alphafold2_ptm_model_5_seed_000.pdb,87.24
3790,bbarrel/with_msa/colab/HBI_b_29_unrelaxed_rank_005_alphafold2_ptm_model_2_seed_000.pdb,84.14
3791,bbarrel/with_msa/colab/TMB2.73_unrelaxed_rank_003_alphafold2_ptm_model_4_seed_000.pdb,87.6
3792,bbarrel/with_msa/colab/TMB2.31_unrelaxed_rank_004_alphafold2_ptm_model_1_seed_000.pdb,92.4
3793,bbarrel/with_msa/colab/TMB2.60_unrelaxed_rank_003_alphafold2_ptm_model_3_seed_000.pdb,86.42
3794,bbarrel/with_msa/colab/HBI_b_23_unrelaxed_rank_002_alphafold2_ptm_model_3_seed_000.pdb,89.59
3795,bbarrel/with_msa/colab/TMB2.18_unrelaxed_rank_002_alphafold2_ptm_model_4_seed_000.pdb,93.01
3796,bbarrel/with_msa/colab/TMB2.89_unrelaxed_rank_004_alphafold2_ptm_model_3_seed_000.pdb,89.69
3797,bbarrel/with_msa/colab/TMB2.63_unrelaxed_rank_001_alphafold2_ptm_model_4_seed_000.pdb,91.41
3798,bbarrel/with_msa/colab/HBI_b_02_unrelaxed_rank_001_alphafold2_ptm_model_5_seed_000.pdb,84.89
3799,bbarrel/with_msa/colab/TMB2.69_unrelaxed_rank_004_alphafold2_ptm_model_2_seed_000.pdb,89.35
3800,bbarrel/with_msa/colab/HBI_b_35_unrelaxed_rank_001_alphafold2_ptm_model_3_seed_000.pdb,77.71
3801,bbarrel/with_msa/colab/TMB2.88_unrelaxed_rank_002_alphafold2_ptm_model_2_seed_000.pdb,91.19
3802,bbarrel/with_msa/colab/TMB2.80_unrelaxed_rank_001_alphafold2_ptm_model_2_seed_000.pdb,89.47
3803,bbarrel/with_msa/colab/TMB2.56_unrelaxed_rank_003_alphafold2_ptm_model_5_seed_000.pdb,91.37
3804,bbarrel/with_msa/colab/TMB2.76_unrelaxed_rank_002_alphafold2_ptm_model_1_seed_000.pdb,91.67
3805,bbarrel/with_msa/colab/TMB2.18_unrelaxed_rank_001_alphafold2_ptm_model_3_seed_000.pdb,93.72
3806,bbarrel/with_msa/colab/HBI_b_33_unrelaxed_rank_004_alphafold2_ptm_model_2_seed_000.pdb,81.0
3807,bbarrel/with_msa/colab/TMB2.69_unrelaxed_rank_002_alphafold2_ptm_model_3_seed_000.pdb,90.47
3808,bbarrel/with_msa/colab/HBI_b_28_unrelaxed_rank_003_alphafold2_ptm_model_1_seed_000.pdb,83.55
3809,bbarrel/with_msa/colab/TMB2.56_unrelaxed_rank_002_alphafold2_ptm_model_2_seed_000.pdb,91.42
3810,bbarrel/with_msa/colab/TMB2.48_unrelaxed_rank_004_alphafold2_ptm_model_1_seed_000.pdb,92.3
3811,bbarrel/with_msa/colab/TMB2.79_unrelaxed_rank_004_alphafold2_ptm_model_2_seed_000.pdb,88.97
3812,bbarrel/with_msa/colab/TMB2.71_unrelaxed_rank_004_alphafold2_ptm_model_4_seed_000.pdb,30.63
3813,bbarrel/with_msa/colab/HBI_b_09_unrelaxed_rank_002_alphafold2_ptm_model_3_seed_000.pdb,87.31
3814,bbarrel/with_msa/colab/HBI_b_50_unrelaxed_rank_002_alphafold2_ptm_model_2_seed_000.pdb,76.1
3815,bbarrel/with_msa/colab/HBI_b_19_unrelaxed_rank_001_alphafold2_ptm_model_5_seed_000.pdb,86.93
3816,bbarrel/with_msa/colab/TMB2.59_unrelaxed_rank_005_alphafold2_ptm_model_5_seed_000.pdb,87.91
3817,bbarrel/with_msa/colab/TMB2.39_unrelaxed_rank_002_alphafold2_ptm_model_1_seed_000.pdb,89.85
3818,bbarrel/with_msa/colab/TMB2.77_unrelaxed_rank_005_alphafold2_ptm_model_4_seed_000.pdb,81.96
3819,bbarrel/with_msa/colab/TMB2.11_unrelaxed_rank_002_alphafold2_ptm_model_3_seed_000.pdb,92.54
3820,bbarrel/with_msa/colab/TMB2.50_unrelaxed_rank_004_alphafold2_ptm_model_2_seed_000.pdb,92.36
3821,bbarrel/with_msa/colab/TMB2.54_unrelaxed_rank_004_alphafold2_ptm_model_2_seed_000.pdb,90.5
3822,bbarrel/with_msa/colab/HBI_b_29_unrelaxed_rank_002_alphafold2_ptm_model_3_seed_000.pdb,86.12
3823,bbarrel/with_msa/colab/TMB2.11_unrelaxed_rank_003_alphafold2_ptm_model_2_seed_000.pdb,92.39
3824,bbarrel/with_msa/colab/TMB2.68_unrelaxed_rank_005_alphafold2_ptm_model_5_seed_000.pdb,88.99
3825,bbarrel/with_msa/colab/TMB2.28_unrelaxed_rank_001_alphafold2_ptm_model_4_seed_000.pdb,92.9
3826,bbarrel/with_msa/colab/HBI_b_31_unrelaxed_rank_004_alphafold2_ptm_model_2_seed_000.pdb,75.34
3827,bbarrel/with_msa/colab/HBI_b_26_unrelaxed_rank_003_alphafold2_ptm_model_5_seed_000.pdb,85.9
3828,bbarrel/with_msa/colab/TMB2.15_unrelaxed_rank_005_alphafold2_ptm_model_2_seed_000.pdb,86.08
3829,bbarrel/with_msa/colab/HBI_b_46_unrelaxed_rank_003_alphafold2_ptm_model_3_seed_000.pdb,87.61
3830,bbarrel/with_msa/colab/TMB2.60_unrelaxed_rank_002_alphafold2_ptm_model_2_seed_000.pdb,88.0
3831,bbarrel/with_msa/colab/TMB2.29_unrelaxed_rank_003_alphafold2_ptm_model_1_seed_000.pdb,89.73
3832,bbarrel/with_msa/colab/TMB2.26_unrelaxed_rank_004_alphafold2_ptm_model_2_seed_000.pdb,90.16
3833,bbarrel/with_msa/colab/HBI_b_49_unrelaxed_rank_003_alphafold2_ptm_model_1_seed_000.pdb,87.34
3834,bbarrel/with_msa/colab/HBI_b_20_unrelaxed_rank_005_alphafold2_ptm_model_2_seed_000.pdb,87.59
3835,bbarrel/with_msa/colab/HBI_b_02_unrelaxed_rank_004_alphafold2_ptm_model_2_seed_000.pdb,83.14
3836,bbarrel/with_msa/colab/HBI_b_21_unrelaxed_rank_002_alphafold2_ptm_model_3_seed_000.pdb,86.24
3837,bbarrel/with_msa/colab/TMB2.37_unrelaxed_rank_001_alphafold2_ptm_model_1_seed_000.pdb,92.82
3838,bbarrel/with_msa/colab/TMB2.73_unrelaxed_rank_001_alphafold2_ptm_model_2_seed_000.pdb,89.77
3839,bbarrel/with_msa/colab/TMB2.62_unrelaxed_rank_002_alphafold2_ptm_model_5_seed_000.pdb,92.97
3840,bbarrel/with_msa/colab/TMB2.25_unrelaxed_rank_005_alphafold2_ptm_model_2_seed_000.pdb,86.49
3841,bbarrel/with_msa/colab/HBI_b_13_unrelaxed_rank_005_alphafold2_ptm_model_4_seed_000.pdb,82.86
3842,bbarrel/with_msa/colab/TMB2.17_unrelaxed_rank_005_alphafold2_ptm_model_5_seed_000.pdb,92.09
3843,bbarrel/with_msa/colab/TMB2.43_unrelaxed_rank_001_alphafold2_ptm_model_1_seed_000.pdb,91.88
3844,bbarrel/with_msa/colab/TMB2.15_unrelaxed_rank_002_alphafold2_ptm_model_1_seed_000.pdb,88.78
3845,bbarrel/with_msa/colab/HBI_b_25_unrelaxed_rank_001_alphafold2_ptm_model_2_seed_000.pdb,84.43
3846,bbarrel/with_msa/colab/TMB2.54_unrelaxed_rank_005_alphafold2_ptm_model_3_seed_000.pdb,89.92
3847,bbarrel/with_msa/colab/TMB2.41_unrelaxed_rank_001_alphafold2_ptm_model_3_seed_000.pdb,93.75
3848,bbarrel/with_msa/colab/TMB2.3_unrelaxed_rank_001_alphafold2_ptm_model_3_seed_000.pdb,93.47
3849,bbarrel/with_msa/colab/TMB2.17_unrelaxed_rank_002_alphafold2_ptm_model_2_seed_000.pdb,92.94
3850,bbarrel/with_msa/colab/TMB2.70_unrelaxed_rank_004_alphafold2_ptm_model_2_seed_000.pdb,89.81
3851,bbarrel/with_msa/colab/TMB2.42_unrelaxed_rank_001_alphafold2_ptm_model_3_seed_000.pdb,91.12
3852,bbarrel/with_msa/colab/HBI_b_46_unrelaxed_rank_005_alphafold2_ptm_model_1_seed_000.pdb,86.3
3853,bbarrel/with_msa/colab/TMB2.37_unrelaxed_rank_005_alphafold2_ptm_model_4_seed_000.pdb,89.96
3854,bbarrel/with_msa/colab/TMB2.19_unrelaxed_rank_001_alphafold2_ptm_model_1_seed_000.pdb,92.36
3855,bbarrel/with_msa/colab/TMB2.30_unrelaxed_rank_005_alphafold2_ptm_model_4_seed_000.pdb,89.72
3856,bbarrel/with_msa/colab/TMB2.22_unrelaxed_rank_001_alphafold2_ptm_model_1_seed_000.pdb,92.98
3857,bbarrel/with_msa/colab/TMB2.64_unrelaxed_rank_001_alphafold2_ptm_model_4_seed_000.pdb,94.63
3858,bbarrel/with_msa/colab/TMB2.75_unrelaxed_rank_002_alphafold2_ptm_model_4_seed_000.pdb,88.71
3859,bbarrel/with_msa/colab/HBI_b_40_unrelaxed_rank_001_alphafold2_ptm_model_3_seed_000.pdb,90.7
3860,bbarrel/with_msa/colab/HBI_b_27_unrelaxed_rank_001_alphafold2_ptm_model_5_seed_000.pdb,87.02
3861,bbarrel/with_msa/colab/HBI_b_10_unrelaxed_rank_003_alphafold2_ptm_model_4_seed_000.pdb,88.3
3862,bbarrel/with_msa/colab/HBI_b_21_unrelaxed_rank_003_alphafold2_ptm_model_4_seed_000.pdb,86.05
3863,bbarrel/with_msa/colab/TMB2.89_unrelaxed_rank_002_alphafold2_ptm_model_2_seed_000.pdb,91.7
3864,bbarrel/with_msa/colab/TMB2.72_unrelaxed_rank_004_alphafold2_ptm_model_4_seed_000.pdb,89.15
3865,bbarrel/with_msa/colab/TMB2.45_unrelaxed_rank_004_alphafold2_ptm_model_2_seed_000.pdb,87.0
3866,bbarrel/with_msa/colab/TMB2.47_unrelaxed_rank_003_alphafold2_ptm_model_2_seed_000.pdb,84.65
3867,bbarrel/with_msa/colab/HBI_b_04_unrelaxed_rank_004_alphafold2_ptm_model_3_seed_000.pdb,89.03
3868,bbarrel/with_msa/colab/HBI_b_29_unrelaxed_rank_004_alphafold2_ptm_model_4_seed_000.pdb,85.24
3869,bbarrel/with_msa/colab/TMB2.8_unrelaxed_rank_001_alphafold2_ptm_model_4_seed_000.pdb,92.55
3870,bbarrel/with_msa/colab/TMB2.38_unrelaxed_rank_004_alphafold2_ptm_model_5_seed_000.pdb,89.18
3871,bbarrel/with_msa/colab/TMB2.27_unrelaxed_rank_001_alphafold2_ptm_model_3_seed_000.pdb,92.43
3872,bbarrel/with_msa/colab/HBI_b_53_unrelaxed_rank_001_alphafold2_ptm_model_4_seed_000.pdb,83.74
3873,bbarrel/with_msa/colab/TMB2.59_unrelaxed_rank_001_alphafold2_ptm_model_2_seed_000.pdb,90.61
3874,bbarrel/with_msa/colab/HBI_b_53_unrelaxed_rank_004_alphafold2_ptm_model_1_seed_000.pdb,82.87
3875,bbarrel/with_msa/colab/TMB2.68_unrelaxed_rank_001_alphafold2_ptm_model_1_seed_000.pdb,92.69
3876,bbarrel/with_msa/colab/HBI_b_13_unrelaxed_rank_004_alphafold2_ptm_model_2_seed_000.pdb,83.22
3877,bbarrel/with_msa/colab/HBI_b_31_unrelaxed_rank_001_alphafold2_ptm_model_4_seed_000.pdb,83.65
3878,bbarrel/with_msa/colab/TMB2.82_unrelaxed_rank_002_alphafold2_ptm_model_2_seed_000.pdb,92.32
3879,bbarrel/with_msa/colab/HBI_b_31_unrelaxed_rank_002_alphafold2_ptm_model_1_seed_000.pdb,82.51
3880,bbarrel/with_msa/colab/TMB2.18_unrelaxed_rank_004_alphafold2_ptm_model_1_seed_000.pdb,90.74
3881,bbarrel/with_msa/colab/HBI_b_07_unrelaxed_rank_001_alphafold2_ptm_model_3_seed_000.pdb,87.64
3882,bbarrel/with_msa/colab/TMB2.54_unrelaxed_rank_003_alphafold2_ptm_model_4_seed_000.pdb,90.49
3883,bbarrel/with_msa/colab/TMB2.36_unrelaxed_rank_002_alphafold2_ptm_model_4_seed_000.pdb,92.21
3884,bbarrel/with_msa/colab/HBI_b_56_unrelaxed_rank_004_alphafold2_ptm_model_1_seed_000.pdb,84.59
3885,bbarrel/with_msa/colab/HBI_b_20_unrelaxed_rank_002_alphafold2_ptm_model_3_seed_000.pdb,89.71
3886,bbarrel/with_msa/colab/HBI_b_23_unrelaxed_rank_001_alphafold2_ptm_model_5_seed_000.pdb,91.22
3887,bbarrel/with_msa/colab/TMB2.43_unrelaxed_rank_003_alphafold2_ptm_model_4_seed_000.pdb,91.44
3888,bbarrel/with_msa/colab/TMB2.44_unrelaxed_rank_003_alphafold2_ptm_model_5_seed_000.pdb,91.91
3889,bbarrel/with_msa/colab/TMB2.22_unrelaxed_rank_004_alphafold2_ptm_model_3_seed_000.pdb,91.69
3890,bbarrel/with_msa/colab/TMB2.20_unrelaxed_rank_005_alphafold2_ptm_model_3_seed_000.pdb,88.28
3891,bbarrel/with_msa/colab/TMB2.66_unrelaxed_rank_005_alphafold2_ptm_model_1_seed_000.pdb,91.37
3892,bbarrel/with_msa/colab/HBI_b_56_unrelaxed_rank_002_alphafold2_ptm_model_3_seed_000.pdb,85.29
3893,bbarrel/with_msa/colab/TMB2.28_unrelaxed_rank_002_alphafold2_ptm_model_2_seed_000.pdb,92.74
3894,bbarrel/with_msa/colab/HBI_b_03_unrelaxed_rank_003_alphafold2_ptm_model_4_seed_000.pdb,63.39
3895,bbarrel/with_msa/colab/TMB2.52_unrelaxed_rank_005_alphafold2_ptm_model_2_seed_000.pdb,86.08
3896,bbarrel/with_msa/colab/HBI_b_28_unrelaxed_rank_001_alphafold2_ptm_model_5_seed_000.pdb,87.57
3897,bbarrel/with_msa/colab/HBI_b_49_unrelaxed_rank_001_alphafold2_ptm_model_3_seed_000.pdb,90.29
3898,bbarrel/with_msa/colab/TMB2.86_unrelaxed_rank_003_alphafold2_ptm_model_2_seed_000.pdb,89.56
3899,bbarrel/with_msa/colab/HBI_b_40_unrelaxed_rank_005_alphafold2_ptm_model_2_seed_000.pdb,90.15
3900,bbarrel/with_msa/colab/HBI_b_02_unrelaxed_rank_002_alphafold2_ptm_model_1_seed_000.pdb,84.38
3901,bbarrel/with_msa/colab/HBI_b_07_unrelaxed_rank_005_alphafold2_ptm_model_2_seed_000.pdb,86.52
3902,bbarrel/with_msa/colab/TMB2.74_unrelaxed_rank_003_alphafold2_ptm_model_2_seed_000.pdb,90.91
3903,bbarrel/with_msa/colab/TMB2.41_unrelaxed_rank_003_alphafold2_ptm_model_1_seed_000.pdb,92.64
3904,bbarrel/with_msa/colab/HBI_b_16_unrelaxed_rank_001_alphafold2_ptm_model_5_seed_000.pdb,88.72
3905,bbarrel/with_msa/colab/HBI_b_22_unrelaxed_rank_004_alphafold2_ptm_model_2_seed_000.pdb,88.0
3906,bbarrel/with_msa/colab/TMB2.33_unrelaxed_rank_004_alphafold2_ptm_model_5_seed_000.pdb,91.25
3907,bbarrel/with_msa/colab/TMB2.39_unrelaxed_rank_004_alphafold2_ptm_model_3_seed_000.pdb,88.64
3908,bbarrel/with_msa/colab/TMB2.39_unrelaxed_rank_001_alphafold2_ptm_model_4_seed_000.pdb,90.45
3909,bbarrel/with_msa/colab/TMB2.21_unrelaxed_rank_001_alphafold2_ptm_model_4_seed_000.pdb,93.5
3910,bbarrel/with_msa/colab/TMB2.56_unrelaxed_rank_005_alphafold2_ptm_model_3_seed_000.pdb,89.85
3911,bbarrel/with_msa/colab/TMB2.34_unrelaxed_rank_003_alphafold2_ptm_model_4_seed_000.pdb,93.16
3912,bbarrel/with_msa/colab/HBI_b_53_unrelaxed_rank_002_alphafold2_ptm_model_5_seed_000.pdb,83.41
3913,bbarrel/with_msa/colab/TMB2.65_unrelaxed_rank_001_alphafold2_ptm_model_5_seed_000.pdb,90.4
3914,bbarrel/with_msa/colab/TMB2.20_unrelaxed_rank_002_alphafold2_ptm_model_1_seed_000.pdb,91.77
3915,bbarrel/with_msa/colab/TMB2.25_unrelaxed_rank_003_alphafold2_ptm_model_5_seed_000.pdb,87.53
3916,bbarrel/with_msa/colab/TMB2.79_unrelaxed_rank_003_alphafold2_ptm_model_3_seed_000.pdb,89.43
3917,bbarrel/with_msa/colab/TMB2.78_unrelaxed_rank_005_alphafold2_ptm_model_2_seed_000.pdb,88.69
3918,bbarrel/with_msa/colab/TMB2.19_unrelaxed_rank_003_alphafold2_ptm_model_3_seed_000.pdb,91.02
3919,bbarrel/with_msa/colab/TMB2.24_unrelaxed_rank_004_alphafold2_ptm_model_5_seed_000.pdb,89.45
3920,bbarrel/with_msa/colab/TMB2.50_unrelaxed_rank_005_alphafold2_ptm_model_4_seed_000.pdb,91.69
3921,bbarrel/with_msa/colab/TMB2.74_unrelaxed_rank_005_alphafold2_ptm_model_5_seed_000.pdb,87.79
3922,bbarrel/with_msa/colab/HBI_b_37_unrelaxed_rank_004_alphafold2_ptm_model_5_seed_000.pdb,81.41
3923,bbarrel/with_msa/colab/TMB2.44_unrelaxed_rank_002_alphafold2_ptm_model_1_seed_000.pdb,92.53
3924,bbarrel/with_msa/colab/TMB2.32_unrelaxed_rank_003_alphafold2_ptm_model_2_seed_000.pdb,91.59
3925,bbarrel/with_msa/colab/TMB2.38_unrelaxed_rank_001_alphafold2_ptm_model_1_seed_000.pdb,90.87
3926,bbarrel/with_msa/colab/TMB2.34_unrelaxed_rank_001_alphafold2_ptm_model_5_seed_000.pdb,94.28
3927,bbarrel/with_msa/colab/HBI_b_01_unrelaxed_rank_002_alphafold2_ptm_model_1_seed_000.pdb,90.58
3928,bbarrel/with_msa/colab/HBI_b_44_unrelaxed_rank_003_alphafold2_ptm_model_5_seed_000.pdb,86.47
3929,bbarrel/with_msa/colab/HBI_b_44_unrelaxed_rank_002_alphafold2_ptm_model_4_seed_000.pdb,87.13
3930,bbarrel/with_msa/colab/TMB2.23_unrelaxed_rank_003_alphafold2_ptm_model_4_seed_000.pdb,92.89
3931,bbarrel/with_msa/colab/HBI_b_38_unrelaxed_rank_002_alphafold2_ptm_model_1_seed_000.pdb,82.63
3932,bbarrel/with_msa/colab/HBI_b_55_unrelaxed_rank_001_alphafold2_ptm_model_2_seed_000.pdb,91.81
3933,bbarrel/with_msa/colab/TMB2.52_unrelaxed_rank_003_alphafold2_ptm_model_4_seed_000.pdb,89.28
3934,bbarrel/with_msa/colab/TMB2.47_unrelaxed_rank_001_alphafold2_ptm_model_5_seed_000.pdb,91.87
3935,bbarrel/with_msa/colab/HBI_b_04_unrelaxed_rank_002_alphafold2_ptm_model_2_seed_000.pdb,90.1
3936,bbarrel/with_msa/colab/HBI_b_46_unrelaxed_rank_004_alphafold2_ptm_model_2_seed_000.pdb,87.5
3937,bbarrel/with_msa/colab/HBI_b_01_unrelaxed_rank_004_alphafold2_ptm_model_3_seed_000.pdb,89.44
3938,bbarrel/with_msa/colab/TMB2.62_unrelaxed_rank_004_alphafold2_ptm_model_2_seed_000.pdb,91.08
3939,bbarrel/with_msa/colab/TMB2.9_unrelaxed_rank_004_alphafold2_ptm_model_3_seed_000.pdb,87.32
3940,bbarrel/with_msa/colab/HBI_b_41_unrelaxed_rank_002_alphafold2_ptm_model_5_seed_000.pdb,86.43
3941,bbarrel/with_msa/colab/TMB2.22_unrelaxed_rank_002_alphafold2_ptm_model_4_seed_000.pdb,92.87
3942,bbarrel/with_msa/colab/TMB2.3_unrelaxed_rank_004_alphafold2_ptm_model_5_seed_000.pdb,91.47
3943,bbarrel/with_msa/colab/TMB2.67_unrelaxed_rank_003_alphafold2_ptm_model_1_seed_000.pdb,90.48
3944,bbarrel/with_msa/colab/HBI_b_34_unrelaxed_rank_001_alphafold2_ptm_model_1_seed_000.pdb,89.58
3945,bbarrel/with_msa/colab/HBI_b_10_unrelaxed_rank_002_alphafold2_ptm_model_1_seed_000.pdb,88.79
3946,bbarrel/with_msa/colab/TMB2.8_unrelaxed_rank_005_alphafold2_ptm_model_2_seed_000.pdb,90.96
3947,bbarrel/with_msa/colab/HBI_b_08_unrelaxed_rank_004_alphafold2_ptm_model_4_seed_000.pdb,87.01
3948,bbarrel/with_msa/colab/TMB2.47_unrelaxed_rank_005_alphafold2_ptm_model_3_seed_000.pdb,75.5
3949,bbarrel/with_msa/colab/HBI_b_45_unrelaxed_rank_004_alphafold2_ptm_model_1_seed_000.pdb,86.47
3950,bbarrel/with_msa/colab/HBI_b_15_unrelaxed_rank_003_alphafold2_ptm_model_1_seed_000.pdb,85.63
3951,bbarrel/with_msa/colab/TMB2.5_unrelaxed_rank_004_alphafold2_ptm_model_4_seed_000.pdb,90.42
3952,bbarrel/with_msa/colab/TMB2.62_unrelaxed_rank_001_alphafold2_ptm_model_3_seed_000.pdb,93.65
3953,bbarrel/with_msa/colab/HBI_b_35_unrelaxed_rank_003_alphafold2_ptm_model_4_seed_000.pdb,76.61
3954,bbarrel/with_msa/colab/TMB2.68_unrelaxed_rank_004_alphafold2_ptm_model_4_seed_000.pdb,90.74
3955,bbarrel/with_msa/colab/HBI_b_43_unrelaxed_rank_003_alphafold2_ptm_model_1_seed_000.pdb,86.67
3956,bbarrel/with_msa/colab/TMB2.23_unrelaxed_rank_002_alphafold2_ptm_model_3_seed_000.pdb,92.99
3957,bbarrel/with_msa/colab/HBI_b_21_unrelaxed_rank_004_alphafold2_ptm_model_2_seed_000.pdb,84.96
3958,bbarrel/with_msa/colab/TMB2.85_unrelaxed_rank_003_alphafold2_ptm_model_4_seed_000.pdb,91.74
3959,bbarrel/with_msa/colab/TMB2.71_unrelaxed_rank_002_alphafold2_ptm_model_3_seed_000.pdb,34.98
3960,bbarrel/with_msa/colab/TMB2.70_unrelaxed_rank_005_alphafold2_ptm_model_5_seed_000.pdb,86.5
3961,bbarrel/with_msa/colab/TMB2.84_unrelaxed_rank_003_alphafold2_ptm_model_3_seed_000.pdb,90.44
3962,bbarrel/with_msa/colab/HBI_b_34_unrelaxed_rank_002_alphafold2_ptm_model_3_seed_000.pdb,89.23
3963,bbarrel/with_msa/colab/TMB2.66_unrelaxed_rank_003_alphafold2_ptm_model_2_seed_000.pdb,93.14
3964,bbarrel/with_msa/colab/TMB2.49_unrelaxed_rank_002_alphafold2_ptm_model_3_seed_000.pdb,91.38
3965,bbarrel/with_msa/colab/TMB2.57_unrelaxed_rank_002_alphafold2_ptm_model_4_seed_000.pdb,93.0
3966,bbarrel/with_msa/colab/TMB2.9_unrelaxed_rank_003_alphafold2_ptm_model_4_seed_000.pdb,87.71
3967,bbarrel/with_msa/colab/TMB2.65_unrelaxed_rank_003_alphafold2_ptm_model_4_seed_000.pdb,90.11
3968,bbarrel/design_models_exp/HBI_b_50.pdb,0.0
3969,bbarrel/design_models_exp/TMB2_65.pdb,0.0
3970,bbarrel/design_models_exp/HBI_b_46.pdb,0.0
3971,bbarrel/design_models_exp/TMB2_3.pdb,0.0
3972,bbarrel/design_models_exp/TMB2_31.pdb,0.0
3973,bbarrel/design_models_exp/TMB2_89.pdb,0.0
3974,bbarrel/design_models_exp/TMB2_45.pdb,0.0
3975,bbarrel/design_models_exp/TMB2_68.pdb,0.0
3976,bbarrel/design_models_exp/TMB2_39.pdb,0.0
3977,bbarrel/design_models_exp/HBI_b_27.pdb,0.0
3978,bbarrel/design_models_exp/TMB2_63.pdb,0.0
3979,bbarrel/design_models_exp/TMB2_52.pdb,0.0
3980,bbarrel/design_models_exp/HBI_b_07.pdb,0.0
3981,bbarrel/design_models_exp/HBI_b_45.pdb,0.0
3982,bbarrel/design_models_exp/TMB2_37.pdb,0.0
3983,bbarrel/design_models_exp/TMB2_26.pdb,0.0
3984,bbarrel/design_models_exp/TMB2_71.pdb,0.0
3985,bbarrel/design_models_exp/TMB2_35.pdb,0.0
3986,bbarrel/design_models_exp/TMB2_4.pdb,0.0
3987,bbarrel/design_models_exp/TMB2_30.pdb,0.0
3988,bbarrel/design_models_exp/TMB2_85.pdb,0.0
3989,bbarrel/design_models_exp/HBI_b_43.pdb,0.0
3990,bbarrel/design_models_exp/HBI_b_04.pdb,0.0
3991,bbarrel/design_models_exp/TMB2_15.pdb,0.0
3992,bbarrel/design_models_exp/TMB2_25.pdb,0.0
3993,bbarrel/design_models_exp/HBI_b_38.pdb,0.0
3994,bbarrel/design_models_exp/TMB2_21.pdb,0.0
3995,bbarrel/design_models_exp/HBI_b_34.pdb,0.0
3996,bbarrel/design_models_exp/TMB2_6.pdb,0.0
3997,bbarrel/design_models_exp/TMB2_17.pdb,0.0
3998,bbarrel/design_models_exp/HBI_b_25.pdb,0.0
3999,bbarrel/design_models_exp/HBI_b_28.pdb,0.0
4000,bbarrel/design_models_exp/TMB2_66.pdb,0.0
4001,bbarrel/design_models_exp/TMB2_7.pdb,0.0
4002,bbarrel/design_models_exp/TMB2_72.pdb,0.0
4003,bbarrel/design_models_exp/HBI_b_09.pdb,0.0
4004,bbarrel/design_models_exp/TMB2_33.pdb,0.0
4005,bbarrel/design_models_exp/TMB2_67.pdb,0.0
4006,bbarrel/design_models_exp/HBI_b_40.pdb,0.0
4007,bbarrel/design_models_exp/HBI_b_23.pdb,0.0
4008,bbarrel/design_models_exp/HBI_b_55.pdb,0.0
4009,bbarrel/design_models_exp/TMB2_29.pdb,0.0
4010,bbarrel/design_models_exp/TMB2_74.pdb,0.0
4011,bbarrel/design_models_exp/TMB2_62.pdb,0.0
4012,bbarrel/design_models_exp/TMB2_82.pdb,0.0
4013,bbarrel/design_models_exp/TMB2_8.pdb,0.0
4014,bbarrel/design_models_exp/TMB2_14.pdb,0.0
4015,bbarrel/design_models_exp/TMB2_2.pdb,0.0
4016,bbarrel/design_models_exp/HBI_b_53.pdb,0.0
4017,bbarrel/design_models_exp/HBI_b_01.pdb,0.0
4018,bbarrel/design_models_exp/HBI_b_35.pdb,0.0
4019,bbarrel/design_models_exp/TMB2_80.pdb,0.0
4020,bbarrel/design_models_exp/TMB2_5.pdb,0.0
4021,bbarrel/design_models_exp/TMB2_28.pdb,0.0
4022,bbarrel/design_models_exp/HBI_b_56.pdb,0.0
4023,bbarrel/design_models_exp/TMB2_77.pdb,0.0
4024,bbarrel/design_models_exp/HBI_b_37.pdb,0.0
4025,bbarrel/design_models_exp/TMB2_44.pdb,0.0
4026,bbarrel/design_models_exp/TMB2_48.pdb,0.0
4027,bbarrel/design_models_exp/HBI_b_10.pdb,0.0
4028,bbarrel/design_models_exp/HBI_b_31.pdb,0.0
4029,bbarrel/design_models_exp/TMB2_78.pdb,0.0
4030,bbarrel/design_models_exp/HBI_b_15.pdb,0.0
4031,bbarrel/design_models_exp/TMB2_59.pdb,0.0
4032,bbarrel/design_models_exp/TMB2_69.pdb,0.0
4033,bbarrel/design_models_exp/TMB2_32.pdb,0.0
4034,bbarrel/design_models_exp/HBI_b_29.pdb,0.0
4035,bbarrel/design_models_exp/TMB2_9.pdb,0.0
4036,bbarrel/design_models_exp/HBI_b_08.pdb,0.0
4037,bbarrel/design_models_exp/TMB2_49.pdb,0.0
4038,bbarrel/design_models_exp/TMB2_47.pdb,0.0
4039,bbarrel/design_models_exp/TMB2_75.pdb,0.0
4040,bbarrel/design_models_exp/TMB2_34.pdb,0.0
4041,bbarrel/design_models_exp/HBI_b_02.pdb,0.0
4042,bbarrel/design_models_exp/TMB2_51.pdb,0.0
4043,bbarrel/design_models_exp/HBI_b_26.pdb,0.0
4044,bbarrel/design_models_exp/TMB2_42.pdb,0.0
4045,bbarrel/design_models_exp/HBI_b_22.pdb,0.0
4046,bbarrel/design_models_exp/TMB2_84.pdb,0.0
4047,bbarrel/design_models_exp/TMB2_41.pdb,0.0
4048,bbarrel/design_models_exp/TMB2_23.pdb,0.0
4049,bbarrel/design_models_exp/TMB2_56.pdb,0.0
4050,bbarrel/design_models_exp/HBI_b_21.pdb,0.0
4051,bbarrel/design_models_exp/TMB2_73.pdb,0.0
4052,bbarrel/design_models_exp/TMB2_79.pdb,0.0
4053,bbarrel/design_models_exp/TMB2_12.pdb,0.0
4054,bbarrel/design_models_exp/TMB2_81.pdb,0.0
4055,bbarrel/design_models_exp/TMB2_57.pdb,0.0
4056,bbarrel/design_models_exp/HBI_b_17.pdb,0.0
4057,bbarrel/design_models_exp/TMB2_60.pdb,0.0
4058,bbarrel/design_models_exp/TMB2_27.pdb,0.0
4059,bbarrel/design_models_exp/TMB2_58.pdb,0.0
4060,bbarrel/design_models_exp/HBI_b_16.pdb,0.0
4061,bbarrel/design_models_exp/HBI_b_03.pdb,0.0
4062,bbarrel/design_models_exp/TMB2_76.pdb,0.0
4063,bbarrel/design_models_exp/TMB2_22.pdb,0.0
4064,bbarrel/design_models_exp/TMB2_55.pdb,0.0
4065,bbarrel/design_models_exp/TMB2_83.pdb,0.0
4066,bbarrel/design_models_exp/HBI_b_39.pdb,0.0
4067,bbarrel/design_models_exp/TMB2_54.pdb,0.0
4068,bbarrel/design_models_exp/HBI_b_44.pdb,0.0
4069,bbarrel/design_models_exp/TMB2_18.pdb,0.0
4070,bbarrel/design_models_exp/TMB2_87.pdb,0.0
4071,bbarrel/design_models_exp/TMB2_64.pdb,0.0
4072,bbarrel/design_models_exp/TMB2_36.pdb,0.0
4073,bbarrel/design_models_exp/TMB2_19.pdb,0.0
4074,bbarrel/design_models_exp/TMB2_43.pdb,0.0
4075,bbarrel/design_models_exp/HBI_b_20.pdb,0.0
4076,bbarrel/design_models_exp/TMB2_24.pdb,0.0
4077,bbarrel/design_models_exp/TMB2_20.pdb,0.0
4078,bbarrel/design_models_exp/TMB2_11.pdb,0.0
4079,bbarrel/design_models_exp/TMB2_70.pdb,0.0
4080,bbarrel/design_models_exp/HBI_b_32.pdb,0.0
4081,bbarrel/design_models_exp/HBI_b_41.pdb,0.0
4082,bbarrel/design_models_exp/TMB2_50.pdb,0.0
4083,bbarrel/design_models_exp/HBI_b_14.pdb,0.0
4084,bbarrel/design_models_exp/TMB2_88.pdb,0.0
4085,bbarrel/design_models_exp/TMB2_86.pdb,0.0
4086,bbarrel/design_models_exp/TMB2_1.pdb,0.0
4087,bbarrel/design_models_exp/TMB2_38.pdb,0.0
4088,bbarrel/design_models_exp/HBI_b_13.pdb,0.0
4089,bbarrel/design_models_exp/HBI_b_49.pdb,0.0
4090,bbarrel/design_models_exp/HBI_b_19.pdb,0.0
4091,bbarrel/design_models_exp/HBI_b_33.pdb,0.0
4092,bbarrel/with_template/colab_att/HBI_b_44_unrelaxed_rank_005_alphafold2_ptm_model_3_seed_000.pdb,79.91
4093,bbarrel/with_template/colab_att/HBI_b_46_unrelaxed_rank_005_alphafold2_ptm_model_5_seed_000.pdb,60.21
4094,bbarrel/with_template/colab_att/HBI_b_25_unrelaxed_rank_003_alphafold2_ptm_model_5_seed_000.pdb,86.64
4095,bbarrel/with_template/colab_att/HBI_b_17_unrelaxed_rank_001_alphafold2_ptm_model_1_seed_000.pdb,84.78
4096,bbarrel/with_template/colab_att/HBI_b_43_unrelaxed_rank_002_alphafold2_ptm_model_4_seed_000.pdb,81.6
4097,bbarrel/with_template/colab_att/HBI_b_45_unrelaxed_rank_003_alphafold2_ptm_model_3_seed_000.pdb,73.24
4098,bbarrel/with_template/colab_att/HBI_b_35_unrelaxed_rank_001_alphafold2_ptm_model_1_seed_000.pdb,79.47
4099,bbarrel/with_template/colab_att/HBI_b_33_unrelaxed_rank_004_alphafold2_ptm_model_3_seed_000.pdb,77.04
4100,bbarrel/with_template/colab_att/HBI_b_35_unrelaxed_rank_005_alphafold2_ptm_model_4_seed_000.pdb,57.93
4101,bbarrel/with_template/colab_att/HBI_b_45_unrelaxed_rank_001_alphafold2_ptm_model_5_seed_000.pdb,75.09
4102,bbarrel/with_template/colab_att/HBI_b_45_unrelaxed_rank_004_alphafold2_ptm_model_4_seed_000.pdb,48.7
4103,bbarrel/with_template/colab_att/HBI_b_15_unrelaxed_rank_005_alphafold2_ptm_model_1_seed_000.pdb,85.39
4104,bbarrel/with_template/colab_att/HBI_b_21_unrelaxed_rank_002_alphafold2_ptm_model_5_seed_000.pdb,87.12
4105,bbarrel/with_template/colab_att/HBI_b_31_unrelaxed_rank_005_alphafold2_ptm_model_3_seed_000.pdb,74.74
4106,bbarrel/with_template/colab_att/HBI_b_19_unrelaxed_rank_001_alphafold2_ptm_model_3_seed_000.pdb,86.75
4107,bbarrel/with_template/colab_att/HBI_b_15_unrelaxed_rank_004_alphafold2_ptm_model_3_seed_000.pdb,85.59
4108,bbarrel/with_template/colab_att/HBI_b_07_unrelaxed_rank_004_alphafold2_ptm_model_4_seed_000.pdb,87.05
4109,bbarrel/with_template/colab_att/HBI_b_35_unrelaxed_rank_002_alphafold2_ptm_model_5_seed_000.pdb,72.12
4110,bbarrel/with_template/colab_att/HBI_b_41_unrelaxed_rank_004_alphafold2_ptm_model_4_seed_000.pdb,54.65
4111,bbarrel/with_template/colab_att/HBI_b_34_unrelaxed_rank_004_alphafold2_ptm_model_2_seed_000.pdb,76.96
4112,bbarrel/with_template/colab_att/HBI_b_22_unrelaxed_rank_005_alphafold2_ptm_model_1_seed_000.pdb,86.76
4113,bbarrel/with_template/colab_att/HBI_b_19_unrelaxed_rank_002_alphafold2_ptm_model_2_seed_000.pdb,85.75
4114,bbarrel/with_template/colab_att/HBI_b_03_unrelaxed_rank_003_alphafold2_ptm_model_1_seed_000.pdb,61.13
4115,bbarrel/with_template/colab_att/HBI_b_56_unrelaxed_rank_005_alphafold2_ptm_model_1_seed_000.pdb,83.09
4116,bbarrel/with_template/colab_att/HBI_b_04_unrelaxed_rank_005_alphafold2_ptm_model_4_seed_000.pdb,69.71
4117,bbarrel/with_template/colab_att/HBI_b_50_unrelaxed_rank_002_alphafold2_ptm_model_4_seed_000.pdb,87.2
4118,bbarrel/with_template/colab_att/HBI_b_33_unrelaxed_rank_002_alphafold2_ptm_model_4_seed_000.pdb,78.74
4119,bbarrel/with_template/colab_att/HBI_b_31_unrelaxed_rank_001_alphafold2_ptm_model_5_seed_000.pdb,83.29
4120,bbarrel/with_template/colab_att/HBI_b_01_unrelaxed_rank_003_alphafold2_ptm_model_5_seed_000.pdb,77.59
4121,bbarrel/with_template/colab_att/HBI_b_29_unrelaxed_rank_004_alphafold2_ptm_model_2_seed_000.pdb,82.24
4122,bbarrel/with_template/colab_att/HBI_b_55_unrelaxed_rank_004_alphafold2_ptm_model_5_seed_000.pdb,74.96
4123,bbarrel/with_template/colab_att/HBI_b_32_unrelaxed_rank_001_alphafold2_ptm_model_5_seed_000.pdb,89.77
4124,bbarrel/with_template/colab_att/HBI_b_03_unrelaxed_rank_004_alphafold2_ptm_model_3_seed_000.pdb,57.86
4125,bbarrel/with_template/colab_att/HBI_b_21_unrelaxed_rank_003_alphafold2_ptm_model_1_seed_000.pdb,86.35
4126,bbarrel/with_template/colab_att/HBI_b_32_unrelaxed_rank_002_alphafold2_ptm_model_2_seed_000.pdb,89.58
4127,bbarrel/with_template/colab_att/HBI_b_25_unrelaxed_rank_004_alphafold2_ptm_model_1_seed_000.pdb,85.8
4128,bbarrel/with_template/colab_att/HBI_b_25_unrelaxed_rank_002_alphafold2_ptm_model_3_seed_000.pdb,87.59
4129,bbarrel/with_template/colab_att/HBI_b_26_unrelaxed_rank_005_alphafold2_ptm_model_1_seed_000.pdb,88.51
4130,bbarrel/with_template/colab_att/HBI_b_15_unrelaxed_rank_001_alphafold2_ptm_model_4_seed_000.pdb,90.3
4131,bbarrel/with_template/colab_att/HBI_b_01_unrelaxed_rank_004_alphafold2_ptm_model_2_seed_000.pdb,77.15
4132,bbarrel/with_template/colab_att/HBI_b_50_unrelaxed_rank_003_alphafold2_ptm_model_5_seed_000.pdb,82.57
4133,bbarrel/with_template/colab_att/HBI_b_28_unrelaxed_rank_001_alphafold2_ptm_model_1_seed_000.pdb,83.88
4134,bbarrel/with_template/colab_att/HBI_b_55_unrelaxed_rank_002_alphafold2_ptm_model_2_seed_000.pdb,83.97
4135,bbarrel/with_template/colab_att/HBI_b_40_unrelaxed_rank_004_alphafold2_ptm_model_2_seed_000.pdb,80.17
4136,bbarrel/with_template/colab_att/HBI_b_07_unrelaxed_rank_003_alphafold2_ptm_model_1_seed_000.pdb,87.08
4137,bbarrel/with_template/colab_att/HBI_b_33_unrelaxed_rank_005_alphafold2_ptm_model_2_seed_000.pdb,68.46
4138,bbarrel/with_template/colab_att/HBI_b_02_unrelaxed_rank_002_alphafold2_ptm_model_5_seed_000.pdb,83.51
4139,bbarrel/with_template/colab_att/HBI_b_13_unrelaxed_rank_005_alphafold2_ptm_model_5_seed_000.pdb,78.77
4140,bbarrel/with_template/colab_att/HBI_b_37_unrelaxed_rank_002_alphafold2_ptm_model_1_seed_000.pdb,87.92
4141,bbarrel/with_template/colab_att/HBI_b_16_unrelaxed_rank_003_alphafold2_ptm_model_4_seed_000.pdb,77.39
4142,bbarrel/with_template/colab_att/HBI_b_07_unrelaxed_rank_001_alphafold2_ptm_model_5_seed_000.pdb,88.2
4143,bbarrel/with_template/colab_att/HBI_b_27_unrelaxed_rank_002_alphafold2_ptm_model_4_seed_000.pdb,84.29
4144,bbarrel/with_template/colab_att/HBI_b_14_unrelaxed_rank_003_alphafold2_ptm_model_4_seed_000.pdb,86.79
4145,bbarrel/with_template/colab_att/HBI_b_10_unrelaxed_rank_005_alphafold2_ptm_model_3_seed_000.pdb,86.83
4146,bbarrel/with_template/colab_att/HBI_b_09_unrelaxed_rank_002_alphafold2_ptm_model_4_seed_000.pdb,86.71
4147,bbarrel/with_template/colab_att/HBI_b_55_unrelaxed_rank_001_alphafold2_ptm_model_1_seed_000.pdb,86.83
4148,bbarrel/with_template/colab_att/HBI_b_27_unrelaxed_rank_004_alphafold2_ptm_model_3_seed_000.pdb,71.21
4149,bbarrel/with_template/colab_att/HBI_b_33_unrelaxed_rank_003_alphafold2_ptm_model_5_seed_000.pdb,78.48
4150,bbarrel/with_template/colab_att/HBI_b_14_unrelaxed_rank_001_alphafold2_ptm_model_3_seed_000.pdb,87.55
4151,bbarrel/with_template/colab_att/HBI_b_29_unrelaxed_rank_005_alphafold2_ptm_model_5_seed_000.pdb,78.29
4152,bbarrel/with_template/colab_att/HBI_b_13_unrelaxed_rank_003_alphafold2_ptm_model_2_seed_000.pdb,80.92
4153,bbarrel/with_template/colab_att/HBI_b_10_unrelaxed_rank_002_alphafold2_ptm_model_4_seed_000.pdb,89.1
4154,bbarrel/with_template/colab_att/HBI_b_13_unrelaxed_rank_002_alphafold2_ptm_model_4_seed_000.pdb,82.9
4155,bbarrel/with_template/colab_att/HBI_b_10_unrelaxed_rank_004_alphafold2_ptm_model_1_seed_000.pdb,88.34
4156,bbarrel/with_template/colab_att/HBI_b_28_unrelaxed_rank_005_alphafold2_ptm_model_5_seed_000.pdb,79.46
4157,bbarrel/with_template/colab_att/HBI_b_50_unrelaxed_rank_001_alphafold2_ptm_model_1_seed_000.pdb,90.33
4158,bbarrel/with_template/colab_att/HBI_b_39_unrelaxed_rank_004_alphafold2_ptm_model_3_seed_000.pdb,82.71
4159,bbarrel/with_template/colab_att/HBI_b_40_unrelaxed_rank_003_alphafold2_ptm_model_5_seed_000.pdb,81.42
4160,bbarrel/with_template/colab_att/HBI_b_26_unrelaxed_rank_001_alphafold2_ptm_model_5_seed_000.pdb,89.79
4161,bbarrel/with_template/colab_att/HBI_b_38_unrelaxed_rank_002_alphafold2_ptm_model_4_seed_000.pdb,85.93
4162,bbarrel/with_template/colab_att/HBI_b_28_unrelaxed_rank_004_alphafold2_ptm_model_3_seed_000.pdb,79.66
4163,bbarrel/with_template/colab_att/HBI_b_44_unrelaxed_rank_004_alphafold2_ptm_model_4_seed_000.pdb,82.42
4164,bbarrel/with_template/colab_att/HBI_b_04_unrelaxed_rank_001_alphafold2_ptm_model_2_seed_000.pdb,79.07
4165,bbarrel/with_template/colab_att/HBI_b_09_unrelaxed_rank_001_alphafold2_ptm_model_5_seed_000.pdb,87.0
4166,bbarrel/with_template/colab_att/HBI_b_37_unrelaxed_rank_001_alphafold2_ptm_model_2_seed_000.pdb,89.16
4167,bbarrel/with_template/colab_att/HBI_b_37_unrelaxed_rank_003_alphafold2_ptm_model_4_seed_000.pdb,85.03
4168,bbarrel/with_template/colab_att/HBI_b_25_unrelaxed_rank_005_alphafold2_ptm_model_4_seed_000.pdb,84.26
4169,bbarrel/with_template/colab_att/HBI_b_56_unrelaxed_rank_002_alphafold2_ptm_model_4_seed_000.pdb,86.23
4170,bbarrel/with_template/colab_att/HBI_b_43_unrelaxed_rank_001_alphafold2_ptm_model_1_seed_000.pdb,86.53
4171,bbarrel/with_template/colab_att/HBI_b_21_unrelaxed_rank_001_alphafold2_ptm_model_4_seed_000.pdb,87.51
4172,bbarrel/with_template/colab_att/HBI_b_17_unrelaxed_rank_004_alphafold2_ptm_model_5_seed_000.pdb,75.5
4173,bbarrel/with_template/colab_att/HBI_b_49_unrelaxed_rank_001_alphafold2_ptm_model_1_seed_000.pdb,89.49
4174,bbarrel/with_template/colab_att/HBI_b_09_unrelaxed_rank_005_alphafold2_ptm_model_1_seed_000.pdb,84.35
4175,bbarrel/with_template/colab_att/HBI_b_31_unrelaxed_rank_003_alphafold2_ptm_model_4_seed_000.pdb,80.8
4176,bbarrel/with_template/colab_att/HBI_b_45_unrelaxed_rank_002_alphafold2_ptm_model_1_seed_000.pdb,74.75
4177,bbarrel/with_template/colab_att/HBI_b_39_unrelaxed_rank_002_alphafold2_ptm_model_5_seed_000.pdb,83.85
4178,bbarrel/with_template/colab_att/HBI_b_41_unrelaxed_rank_005_alphafold2_ptm_model_2_seed_000.pdb,42.12
4179,bbarrel/with_template/colab_att/HBI_b_02_unrelaxed_rank_004_alphafold2_ptm_model_4_seed_000.pdb,60.81
4180,bbarrel/with_template/colab_att/HBI_b_16_unrelaxed_rank_005_alphafold2_ptm_model_1_seed_000.pdb,66.7
4181,bbarrel/with_template/colab_att/HBI_b_15_unrelaxed_rank_003_alphafold2_ptm_model_2_seed_000.pdb,87.22
4182,bbarrel/with_template/colab_att/HBI_b_17_unrelaxed_rank_002_alphafold2_ptm_model_4_seed_000.pdb,79.69
4183,bbarrel/with_template/colab_att/HBI_b_03_unrelaxed_rank_005_alphafold2_ptm_model_2_seed_000.pdb,54.98
4184,bbarrel/with_template/colab_att/HBI_b_28_unrelaxed_rank_002_alphafold2_ptm_model_2_seed_000.pdb,83.46
4185,bbarrel/with_template/colab_att/HBI_b_50_unrelaxed_rank_005_alphafold2_ptm_model_3_seed_000.pdb,61.79
4186,bbarrel/with_template/colab_att/HBI_b_08_unrelaxed_rank_004_alphafold2_ptm_model_5_seed_000.pdb,74.72
4187,bbarrel/with_template/colab_att/HBI_b_40_unrelaxed_rank_002_alphafold2_ptm_model_4_seed_000.pdb,83.94
4188,bbarrel/with_template/colab_att/HBI_b_22_unrelaxed_rank_004_alphafold2_ptm_model_3_seed_000.pdb,87.61
4189,bbarrel/with_template/colab_att/HBI_b_29_unrelaxed_rank_003_alphafold2_ptm_model_4_seed_000.pdb,82.92
4190,bbarrel/with_template/colab_att/HBI_b_16_unrelaxed_rank_004_alphafold2_ptm_model_2_seed_000.pdb,75.04
4191,bbarrel/with_template/colab_att/HBI_b_04_unrelaxed_rank_002_alphafold2_ptm_model_3_seed_000.pdb,74.62
4192,bbarrel/with_template/colab_att/HBI_b_20_unrelaxed_rank_001_alphafold2_ptm_model_4_seed_000.pdb,84.76
4193,bbarrel/with_template/colab_att/HBI_b_44_unrelaxed_rank_002_alphafold2_ptm_model_2_seed_000.pdb,84.01
4194,bbarrel/with_template/colab_att/HBI_b_14_unrelaxed_rank_005_alphafold2_ptm_model_2_seed_000.pdb,79.3
4195,bbarrel/with_template/colab_att/HBI_b_23_unrelaxed_rank_003_alphafold2_ptm_model_4_seed_000.pdb,83.82
4196,bbarrel/with_template/colab_att/HBI_b_03_unrelaxed_rank_001_alphafold2_ptm_model_5_seed_000.pdb,80.52
4197,bbarrel/with_template/colab_att/HBI_b_09_unrelaxed_rank_003_alphafold2_ptm_model_3_seed_000.pdb,86.31
4198,bbarrel/with_template/colab_att/HBI_b_09_unrelaxed_rank_004_alphafold2_ptm_model_2_seed_000.pdb,86.11
4199,bbarrel/with_template/colab_att/HBI_b_02_unrelaxed_rank_001_alphafold2_ptm_model_1_seed_000.pdb,84.31
4200,bbarrel/with_template/colab_att/HBI_b_43_unrelaxed_rank_005_alphafold2_ptm_model_3_seed_000.pdb,57.61
4201,bbarrel/with_template/colab_att/HBI_b_02_unrelaxed_rank_005_alphafold2_ptm_model_2_seed_000.pdb,35.46
4202,bbarrel/with_template/colab_att/HBI_b_32_unrelaxed_rank_004_alphafold2_ptm_model_3_seed_000.pdb,88.68
4203,bbarrel/with_template/colab_att/HBI_b_01_unrelaxed_rank_001_alphafold2_ptm_model_1_seed_000.pdb,87.58
4204,bbarrel/with_template/colab_att/HBI_b_55_unrelaxed_rank_005_alphafold2_ptm_model_4_seed_000.pdb,73.09
4205,bbarrel/with_template/colab_att/HBI_b_32_unrelaxed_rank_005_alphafold2_ptm_model_4_seed_000.pdb,88.29
4206,bbarrel/with_template/colab_att/HBI_b_13_unrelaxed_rank_001_alphafold2_ptm_model_1_seed_000.pdb,83.82
4207,bbarrel/with_template/colab_att/HBI_b_38_unrelaxed_rank_003_alphafold2_ptm_model_5_seed_000.pdb,84.58
4208,bbarrel/with_template/colab_att/HBI_b_26_unrelaxed_rank_002_alphafold2_ptm_model_3_seed_000.pdb,89.75
4209,bbarrel/with_template/colab_att/HBI_b_49_unrelaxed_rank_002_alphafold2_ptm_model_4_seed_000.pdb,88.77
4210,bbarrel/with_template/colab_att/HBI_b_21_unrelaxed_rank_004_alphafold2_ptm_model_3_seed_000.pdb,84.84
4211,bbarrel/with_template/colab_att/HBI_b_23_unrelaxed_rank_001_alphafold2_ptm_model_1_seed_000.pdb,88.13
4212,bbarrel/with_template/colab_att/HBI_b_29_unrelaxed_rank_001_alphafold2_ptm_model_1_seed_000.pdb,84.23
4213,bbarrel/with_template/colab_att/HBI_b_34_unrelaxed_rank_001_alphafold2_ptm_model_4_seed_000.pdb,79.45
4214,bbarrel/with_template/colab_att/HBI_b_40_unrelaxed_rank_005_alphafold2_ptm_model_3_seed_000.pdb,62.19
4215,bbarrel/with_template/colab_att/HBI_b_08_unrelaxed_rank_005_alphafold2_ptm_model_2_seed_000.pdb,70.86
4216,bbarrel/with_template/colab_att/HBI_b_38_unrelaxed_rank_001_alphafold2_ptm_model_1_seed_000.pdb,86.8
4217,bbarrel/with_template/colab_att/HBI_b_21_unrelaxed_rank_005_alphafold2_ptm_model_2_seed_000.pdb,82.17
4218,bbarrel/with_template/colab_att/HBI_b_26_unrelaxed_rank_003_alphafold2_ptm_model_2_seed_000.pdb,89.77
4219,bbarrel/with_template/colab_att/HBI_b_23_unrelaxed_rank_005_alphafold2_ptm_model_3_seed_000.pdb,77.88
4220,bbarrel/with_template/colab_att/HBI_b_10_unrelaxed_rank_001_alphafold2_ptm_model_2_seed_000.pdb,89.87
4221,bbarrel/with_template/colab_att/HBI_b_53_unrelaxed_rank_001_alphafold2_ptm_model_3_seed_000.pdb,87.19
4222,bbarrel/with_template/colab_att/HBI_b_13_unrelaxed_rank_004_alphafold2_ptm_model_3_seed_000.pdb,79.55
4223,bbarrel/with_template/colab_att/HBI_b_41_unrelaxed_rank_003_alphafold2_ptm_model_3_seed_000.pdb,55.68
4224,bbarrel/with_template/colab_att/HBI_b_46_unrelaxed_rank_003_alphafold2_ptm_model_4_seed_000.pdb,67.19
4225,bbarrel/with_template/colab_att/HBI_b_44_unrelaxed_rank_001_alphafold2_ptm_model_1_seed_000.pdb,86.37
4226,bbarrel/with_template/colab_att/HBI_b_39_unrelaxed_rank_001_alphafold2_ptm_model_4_seed_000.pdb,83.89
4227,bbarrel/with_template/colab_att/HBI_b_53_unrelaxed_rank_003_alphafold2_ptm_model_4_seed_000.pdb,86.86
4228,bbarrel/with_template/colab_att/HBI_b_15_unrelaxed_rank_002_alphafold2_ptm_model_5_seed_000.pdb,88.1
4229,bbarrel/with_template/colab_att/HBI_b_17_unrelaxed_rank_003_alphafold2_ptm_model_3_seed_000.pdb,75.69
4230,bbarrel/with_template/colab_att/HBI_b_08_unrelaxed_rank_001_alphafold2_ptm_model_4_seed_000.pdb,86.6
4231,bbarrel/with_template/colab_att/HBI_b_04_unrelaxed_rank_004_alphafold2_ptm_model_1_seed_000.pdb,70.06
4232,bbarrel/with_template/colab_att/HBI_b_08_unrelaxed_rank_002_alphafold2_ptm_model_1_seed_000.pdb,84.01
4233,bbarrel/with_template/colab_att/HBI_b_07_unrelaxed_rank_002_alphafold2_ptm_model_2_seed_000.pdb,87.95
4234,bbarrel/with_template/colab_att/HBI_b_03_unrelaxed_rank_002_alphafold2_ptm_model_4_seed_000.pdb,77.19
4235,bbarrel/with_template/colab_att/HBI_b_02_unrelaxed_rank_003_alphafold2_ptm_model_3_seed_000.pdb,83.5
4236,bbarrel/with_template/colab_att/HBI_b_38_unrelaxed_rank_005_alphafold2_ptm_model_2_seed_000.pdb,82.45
4237,bbarrel/with_template/colab_att/HBI_b_35_unrelaxed_rank_004_alphafold2_ptm_model_2_seed_000.pdb,57.94
4238,bbarrel/with_template/colab_att/HBI_b_19_unrelaxed_rank_005_alphafold2_ptm_model_5_seed_000.pdb,72.59
4239,bbarrel/with_template/colab_att/HBI_b_41_unrelaxed_rank_001_alphafold2_ptm_model_1_seed_000.pdb,82.38
4240,bbarrel/with_template/colab_att/HBI_b_22_unrelaxed_rank_001_alphafold2_ptm_model_5_seed_000.pdb,91.26
4241,bbarrel/with_template/colab_att/HBI_b_20_unrelaxed_rank_004_alphafold2_ptm_model_5_seed_000.pdb,80.76
4242,bbarrel/with_template/colab_att/HBI_b_04_unrelaxed_rank_003_alphafold2_ptm_model_5_seed_000.pdb,73.97
4243,bbarrel/with_template/colab_att/HBI_b_27_unrelaxed_rank_005_alphafold2_ptm_model_2_seed_000.pdb,68.5
4244,bbarrel/with_template/colab_att/HBI_b_14_unrelaxed_rank_002_alphafold2_ptm_model_5_seed_000.pdb,87.11
4245,bbarrel/with_template/colab_att/HBI_b_46_unrelaxed_rank_002_alphafold2_ptm_model_3_seed_000.pdb,69.3
4246,bbarrel/with_template/colab_att/HBI_b_38_unrelaxed_rank_004_alphafold2_ptm_model_3_seed_000.pdb,83.81
4247,bbarrel/with_template/colab_att/HBI_b_49_unrelaxed_rank_004_alphafold2_ptm_model_5_seed_000.pdb,87.88
4248,bbarrel/with_template/colab_att/HBI_b_49_unrelaxed_rank_005_alphafold2_ptm_model_3_seed_000.pdb,87.3
4249,bbarrel/with_template/colab_att/HBI_b_34_unrelaxed_rank_005_alphafold2_ptm_model_5_seed_000.pdb,66.23
4250,bbarrel/with_template/colab_att/HBI_b_40_unrelaxed_rank_001_alphafold2_ptm_model_1_seed_000.pdb,87.71
4251,bbarrel/with_template/colab_att/HBI_b_46_unrelaxed_rank_001_alphafold2_ptm_model_1_seed_000.pdb,72.49
4252,bbarrel/with_template/colab_att/HBI_b_29_unrelaxed_rank_002_alphafold2_ptm_model_3_seed_000.pdb,82.97
4253,bbarrel/with_template/colab_att/HBI_b_32_unrelaxed_rank_003_alphafold2_ptm_model_1_seed_000.pdb,89.26
4254,bbarrel/with_template/colab_att/HBI_b_31_unrelaxed_rank_004_alphafold2_ptm_model_2_seed_000.pdb,77.3
4255,bbarrel/with_template/colab_att/HBI_b_07_unrelaxed_rank_005_alphafold2_ptm_model_3_seed_000.pdb,85.4
4256,bbarrel/with_template/colab_att/HBI_b_20_unrelaxed_rank_005_alphafold2_ptm_model_2_seed_000.pdb,80.58
4257,bbarrel/with_template/colab_att/HBI_b_43_unrelaxed_rank_004_alphafold2_ptm_model_5_seed_000.pdb,73.19
4258,bbarrel/with_template/colab_att/HBI_b_28_unrelaxed_rank_003_alphafold2_ptm_model_4_seed_000.pdb,82.35
4259,bbarrel/with_template/colab_att/HBI_b_01_unrelaxed_rank_005_alphafold2_ptm_model_3_seed_000.pdb,59.03
4260,bbarrel/with_template/colab_att/HBI_b_25_unrelaxed_rank_001_alphafold2_ptm_model_2_seed_000.pdb,89.4
4261,bbarrel/with_template/colab_att/HBI_b_35_unrelaxed_rank_003_alphafold2_ptm_model_3_seed_000.pdb,62.71
4262,bbarrel/with_template/colab_att/HBI_b_23_unrelaxed_rank_002_alphafold2_ptm_model_2_seed_000.pdb,85.67
4263,bbarrel/with_template/colab_att/HBI_b_45_unrelaxed_rank_005_alphafold2_ptm_model_2_seed_000.pdb,44.99
4264,bbarrel/with_template/colab_att/HBI_b_26_unrelaxed_rank_004_alphafold2_ptm_model_4_seed_000.pdb,89.11
4265,bbarrel/with_template/colab_att/HBI_b_55_unrelaxed_rank_003_alphafold2_ptm_model_3_seed_000.pdb,75.97
4266,bbarrel/with_template/colab_att/HBI_b_53_unrelaxed_rank_005_alphafold2_ptm_model_2_seed_000.pdb,86.52
4267,bbarrel/with_template/colab_att/HBI_b_19_unrelaxed_rank_004_alphafold2_ptm_model_1_seed_000.pdb,84.86
4268,bbarrel/with_template/colab_att/HBI_b_01_unrelaxed_rank_002_alphafold2_ptm_model_4_seed_000.pdb,80.29
4269,bbarrel/with_template/colab_att/HBI_b_49_unrelaxed_rank_003_alphafold2_ptm_model_2_seed_000.pdb,88.8
4270,bbarrel/with_template/colab_att/HBI_b_22_unrelaxed_rank_002_alphafold2_ptm_model_4_seed_000.pdb,89.44
4271,bbarrel/with_template/colab_att/HBI_b_14_unrelaxed_rank_004_alphafold2_ptm_model_1_seed_000.pdb,86.1
4272,bbarrel/with_template/colab_att/HBI_b_56_unrelaxed_rank_004_alphafold2_ptm_model_3_seed_000.pdb,84.44
4273,bbarrel/with_template/colab_att/HBI_b_34_unrelaxed_rank_003_alphafold2_ptm_model_3_seed_000.pdb,79.25
4274,bbarrel/with_template/colab_att/HBI_b_50_unrelaxed_rank_004_alphafold2_ptm_model_2_seed_000.pdb,78.52
4275,bbarrel/with_template/colab_att/HBI_b_34_unrelaxed_rank_002_alphafold2_ptm_model_1_seed_000.pdb,79.37
4276,bbarrel/with_template/colab_att/HBI_b_53_unrelaxed_rank_004_alphafold2_ptm_model_1_seed_000.pdb,86.83
4277,bbarrel/with_template/colab_att/HBI_b_20_unrelaxed_rank_003_alphafold2_ptm_model_1_seed_000.pdb,82.07
4278,bbarrel/with_template/colab_att/HBI_b_19_unrelaxed_rank_003_alphafold2_ptm_model_4_seed_000.pdb,85.34
4279,bbarrel/with_template/colab_att/HBI_b_31_unrelaxed_rank_002_alphafold2_ptm_model_1_seed_000.pdb,83.0
4280,bbarrel/with_template/colab_att/HBI_b_37_unrelaxed_rank_005_alphafold2_ptm_model_3_seed_000.pdb,74.46
4281,bbarrel/with_template/colab_att/HBI_b_20_unrelaxed_rank_002_alphafold2_ptm_model_3_seed_000.pdb,82.68
4282,bbarrel/with_template/colab_att/HBI_b_56_unrelaxed_rank_003_alphafold2_ptm_model_2_seed_000.pdb,86.01
4283,bbarrel/with_template/colab_att/HBI_b_43_unrelaxed_rank_003_alphafold2_ptm_model_2_seed_000.pdb,79.17
4284,bbarrel/with_template/colab_att/HBI_b_33_unrelaxed_rank_001_alphafold2_ptm_model_1_seed_000.pdb,85.04
4285,bbarrel/with_template/colab_att/HBI_b_27_unrelaxed_rank_003_alphafold2_ptm_model_5_seed_000.pdb,79.17
4286,bbarrel/with_template/colab_att/HBI_b_16_unrelaxed_rank_001_alphafold2_ptm_model_5_seed_000.pdb,84.75
4287,bbarrel/with_template/colab_att/HBI_b_08_unrelaxed_rank_003_alphafold2_ptm_model_3_seed_000.pdb,77.26
4288,bbarrel/with_template/colab_att/HBI_b_53_unrelaxed_rank_002_alphafold2_ptm_model_5_seed_000.pdb,87.1
4289,bbarrel/with_template/colab_att/HBI_b_22_unrelaxed_rank_003_alphafold2_ptm_model_2_seed_000.pdb,87.92
4290,bbarrel/with_template/colab_att/HBI_b_37_unrelaxed_rank_004_alphafold2_ptm_model_5_seed_000.pdb,81.46
4291,bbarrel/with_template/colab_att/HBI_b_44_unrelaxed_rank_003_alphafold2_ptm_model_5_seed_000.pdb,83.88
4292,bbarrel/with_template/colab_att/HBI_b_56_unrelaxed_rank_001_alphafold2_ptm_model_5_seed_000.pdb,87.06
4293,bbarrel/with_template/colab_att/HBI_b_46_unrelaxed_rank_004_alphafold2_ptm_model_2_seed_000.pdb,64.3
4294,bbarrel/with_template/colab_att/HBI_b_16_unrelaxed_rank_002_alphafold2_ptm_model_3_seed_000.pdb,80.12
4295,bbarrel/with_template/colab_att/HBI_b_17_unrelaxed_rank_005_alphafold2_ptm_model_2_seed_000.pdb,74.63
4296,bbarrel/with_template/colab_att/HBI_b_41_unrelaxed_rank_002_alphafold2_ptm_model_5_seed_000.pdb,75.92
4297,bbarrel/with_template/colab_att/HBI_b_39_unrelaxed_rank_003_alphafold2_ptm_model_1_seed_000.pdb,83.95
4298,bbarrel/with_template/colab_att/HBI_b_27_unrelaxed_rank_001_alphafold2_ptm_model_1_seed_000.pdb,87.14
4299,bbarrel/with_template/colab_att/HBI_b_23_unrelaxed_rank_004_alphafold2_ptm_model_5_seed_000.pdb,80.79
4300,bbarrel/with_template/colab_att/HBI_b_39_unrelaxed_rank_005_alphafold2_ptm_model_2_seed_000.pdb,82.76
4301,bbarrel/with_template/colab_att/HBI_b_10_unrelaxed_rank_003_alphafold2_ptm_model_5_seed_000.pdb,88.9
4302,bbarrel/with_template/colab/HBI_b_44_unrelaxed_rank_005_alphafold2_ptm_model_3_seed_000.pdb,79.07
4303,bbarrel/with_template/colab/HBI_b_46_unrelaxed_rank_005_alphafold2_ptm_model_5_seed_000.pdb,59.84
4304,bbarrel/with_template/colab/HBI_b_25_unrelaxed_rank_003_alphafold2_ptm_model_5_seed_000.pdb,85.94
4305,bbarrel/with_template/colab/HBI_b_17_unrelaxed_rank_001_alphafold2_ptm_model_1_seed_000.pdb,83.93
4306,bbarrel/with_template/colab/HBI_b_43_unrelaxed_rank_002_alphafold2_ptm_model_4_seed_000.pdb,80.82
4307,bbarrel/with_template/colab/HBI_b_45_unrelaxed_rank_003_alphafold2_ptm_model_3_seed_000.pdb,72.64
4308,bbarrel/with_template/colab/HBI_b_35_unrelaxed_rank_001_alphafold2_ptm_model_1_seed_000.pdb,78.78
4309,bbarrel/with_template/colab/HBI_b_33_unrelaxed_rank_004_alphafold2_ptm_model_3_seed_000.pdb,76.28
4310,bbarrel/with_template/colab/HBI_b_35_unrelaxed_rank_005_alphafold2_ptm_model_4_seed_000.pdb,57.44
4311,bbarrel/with_template/colab/HBI_b_45_unrelaxed_rank_001_alphafold2_ptm_model_5_seed_000.pdb,74.73
4312,bbarrel/with_template/colab/HBI_b_45_unrelaxed_rank_004_alphafold2_ptm_model_4_seed_000.pdb,48.59
4313,bbarrel/with_template/colab/HBI_b_15_unrelaxed_rank_005_alphafold2_ptm_model_1_seed_000.pdb,84.61
4314,bbarrel/with_template/colab/HBI_b_21_unrelaxed_rank_002_alphafold2_ptm_model_5_seed_000.pdb,86.35
4315,bbarrel/with_template/colab/HBI_b_31_unrelaxed_rank_005_alphafold2_ptm_model_3_seed_000.pdb,73.95
4316,bbarrel/with_template/colab/HBI_b_19_unrelaxed_rank_001_alphafold2_ptm_model_3_seed_000.pdb,85.97
4317,bbarrel/with_template/colab/HBI_b_15_unrelaxed_rank_004_alphafold2_ptm_model_3_seed_000.pdb,84.76
4318,bbarrel/with_template/colab/HBI_b_07_unrelaxed_rank_004_alphafold2_ptm_model_4_seed_000.pdb,86.27
4319,bbarrel/with_template/colab/HBI_b_35_unrelaxed_rank_002_alphafold2_ptm_model_5_seed_000.pdb,71.6
4320,bbarrel/with_template/colab/HBI_b_41_unrelaxed_rank_004_alphafold2_ptm_model_4_seed_000.pdb,54.37
4321,bbarrel/with_template/colab/HBI_b_34_unrelaxed_rank_004_alphafold2_ptm_model_2_seed_000.pdb,76.34
4322,bbarrel/with_template/colab/HBI_b_22_unrelaxed_rank_005_alphafold2_ptm_model_1_seed_000.pdb,85.93
4323,bbarrel/with_template/colab/HBI_b_19_unrelaxed_rank_002_alphafold2_ptm_model_2_seed_000.pdb,84.98
4324,bbarrel/with_template/colab/HBI_b_03_unrelaxed_rank_003_alphafold2_ptm_model_1_seed_000.pdb,60.65
4325,bbarrel/with_template/colab/HBI_b_56_unrelaxed_rank_005_alphafold2_ptm_model_1_seed_000.pdb,82.43
4326,bbarrel/with_template/colab/HBI_b_04_unrelaxed_rank_005_alphafold2_ptm_model_4_seed_000.pdb,69.18
4327,bbarrel/with_template/colab/HBI_b_50_unrelaxed_rank_002_alphafold2_ptm_model_4_seed_000.pdb,86.53
4328,bbarrel/with_template/colab/HBI_b_33_unrelaxed_rank_002_alphafold2_ptm_model_4_seed_000.pdb,78.09
4329,bbarrel/with_template/colab/HBI_b_31_unrelaxed_rank_001_alphafold2_ptm_model_5_seed_000.pdb,82.56
4330,bbarrel/with_template/colab/HBI_b_01_unrelaxed_rank_003_alphafold2_ptm_model_5_seed_000.pdb,77.12
4331,bbarrel/with_template/colab/HBI_b_29_unrelaxed_rank_004_alphafold2_ptm_model_2_seed_000.pdb,81.51
4332,bbarrel/with_template/colab/HBI_b_55_unrelaxed_rank_004_alphafold2_ptm_model_5_seed_000.pdb,74.45
4333,bbarrel/with_template/colab/HBI_b_32_unrelaxed_rank_001_alphafold2_ptm_model_5_seed_000.pdb,89.08
4334,bbarrel/with_template/colab/HBI_b_03_unrelaxed_rank_004_alphafold2_ptm_model_3_seed_000.pdb,57.3
4335,bbarrel/with_template/colab/HBI_b_21_unrelaxed_rank_003_alphafold2_ptm_model_1_seed_000.pdb,85.56
4336,bbarrel/with_template/colab/HBI_b_32_unrelaxed_rank_002_alphafold2_ptm_model_2_seed_000.pdb,88.73
4337,bbarrel/with_template/colab/HBI_b_25_unrelaxed_rank_004_alphafold2_ptm_model_1_seed_000.pdb,84.99
4338,bbarrel/with_template/colab/HBI_b_25_unrelaxed_rank_002_alphafold2_ptm_model_3_seed_000.pdb,86.72
4339,bbarrel/with_template/colab/HBI_b_26_unrelaxed_rank_005_alphafold2_ptm_model_1_seed_000.pdb,87.81
4340,bbarrel/with_template/colab/HBI_b_15_unrelaxed_rank_001_alphafold2_ptm_model_4_seed_000.pdb,89.46
4341,bbarrel/with_template/colab/HBI_b_01_unrelaxed_rank_004_alphafold2_ptm_model_2_seed_000.pdb,76.59
4342,bbarrel/with_template/colab/HBI_b_50_unrelaxed_rank_003_alphafold2_ptm_model_5_seed_000.pdb,81.94
4343,bbarrel/with_template/colab/HBI_b_28_unrelaxed_rank_001_alphafold2_ptm_model_1_seed_000.pdb,83.1
4344,bbarrel/with_template/colab/HBI_b_55_unrelaxed_rank_002_alphafold2_ptm_model_2_seed_000.pdb,83.31
4345,bbarrel/with_template/colab/HBI_b_40_unrelaxed_rank_004_alphafold2_ptm_model_2_seed_000.pdb,79.62
4346,bbarrel/with_template/colab/HBI_b_07_unrelaxed_rank_003_alphafold2_ptm_model_1_seed_000.pdb,86.33
4347,bbarrel/with_template/colab/HBI_b_33_unrelaxed_rank_005_alphafold2_ptm_model_2_seed_000.pdb,67.92
4348,bbarrel/with_template/colab/HBI_b_02_unrelaxed_rank_002_alphafold2_ptm_model_5_seed_000.pdb,82.9
4349,bbarrel/with_template/colab/HBI_b_13_unrelaxed_rank_005_alphafold2_ptm_model_5_seed_000.pdb,78.36
4350,bbarrel/with_template/colab/HBI_b_37_unrelaxed_rank_002_alphafold2_ptm_model_1_seed_000.pdb,87.27
4351,bbarrel/with_template/colab/HBI_b_16_unrelaxed_rank_003_alphafold2_ptm_model_4_seed_000.pdb,76.73
4352,bbarrel/with_template/colab/HBI_b_07_unrelaxed_rank_001_alphafold2_ptm_model_5_seed_000.pdb,87.48
4353,bbarrel/with_template/colab/HBI_b_27_unrelaxed_rank_002_alphafold2_ptm_model_4_seed_000.pdb,83.57
4354,bbarrel/with_template/colab/HBI_b_14_unrelaxed_rank_003_alphafold2_ptm_model_4_seed_000.pdb,86.13
4355,bbarrel/with_template/colab/HBI_b_10_unrelaxed_rank_005_alphafold2_ptm_model_3_seed_000.pdb,86.09
4356,bbarrel/with_template/colab/HBI_b_09_unrelaxed_rank_002_alphafold2_ptm_model_4_seed_000.pdb,85.87
4357,bbarrel/with_template/colab/HBI_b_55_unrelaxed_rank_001_alphafold2_ptm_model_1_seed_000.pdb,86.16
4358,bbarrel/with_template/colab/HBI_b_27_unrelaxed_rank_004_alphafold2_ptm_model_3_seed_000.pdb,70.61
4359,bbarrel/with_template/colab/HBI_b_33_unrelaxed_rank_003_alphafold2_ptm_model_5_seed_000.pdb,77.81
4360,bbarrel/with_template/colab/HBI_b_14_unrelaxed_rank_001_alphafold2_ptm_model_3_seed_000.pdb,86.83
4361,bbarrel/with_template/colab/HBI_b_29_unrelaxed_rank_005_alphafold2_ptm_model_5_seed_000.pdb,77.6
4362,bbarrel/with_template/colab/HBI_b_13_unrelaxed_rank_003_alphafold2_ptm_model_2_seed_000.pdb,80.48
4363,bbarrel/with_template/colab/HBI_b_10_unrelaxed_rank_002_alphafold2_ptm_model_4_seed_000.pdb,88.38
4364,bbarrel/with_template/colab/HBI_b_13_unrelaxed_rank_002_alphafold2_ptm_model_4_seed_000.pdb,82.47
4365,bbarrel/with_template/colab/HBI_b_10_unrelaxed_rank_004_alphafold2_ptm_model_1_seed_000.pdb,87.62
4366,bbarrel/with_template/colab/HBI_b_28_unrelaxed_rank_005_alphafold2_ptm_model_5_seed_000.pdb,78.87
4367,bbarrel/with_template/colab/HBI_b_50_unrelaxed_rank_001_alphafold2_ptm_model_1_seed_000.pdb,89.62
4368,bbarrel/with_template/colab/HBI_b_39_unrelaxed_rank_004_alphafold2_ptm_model_3_seed_000.pdb,82.1
4369,bbarrel/with_template/colab/HBI_b_40_unrelaxed_rank_003_alphafold2_ptm_model_5_seed_000.pdb,80.78
4370,bbarrel/with_template/colab/HBI_b_26_unrelaxed_rank_001_alphafold2_ptm_model_5_seed_000.pdb,89.07
4371,bbarrel/with_template/colab/HBI_b_38_unrelaxed_rank_002_alphafold2_ptm_model_4_seed_000.pdb,85.1
4372,bbarrel/with_template/colab/HBI_b_28_unrelaxed_rank_004_alphafold2_ptm_model_3_seed_000.pdb,79.0
4373,bbarrel/with_template/colab/HBI_b_44_unrelaxed_rank_004_alphafold2_ptm_model_4_seed_000.pdb,81.63
4374,bbarrel/with_template/colab/HBI_b_04_unrelaxed_rank_001_alphafold2_ptm_model_2_seed_000.pdb,78.52
4375,bbarrel/with_template/colab/HBI_b_09_unrelaxed_rank_001_alphafold2_ptm_model_5_seed_000.pdb,86.31
4376,bbarrel/with_template/colab/HBI_b_37_unrelaxed_rank_001_alphafold2_ptm_model_2_seed_000.pdb,88.49
4377,bbarrel/with_template/colab/HBI_b_37_unrelaxed_rank_003_alphafold2_ptm_model_4_seed_000.pdb,84.37
4378,bbarrel/with_template/colab/HBI_b_25_unrelaxed_rank_005_alphafold2_ptm_model_4_seed_000.pdb,83.51
4379,bbarrel/with_template/colab/HBI_b_56_unrelaxed_rank_002_alphafold2_ptm_model_4_seed_000.pdb,85.58
4380,bbarrel/with_template/colab/HBI_b_43_unrelaxed_rank_001_alphafold2_ptm_model_1_seed_000.pdb,85.85
4381,bbarrel/with_template/colab/HBI_b_21_unrelaxed_rank_001_alphafold2_ptm_model_4_seed_000.pdb,86.78
4382,bbarrel/with_template/colab/HBI_b_17_unrelaxed_rank_004_alphafold2_ptm_model_5_seed_000.pdb,74.9
4383,bbarrel/with_template/colab/HBI_b_49_unrelaxed_rank_001_alphafold2_ptm_model_1_seed_000.pdb,88.72
4384,bbarrel/with_template/colab/HBI_b_09_unrelaxed_rank_005_alphafold2_ptm_model_1_seed_000.pdb,83.6
4385,bbarrel/with_template/colab/HBI_b_31_unrelaxed_rank_003_alphafold2_ptm_model_4_seed_000.pdb,80.02
4386,bbarrel/with_template/colab/HBI_b_45_unrelaxed_rank_002_alphafold2_ptm_model_1_seed_000.pdb,74.15
4387,bbarrel/with_template/colab/HBI_b_39_unrelaxed_rank_002_alphafold2_ptm_model_5_seed_000.pdb,83.19
4388,bbarrel/with_template/colab/HBI_b_41_unrelaxed_rank_005_alphafold2_ptm_model_2_seed_000.pdb,41.89
4389,bbarrel/with_template/colab/HBI_b_02_unrelaxed_rank_004_alphafold2_ptm_model_4_seed_000.pdb,60.37
4390,bbarrel/with_template/colab/HBI_b_16_unrelaxed_rank_005_alphafold2_ptm_model_1_seed_000.pdb,66.08
4391,bbarrel/with_template/colab/HBI_b_15_unrelaxed_rank_003_alphafold2_ptm_model_2_seed_000.pdb,86.46
4392,bbarrel/with_template/colab/HBI_b_17_unrelaxed_rank_002_alphafold2_ptm_model_4_seed_000.pdb,78.98
4393,bbarrel/with_template/colab/HBI_b_03_unrelaxed_rank_005_alphafold2_ptm_model_2_seed_000.pdb,54.57
4394,bbarrel/with_template/colab/HBI_b_28_unrelaxed_rank_002_alphafold2_ptm_model_2_seed_000.pdb,82.73
4395,bbarrel/with_template/colab/HBI_b_50_unrelaxed_rank_005_alphafold2_ptm_model_3_seed_000.pdb,61.23
4396,bbarrel/with_template/colab/HBI_b_08_unrelaxed_rank_004_alphafold2_ptm_model_5_seed_000.pdb,74.19
4397,bbarrel/with_template/colab/HBI_b_40_unrelaxed_rank_002_alphafold2_ptm_model_4_seed_000.pdb,83.37
4398,bbarrel/with_template/colab/HBI_b_22_unrelaxed_rank_004_alphafold2_ptm_model_3_seed_000.pdb,86.76
4399,bbarrel/with_template/colab/HBI_b_29_unrelaxed_rank_003_alphafold2_ptm_model_4_seed_000.pdb,82.1
4400,bbarrel/with_template/colab/HBI_b_16_unrelaxed_rank_004_alphafold2_ptm_model_2_seed_000.pdb,74.38
4401,bbarrel/with_template/colab/HBI_b_04_unrelaxed_rank_002_alphafold2_ptm_model_3_seed_000.pdb,73.97
4402,bbarrel/with_template/colab/HBI_b_20_unrelaxed_rank_001_alphafold2_ptm_model_4_seed_000.pdb,84.1
4403,bbarrel/with_template/colab/HBI_b_44_unrelaxed_rank_002_alphafold2_ptm_model_2_seed_000.pdb,83.46
4404,bbarrel/with_template/colab/HBI_b_14_unrelaxed_rank_005_alphafold2_ptm_model_2_seed_000.pdb,78.57
4405,bbarrel/with_template/colab/HBI_b_23_unrelaxed_rank_003_alphafold2_ptm_model_4_seed_000.pdb,83.15
4406,bbarrel/with_template/colab/HBI_b_03_unrelaxed_rank_001_alphafold2_ptm_model_5_seed_000.pdb,80.04
4407,bbarrel/with_template/colab/HBI_b_09_unrelaxed_rank_003_alphafold2_ptm_model_3_seed_000.pdb,85.48
4408,bbarrel/with_template/colab/HBI_b_09_unrelaxed_rank_004_alphafold2_ptm_model_2_seed_000.pdb,85.39
4409,bbarrel/with_template/colab/HBI_b_02_unrelaxed_rank_001_alphafold2_ptm_model_1_seed_000.pdb,83.6
4410,bbarrel/with_template/colab/HBI_b_43_unrelaxed_rank_005_alphafold2_ptm_model_3_seed_000.pdb,57.07
4411,bbarrel/with_template/colab/HBI_b_02_unrelaxed_rank_005_alphafold2_ptm_model_2_seed_000.pdb,35.28
4412,bbarrel/with_template/colab/HBI_b_32_unrelaxed_rank_004_alphafold2_ptm_model_3_seed_000.pdb,87.87
4413,bbarrel/with_template/colab/HBI_b_01_unrelaxed_rank_001_alphafold2_ptm_model_1_seed_000.pdb,86.85
4414,bbarrel/with_template/colab/HBI_b_55_unrelaxed_rank_005_alphafold2_ptm_model_4_seed_000.pdb,72.43
4415,bbarrel/with_template/colab/HBI_b_32_unrelaxed_rank_005_alphafold2_ptm_model_4_seed_000.pdb,87.55
4416,bbarrel/with_template/colab/HBI_b_13_unrelaxed_rank_001_alphafold2_ptm_model_1_seed_000.pdb,83.32
4417,bbarrel/with_template/colab/HBI_b_38_unrelaxed_rank_003_alphafold2_ptm_model_5_seed_000.pdb,83.89
4418,bbarrel/with_template/colab/HBI_b_26_unrelaxed_rank_002_alphafold2_ptm_model_3_seed_000.pdb,89.01
4419,bbarrel/with_template/colab/HBI_b_49_unrelaxed_rank_002_alphafold2_ptm_model_4_seed_000.pdb,88.05
4420,bbarrel/with_template/colab/HBI_b_21_unrelaxed_rank_004_alphafold2_ptm_model_3_seed_000.pdb,84.0
4421,bbarrel/with_template/colab/HBI_b_23_unrelaxed_rank_001_alphafold2_ptm_model_1_seed_000.pdb,87.33
4422,bbarrel/with_template/colab/HBI_b_29_unrelaxed_rank_001_alphafold2_ptm_model_1_seed_000.pdb,83.44
4423,bbarrel/with_template/colab/HBI_b_34_unrelaxed_rank_001_alphafold2_ptm_model_4_seed_000.pdb,78.81
4424,bbarrel/with_template/colab/HBI_b_40_unrelaxed_rank_005_alphafold2_ptm_model_3_seed_000.pdb,61.63
4425,bbarrel/with_template/colab/HBI_b_08_unrelaxed_rank_005_alphafold2_ptm_model_2_seed_000.pdb,70.19
4426,bbarrel/with_template/colab/HBI_b_38_unrelaxed_rank_001_alphafold2_ptm_model_1_seed_000.pdb,86.05
4427,bbarrel/with_template/colab/HBI_b_21_unrelaxed_rank_005_alphafold2_ptm_model_2_seed_000.pdb,81.38
4428,bbarrel/with_template/colab/HBI_b_26_unrelaxed_rank_003_alphafold2_ptm_model_2_seed_000.pdb,88.99
4429,bbarrel/with_template/colab/HBI_b_23_unrelaxed_rank_005_alphafold2_ptm_model_3_seed_000.pdb,77.28
4430,bbarrel/with_template/colab/HBI_b_10_unrelaxed_rank_001_alphafold2_ptm_model_2_seed_000.pdb,89.17
4431,bbarrel/with_template/colab/HBI_b_53_unrelaxed_rank_001_alphafold2_ptm_model_3_seed_000.pdb,86.79
4432,bbarrel/with_template/colab/HBI_b_13_unrelaxed_rank_004_alphafold2_ptm_model_3_seed_000.pdb,79.09
4433,bbarrel/with_template/colab/HBI_b_41_unrelaxed_rank_003_alphafold2_ptm_model_3_seed_000.pdb,55.41
4434,bbarrel/with_template/colab/HBI_b_46_unrelaxed_rank_003_alphafold2_ptm_model_4_seed_000.pdb,66.55
4435,bbarrel/with_template/colab/HBI_b_44_unrelaxed_rank_001_alphafold2_ptm_model_1_seed_000.pdb,85.78
4436,bbarrel/with_template/colab/HBI_b_39_unrelaxed_rank_001_alphafold2_ptm_model_4_seed_000.pdb,83.26
4437,bbarrel/with_template/colab/HBI_b_53_unrelaxed_rank_003_alphafold2_ptm_model_4_seed_000.pdb,86.41
4438,bbarrel/with_template/colab/HBI_b_15_unrelaxed_rank_002_alphafold2_ptm_model_5_seed_000.pdb,87.38
4439,bbarrel/with_template/colab/HBI_b_17_unrelaxed_rank_003_alphafold2_ptm_model_3_seed_000.pdb,75.01
4440,bbarrel/with_template/colab/HBI_b_08_unrelaxed_rank_001_alphafold2_ptm_model_4_seed_000.pdb,85.79
4441,bbarrel/with_template/colab/HBI_b_04_unrelaxed_rank_004_alphafold2_ptm_model_1_seed_000.pdb,69.5
4442,bbarrel/with_template/colab/HBI_b_08_unrelaxed_rank_002_alphafold2_ptm_model_1_seed_000.pdb,83.22
4443,bbarrel/with_template/colab/HBI_b_07_unrelaxed_rank_002_alphafold2_ptm_model_2_seed_000.pdb,87.17
4444,bbarrel/with_template/colab/HBI_b_03_unrelaxed_rank_002_alphafold2_ptm_model_4_seed_000.pdb,76.65
4445,bbarrel/with_template/colab/HBI_b_02_unrelaxed_rank_003_alphafold2_ptm_model_3_seed_000.pdb,82.68
4446,bbarrel/with_template/colab/HBI_b_38_unrelaxed_rank_005_alphafold2_ptm_model_2_seed_000.pdb,81.66
4447,bbarrel/with_template/colab/HBI_b_35_unrelaxed_rank_004_alphafold2_ptm_model_2_seed_000.pdb,57.48
4448,bbarrel/with_template/colab/HBI_b_19_unrelaxed_rank_005_alphafold2_ptm_model_5_seed_000.pdb,72.08
4449,bbarrel/with_template/colab/HBI_b_41_unrelaxed_rank_001_alphafold2_ptm_model_1_seed_000.pdb,81.63
4450,bbarrel/with_template/colab/HBI_b_22_unrelaxed_rank_001_alphafold2_ptm_model_5_seed_000.pdb,90.58
4451,bbarrel/with_template/colab/HBI_b_20_unrelaxed_rank_004_alphafold2_ptm_model_5_seed_000.pdb,80.19
4452,bbarrel/with_template/colab/HBI_b_04_unrelaxed_rank_003_alphafold2_ptm_model_5_seed_000.pdb,73.49
4453,bbarrel/with_template/colab/HBI_b_27_unrelaxed_rank_005_alphafold2_ptm_model_2_seed_000.pdb,67.96
4454,bbarrel/with_template/colab/HBI_b_14_unrelaxed_rank_002_alphafold2_ptm_model_5_seed_000.pdb,86.43
4455,bbarrel/with_template/colab/HBI_b_46_unrelaxed_rank_002_alphafold2_ptm_model_3_seed_000.pdb,68.66
4456,bbarrel/with_template/colab/HBI_b_38_unrelaxed_rank_004_alphafold2_ptm_model_3_seed_000.pdb,82.94
4457,bbarrel/with_template/colab/HBI_b_49_unrelaxed_rank_004_alphafold2_ptm_model_5_seed_000.pdb,87.17
4458,bbarrel/with_template/colab/HBI_b_49_unrelaxed_rank_005_alphafold2_ptm_model_3_seed_000.pdb,86.43
4459,bbarrel/with_template/colab/HBI_b_34_unrelaxed_rank_005_alphafold2_ptm_model_5_seed_000.pdb,65.86
4460,bbarrel/with_template/colab/HBI_b_40_unrelaxed_rank_001_alphafold2_ptm_model_1_seed_000.pdb,87.17
4461,bbarrel/with_template/colab/HBI_b_46_unrelaxed_rank_001_alphafold2_ptm_model_1_seed_000.pdb,71.94
4462,bbarrel/with_template/colab/HBI_b_29_unrelaxed_rank_002_alphafold2_ptm_model_3_seed_000.pdb,82.2
4463,bbarrel/with_template/colab/HBI_b_32_unrelaxed_rank_003_alphafold2_ptm_model_1_seed_000.pdb,88.47
4464,bbarrel/with_template/colab/HBI_b_31_unrelaxed_rank_004_alphafold2_ptm_model_2_seed_000.pdb,76.51
4465,bbarrel/with_template/colab/HBI_b_07_unrelaxed_rank_005_alphafold2_ptm_model_3_seed_000.pdb,84.61
4466,bbarrel/with_template/colab/HBI_b_20_unrelaxed_rank_005_alphafold2_ptm_model_2_seed_000.pdb,79.91
4467,bbarrel/with_template/colab/HBI_b_43_unrelaxed_rank_004_alphafold2_ptm_model_5_seed_000.pdb,72.6
4468,bbarrel/with_template/colab/HBI_b_28_unrelaxed_rank_003_alphafold2_ptm_model_4_seed_000.pdb,81.57
4469,bbarrel/with_template/colab/HBI_b_01_unrelaxed_rank_005_alphafold2_ptm_model_3_seed_000.pdb,58.44
4470,bbarrel/with_template/colab/HBI_b_25_unrelaxed_rank_001_alphafold2_ptm_model_2_seed_000.pdb,88.67
4471,bbarrel/with_template/colab/HBI_b_35_unrelaxed_rank_003_alphafold2_ptm_model_3_seed_000.pdb,62.09
4472,bbarrel/with_template/colab/HBI_b_23_unrelaxed_rank_002_alphafold2_ptm_model_2_seed_000.pdb,84.91
4473,bbarrel/with_template/colab/HBI_b_45_unrelaxed_rank_005_alphafold2_ptm_model_2_seed_000.pdb,44.76
4474,bbarrel/with_template/colab/HBI_b_26_unrelaxed_rank_004_alphafold2_ptm_model_4_seed_000.pdb,88.39
4475,bbarrel/with_template/colab/HBI_b_55_unrelaxed_rank_003_alphafold2_ptm_model_3_seed_000.pdb,75.3
4476,bbarrel/with_template/colab/HBI_b_53_unrelaxed_rank_005_alphafold2_ptm_model_2_seed_000.pdb,86.06
4477,bbarrel/with_template/colab/HBI_b_19_unrelaxed_rank_004_alphafold2_ptm_model_1_seed_000.pdb,84.05
4478,bbarrel/with_template/colab/HBI_b_01_unrelaxed_rank_002_alphafold2_ptm_model_4_seed_000.pdb,79.71
4479,bbarrel/with_template/colab/HBI_b_49_unrelaxed_rank_003_alphafold2_ptm_model_2_seed_000.pdb,88.04
4480,bbarrel/with_template/colab/HBI_b_22_unrelaxed_rank_002_alphafold2_ptm_model_4_seed_000.pdb,88.59
4481,bbarrel/with_template/colab/HBI_b_14_unrelaxed_rank_004_alphafold2_ptm_model_1_seed_000.pdb,85.51
4482,bbarrel/with_template/colab/HBI_b_56_unrelaxed_rank_004_alphafold2_ptm_model_3_seed_000.pdb,83.75
4483,bbarrel/with_template/colab/HBI_b_34_unrelaxed_rank_003_alphafold2_ptm_model_3_seed_000.pdb,78.55
4484,bbarrel/with_template/colab/HBI_b_50_unrelaxed_rank_004_alphafold2_ptm_model_2_seed_000.pdb,77.81
4485,bbarrel/with_template/colab/HBI_b_34_unrelaxed_rank_002_alphafold2_ptm_model_1_seed_000.pdb,78.64
4486,bbarrel/with_template/colab/HBI_b_53_unrelaxed_rank_004_alphafold2_ptm_model_1_seed_000.pdb,86.31
4487,bbarrel/with_template/colab/HBI_b_20_unrelaxed_rank_003_alphafold2_ptm_model_1_seed_000.pdb,81.39
4488,bbarrel/with_template/colab/HBI_b_19_unrelaxed_rank_003_alphafold2_ptm_model_4_seed_000.pdb,84.55
4489,bbarrel/with_template/colab/HBI_b_31_unrelaxed_rank_002_alphafold2_ptm_model_1_seed_000.pdb,82.13
4490,bbarrel/with_template/colab/HBI_b_37_unrelaxed_rank_005_alphafold2_ptm_model_3_seed_000.pdb,73.67
4491,bbarrel/with_template/colab/HBI_b_20_unrelaxed_rank_002_alphafold2_ptm_model_3_seed_000.pdb,81.99
4492,bbarrel/with_template/colab/HBI_b_56_unrelaxed_rank_003_alphafold2_ptm_model_2_seed_000.pdb,85.34
4493,bbarrel/with_template/colab/HBI_b_43_unrelaxed_rank_003_alphafold2_ptm_model_2_seed_000.pdb,78.42
4494,bbarrel/with_template/colab/HBI_b_33_unrelaxed_rank_001_alphafold2_ptm_model_1_seed_000.pdb,84.25
4495,bbarrel/with_template/colab/HBI_b_27_unrelaxed_rank_003_alphafold2_ptm_model_5_seed_000.pdb,78.53
4496,bbarrel/with_template/colab/HBI_b_16_unrelaxed_rank_001_alphafold2_ptm_model_5_seed_000.pdb,84.1
4497,bbarrel/with_template/colab/HBI_b_08_unrelaxed_rank_003_alphafold2_ptm_model_3_seed_000.pdb,76.53
4498,bbarrel/with_template/colab/HBI_b_53_unrelaxed_rank_002_alphafold2_ptm_model_5_seed_000.pdb,86.63
4499,bbarrel/with_template/colab/HBI_b_22_unrelaxed_rank_003_alphafold2_ptm_model_2_seed_000.pdb,87.15
4500,bbarrel/with_template/colab/HBI_b_37_unrelaxed_rank_004_alphafold2_ptm_model_5_seed_000.pdb,80.82
4501,bbarrel/with_template/colab/HBI_b_44_unrelaxed_rank_003_alphafold2_ptm_model_5_seed_000.pdb,83.25
4502,bbarrel/with_template/colab/HBI_b_56_unrelaxed_rank_001_alphafold2_ptm_model_5_seed_000.pdb,86.42
4503,bbarrel/with_template/colab/HBI_b_46_unrelaxed_rank_004_alphafold2_ptm_model_2_seed_000.pdb,63.71
4504,bbarrel/with_template/colab/HBI_b_16_unrelaxed_rank_002_alphafold2_ptm_model_3_seed_000.pdb,79.31
4505,bbarrel/with_template/colab/HBI_b_17_unrelaxed_rank_005_alphafold2_ptm_model_2_seed_000.pdb,74.06
4506,bbarrel/with_template/colab/HBI_b_41_unrelaxed_rank_002_alphafold2_ptm_model_5_seed_000.pdb,75.18
4507,bbarrel/with_template/colab/HBI_b_39_unrelaxed_rank_003_alphafold2_ptm_model_1_seed_000.pdb,83.18
4508,bbarrel/with_template/colab/HBI_b_27_unrelaxed_rank_001_alphafold2_ptm_model_1_seed_000.pdb,86.56
4509,bbarrel/with_template/colab/HBI_b_23_unrelaxed_rank_004_alphafold2_ptm_model_5_seed_000.pdb,80.12
4510,bbarrel/with_template/colab/HBI_b_39_unrelaxed_rank_005_alphafold2_ptm_model_2_seed_000.pdb,82.11
4511,bbarrel/with_template/colab/HBI_b_10_unrelaxed_rank_003_alphafold2_ptm_model_5_seed_000.pdb,88.21
4512,bbarrel/single_seq_48recyc/colab_att/TMB2.23_unrelaxed_rank_004_alphafold2_ptm_model_1_seed_000.pdb,39.86
4513,bbarrel/single_seq_48recyc/colab_att/TMB2.39_unrelaxed_rank_003_alphafold2_ptm_model_5_seed_000.pdb,37.7
4514,bbarrel/single_seq_48recyc/colab_att/TMB2.45_unrelaxed_rank_003_alphafold2_ptm_model_1_seed_000.pdb,80.42
4515,bbarrel/single_seq_48recyc/colab_att/TMB2.24_unrelaxed_rank_002_alphafold2_ptm_model_4_seed_000.pdb,78.79
4516,bbarrel/single_seq_48recyc/colab_att/TMB2.19_unrelaxed_rank_003_alphafold2_ptm_model_2_seed_000.pdb,76.89
4517,bbarrel/single_seq_48recyc/colab_att/HBI_b_35_unrelaxed_rank_003_alphafold2_ptm_model_5_seed_000.pdb,60.4
4518,bbarrel/single_seq_48recyc/colab_att/TMB2.2_unrelaxed_rank_003_alphafold2_ptm_model_5_seed_000.pdb,64.76
4519,bbarrel/single_seq_48recyc/colab_att/TMB2.14_unrelaxed_rank_003_alphafold2_ptm_model_2_seed_000.pdb,42.6
4520,bbarrel/single_seq_48recyc/colab_att/TMB2.51_unrelaxed_rank_002_alphafold2_ptm_model_4_seed_000.pdb,72.49
4521,bbarrel/single_seq_48recyc/colab_att/TMB2.3_unrelaxed_rank_002_alphafold2_ptm_model_1_seed_000.pdb,72.87
4522,bbarrel/single_seq_48recyc/colab_att/TMB2.6_unrelaxed_rank_003_alphafold2_ptm_model_1_seed_000.pdb,40.43
4523,bbarrel/single_seq_48recyc/colab_att/TMB2.68_unrelaxed_rank_003_alphafold2_ptm_model_2_seed_000.pdb,68.31
4524,bbarrel/single_seq_48recyc/colab_att/TMB2.22_unrelaxed_rank_004_alphafold2_ptm_model_2_seed_000.pdb,81.59
4525,bbarrel/single_seq_48recyc/colab_att/TMB2.64_unrelaxed_rank_005_alphafold2_ptm_model_5_seed_000.pdb,32.97
4526,bbarrel/single_seq_48recyc/colab_att/TMB2.62_unrelaxed_rank_004_alphafold2_ptm_model_1_seed_000.pdb,48.21
4527,bbarrel/single_seq_48recyc/colab_att/HBI_b_49_unrelaxed_rank_001_alphafold2_ptm_model_1_seed_000.pdb,91.7
4528,bbarrel/single_seq_48recyc/colab_att/TMB2.67_unrelaxed_rank_004_alphafold2_ptm_model_3_seed_000.pdb,35.93
4529,bbarrel/single_seq_48recyc/colab_att/TMB2.15_unrelaxed_rank_002_alphafold2_ptm_model_4_seed_000.pdb,33.68
4530,bbarrel/single_seq_48recyc/colab_att/TMB2.82_unrelaxed_rank_003_alphafold2_ptm_model_5_seed_000.pdb,75.67
4531,bbarrel/single_seq_48recyc/colab_att/TMB2.63_unrelaxed_rank_002_alphafold2_ptm_model_4_seed_000.pdb,82.01
4532,bbarrel/single_seq_48recyc/colab_att/HBI_b_49_unrelaxed_rank_003_alphafold2_ptm_model_3_seed_000.pdb,90.32
4533,bbarrel/single_seq_48recyc/colab_att/TMB2.48_unrelaxed_rank_002_alphafold2_ptm_model_2_seed_000.pdb,34.13
4534,bbarrel/single_seq_48recyc/colab_att/TMB2.31_unrelaxed_rank_003_alphafold2_ptm_model_4_seed_000.pdb,86.63
4535,bbarrel/single_seq_48recyc/colab_att/TMB2.29_unrelaxed_rank_002_alphafold2_ptm_model_4_seed_000.pdb,88.24
4536,bbarrel/single_seq_48recyc/colab_att/HBI_b_23_unrelaxed_rank_001_alphafold2_ptm_model_2_seed_000.pdb,88.66
4537,bbarrel/single_seq_48recyc/colab_att/TMB2.77_unrelaxed_rank_001_alphafold2_ptm_model_4_seed_000.pdb,84.76
4538,bbarrel/single_seq_48recyc/colab_att/HBI_b_56_unrelaxed_rank_002_alphafold2_ptm_model_4_seed_000.pdb,86.31
4539,bbarrel/single_seq_48recyc/colab_att/HBI_b_08_unrelaxed_rank_003_alphafold2_ptm_model_5_seed_000.pdb,79.89
4540,bbarrel/single_seq_48recyc/colab_att/HBI_b_08_unrelaxed_rank_004_alphafold2_ptm_model_3_seed_000.pdb,74.0
4541,bbarrel/single_seq_48recyc/colab_att/HBI_b_46_unrelaxed_rank_004_alphafold2_ptm_model_3_seed_000.pdb,66.06
4542,bbarrel/single_seq_48recyc/colab_att/TMB2.14_unrelaxed_rank_002_alphafold2_ptm_model_3_seed_000.pdb,78.63
4543,bbarrel/single_seq_48recyc/colab_att/TMB2.12_unrelaxed_rank_002_alphafold2_ptm_model_1_seed_000.pdb,34.2
4544,bbarrel/single_seq_48recyc/colab_att/TMB2.48_unrelaxed_rank_004_alphafold2_ptm_model_5_seed_000.pdb,30.87
4545,bbarrel/single_seq_48recyc/colab_att/HBI_b_44_unrelaxed_rank_003_alphafold2_ptm_model_2_seed_000.pdb,80.44
4546,bbarrel/single_seq_48recyc/colab_att/HBI_b_17_unrelaxed_rank_003_alphafold2_ptm_model_4_seed_000.pdb,80.91
4547,bbarrel/single_seq_48recyc/colab_att/TMB2.24_unrelaxed_rank_001_alphafold2_ptm_model_5_seed_000.pdb,82.81
4548,bbarrel/single_seq_48recyc/colab_att/TMB2.76_unrelaxed_rank_004_alphafold2_ptm_model_3_seed_000.pdb,86.37
4549,bbarrel/single_seq_48recyc/colab_att/TMB2.7_unrelaxed_rank_005_alphafold2_ptm_model_3_seed_000.pdb,30.19
4550,bbarrel/single_seq_48recyc/colab_att/TMB2.30_unrelaxed_rank_001_alphafold2_ptm_model_4_seed_000.pdb,41.0
4551,bbarrel/single_seq_48recyc/colab_att/TMB2.14_unrelaxed_rank_005_alphafold2_ptm_model_5_seed_000.pdb,33.96
4552,bbarrel/single_seq_48recyc/colab_att/HBI_b_09_unrelaxed_rank_002_alphafold2_ptm_model_2_seed_000.pdb,87.89
4553,bbarrel/single_seq_48recyc/colab_att/TMB2.73_unrelaxed_rank_002_alphafold2_ptm_model_1_seed_000.pdb,45.84
4554,bbarrel/single_seq_48recyc/colab_att/TMB2.36_unrelaxed_rank_005_alphafold2_ptm_model_1_seed_000.pdb,30.95
4555,bbarrel/single_seq_48recyc/colab_att/HBI_b_20_unrelaxed_rank_005_alphafold2_ptm_model_5_seed_000.pdb,80.22
4556,bbarrel/single_seq_48recyc/colab_att/TMB2.55_unrelaxed_rank_005_alphafold2_ptm_model_5_seed_000.pdb,27.94
4557,bbarrel/single_seq_48recyc/colab_att/HBI_b_50_unrelaxed_rank_004_alphafold2_ptm_model_4_seed_000.pdb,85.25
4558,bbarrel/single_seq_48recyc/colab_att/TMB2.45_unrelaxed_rank_004_alphafold2_ptm_model_5_seed_000.pdb,75.22
4559,bbarrel/single_seq_48recyc/colab_att/TMB2.15_unrelaxed_rank_004_alphafold2_ptm_model_5_seed_000.pdb,31.37
4560,bbarrel/single_seq_48recyc/colab_att/TMB2.63_unrelaxed_rank_003_alphafold2_ptm_model_2_seed_000.pdb,81.72
4561,bbarrel/single_seq_48recyc/colab_att/TMB2.8_unrelaxed_rank_003_alphafold2_ptm_model_1_seed_000.pdb,37.64
4562,bbarrel/single_seq_48recyc/colab_att/HBI_b_31_unrelaxed_rank_003_alphafold2_ptm_model_4_seed_000.pdb,76.84
4563,bbarrel/single_seq_48recyc/colab_att/HBI_b_23_unrelaxed_rank_005_alphafold2_ptm_model_3_seed_000.pdb,78.92
4564,bbarrel/single_seq_48recyc/colab_att/TMB2.55_unrelaxed_rank_001_alphafold2_ptm_model_1_seed_000.pdb,38.8
4565,bbarrel/single_seq_48recyc/colab_att/HBI_b_20_unrelaxed_rank_004_alphafold2_ptm_model_1_seed_000.pdb,80.86
4566,bbarrel/single_seq_48recyc/colab_att/HBI_b_37_unrelaxed_rank_002_alphafold2_ptm_model_1_seed_000.pdb,87.61
4567,bbarrel/single_seq_48recyc/colab_att/HBI_b_26_unrelaxed_rank_004_alphafold2_ptm_model_1_seed_000.pdb,88.38
4568,bbarrel/single_seq_48recyc/colab_att/TMB2.89_unrelaxed_rank_002_alphafold2_ptm_model_1_seed_000.pdb,53.52
4569,bbarrel/single_seq_48recyc/colab_att/HBI_b_34_unrelaxed_rank_002_alphafold2_ptm_model_1_seed_000.pdb,78.84
4570,bbarrel/single_seq_48recyc/colab_att/TMB2.4_unrelaxed_rank_002_alphafold2_ptm_model_2_seed_000.pdb,75.5
4571,bbarrel/single_seq_48recyc/colab_att/TMB2.32_unrelaxed_rank_001_alphafold2_ptm_model_1_seed_000.pdb,82.64
4572,bbarrel/single_seq_48recyc/colab_att/TMB2.84_unrelaxed_rank_003_alphafold2_ptm_model_2_seed_000.pdb,50.41
4573,bbarrel/single_seq_48recyc/colab_att/TMB2.86_unrelaxed_rank_002_alphafold2_ptm_model_1_seed_000.pdb,48.6
4574,bbarrel/single_seq_48recyc/colab_att/TMB2.70_unrelaxed_rank_004_alphafold2_ptm_model_1_seed_000.pdb,33.36
4575,bbarrel/single_seq_48recyc/colab_att/TMB2.55_unrelaxed_rank_004_alphafold2_ptm_model_3_seed_000.pdb,30.06
4576,bbarrel/single_seq_48recyc/colab_att/HBI_b_25_unrelaxed_rank_005_alphafold2_ptm_model_4_seed_000.pdb,85.94
4577,bbarrel/single_seq_48recyc/colab_att/TMB2.84_unrelaxed_rank_004_alphafold2_ptm_model_3_seed_000.pdb,46.87
4578,bbarrel/single_seq_48recyc/colab_att/HBI_b_09_unrelaxed_rank_004_alphafold2_ptm_model_3_seed_000.pdb,86.08
4579,bbarrel/single_seq_48recyc/colab_att/HBI_b_21_unrelaxed_rank_001_alphafold2_ptm_model_2_seed_000.pdb,89.0
4580,bbarrel/single_seq_48recyc/colab_att/HBI_b_13_unrelaxed_rank_003_alphafold2_ptm_model_4_seed_000.pdb,77.93
4581,bbarrel/single_seq_48recyc/colab_att/HBI_b_20_unrelaxed_rank_002_alphafold2_ptm_model_3_seed_000.pdb,82.1
4582,bbarrel/single_seq_48recyc/colab_att/TMB2.48_unrelaxed_rank_001_alphafold2_ptm_model_1_seed_000.pdb,35.11
4583,bbarrel/single_seq_48recyc/colab_att/TMB2.63_unrelaxed_rank_005_alphafold2_ptm_model_3_seed_000.pdb,55.97
4584,bbarrel/single_seq_48recyc/colab_att/HBI_b_29_unrelaxed_rank_002_alphafold2_ptm_model_2_seed_000.pdb,83.54
4585,bbarrel/single_seq_48recyc/colab_att/TMB2.88_unrelaxed_rank_001_alphafold2_ptm_model_4_seed_000.pdb,84.86
4586,bbarrel/single_seq_48recyc/colab_att/TMB2.64_unrelaxed_rank_001_alphafold2_ptm_model_4_seed_000.pdb,80.77
4587,bbarrel/single_seq_48recyc/colab_att/HBI_b_50_unrelaxed_rank_001_alphafold2_ptm_model_2_seed_000.pdb,91.03
4588,bbarrel/single_seq_48recyc/colab_att/TMB2.57_unrelaxed_rank_001_alphafold2_ptm_model_4_seed_000.pdb,84.02
4589,bbarrel/single_seq_48recyc/colab_att/TMB2.4_unrelaxed_rank_003_alphafold2_ptm_model_5_seed_000.pdb,33.71
4590,bbarrel/single_seq_48recyc/colab_att/TMB2.83_unrelaxed_rank_004_alphafold2_ptm_model_5_seed_000.pdb,77.23
4591,bbarrel/single_seq_48recyc/colab_att/HBI_b_55_unrelaxed_rank_003_alphafold2_ptm_model_5_seed_000.pdb,80.98
4592,bbarrel/single_seq_48recyc/colab_att/TMB2.78_unrelaxed_rank_001_alphafold2_ptm_model_4_seed_000.pdb,43.28
4593,bbarrel/single_seq_48recyc/colab_att/HBI_b_29_unrelaxed_rank_003_alphafold2_ptm_model_4_seed_000.pdb,81.56
4594,bbarrel/single_seq_48recyc/colab_att/HBI_b_27_unrelaxed_rank_004_alphafold2_ptm_model_4_seed_000.pdb,83.73
4595,bbarrel/single_seq_48recyc/colab_att/HBI_b_41_unrelaxed_rank_003_alphafold2_ptm_model_4_seed_000.pdb,70.01
4596,bbarrel/single_seq_48recyc/colab_att/HBI_b_34_unrelaxed_rank_005_alphafold2_ptm_model_5_seed_000.pdb,61.13
4597,bbarrel/single_seq_48recyc/colab_att/TMB2.65_unrelaxed_rank_001_alphafold2_ptm_model_2_seed_000.pdb,90.05
4598,bbarrel/single_seq_48recyc/colab_att/TMB2.78_unrelaxed_rank_005_alphafold2_ptm_model_5_seed_000.pdb,33.72
4599,bbarrel/single_seq_48recyc/colab_att/HBI_b_39_unrelaxed_rank_003_alphafold2_ptm_model_2_seed_000.pdb,82.81
4600,bbarrel/single_seq_48recyc/colab_att/HBI_b_03_unrelaxed_rank_005_alphafold2_ptm_model_3_seed_000.pdb,62.01
4601,bbarrel/single_seq_48recyc/colab_att/HBI_b_41_unrelaxed_rank_001_alphafold2_ptm_model_1_seed_000.pdb,86.47
4602,bbarrel/single_seq_48recyc/colab_att/TMB2.6_unrelaxed_rank_001_alphafold2_ptm_model_4_seed_000.pdb,88.19
4603,bbarrel/single_seq_48recyc/colab_att/HBI_b_23_unrelaxed_rank_004_alphafold2_ptm_model_5_seed_000.pdb,81.32
4604,bbarrel/single_seq_48recyc/colab_att/TMB2.39_unrelaxed_rank_002_alphafold2_ptm_model_4_seed_000.pdb,87.37
4605,bbarrel/single_seq_48recyc/colab_att/TMB2.20_unrelaxed_rank_003_alphafold2_ptm_model_2_seed_000.pdb,35.62
4606,bbarrel/single_seq_48recyc/colab_att/TMB2.79_unrelaxed_rank_001_alphafold2_ptm_model_1_seed_000.pdb,92.12
4607,bbarrel/single_seq_48recyc/colab_att/TMB2.79_unrelaxed_rank_005_alphafold2_ptm_model_3_seed_000.pdb,36.31
4608,bbarrel/single_seq_48recyc/colab_att/TMB2.19_unrelaxed_rank_005_alphafold2_ptm_model_3_seed_000.pdb,50.88
4609,bbarrel/single_seq_48recyc/colab_att/TMB2.69_unrelaxed_rank_005_alphafold2_ptm_model_5_seed_000.pdb,38.5
4610,bbarrel/single_seq_48recyc/colab_att/TMB2.5_unrelaxed_rank_004_alphafold2_ptm_model_2_seed_000.pdb,37.45
4611,bbarrel/single_seq_48recyc/colab_att/TMB2.19_unrelaxed_rank_001_alphafold2_ptm_model_4_seed_000.pdb,87.19
4612,bbarrel/single_seq_48recyc/colab_att/TMB2.41_unrelaxed_rank_005_alphafold2_ptm_model_1_seed_000.pdb,41.72
4613,bbarrel/single_seq_48recyc/colab_att/HBI_b_20_unrelaxed_rank_001_alphafold2_ptm_model_4_seed_000.pdb,83.12
4614,bbarrel/single_seq_48recyc/colab_att/HBI_b_55_unrelaxed_rank_002_alphafold2_ptm_model_2_seed_000.pdb,84.57
4615,bbarrel/single_seq_48recyc/colab_att/TMB2.81_unrelaxed_rank_005_alphafold2_ptm_model_5_seed_000.pdb,32.3
4616,bbarrel/single_seq_48recyc/colab_att/TMB2.9_unrelaxed_rank_004_alphafold2_ptm_model_5_seed_000.pdb,39.64
4617,bbarrel/single_seq_48recyc/colab_att/HBI_b_07_unrelaxed_rank_004_alphafold2_ptm_model_4_seed_000.pdb,87.52
4618,bbarrel/single_seq_48recyc/colab_att/TMB2.2_unrelaxed_rank_002_alphafold2_ptm_model_4_seed_000.pdb,71.77
4619,bbarrel/single_seq_48recyc/colab_att/TMB2.43_unrelaxed_rank_002_alphafold2_ptm_model_3_seed_000.pdb,86.79
4620,bbarrel/single_seq_48recyc/colab_att/HBI_b_38_unrelaxed_rank_003_alphafold2_ptm_model_3_seed_000.pdb,82.55
4621,bbarrel/single_seq_48recyc/colab_att/HBI_b_13_unrelaxed_rank_004_alphafold2_ptm_model_3_seed_000.pdb,76.85
4622,bbarrel/single_seq_48recyc/colab_att/TMB2.41_unrelaxed_rank_004_alphafold2_ptm_model_2_seed_000.pdb,69.89
4623,bbarrel/single_seq_48recyc/colab_att/TMB2.63_unrelaxed_rank_001_alphafold2_ptm_model_1_seed_000.pdb,83.75
4624,bbarrel/single_seq_48recyc/colab_att/TMB2.28_unrelaxed_rank_001_alphafold2_ptm_model_4_seed_000.pdb,86.96
4625,bbarrel/single_seq_48recyc/colab_att/TMB2.34_unrelaxed_rank_005_alphafold2_ptm_model_5_seed_000.pdb,35.87
4626,bbarrel/single_seq_48recyc/colab_att/TMB2.80_unrelaxed_rank_002_alphafold2_ptm_model_3_seed_000.pdb,75.11
4627,bbarrel/single_seq_48recyc/colab_att/TMB2.39_unrelaxed_rank_005_alphafold2_ptm_model_1_seed_000.pdb,31.46
4628,bbarrel/single_seq_48recyc/colab_att/HBI_b_14_unrelaxed_rank_005_alphafold2_ptm_model_5_seed_000.pdb,86.59
4629,bbarrel/single_seq_48recyc/colab_att/HBI_b_45_unrelaxed_rank_004_alphafold2_ptm_model_3_seed_000.pdb,74.61
4630,bbarrel/single_seq_48recyc/colab_att/TMB2.43_unrelaxed_rank_001_alphafold2_ptm_model_4_seed_000.pdb,86.98
4631,bbarrel/single_seq_48recyc/colab_att/HBI_b_13_unrelaxed_rank_001_alphafold2_ptm_model_1_seed_000.pdb,84.16
4632,bbarrel/single_seq_48recyc/colab_att/HBI_b_33_unrelaxed_rank_004_alphafold2_ptm_model_5_seed_000.pdb,77.24
4633,bbarrel/single_seq_48recyc/colab_att/TMB2.56_unrelaxed_rank_002_alphafold2_ptm_model_5_seed_000.pdb,88.95
4634,bbarrel/single_seq_48recyc/colab_att/HBI_b_27_unrelaxed_rank_003_alphafold2_ptm_model_5_seed_000.pdb,84.81
4635,bbarrel/single_seq_48recyc/colab_att/TMB2.63_unrelaxed_rank_004_alphafold2_ptm_model_5_seed_000.pdb,78.43
4636,bbarrel/single_seq_48recyc/colab_att/HBI_b_01_unrelaxed_rank_001_alphafold2_ptm_model_1_seed_000.pdb,88.71
4637,bbarrel/single_seq_48recyc/colab_att/TMB2.25_unrelaxed_rank_004_alphafold2_ptm_model_2_seed_000.pdb,37.29
4638,bbarrel/single_seq_48recyc/colab_att/TMB2.75_unrelaxed_rank_003_alphafold2_ptm_model_2_seed_000.pdb,70.2
4639,bbarrel/single_seq_48recyc/colab_att/HBI_b_31_unrelaxed_rank_001_alphafold2_ptm_model_5_seed_000.pdb,82.6
4640,bbarrel/single_seq_48recyc/colab_att/TMB2.74_unrelaxed_rank_004_alphafold2_ptm_model_2_seed_000.pdb,39.01
4641,bbarrel/single_seq_48recyc/colab_att/HBI_b_53_unrelaxed_rank_003_alphafold2_ptm_model_5_seed_000.pdb,85.94
4642,bbarrel/single_seq_48recyc/colab_att/TMB2.43_unrelaxed_rank_004_alphafold2_ptm_model_2_seed_000.pdb,55.09
4643,bbarrel/single_seq_48recyc/colab_att/TMB2.76_unrelaxed_rank_001_alphafold2_ptm_model_2_seed_000.pdb,89.22
4644,bbarrel/single_seq_48recyc/colab_att/TMB2.74_unrelaxed_rank_005_alphafold2_ptm_model_3_seed_000.pdb,35.45
4645,bbarrel/single_seq_48recyc/colab_att/TMB2.4_unrelaxed_rank_004_alphafold2_ptm_model_1_seed_000.pdb,33.09
4646,bbarrel/single_seq_48recyc/colab_att/TMB2.58_unrelaxed_rank_001_alphafold2_ptm_model_4_seed_000.pdb,88.56
4647,bbarrel/single_seq_48recyc/colab_att/HBI_b_27_unrelaxed_rank_001_alphafold2_ptm_model_1_seed_000.pdb,87.21
4648,bbarrel/single_seq_48recyc/colab_att/TMB2.35_unrelaxed_rank_001_alphafold2_ptm_model_5_seed_000.pdb,89.33
4649,bbarrel/single_seq_48recyc/colab_att/TMB2.35_unrelaxed_rank_004_alphafold2_ptm_model_3_seed_000.pdb,38.89
4650,bbarrel/single_seq_48recyc/colab_att/TMB2.77_unrelaxed_rank_003_alphafold2_ptm_model_5_seed_000.pdb,73.94
4651,bbarrel/single_seq_48recyc/colab_att/TMB2.33_unrelaxed_rank_001_alphafold2_ptm_model_4_seed_000.pdb,88.22
4652,bbarrel/single_seq_48recyc/colab_att/TMB2.26_unrelaxed_rank_003_alphafold2_ptm_model_5_seed_000.pdb,31.89
4653,bbarrel/single_seq_48recyc/colab_att/TMB2.65_unrelaxed_rank_004_alphafold2_ptm_model_3_seed_000.pdb,85.4
4654,bbarrel/single_seq_48recyc/colab_att/HBI_b_17_unrelaxed_rank_005_alphafold2_ptm_model_5_seed_000.pdb,74.68
4655,bbarrel/single_seq_48recyc/colab_att/HBI_b_25_unrelaxed_rank_001_alphafold2_ptm_model_2_seed_000.pdb,90.3
4656,bbarrel/single_seq_48recyc/colab_att/TMB2.31_unrelaxed_rank_001_alphafold2_ptm_model_2_seed_000.pdb,90.1
4657,bbarrel/single_seq_48recyc/colab_att/TMB2.8_unrelaxed_rank_002_alphafold2_ptm_model_2_seed_000.pdb,48.18
4658,bbarrel/single_seq_48recyc/colab_att/TMB2.26_unrelaxed_rank_002_alphafold2_ptm_model_2_seed_000.pdb,36.59
4659,bbarrel/single_seq_48recyc/colab_att/TMB2.60_unrelaxed_rank_005_alphafold2_ptm_model_3_seed_000.pdb,32.84
4660,bbarrel/single_seq_48recyc/colab_att/TMB2.20_unrelaxed_rank_002_alphafold2_ptm_model_4_seed_000.pdb,41.78
4661,bbarrel/single_seq_48recyc/colab_att/TMB2.31_unrelaxed_rank_004_alphafold2_ptm_model_3_seed_000.pdb,70.1
4662,bbarrel/single_seq_48recyc/colab_att/TMB2.52_unrelaxed_rank_002_alphafold2_ptm_model_2_seed_000.pdb,77.83
4663,bbarrel/single_seq_48recyc/colab_att/TMB2.66_unrelaxed_rank_001_alphafold2_ptm_model_4_seed_000.pdb,82.76
4664,bbarrel/single_seq_48recyc/colab_att/TMB2.85_unrelaxed_rank_002_alphafold2_ptm_model_1_seed_000.pdb,87.9
4665,bbarrel/single_seq_48recyc/colab_att/HBI_b_46_unrelaxed_rank_003_alphafold2_ptm_model_2_seed_000.pdb,69.86
4666,bbarrel/single_seq_48recyc/colab_att/TMB2.67_unrelaxed_rank_001_alphafold2_ptm_model_2_seed_000.pdb,90.06
4667,bbarrel/single_seq_48recyc/colab_att/TMB2.77_unrelaxed_rank_005_alphafold2_ptm_model_1_seed_000.pdb,36.61
4668,bbarrel/single_seq_48recyc/colab_att/TMB2.59_unrelaxed_rank_001_alphafold2_ptm_model_2_seed_000.pdb,92.2
4669,bbarrel/single_seq_48recyc/colab_att/HBI_b_01_unrelaxed_rank_002_alphafold2_ptm_model_5_seed_000.pdb,83.11
4670,bbarrel/single_seq_48recyc/colab_att/TMB2.41_unrelaxed_rank_003_alphafold2_ptm_model_3_seed_000.pdb,83.32
4671,bbarrel/single_seq_48recyc/colab_att/TMB2.75_unrelaxed_rank_002_alphafold2_ptm_model_1_seed_000.pdb,79.9
4672,bbarrel/single_seq_48recyc/colab_att/HBI_b_15_unrelaxed_rank_003_alphafold2_ptm_model_1_seed_000.pdb,86.61
4673,bbarrel/single_seq_48recyc/colab_att/TMB2.12_unrelaxed_rank_005_alphafold2_ptm_model_3_seed_000.pdb,30.32
4674,bbarrel/single_seq_48recyc/colab_att/HBI_b_29_unrelaxed_rank_005_alphafold2_ptm_model_5_seed_000.pdb,74.84
4675,bbarrel/single_seq_48recyc/colab_att/TMB2.25_unrelaxed_rank_001_alphafold2_ptm_model_4_seed_000.pdb,86.69
4676,bbarrel/single_seq_48recyc/colab_att/TMB2.84_unrelaxed_rank_001_alphafold2_ptm_model_4_seed_000.pdb,85.6
4677,bbarrel/single_seq_48recyc/colab_att/TMB2.51_unrelaxed_rank_005_alphafold2_ptm_model_5_seed_000.pdb,28.97
4678,bbarrel/single_seq_48recyc/colab_att/TMB2.34_unrelaxed_rank_004_alphafold2_ptm_model_1_seed_000.pdb,36.15
4679,bbarrel/single_seq_48recyc/colab_att/HBI_b_19_unrelaxed_rank_003_alphafold2_ptm_model_3_seed_000.pdb,86.49
4680,bbarrel/single_seq_48recyc/colab_att/HBI_b_16_unrelaxed_rank_002_alphafold2_ptm_model_4_seed_000.pdb,78.35
4681,bbarrel/single_seq_48recyc/colab_att/HBI_b_21_unrelaxed_rank_005_alphafold2_ptm_model_5_seed_000.pdb,85.73
4682,bbarrel/single_seq_48recyc/colab_att/TMB2.27_unrelaxed_rank_005_alphafold2_ptm_model_5_seed_000.pdb,29.93
4683,bbarrel/single_seq_48recyc/colab_att/TMB2.8_unrelaxed_rank_004_alphafold2_ptm_model_3_seed_000.pdb,32.58
4684,bbarrel/single_seq_48recyc/colab_att/TMB2.45_unrelaxed_rank_001_alphafold2_ptm_model_4_seed_000.pdb,87.53
4685,bbarrel/single_seq_48recyc/colab_att/HBI_b_33_unrelaxed_rank_002_alphafold2_ptm_model_1_seed_000.pdb,86.46
4686,bbarrel/single_seq_48recyc/colab_att/TMB2.66_unrelaxed_rank_003_alphafold2_ptm_model_1_seed_000.pdb,45.88
4687,bbarrel/single_seq_48recyc/colab_att/HBI_b_44_unrelaxed_rank_001_alphafold2_ptm_model_1_seed_000.pdb,85.26
4688,bbarrel/single_seq_48recyc/colab_att/HBI_b_26_unrelaxed_rank_002_alphafold2_ptm_model_3_seed_000.pdb,89.02
4689,bbarrel/single_seq_48recyc/colab_att/TMB2.54_unrelaxed_rank_005_alphafold2_ptm_model_3_seed_000.pdb,35.79
4690,bbarrel/single_seq_48recyc/colab_att/TMB2.27_unrelaxed_rank_002_alphafold2_ptm_model_2_seed_000.pdb,35.57
4691,bbarrel/single_seq_48recyc/colab_att/TMB2.76_unrelaxed_rank_002_alphafold2_ptm_model_4_seed_000.pdb,88.36
4692,bbarrel/single_seq_48recyc/colab_att/TMB2.3_unrelaxed_rank_004_alphafold2_ptm_model_5_seed_000.pdb,47.94
4693,bbarrel/single_seq_48recyc/colab_att/TMB2.11_unrelaxed_rank_001_alphafold2_ptm_model_4_seed_000.pdb,76.51
4694,bbarrel/single_seq_48recyc/colab_att/TMB2.37_unrelaxed_rank_001_alphafold2_ptm_model_5_seed_000.pdb,77.53
4695,bbarrel/single_seq_48recyc/colab_att/TMB2.36_unrelaxed_rank_002_alphafold2_ptm_model_4_seed_000.pdb,79.69
4696,bbarrel/single_seq_48recyc/colab_att/HBI_b_22_unrelaxed_rank_004_alphafold2_ptm_model_4_seed_000.pdb,89.04
4697,bbarrel/single_seq_48recyc/colab_att/TMB2.78_unrelaxed_rank_004_alphafold2_ptm_model_1_seed_000.pdb,33.73
4698,bbarrel/single_seq_48recyc/colab_att/TMB2.18_unrelaxed_rank_003_alphafold2_ptm_model_5_seed_000.pdb,75.22
4699,bbarrel/single_seq_48recyc/colab_att/TMB2.64_unrelaxed_rank_002_alphafold2_ptm_model_1_seed_000.pdb,71.94
4700,bbarrel/single_seq_48recyc/colab_att/TMB2.77_unrelaxed_rank_002_alphafold2_ptm_model_2_seed_000.pdb,75.76
4701,bbarrel/single_seq_48recyc/colab_att/TMB2.28_unrelaxed_rank_004_alphafold2_ptm_model_5_seed_000.pdb,35.21
4702,bbarrel/single_seq_48recyc/colab_att/TMB2.42_unrelaxed_rank_004_alphafold2_ptm_model_2_seed_000.pdb,34.75
4703,bbarrel/single_seq_48recyc/colab_att/TMB2.50_unrelaxed_rank_003_alphafold2_ptm_model_1_seed_000.pdb,35.79
4704,bbarrel/single_seq_48recyc/colab_att/TMB2.88_unrelaxed_rank_002_alphafold2_ptm_model_1_seed_000.pdb,46.55
4705,bbarrel/single_seq_48recyc/colab_att/HBI_b_55_unrelaxed_rank_004_alphafold2_ptm_model_3_seed_000.pdb,75.82
4706,bbarrel/single_seq_48recyc/colab_att/HBI_b_31_unrelaxed_rank_004_alphafold2_ptm_model_2_seed_000.pdb,74.9
4707,bbarrel/single_seq_48recyc/colab_att/TMB2.86_unrelaxed_rank_005_alphafold2_ptm_model_3_seed_000.pdb,31.48
4708,bbarrel/single_seq_48recyc/colab_att/HBI_b_44_unrelaxed_rank_002_alphafold2_ptm_model_5_seed_000.pdb,82.12
4709,bbarrel/single_seq_48recyc/colab_att/TMB2.3_unrelaxed_rank_001_alphafold2_ptm_model_2_seed_000.pdb,91.29
4710,bbarrel/single_seq_48recyc/colab_att/HBI_b_38_unrelaxed_rank_002_alphafold2_ptm_model_4_seed_000.pdb,84.54
4711,bbarrel/single_seq_48recyc/colab_att/TMB2.42_unrelaxed_rank_002_alphafold2_ptm_model_5_seed_000.pdb,48.62
4712,bbarrel/single_seq_48recyc/colab_att/TMB2.21_unrelaxed_rank_004_alphafold2_ptm_model_3_seed_000.pdb,71.26
4713,bbarrel/single_seq_48recyc/colab_att/HBI_b_02_unrelaxed_rank_002_alphafold2_ptm_model_1_seed_000.pdb,85.21
4714,bbarrel/single_seq_48recyc/colab_att/TMB2.20_unrelaxed_rank_004_alphafold2_ptm_model_1_seed_000.pdb,33.7
4715,bbarrel/single_seq_48recyc/colab_att/TMB2.7_unrelaxed_rank_003_alphafold2_ptm_model_1_seed_000.pdb,38.11
4716,bbarrel/single_seq_48recyc/colab_att/HBI_b_15_unrelaxed_rank_004_alphafold2_ptm_model_2_seed_000.pdb,85.84
4717,bbarrel/single_seq_48recyc/colab_att/TMB2.42_unrelaxed_rank_001_alphafold2_ptm_model_4_seed_000.pdb,84.68
4718,bbarrel/single_seq_48recyc/colab_att/HBI_b_29_unrelaxed_rank_004_alphafold2_ptm_model_3_seed_000.pdb,78.2
4719,bbarrel/single_seq_48recyc/colab_att/TMB2.27_unrelaxed_rank_003_alphafold2_ptm_model_1_seed_000.pdb,33.14
4720,bbarrel/single_seq_48recyc/colab_att/HBI_b_23_unrelaxed_rank_003_alphafold2_ptm_model_4_seed_000.pdb,82.77
4721,bbarrel/single_seq_48recyc/colab_att/TMB2.20_unrelaxed_rank_001_alphafold2_ptm_model_5_seed_000.pdb,47.16
4722,bbarrel/single_seq_48recyc/colab_att/TMB2.37_unrelaxed_rank_002_alphafold2_ptm_model_4_seed_000.pdb,58.33
4723,bbarrel/single_seq_48recyc/colab_att/HBI_b_19_unrelaxed_rank_002_alphafold2_ptm_model_4_seed_000.pdb,87.98
4724,bbarrel/single_seq_48recyc/colab_att/HBI_b_33_unrelaxed_rank_003_alphafold2_ptm_model_3_seed_000.pdb,79.32
4725,bbarrel/single_seq_48recyc/colab_att/HBI_b_43_unrelaxed_rank_003_alphafold2_ptm_model_4_seed_000.pdb,82.4
4726,bbarrel/single_seq_48recyc/colab_att/HBI_b_50_unrelaxed_rank_005_alphafold2_ptm_model_3_seed_000.pdb,59.64
4727,bbarrel/single_seq_48recyc/colab_att/TMB2.54_unrelaxed_rank_001_alphafold2_ptm_model_4_seed_000.pdb,81.08
4728,bbarrel/single_seq_48recyc/colab_att/TMB2.15_unrelaxed_rank_005_alphafold2_ptm_model_3_seed_000.pdb,28.41
4729,bbarrel/single_seq_48recyc/colab_att/HBI_b_01_unrelaxed_rank_005_alphafold2_ptm_model_3_seed_000.pdb,71.69
4730,bbarrel/single_seq_48recyc/colab_att/TMB2.34_unrelaxed_rank_002_alphafold2_ptm_model_3_seed_000.pdb,63.33
4731,bbarrel/single_seq_48recyc/colab_att/TMB2.48_unrelaxed_rank_003_alphafold2_ptm_model_4_seed_000.pdb,32.47
4732,bbarrel/single_seq_48recyc/colab_att/TMB2.52_unrelaxed_rank_005_alphafold2_ptm_model_3_seed_000.pdb,33.4
4733,bbarrel/single_seq_48recyc/colab_att/HBI_b_55_unrelaxed_rank_005_alphafold2_ptm_model_4_seed_000.pdb,71.54
4734,bbarrel/single_seq_48recyc/colab_att/HBI_b_56_unrelaxed_rank_005_alphafold2_ptm_model_3_seed_000.pdb,82.18
4735,bbarrel/single_seq_48recyc/colab_att/TMB2.1_unrelaxed_rank_004_alphafold2_ptm_model_5_seed_000.pdb,30.38
4736,bbarrel/single_seq_48recyc/colab_att/TMB2.70_unrelaxed_rank_003_alphafold2_ptm_model_4_seed_000.pdb,85.98
4737,bbarrel/single_seq_48recyc/colab_att/TMB2.20_unrelaxed_rank_005_alphafold2_ptm_model_3_seed_000.pdb,33.47
4738,bbarrel/single_seq_48recyc/colab_att/TMB2.25_unrelaxed_rank_005_alphafold2_ptm_model_1_seed_000.pdb,30.1
4739,bbarrel/single_seq_48recyc/colab_att/TMB2.6_unrelaxed_rank_002_alphafold2_ptm_model_5_seed_000.pdb,62.35
4740,bbarrel/single_seq_48recyc/colab_att/HBI_b_46_unrelaxed_rank_002_alphafold2_ptm_model_4_seed_000.pdb,74.91
4741,bbarrel/single_seq_48recyc/colab_att/TMB2.67_unrelaxed_rank_003_alphafold2_ptm_model_1_seed_000.pdb,47.42
4742,bbarrel/single_seq_48recyc/colab_att/TMB2.58_unrelaxed_rank_004_alphafold2_ptm_model_3_seed_000.pdb,50.05
4743,bbarrel/single_seq_48recyc/colab_att/TMB2.6_unrelaxed_rank_004_alphafold2_ptm_model_2_seed_000.pdb,33.54
4744,bbarrel/single_seq_48recyc/colab_att/HBI_b_39_unrelaxed_rank_002_alphafold2_ptm_model_1_seed_000.pdb,83.58
4745,bbarrel/single_seq_48recyc/colab_att/TMB2.78_unrelaxed_rank_002_alphafold2_ptm_model_2_seed_000.pdb,39.99
4746,bbarrel/single_seq_48recyc/colab_att/TMB2.55_unrelaxed_rank_003_alphafold2_ptm_model_4_seed_000.pdb,31.19
4747,bbarrel/single_seq_48recyc/colab_att/TMB2.78_unrelaxed_rank_003_alphafold2_ptm_model_3_seed_000.pdb,34.0
4748,bbarrel/single_seq_48recyc/colab_att/TMB2.30_unrelaxed_rank_002_alphafold2_ptm_model_2_seed_000.pdb,37.47
4749,bbarrel/single_seq_48recyc/colab_att/TMB2.42_unrelaxed_rank_005_alphafold2_ptm_model_3_seed_000.pdb,33.72
4750,bbarrel/single_seq_48recyc/colab_att/TMB2.12_unrelaxed_rank_003_alphafold2_ptm_model_5_seed_000.pdb,32.95
4751,bbarrel/single_seq_48recyc/colab_att/TMB2.37_unrelaxed_rank_005_alphafold2_ptm_model_3_seed_000.pdb,34.65
4752,bbarrel/single_seq_48recyc/colab_att/TMB2.83_unrelaxed_rank_001_alphafold2_ptm_model_1_seed_000.pdb,91.45
4753,bbarrel/single_seq_48recyc/colab_att/TMB2.73_unrelaxed_rank_004_alphafold2_ptm_model_4_seed_000.pdb,31.99
4754,bbarrel/single_seq_48recyc/colab_att/TMB2.8_unrelaxed_rank_001_alphafold2_ptm_model_4_seed_000.pdb,78.67
4755,bbarrel/single_seq_48recyc/colab_att/TMB2.45_unrelaxed_rank_002_alphafold2_ptm_model_3_seed_000.pdb,83.51
4756,bbarrel/single_seq_48recyc/colab_att/TMB2.8_unrelaxed_rank_005_alphafold2_ptm_model_5_seed_000.pdb,31.2
4757,bbarrel/single_seq_48recyc/colab_att/TMB2.18_unrelaxed_rank_004_alphafold2_ptm_model_2_seed_000.pdb,54.64
4758,bbarrel/single_seq_48recyc/colab_att/TMB2.87_unrelaxed_rank_005_alphafold2_ptm_model_3_seed_000.pdb,30.74
4759,bbarrel/single_seq_48recyc/colab_att/HBI_b_25_unrelaxed_rank_003_alphafold2_ptm_model_1_seed_000.pdb,87.03
4760,bbarrel/single_seq_48recyc/colab_att/HBI_b_40_unrelaxed_rank_001_alphafold2_ptm_model_1_seed_000.pdb,89.12
4761,bbarrel/single_seq_48recyc/colab_att/TMB2.47_unrelaxed_rank_004_alphafold2_ptm_model_1_seed_000.pdb,66.34
4762,bbarrel/single_seq_48recyc/colab_att/TMB2.12_unrelaxed_rank_004_alphafold2_ptm_model_4_seed_000.pdb,32.12
4763,bbarrel/single_seq_48recyc/colab_att/TMB2.51_unrelaxed_rank_001_alphafold2_ptm_model_2_seed_000.pdb,87.4
4764,bbarrel/single_seq_48recyc/colab_att/TMB2.41_unrelaxed_rank_002_alphafold2_ptm_model_5_seed_000.pdb,86.82
4765,bbarrel/single_seq_48recyc/colab_att/TMB2.6_unrelaxed_rank_005_alphafold2_ptm_model_3_seed_000.pdb,29.65
4766,bbarrel/single_seq_48recyc/colab_att/HBI_b_02_unrelaxed_rank_005_alphafold2_ptm_model_2_seed_000.pdb,38.06
4767,bbarrel/single_seq_48recyc/colab_att/TMB2.22_unrelaxed_rank_002_alphafold2_ptm_model_4_seed_000.pdb,86.91
4768,bbarrel/single_seq_48recyc/colab_att/TMB2.72_unrelaxed_rank_003_alphafold2_ptm_model_3_seed_000.pdb,38.54
4769,bbarrel/single_seq_48recyc/colab_att/HBI_b_23_unrelaxed_rank_002_alphafold2_ptm_model_1_seed_000.pdb,88.15
4770,bbarrel/single_seq_48recyc/colab_att/TMB2.86_unrelaxed_rank_003_alphafold2_ptm_model_2_seed_000.pdb,37.91
4771,bbarrel/single_seq_48recyc/colab_att/HBI_b_44_unrelaxed_rank_005_alphafold2_ptm_model_4_seed_000.pdb,78.1
4772,bbarrel/single_seq_48recyc/colab_att/HBI_b_39_unrelaxed_rank_001_alphafold2_ptm_model_4_seed_000.pdb,83.91
4773,bbarrel/single_seq_48recyc/colab_att/HBI_b_29_unrelaxed_rank_001_alphafold2_ptm_model_1_seed_000.pdb,85.49
4774,bbarrel/single_seq_48recyc/colab_att/TMB2.69_unrelaxed_rank_004_alphafold2_ptm_model_2_seed_000.pdb,47.76
4775,bbarrel/single_seq_48recyc/colab_att/TMB2.4_unrelaxed_rank_005_alphafold2_ptm_model_3_seed_000.pdb,29.72
4776,bbarrel/single_seq_48recyc/colab_att/TMB2.70_unrelaxed_rank_005_alphafold2_ptm_model_3_seed_000.pdb,32.2
4777,bbarrel/single_seq_48recyc/colab_att/TMB2.55_unrelaxed_rank_002_alphafold2_ptm_model_2_seed_000.pdb,32.34
4778,bbarrel/single_seq_48recyc/colab_att/TMB2.72_unrelaxed_rank_002_alphafold2_ptm_model_1_seed_000.pdb,50.67
4779,bbarrel/single_seq_48recyc/colab_att/TMB2.29_unrelaxed_rank_003_alphafold2_ptm_model_3_seed_000.pdb,85.1
4780,bbarrel/single_seq_48recyc/colab_att/TMB2.24_unrelaxed_rank_003_alphafold2_ptm_model_3_seed_000.pdb,77.38
4781,bbarrel/single_seq_48recyc/colab_att/TMB2.80_unrelaxed_rank_005_alphafold2_ptm_model_5_seed_000.pdb,36.11
4782,bbarrel/single_seq_48recyc/colab_att/HBI_b_40_unrelaxed_rank_005_alphafold2_ptm_model_3_seed_000.pdb,64.08
4783,bbarrel/single_seq_48recyc/colab_att/HBI_b_53_unrelaxed_rank_002_alphafold2_ptm_model_1_seed_000.pdb,86.91
4784,bbarrel/single_seq_48recyc/colab_att/HBI_b_34_unrelaxed_rank_004_alphafold2_ptm_model_3_seed_000.pdb,77.59
4785,bbarrel/single_seq_48recyc/colab_att/HBI_b_14_unrelaxed_rank_001_alphafold2_ptm_model_2_seed_000.pdb,88.27
4786,bbarrel/single_seq_48recyc/colab_att/HBI_b_21_unrelaxed_rank_004_alphafold2_ptm_model_3_seed_000.pdb,86.39
4787,bbarrel/single_seq_48recyc/colab_att/HBI_b_03_unrelaxed_rank_001_alphafold2_ptm_model_5_seed_000.pdb,77.83
4788,bbarrel/single_seq_48recyc/colab_att/HBI_b_56_unrelaxed_rank_001_alphafold2_ptm_model_5_seed_000.pdb,86.99
4789,bbarrel/single_seq_48recyc/colab_att/TMB2.59_unrelaxed_rank_003_alphafold2_ptm_model_5_seed_000.pdb,78.9
4790,bbarrel/single_seq_48recyc/colab_att/TMB2.75_unrelaxed_rank_004_alphafold2_ptm_model_5_seed_000.pdb,59.76
4791,bbarrel/single_seq_48recyc/colab_att/TMB2.82_unrelaxed_rank_004_alphafold2_ptm_model_1_seed_000.pdb,41.39
4792,bbarrel/single_seq_48recyc/colab_att/HBI_b_32_unrelaxed_rank_001_alphafold2_ptm_model_1_seed_000.pdb,89.46
4793,bbarrel/single_seq_48recyc/colab_att/TMB2.36_unrelaxed_rank_001_alphafold2_ptm_model_5_seed_000.pdb,79.71
4794,bbarrel/single_seq_48recyc/colab_att/HBI_b_34_unrelaxed_rank_003_alphafold2_ptm_model_4_seed_000.pdb,77.85
4795,bbarrel/single_seq_48recyc/colab_att/TMB2.87_unrelaxed_rank_003_alphafold2_ptm_model_1_seed_000.pdb,34.94
4796,bbarrel/single_seq_48recyc/colab_att/TMB2.27_unrelaxed_rank_004_alphafold2_ptm_model_3_seed_000.pdb,30.54
4797,bbarrel/single_seq_48recyc/colab_att/TMB2.47_unrelaxed_rank_001_alphafold2_ptm_model_2_seed_000.pdb,87.26
4798,bbarrel/single_seq_48recyc/colab_att/HBI_b_34_unrelaxed_rank_001_alphafold2_ptm_model_2_seed_000.pdb,79.98
4799,bbarrel/single_seq_48recyc/colab_att/HBI_b_17_unrelaxed_rank_002_alphafold2_ptm_model_2_seed_000.pdb,81.23
4800,bbarrel/single_seq_48recyc/colab_att/TMB2.87_unrelaxed_rank_004_alphafold2_ptm_model_5_seed_000.pdb,33.01
4801,bbarrel/single_seq_48recyc/colab_att/HBI_b_38_unrelaxed_rank_004_alphafold2_ptm_model_2_seed_000.pdb,82.06
4802,bbarrel/single_seq_48recyc/colab_att/TMB2.5_unrelaxed_rank_003_alphafold2_ptm_model_1_seed_000.pdb,39.87
4803,bbarrel/single_seq_48recyc/colab_att/HBI_b_17_unrelaxed_rank_001_alphafold2_ptm_model_1_seed_000.pdb,86.15
4804,bbarrel/single_seq_48recyc/colab_att/TMB2.67_unrelaxed_rank_002_alphafold2_ptm_model_4_seed_000.pdb,85.07
4805,bbarrel/single_seq_48recyc/colab_att/TMB2.17_unrelaxed_rank_003_alphafold2_ptm_model_5_seed_000.pdb,85.79
4806,bbarrel/single_seq_48recyc/colab_att/TMB2.65_unrelaxed_rank_003_alphafold2_ptm_model_5_seed_000.pdb,87.41
4807,bbarrel/single_seq_48recyc/colab_att/TMB2.57_unrelaxed_rank_005_alphafold2_ptm_model_3_seed_000.pdb,34.07
4808,bbarrel/single_seq_48recyc/colab_att/TMB2.11_unrelaxed_rank_003_alphafold2_ptm_model_2_seed_000.pdb,51.18
4809,bbarrel/single_seq_48recyc/colab_att/TMB2.35_unrelaxed_rank_005_alphafold2_ptm_model_4_seed_000.pdb,37.72
4810,bbarrel/single_seq_48recyc/colab_att/TMB2.79_unrelaxed_rank_003_alphafold2_ptm_model_4_seed_000.pdb,85.64
4811,bbarrel/single_seq_48recyc/colab_att/TMB2.52_unrelaxed_rank_001_alphafold2_ptm_model_5_seed_000.pdb,78.07
4812,bbarrel/single_seq_48recyc/colab_att/TMB2.44_unrelaxed_rank_005_alphafold2_ptm_model_1_seed_000.pdb,62.96
4813,bbarrel/single_seq_48recyc/colab_att/HBI_b_08_unrelaxed_rank_005_alphafold2_ptm_model_2_seed_000.pdb,69.97
4814,bbarrel/single_seq_48recyc/colab_att/TMB2.50_unrelaxed_rank_004_alphafold2_ptm_model_5_seed_000.pdb,33.1
4815,bbarrel/single_seq_48recyc/colab_att/HBI_b_56_unrelaxed_rank_003_alphafold2_ptm_model_2_seed_000.pdb,84.7
4816,bbarrel/single_seq_48recyc/colab_att/TMB2.71_unrelaxed_rank_002_alphafold2_ptm_model_4_seed_000.pdb,87.22
4817,bbarrel/single_seq_48recyc/colab_att/TMB2.58_unrelaxed_rank_003_alphafold2_ptm_model_5_seed_000.pdb,72.36
4818,bbarrel/single_seq_48recyc/colab_att/TMB2.11_unrelaxed_rank_002_alphafold2_ptm_model_1_seed_000.pdb,56.04
4819,bbarrel/single_seq_48recyc/colab_att/TMB2.43_unrelaxed_rank_003_alphafold2_ptm_model_5_seed_000.pdb,59.28
4820,bbarrel/single_seq_48recyc/colab_att/HBI_b_13_unrelaxed_rank_002_alphafold2_ptm_model_2_seed_000.pdb,79.76
4821,bbarrel/single_seq_48recyc/colab_att/TMB2.1_unrelaxed_rank_002_alphafold2_ptm_model_2_seed_000.pdb,39.72
4822,bbarrel/single_seq_48recyc/colab_att/TMB2.29_unrelaxed_rank_004_alphafold2_ptm_model_2_seed_000.pdb,80.76
4823,bbarrel/single_seq_48recyc/colab_att/TMB2.75_unrelaxed_rank_005_alphafold2_ptm_model_3_seed_000.pdb,54.5
4824,bbarrel/single_seq_48recyc/colab_att/TMB2.2_unrelaxed_rank_001_alphafold2_ptm_model_2_seed_000.pdb,85.92
4825,bbarrel/single_seq_48recyc/colab_att/TMB2.33_unrelaxed_rank_005_alphafold2_ptm_model_3_seed_000.pdb,31.68
4826,bbarrel/single_seq_48recyc/colab_att/TMB2.89_unrelaxed_rank_001_alphafold2_ptm_model_4_seed_000.pdb,56.07
4827,bbarrel/single_seq_48recyc/colab_att/TMB2.87_unrelaxed_rank_001_alphafold2_ptm_model_2_seed_000.pdb,65.86
4828,bbarrel/single_seq_48recyc/colab_att/TMB2.79_unrelaxed_rank_002_alphafold2_ptm_model_2_seed_000.pdb,90.4
4829,bbarrel/single_seq_48recyc/colab_att/TMB2.26_unrelaxed_rank_005_alphafold2_ptm_model_3_seed_000.pdb,31.31
4830,bbarrel/single_seq_48recyc/colab_att/TMB2.44_unrelaxed_rank_003_alphafold2_ptm_model_5_seed_000.pdb,71.87
4831,bbarrel/single_seq_48recyc/colab_att/HBI_b_43_unrelaxed_rank_004_alphafold2_ptm_model_5_seed_000.pdb,73.15
4832,bbarrel/single_seq_48recyc/colab_att/HBI_b_15_unrelaxed_rank_005_alphafold2_ptm_model_3_seed_000.pdb,83.27
4833,bbarrel/single_seq_48recyc/colab_att/TMB2.35_unrelaxed_rank_003_alphafold2_ptm_model_2_seed_000.pdb,46.6
4834,bbarrel/single_seq_48recyc/colab_att/TMB2.30_unrelaxed_rank_004_alphafold2_ptm_model_5_seed_000.pdb,33.67
4835,bbarrel/single_seq_48recyc/colab_att/TMB2.3_unrelaxed_rank_003_alphafold2_ptm_model_4_seed_000.pdb,48.33
4836,bbarrel/single_seq_48recyc/colab_att/TMB2.44_unrelaxed_rank_002_alphafold2_ptm_model_4_seed_000.pdb,83.55
4837,bbarrel/single_seq_48recyc/colab_att/TMB2.84_unrelaxed_rank_005_alphafold2_ptm_model_1_seed_000.pdb,37.82
4838,bbarrel/single_seq_48recyc/colab_att/TMB2.14_unrelaxed_rank_001_alphafold2_ptm_model_4_seed_000.pdb,88.11
4839,bbarrel/single_seq_48recyc/colab_att/TMB2.22_unrelaxed_rank_003_alphafold2_ptm_model_5_seed_000.pdb,85.29
4840,bbarrel/single_seq_48recyc/colab_att/TMB2.77_unrelaxed_rank_004_alphafold2_ptm_model_3_seed_000.pdb,55.44
4841,bbarrel/single_seq_48recyc/colab_att/TMB2.89_unrelaxed_rank_005_alphafold2_ptm_model_5_seed_000.pdb,36.32
4842,bbarrel/single_seq_48recyc/colab_att/TMB2.58_unrelaxed_rank_005_alphafold2_ptm_model_1_seed_000.pdb,38.66
4843,bbarrel/single_seq_48recyc/colab_att/TMB2.32_unrelaxed_rank_002_alphafold2_ptm_model_5_seed_000.pdb,75.89
4844,bbarrel/single_seq_48recyc/colab_att/TMB2.21_unrelaxed_rank_001_alphafold2_ptm_model_2_seed_000.pdb,84.26
4845,bbarrel/single_seq_48recyc/colab_att/TMB2.21_unrelaxed_rank_002_alphafold2_ptm_model_4_seed_000.pdb,81.07
4846,bbarrel/single_seq_48recyc/colab_att/TMB2.81_unrelaxed_rank_003_alphafold2_ptm_model_2_seed_000.pdb,50.24
4847,bbarrel/single_seq_48recyc/colab_att/HBI_b_19_unrelaxed_rank_004_alphafold2_ptm_model_2_seed_000.pdb,86.04
4848,bbarrel/single_seq_48recyc/colab_att/TMB2.11_unrelaxed_rank_005_alphafold2_ptm_model_5_seed_000.pdb,35.86
4849,bbarrel/single_seq_48recyc/colab_att/TMB2.68_unrelaxed_rank_004_alphafold2_ptm_model_1_seed_000.pdb,53.0
4850,bbarrel/single_seq_48recyc/colab_att/HBI_b_16_unrelaxed_rank_005_alphafold2_ptm_model_2_seed_000.pdb,74.12
4851,bbarrel/single_seq_48recyc/colab_att/HBI_b_17_unrelaxed_rank_004_alphafold2_ptm_model_3_seed_000.pdb,77.59
4852,bbarrel/single_seq_48recyc/colab_att/TMB2.28_unrelaxed_rank_003_alphafold2_ptm_model_1_seed_000.pdb,36.55
4853,bbarrel/single_seq_48recyc/colab_att/TMB2.71_unrelaxed_rank_005_alphafold2_ptm_model_1_seed_000.pdb,40.55
4854,bbarrel/single_seq_48recyc/colab_att/HBI_b_35_unrelaxed_rank_005_alphafold2_ptm_model_2_seed_000.pdb,52.62
4855,bbarrel/single_seq_48recyc/colab_att/TMB2.44_unrelaxed_rank_001_alphafold2_ptm_model_2_seed_000.pdb,86.27
4856,bbarrel/single_seq_48recyc/colab_att/TMB2.33_unrelaxed_rank_003_alphafold2_ptm_model_2_seed_000.pdb,39.31
4857,bbarrel/single_seq_48recyc/colab_att/TMB2.31_unrelaxed_rank_005_alphafold2_ptm_model_1_seed_000.pdb,65.42
4858,bbarrel/single_seq_48recyc/colab_att/HBI_b_55_unrelaxed_rank_001_alphafold2_ptm_model_1_seed_000.pdb,86.99
4859,bbarrel/single_seq_48recyc/colab_att/TMB2.38_unrelaxed_rank_002_alphafold2_ptm_model_2_seed_000.pdb,31.47
4860,bbarrel/single_seq_48recyc/colab_att/HBI_b_10_unrelaxed_rank_004_alphafold2_ptm_model_1_seed_000.pdb,88.3
4861,bbarrel/single_seq_48recyc/colab_att/TMB2.29_unrelaxed_rank_001_alphafold2_ptm_model_5_seed_000.pdb,88.27
4862,bbarrel/single_seq_48recyc/colab_att/HBI_b_04_unrelaxed_rank_005_alphafold2_ptm_model_3_seed_000.pdb,68.91
4863,bbarrel/single_seq_48recyc/colab_att/TMB2.51_unrelaxed_rank_004_alphafold2_ptm_model_1_seed_000.pdb,30.6
4864,bbarrel/single_seq_48recyc/colab_att/TMB2.68_unrelaxed_rank_005_alphafold2_ptm_model_5_seed_000.pdb,39.3
4865,bbarrel/single_seq_48recyc/colab_att/TMB2.59_unrelaxed_rank_005_alphafold2_ptm_model_1_seed_000.pdb,69.8
4866,bbarrel/single_seq_48recyc/colab_att/HBI_b_04_unrelaxed_rank_003_alphafold2_ptm_model_1_seed_000.pdb,71.0
4867,bbarrel/single_seq_48recyc/colab_att/TMB2.70_unrelaxed_rank_001_alphafold2_ptm_model_2_seed_000.pdb,90.11
4868,bbarrel/single_seq_48recyc/colab_att/TMB2.19_unrelaxed_rank_002_alphafold2_ptm_model_5_seed_000.pdb,82.25
4869,bbarrel/single_seq_48recyc/colab_att/TMB2.39_unrelaxed_rank_004_alphafold2_ptm_model_3_seed_000.pdb,31.55
4870,bbarrel/single_seq_48recyc/colab_att/TMB2.28_unrelaxed_rank_005_alphafold2_ptm_model_3_seed_000.pdb,32.32
4871,bbarrel/single_seq_48recyc/colab_att/TMB2.34_unrelaxed_rank_001_alphafold2_ptm_model_4_seed_000.pdb,84.0
4872,bbarrel/single_seq_48recyc/colab_att/HBI_b_53_unrelaxed_rank_001_alphafold2_ptm_model_2_seed_000.pdb,87.64
4873,bbarrel/single_seq_48recyc/colab_att/TMB2.9_unrelaxed_rank_003_alphafold2_ptm_model_2_seed_000.pdb,44.14
4874,bbarrel/single_seq_48recyc/colab_att/TMB2.67_unrelaxed_rank_005_alphafold2_ptm_model_5_seed_000.pdb,33.51
4875,bbarrel/single_seq_48recyc/colab_att/TMB2.27_unrelaxed_rank_001_alphafold2_ptm_model_4_seed_000.pdb,86.53
4876,bbarrel/single_seq_48recyc/colab_att/HBI_b_02_unrelaxed_rank_004_alphafold2_ptm_model_5_seed_000.pdb,84.07
4877,bbarrel/single_seq_48recyc/colab_att/HBI_b_38_unrelaxed_rank_001_alphafold2_ptm_model_1_seed_000.pdb,86.01
4878,bbarrel/single_seq_48recyc/colab_att/HBI_b_16_unrelaxed_rank_001_alphafold2_ptm_model_1_seed_000.pdb,85.83
4879,bbarrel/single_seq_48recyc/colab_att/TMB2.80_unrelaxed_rank_004_alphafold2_ptm_model_2_seed_000.pdb,53.8
4880,bbarrel/single_seq_48recyc/colab_att/HBI_b_50_unrelaxed_rank_002_alphafold2_ptm_model_1_seed_000.pdb,90.03
4881,bbarrel/single_seq_48recyc/colab_att/TMB2.66_unrelaxed_rank_004_alphafold2_ptm_model_5_seed_000.pdb,36.26
4882,bbarrel/single_seq_48recyc/colab_att/TMB2.30_unrelaxed_rank_005_alphafold2_ptm_model_3_seed_000.pdb,33.59
4883,bbarrel/single_seq_48recyc/colab_att/HBI_b_28_unrelaxed_rank_004_alphafold2_ptm_model_5_seed_000.pdb,78.01
4884,bbarrel/single_seq_48recyc/colab_att/HBI_b_31_unrelaxed_rank_002_alphafold2_ptm_model_1_seed_000.pdb,82.71
4885,bbarrel/single_seq_48recyc/colab_att/TMB2.38_unrelaxed_rank_001_alphafold2_ptm_model_1_seed_000.pdb,32.78
4886,bbarrel/single_seq_48recyc/colab_att/TMB2.73_unrelaxed_rank_005_alphafold2_ptm_model_3_seed_000.pdb,31.65
4887,bbarrel/single_seq_48recyc/colab_att/HBI_b_37_unrelaxed_rank_005_alphafold2_ptm_model_5_seed_000.pdb,82.9
4888,bbarrel/single_seq_48recyc/colab_att/TMB2.75_unrelaxed_rank_001_alphafold2_ptm_model_4_seed_000.pdb,84.85
4889,bbarrel/single_seq_48recyc/colab_att/HBI_b_25_unrelaxed_rank_002_alphafold2_ptm_model_3_seed_000.pdb,88.31
4890,bbarrel/single_seq_48recyc/colab_att/HBI_b_41_unrelaxed_rank_002_alphafold2_ptm_model_5_seed_000.pdb,86.25
4891,bbarrel/single_seq_48recyc/colab_att/HBI_b_14_unrelaxed_rank_004_alphafold2_ptm_model_4_seed_000.pdb,86.69
4892,bbarrel/single_seq_48recyc/colab_att/TMB2.73_unrelaxed_rank_003_alphafold2_ptm_model_5_seed_000.pdb,37.6
4893,bbarrel/single_seq_48recyc/colab_att/TMB2.49_unrelaxed_rank_005_alphafold2_ptm_model_3_seed_000.pdb,32.34
4894,bbarrel/single_seq_48recyc/colab_att/TMB2.80_unrelaxed_rank_001_alphafold2_ptm_model_4_seed_000.pdb,76.9
4895,bbarrel/single_seq_48recyc/colab_att/TMB2.49_unrelaxed_rank_003_alphafold2_ptm_model_1_seed_000.pdb,45.96
4896,bbarrel/single_seq_48recyc/colab_att/TMB2.72_unrelaxed_rank_004_alphafold2_ptm_model_2_seed_000.pdb,37.21
4897,bbarrel/single_seq_48recyc/colab_att/TMB2.71_unrelaxed_rank_003_alphafold2_ptm_model_5_seed_000.pdb,78.1
4898,bbarrel/single_seq_48recyc/colab_att/HBI_b_35_unrelaxed_rank_001_alphafold2_ptm_model_1_seed_000.pdb,86.51
4899,bbarrel/single_seq_48recyc/colab_att/TMB2.36_unrelaxed_rank_003_alphafold2_ptm_model_2_seed_000.pdb,41.35
4900,bbarrel/single_seq_48recyc/colab_att/TMB2.74_unrelaxed_rank_002_alphafold2_ptm_model_1_seed_000.pdb,63.59
4901,bbarrel/single_seq_48recyc/colab_att/TMB2.22_unrelaxed_rank_005_alphafold2_ptm_model_3_seed_000.pdb,50.57
4902,bbarrel/single_seq_48recyc/colab_att/HBI_b_15_unrelaxed_rank_002_alphafold2_ptm_model_5_seed_000.pdb,88.56
4903,bbarrel/single_seq_48recyc/colab_att/HBI_b_07_unrelaxed_rank_005_alphafold2_ptm_model_3_seed_000.pdb,86.93
4904,bbarrel/single_seq_48recyc/colab_att/TMB2.35_unrelaxed_rank_002_alphafold2_ptm_model_1_seed_000.pdb,51.64
4905,bbarrel/single_seq_48recyc/colab_att/HBI_b_39_unrelaxed_rank_005_alphafold2_ptm_model_5_seed_000.pdb,79.36
4906,bbarrel/single_seq_48recyc/colab_att/TMB2.82_unrelaxed_rank_001_alphafold2_ptm_model_4_seed_000.pdb,88.16
4907,bbarrel/single_seq_48recyc/colab_att/TMB2.72_unrelaxed_rank_005_alphafold2_ptm_model_5_seed_000.pdb,32.75
4908,bbarrel/single_seq_48recyc/colab_att/HBI_b_37_unrelaxed_rank_001_alphafold2_ptm_model_2_seed_000.pdb,89.94
4909,bbarrel/single_seq_48recyc/colab_att/TMB2.89_unrelaxed_rank_004_alphafold2_ptm_model_2_seed_000.pdb,46.28
4910,bbarrel/single_seq_48recyc/colab_att/TMB2.57_unrelaxed_rank_002_alphafold2_ptm_model_5_seed_000.pdb,80.12
4911,bbarrel/single_seq_48recyc/colab_att/TMB2.3_unrelaxed_rank_005_alphafold2_ptm_model_3_seed_000.pdb,30.11
4912,bbarrel/single_seq_48recyc/colab_att/HBI_b_38_unrelaxed_rank_005_alphafold2_ptm_model_5_seed_000.pdb,81.26
4913,bbarrel/single_seq_48recyc/colab_att/HBI_b_21_unrelaxed_rank_002_alphafold2_ptm_model_4_seed_000.pdb,86.9
4914,bbarrel/single_seq_48recyc/colab_att/HBI_b_09_unrelaxed_rank_001_alphafold2_ptm_model_5_seed_000.pdb,87.95
4915,bbarrel/single_seq_48recyc/colab_att/HBI_b_26_unrelaxed_rank_003_alphafold2_ptm_model_5_seed_000.pdb,88.77
4916,bbarrel/single_seq_48recyc/colab_att/TMB2.83_unrelaxed_rank_005_alphafold2_ptm_model_3_seed_000.pdb,67.28
4917,bbarrel/single_seq_48recyc/colab_att/TMB2.84_unrelaxed_rank_002_alphafold2_ptm_model_5_seed_000.pdb,52.17
4918,bbarrel/single_seq_48recyc/colab_att/TMB2.66_unrelaxed_rank_002_alphafold2_ptm_model_2_seed_000.pdb,46.82
4919,bbarrel/single_seq_48recyc/colab_att/HBI_b_41_unrelaxed_rank_005_alphafold2_ptm_model_2_seed_000.pdb,52.57
4920,bbarrel/single_seq_48recyc/colab_att/TMB2.83_unrelaxed_rank_003_alphafold2_ptm_model_4_seed_000.pdb,85.59
4921,bbarrel/single_seq_48recyc/colab_att/TMB2.7_unrelaxed_rank_001_alphafold2_ptm_model_4_seed_000.pdb,60.61
4922,bbarrel/single_seq_48recyc/colab_att/HBI_b_44_unrelaxed_rank_004_alphafold2_ptm_model_3_seed_000.pdb,80.22
4923,bbarrel/single_seq_48recyc/colab_att/TMB2.76_unrelaxed_rank_005_alphafold2_ptm_model_1_seed_000.pdb,33.76
4924,bbarrel/single_seq_48recyc/colab_att/HBI_b_04_unrelaxed_rank_002_alphafold2_ptm_model_5_seed_000.pdb,73.83
4925,bbarrel/single_seq_48recyc/colab_att/TMB2.59_unrelaxed_rank_004_alphafold2_ptm_model_3_seed_000.pdb,73.65
4926,bbarrel/single_seq_48recyc/colab_att/TMB2.51_unrelaxed_rank_003_alphafold2_ptm_model_3_seed_000.pdb,32.36
4927,bbarrel/single_seq_48recyc/colab_att/HBI_b_56_unrelaxed_rank_004_alphafold2_ptm_model_1_seed_000.pdb,83.07
4928,bbarrel/single_seq_48recyc/colab_att/TMB2.15_unrelaxed_rank_003_alphafold2_ptm_model_2_seed_000.pdb,32.34
4929,bbarrel/single_seq_48recyc/colab_att/HBI_b_28_unrelaxed_rank_005_alphafold2_ptm_model_3_seed_000.pdb,77.79
4930,bbarrel/single_seq_48recyc/colab_att/HBI_b_10_unrelaxed_rank_003_alphafold2_ptm_model_5_seed_000.pdb,88.42
4931,bbarrel/single_seq_48recyc/colab_att/HBI_b_40_unrelaxed_rank_004_alphafold2_ptm_model_2_seed_000.pdb,82.6
4932,bbarrel/single_seq_48recyc/colab_att/TMB2.64_unrelaxed_rank_004_alphafold2_ptm_model_2_seed_000.pdb,36.01
4933,bbarrel/single_seq_48recyc/colab_att/TMB2.5_unrelaxed_rank_002_alphafold2_ptm_model_5_seed_000.pdb,82.49
4934,bbarrel/single_seq_48recyc/colab_att/TMB2.18_unrelaxed_rank_001_alphafold2_ptm_model_4_seed_000.pdb,86.44
4935,bbarrel/single_seq_48recyc/colab_att/TMB2.81_unrelaxed_rank_001_alphafold2_ptm_model_4_seed_000.pdb,80.11
4936,bbarrel/single_seq_48recyc/colab_att/TMB2.32_unrelaxed_rank_004_alphafold2_ptm_model_3_seed_000.pdb,41.25
4937,bbarrel/single_seq_48recyc/colab_att/TMB2.76_unrelaxed_rank_003_alphafold2_ptm_model_5_seed_000.pdb,87.99
4938,bbarrel/single_seq_48recyc/colab_att/TMB2.26_unrelaxed_rank_001_alphafold2_ptm_model_4_seed_000.pdb,81.15
4939,bbarrel/single_seq_48recyc/colab_att/HBI_b_21_unrelaxed_rank_003_alphafold2_ptm_model_1_seed_000.pdb,86.44
4940,bbarrel/single_seq_48recyc/colab_att/TMB2.60_unrelaxed_rank_001_alphafold2_ptm_model_5_seed_000.pdb,87.37
4941,bbarrel/single_seq_48recyc/colab_att/HBI_b_33_unrelaxed_rank_005_alphafold2_ptm_model_4_seed_000.pdb,76.62
4942,bbarrel/single_seq_48recyc/colab_att/HBI_b_43_unrelaxed_rank_005_alphafold2_ptm_model_3_seed_000.pdb,53.78
4943,bbarrel/single_seq_48recyc/colab_att/TMB2.9_unrelaxed_rank_005_alphafold2_ptm_model_3_seed_000.pdb,31.02
4944,bbarrel/single_seq_48recyc/colab_att/HBI_b_07_unrelaxed_rank_003_alphafold2_ptm_model_5_seed_000.pdb,87.55
4945,bbarrel/single_seq_48recyc/colab_att/TMB2.29_unrelaxed_rank_005_alphafold2_ptm_model_1_seed_000.pdb,36.29
4946,bbarrel/single_seq_48recyc/colab_att/HBI_b_49_unrelaxed_rank_005_alphafold2_ptm_model_5_seed_000.pdb,87.0
4947,bbarrel/single_seq_48recyc/colab_att/TMB2.23_unrelaxed_rank_002_alphafold2_ptm_model_2_seed_000.pdb,50.31
4948,bbarrel/single_seq_48recyc/colab_att/TMB2.62_unrelaxed_rank_003_alphafold2_ptm_model_2_seed_000.pdb,50.03
4949,bbarrel/single_seq_48recyc/colab_att/TMB2.86_unrelaxed_rank_004_alphafold2_ptm_model_5_seed_000.pdb,35.89
4950,bbarrel/single_seq_48recyc/colab_att/HBI_b_22_unrelaxed_rank_001_alphafold2_ptm_model_2_seed_000.pdb,91.9
4951,bbarrel/single_seq_48recyc/colab_att/HBI_b_41_unrelaxed_rank_004_alphafold2_ptm_model_3_seed_000.pdb,67.03
4952,bbarrel/single_seq_48recyc/colab_att/HBI_b_19_unrelaxed_rank_001_alphafold2_ptm_model_1_seed_000.pdb,88.59
4953,bbarrel/single_seq_48recyc/colab_att/TMB2.66_unrelaxed_rank_005_alphafold2_ptm_model_3_seed_000.pdb,30.82
4954,bbarrel/single_seq_48recyc/colab_att/TMB2.23_unrelaxed_rank_005_alphafold2_ptm_model_3_seed_000.pdb,33.54
4955,bbarrel/single_seq_48recyc/colab_att/TMB2.62_unrelaxed_rank_002_alphafold2_ptm_model_3_seed_000.pdb,75.73
4956,bbarrel/single_seq_48recyc/colab_att/TMB2.38_unrelaxed_rank_003_alphafold2_ptm_model_5_seed_000.pdb,31.38
4957,bbarrel/single_seq_48recyc/colab_att/TMB2.81_unrelaxed_rank_002_alphafold2_ptm_model_1_seed_000.pdb,79.85
4958,bbarrel/single_seq_48recyc/colab_att/TMB2.48_unrelaxed_rank_005_alphafold2_ptm_model_3_seed_000.pdb,28.81
4959,bbarrel/single_seq_48recyc/colab_att/TMB2.83_unrelaxed_rank_002_alphafold2_ptm_model_2_seed_000.pdb,90.53
4960,bbarrel/single_seq_48recyc/colab_att/TMB2.88_unrelaxed_rank_005_alphafold2_ptm_model_5_seed_000.pdb,36.94
4961,bbarrel/single_seq_48recyc/colab_att/TMB2.21_unrelaxed_rank_005_alphafold2_ptm_model_1_seed_000.pdb,29.24
4962,bbarrel/single_seq_48recyc/colab_att/TMB2.26_unrelaxed_rank_004_alphafold2_ptm_model_1_seed_000.pdb,31.75
4963,bbarrel/single_seq_48recyc/colab_att/TMB2.1_unrelaxed_rank_001_alphafold2_ptm_model_4_seed_000.pdb,46.66
4964,bbarrel/single_seq_48recyc/colab_att/TMB2.79_unrelaxed_rank_004_alphafold2_ptm_model_5_seed_000.pdb,40.22
4965,bbarrel/single_seq_48recyc/colab_att/HBI_b_25_unrelaxed_rank_004_alphafold2_ptm_model_5_seed_000.pdb,86.08
4966,bbarrel/single_seq_48recyc/colab_att/TMB2.72_unrelaxed_rank_001_alphafold2_ptm_model_4_seed_000.pdb,75.75
4967,bbarrel/single_seq_48recyc/colab_att/TMB2.54_unrelaxed_rank_004_alphafold2_ptm_model_5_seed_000.pdb,35.92
4968,bbarrel/single_seq_48recyc/colab_att/HBI_b_43_unrelaxed_rank_002_alphafold2_ptm_model_2_seed_000.pdb,85.81
4969,bbarrel/single_seq_48recyc/colab_att/TMB2.71_unrelaxed_rank_001_alphafold2_ptm_model_3_seed_000.pdb,87.51
4970,bbarrel/single_seq_48recyc/colab_att/HBI_b_27_unrelaxed_rank_002_alphafold2_ptm_model_3_seed_000.pdb,85.19
4971,bbarrel/single_seq_48recyc/colab_att/TMB2.18_unrelaxed_rank_005_alphafold2_ptm_model_3_seed_000.pdb,32.72
4972,bbarrel/single_seq_48recyc/colab_att/TMB2.18_unrelaxed_rank_002_alphafold2_ptm_model_1_seed_000.pdb,77.73
4973,bbarrel/single_seq_48recyc/colab_att/TMB2.74_unrelaxed_rank_001_alphafold2_ptm_model_4_seed_000.pdb,80.09
4974,bbarrel/single_seq_48recyc/colab_att/TMB2.50_unrelaxed_rank_001_alphafold2_ptm_model_4_seed_000.pdb,88.31
4975,bbarrel/single_seq_48recyc/colab_att/TMB2.89_unrelaxed_rank_003_alphafold2_ptm_model_3_seed_000.pdb,47.27
4976,bbarrel/single_seq_48recyc/colab_att/TMB2.14_unrelaxed_rank_004_alphafold2_ptm_model_1_seed_000.pdb,40.39
4977,bbarrel/single_seq_48recyc/colab_att/TMB2.58_unrelaxed_rank_002_alphafold2_ptm_model_2_seed_000.pdb,79.75
4978,bbarrel/single_seq_48recyc/colab_att/HBI_b_04_unrelaxed_rank_001_alphafold2_ptm_model_2_seed_000.pdb,75.25
4979,bbarrel/single_seq_48recyc/colab_att/TMB2.49_unrelaxed_rank_002_alphafold2_ptm_model_2_seed_000.pdb,71.72
4980,bbarrel/single_seq_48recyc/colab_att/HBI_b_53_unrelaxed_rank_005_alphafold2_ptm_model_4_seed_000.pdb,84.83
4981,bbarrel/single_seq_48recyc/colab_att/TMB2.70_unrelaxed_rank_002_alphafold2_ptm_model_5_seed_000.pdb,86.4
4982,bbarrel/single_seq_48recyc/colab_att/TMB2.82_unrelaxed_rank_005_alphafold2_ptm_model_2_seed_000.pdb,34.12
4983,bbarrel/single_seq_48recyc/colab_att/TMB2.24_unrelaxed_rank_004_alphafold2_ptm_model_1_seed_000.pdb,59.15
4984,bbarrel/single_seq_48recyc/colab_att/TMB2.17_unrelaxed_rank_002_alphafold2_ptm_model_4_seed_000.pdb,91.3
4985,bbarrel/single_seq_48recyc/colab_att/HBI_b_32_unrelaxed_rank_004_alphafold2_ptm_model_3_seed_000.pdb,88.56
4986,bbarrel/single_seq_48recyc/colab_att/TMB2.47_unrelaxed_rank_002_alphafold2_ptm_model_4_seed_000.pdb,83.38
4987,bbarrel/single_seq_48recyc/colab_att/HBI_b_28_unrelaxed_rank_001_alphafold2_ptm_model_2_seed_000.pdb,89.02
4988,bbarrel/single_seq_48recyc/colab_att/HBI_b_09_unrelaxed_rank_005_alphafold2_ptm_model_4_seed_000.pdb,86.0
4989,bbarrel/single_seq_48recyc/colab_att/TMB2.11_unrelaxed_rank_004_alphafold2_ptm_model_3_seed_000.pdb,36.14
4990,bbarrel/single_seq_48recyc/colab_att/TMB2.9_unrelaxed_rank_001_alphafold2_ptm_model_4_seed_000.pdb,68.47
4991,bbarrel/single_seq_48recyc/colab_att/TMB2.43_unrelaxed_rank_005_alphafold2_ptm_model_1_seed_000.pdb,40.63
4992,bbarrel/single_seq_48recyc/colab_att/TMB2.21_unrelaxed_rank_003_alphafold2_ptm_model_5_seed_000.pdb,74.48
4993,bbarrel/single_seq_48recyc/colab_att/TMB2.65_unrelaxed_rank_002_alphafold2_ptm_model_4_seed_000.pdb,87.64
4994,bbarrel/single_seq_48recyc/colab_att/TMB2.7_unrelaxed_rank_004_alphafold2_ptm_model_5_seed_000.pdb,32.06
4995,bbarrel/single_seq_48recyc/colab_att/TMB2.25_unrelaxed_rank_003_alphafold2_ptm_model_3_seed_000.pdb,47.63
4996,bbarrel/single_seq_48recyc/colab_att/HBI_b_15_unrelaxed_rank_001_alphafold2_ptm_model_4_seed_000.pdb,89.5
4997,bbarrel/single_seq_48recyc/colab_att/TMB2.85_unrelaxed_rank_005_alphafold2_ptm_model_2_seed_000.pdb,44.34
4998,bbarrel/single_seq_48recyc/colab_att/TMB2.68_unrelaxed_rank_002_alphafold2_ptm_model_4_seed_000.pdb,81.15
4999,bbarrel/single_seq_48recyc/colab_att/TMB2.56_unrelaxed_rank_004_alphafold2_ptm_model_3_seed_000.pdb,31.59
5000,bbarrel/single_seq_48recyc/colab_att/HBI_b_28_unrelaxed_rank_003_alphafold2_ptm_model_4_seed_000.pdb,82.84
5001,bbarrel/single_seq_48recyc/colab_att/TMB2.5_unrelaxed_rank_001_alphafold2_ptm_model_4_seed_000.pdb,85.63
5002,bbarrel/single_seq_48recyc/colab_att/HBI_b_40_unrelaxed_rank_002_alphafold2_ptm_model_4_seed_000.pdb,88.62
5003,bbarrel/single_seq_48recyc/colab_att/TMB2.36_unrelaxed_rank_004_alphafold2_ptm_model_3_seed_000.pdb,34.76
5004,bbarrel/single_seq_48recyc/colab_att/TMB2.34_unrelaxed_rank_003_alphafold2_ptm_model_2_seed_000.pdb,39.37
5005,bbarrel/single_seq_48recyc/colab_att/TMB2.25_unrelaxed_rank_002_alphafold2_ptm_model_5_seed_000.pdb,56.58
5006,bbarrel/single_seq_48recyc/colab_att/HBI_b_45_unrelaxed_rank_005_alphafold2_ptm_model_2_seed_000.pdb,53.96
5007,bbarrel/single_seq_48recyc/colab_att/TMB2.41_unrelaxed_rank_001_alphafold2_ptm_model_4_seed_000.pdb,88.12
5008,bbarrel/single_seq_48recyc/colab_att/TMB2.2_unrelaxed_rank_004_alphafold2_ptm_model_1_seed_000.pdb,52.42
5009,bbarrel/single_seq_48recyc/colab_att/HBI_b_22_unrelaxed_rank_005_alphafold2_ptm_model_3_seed_000.pdb,88.3
5010,bbarrel/single_seq_48recyc/colab_att/TMB2.86_unrelaxed_rank_001_alphafold2_ptm_model_4_seed_000.pdb,68.38
5011,bbarrel/single_seq_48recyc/colab_att/HBI_b_02_unrelaxed_rank_003_alphafold2_ptm_model_3_seed_000.pdb,84.58
5012,bbarrel/single_seq_48recyc/colab_att/TMB2.60_unrelaxed_rank_002_alphafold2_ptm_model_4_seed_000.pdb,84.25
5013,bbarrel/single_seq_48recyc/colab_att/HBI_b_32_unrelaxed_rank_005_alphafold2_ptm_model_4_seed_000.pdb,87.86
5014,bbarrel/single_seq_48recyc/colab_att/TMB2.15_unrelaxed_rank_001_alphafold2_ptm_model_1_seed_000.pdb,35.35
5015,bbarrel/single_seq_48recyc/colab_att/TMB2.42_unrelaxed_rank_003_alphafold2_ptm_model_1_seed_000.pdb,39.01
5016,bbarrel/single_seq_48recyc/colab_att/HBI_b_01_unrelaxed_rank_003_alphafold2_ptm_model_4_seed_000.pdb,81.9
5017,bbarrel/single_seq_48recyc/colab_att/HBI_b_27_unrelaxed_rank_005_alphafold2_ptm_model_2_seed_000.pdb,69.66
5018,bbarrel/single_seq_48recyc/colab_att/HBI_b_03_unrelaxed_rank_003_alphafold2_ptm_model_1_seed_000.pdb,75.0
5019,bbarrel/single_seq_48recyc/colab_att/HBI_b_04_unrelaxed_rank_004_alphafold2_ptm_model_4_seed_000.pdb,70.66
5020,bbarrel/single_seq_48recyc/colab_att/HBI_b_26_unrelaxed_rank_001_alphafold2_ptm_model_2_seed_000.pdb,89.84
5021,bbarrel/single_seq_48recyc/colab_att/TMB2.38_unrelaxed_rank_005_alphafold2_ptm_model_4_seed_000.pdb,30.37
5022,bbarrel/single_seq_48recyc/colab_att/HBI_b_16_unrelaxed_rank_003_alphafold2_ptm_model_5_seed_000.pdb,77.71
5023,bbarrel/single_seq_48recyc/colab_att/HBI_b_37_unrelaxed_rank_004_alphafold2_ptm_model_3_seed_000.pdb,84.48
5024,bbarrel/single_seq_48recyc/colab_att/TMB2.88_unrelaxed_rank_003_alphafold2_ptm_model_2_seed_000.pdb,40.52
5025,bbarrel/single_seq_48recyc/colab_att/TMB2.32_unrelaxed_rank_003_alphafold2_ptm_model_4_seed_000.pdb,68.24
5026,bbarrel/single_seq_48recyc/colab_att/TMB2.85_unrelaxed_rank_003_alphafold2_ptm_model_3_seed_000.pdb,85.89
5027,bbarrel/single_seq_48recyc/colab_att/TMB2.1_unrelaxed_rank_003_alphafold2_ptm_model_3_seed_000.pdb,31.48
5028,bbarrel/single_seq_48recyc/colab_att/TMB2.23_unrelaxed_rank_001_alphafold2_ptm_model_4_seed_000.pdb,87.3
5029,bbarrel/single_seq_48recyc/colab_att/HBI_b_45_unrelaxed_rank_003_alphafold2_ptm_model_4_seed_000.pdb,77.65
5030,bbarrel/single_seq_48recyc/colab_att/TMB2.47_unrelaxed_rank_003_alphafold2_ptm_model_3_seed_000.pdb,79.52
5031,bbarrel/single_seq_48recyc/colab_att/HBI_b_03_unrelaxed_rank_004_alphafold2_ptm_model_2_seed_000.pdb,69.41
5032,bbarrel/single_seq_48recyc/colab_att/HBI_b_35_unrelaxed_rank_002_alphafold2_ptm_model_4_seed_000.pdb,62.06
5033,bbarrel/single_seq_48recyc/colab_att/HBI_b_46_unrelaxed_rank_001_alphafold2_ptm_model_1_seed_000.pdb,75.5
5034,bbarrel/single_seq_48recyc/colab_att/TMB2.17_unrelaxed_rank_004_alphafold2_ptm_model_1_seed_000.pdb,62.13
5035,bbarrel/single_seq_48recyc/colab_att/TMB2.19_unrelaxed_rank_004_alphafold2_ptm_model_1_seed_000.pdb,58.99
5036,bbarrel/single_seq_48recyc/colab_att/TMB2.47_unrelaxed_rank_005_alphafold2_ptm_model_5_seed_000.pdb,33.01
5037,bbarrel/single_seq_48recyc/colab_att/HBI_b_19_unrelaxed_rank_005_alphafold2_ptm_model_5_seed_000.pdb,72.24
5038,bbarrel/single_seq_48recyc/colab_att/TMB2.33_unrelaxed_rank_004_alphafold2_ptm_model_1_seed_000.pdb,34.19
5039,bbarrel/single_seq_48recyc/colab_att/TMB2.49_unrelaxed_rank_001_alphafold2_ptm_model_4_seed_000.pdb,85.6
5040,bbarrel/single_seq_48recyc/colab_att/HBI_b_32_unrelaxed_rank_003_alphafold2_ptm_model_5_seed_000.pdb,88.97
5041,bbarrel/single_seq_48recyc/colab_att/TMB2.44_unrelaxed_rank_004_alphafold2_ptm_model_3_seed_000.pdb,68.94
5042,bbarrel/single_seq_48recyc/colab_att/HBI_b_22_unrelaxed_rank_003_alphafold2_ptm_model_1_seed_000.pdb,90.36
5043,bbarrel/single_seq_48recyc/colab_att/TMB2.57_unrelaxed_rank_004_alphafold2_ptm_model_1_seed_000.pdb,35.64
5044,bbarrel/single_seq_48recyc/colab_att/TMB2.38_unrelaxed_rank_004_alphafold2_ptm_model_3_seed_000.pdb,30.89
5045,bbarrel/single_seq_48recyc/colab_att/TMB2.39_unrelaxed_rank_001_alphafold2_ptm_model_2_seed_000.pdb,89.96
5046,bbarrel/single_seq_48recyc/colab_att/TMB2.82_unrelaxed_rank_002_alphafold2_ptm_model_3_seed_000.pdb,84.83
5047,bbarrel/single_seq_48recyc/colab_att/HBI_b_53_unrelaxed_rank_004_alphafold2_ptm_model_3_seed_000.pdb,85.33
5048,bbarrel/single_seq_48recyc/colab_att/HBI_b_08_unrelaxed_rank_002_alphafold2_ptm_model_1_seed_000.pdb,86.92
5049,bbarrel/single_seq_48recyc/colab_att/TMB2.17_unrelaxed_rank_001_alphafold2_ptm_model_2_seed_000.pdb,92.93
5050,bbarrel/single_seq_48recyc/colab_att/TMB2.5_unrelaxed_rank_005_alphafold2_ptm_model_3_seed_000.pdb,31.7
5051,bbarrel/single_seq_48recyc/colab_att/TMB2.57_unrelaxed_rank_003_alphafold2_ptm_model_2_seed_000.pdb,42.79
5052,bbarrel/single_seq_48recyc/colab_att/TMB2.32_unrelaxed_rank_005_alphafold2_ptm_model_2_seed_000.pdb,33.64
5053,bbarrel/single_seq_48recyc/colab_att/TMB2.1_unrelaxed_rank_005_alphafold2_ptm_model_1_seed_000.pdb,30.09
5054,bbarrel/single_seq_48recyc/colab_att/TMB2.85_unrelaxed_rank_004_alphafold2_ptm_model_5_seed_000.pdb,61.67
5055,bbarrel/single_seq_48recyc/colab_att/TMB2.54_unrelaxed_rank_003_alphafold2_ptm_model_1_seed_000.pdb,39.86
5056,bbarrel/single_seq_48recyc/colab_att/HBI_b_37_unrelaxed_rank_003_alphafold2_ptm_model_4_seed_000.pdb,86.18
5057,bbarrel/single_seq_48recyc/colab_att/TMB2.87_unrelaxed_rank_002_alphafold2_ptm_model_4_seed_000.pdb,38.73
5058,bbarrel/single_seq_48recyc/colab_att/TMB2.73_unrelaxed_rank_001_alphafold2_ptm_model_2_seed_000.pdb,67.27
5059,bbarrel/single_seq_48recyc/colab_att/HBI_b_46_unrelaxed_rank_005_alphafold2_ptm_model_5_seed_000.pdb,53.89
5060,bbarrel/single_seq_48recyc/colab_att/TMB2.69_unrelaxed_rank_003_alphafold2_ptm_model_1_seed_000.pdb,64.44
5061,bbarrel/single_seq_48recyc/colab_att/TMB2.50_unrelaxed_rank_002_alphafold2_ptm_model_2_seed_000.pdb,54.24
5062,bbarrel/single_seq_48recyc/colab_att/TMB2.69_unrelaxed_rank_002_alphafold2_ptm_model_3_seed_000.pdb,68.37
5063,bbarrel/single_seq_48recyc/colab_att/HBI_b_01_unrelaxed_rank_004_alphafold2_ptm_model_2_seed_000.pdb,78.08
5064,bbarrel/single_seq_48recyc/colab_att/TMB2.54_unrelaxed_rank_002_alphafold2_ptm_model_2_seed_000.pdb,43.2
5065,bbarrel/single_seq_48recyc/colab_att/TMB2.60_unrelaxed_rank_003_alphafold2_ptm_model_1_seed_000.pdb,59.41
5066,bbarrel/single_seq_48recyc/colab_att/HBI_b_26_unrelaxed_rank_005_alphafold2_ptm_model_4_seed_000.pdb,87.15
5067,bbarrel/single_seq_48recyc/colab_att/TMB2.28_unrelaxed_rank_002_alphafold2_ptm_model_2_seed_000.pdb,41.57
5068,bbarrel/single_seq_48recyc/colab_att/HBI_b_45_unrelaxed_rank_002_alphafold2_ptm_model_1_seed_000.pdb,77.94
5069,bbarrel/single_seq_48recyc/colab_att/HBI_b_14_unrelaxed_rank_003_alphafold2_ptm_model_3_seed_000.pdb,87.18
5070,bbarrel/single_seq_48recyc/colab_att/TMB2.37_unrelaxed_rank_004_alphafold2_ptm_model_1_seed_000.pdb,42.28
5071,bbarrel/single_seq_48recyc/colab_att/HBI_b_50_unrelaxed_rank_003_alphafold2_ptm_model_5_seed_000.pdb,85.4
5072,bbarrel/single_seq_48recyc/colab_att/TMB2.56_unrelaxed_rank_003_alphafold2_ptm_model_2_seed_000.pdb,39.72
5073,bbarrel/single_seq_48recyc/colab_att/TMB2.62_unrelaxed_rank_001_alphafold2_ptm_model_4_seed_000.pdb,86.53
5074,bbarrel/single_seq_48recyc/colab_att/TMB2.12_unrelaxed_rank_001_alphafold2_ptm_model_2_seed_000.pdb,41.4
5075,bbarrel/single_seq_48recyc/colab_att/TMB2.37_unrelaxed_rank_003_alphafold2_ptm_model_2_seed_000.pdb,52.18
5076,bbarrel/single_seq_48recyc/colab_att/TMB2.60_unrelaxed_rank_004_alphafold2_ptm_model_2_seed_000.pdb,45.04
5077,bbarrel/single_seq_48recyc/colab_att/TMB2.69_unrelaxed_rank_001_alphafold2_ptm_model_4_seed_000.pdb,84.3
5078,bbarrel/single_seq_48recyc/colab_att/HBI_b_13_unrelaxed_rank_005_alphafold2_ptm_model_5_seed_000.pdb,76.18
5079,bbarrel/single_seq_48recyc/colab_att/HBI_b_09_unrelaxed_rank_003_alphafold2_ptm_model_1_seed_000.pdb,86.96
5080,bbarrel/single_seq_48recyc/colab_att/TMB2.7_unrelaxed_rank_002_alphafold2_ptm_model_2_seed_000.pdb,41.95
5081,bbarrel/single_seq_48recyc/colab_att/HBI_b_10_unrelaxed_rank_002_alphafold2_ptm_model_4_seed_000.pdb,88.61
5082,bbarrel/single_seq_48recyc/colab_att/TMB2.31_unrelaxed_rank_002_alphafold2_ptm_model_5_seed_000.pdb,87.94
5083,bbarrel/single_seq_48recyc/colab_att/HBI_b_33_unrelaxed_rank_001_alphafold2_ptm_model_2_seed_000.pdb,87.95
5084,bbarrel/single_seq_48recyc/colab_att/TMB2.56_unrelaxed_rank_005_alphafold2_ptm_model_1_seed_000.pdb,31.39
5085,bbarrel/single_seq_48recyc/colab_att/HBI_b_32_unrelaxed_rank_002_alphafold2_ptm_model_2_seed_000.pdb,89.35
5086,bbarrel/single_seq_48recyc/colab_att/TMB2.30_unrelaxed_rank_003_alphafold2_ptm_model_1_seed_000.pdb,36.67
5087,bbarrel/single_seq_48recyc/colab_att/TMB2.24_unrelaxed_rank_005_alphafold2_ptm_model_2_seed_000.pdb,48.87
5088,bbarrel/single_seq_48recyc/colab_att/HBI_b_40_unrelaxed_rank_003_alphafold2_ptm_model_5_seed_000.pdb,86.01
5089,bbarrel/single_seq_48recyc/colab_att/TMB2.4_unrelaxed_rank_001_alphafold2_ptm_model_4_seed_000.pdb,86.15
5090,bbarrel/single_seq_48recyc/colab_att/TMB2.17_unrelaxed_rank_005_alphafold2_ptm_model_3_seed_000.pdb,31.88
5091,bbarrel/single_seq_48recyc/colab_att/HBI_b_02_unrelaxed_rank_001_alphafold2_ptm_model_4_seed_000.pdb,85.72
5092,bbarrel/single_seq_48recyc/colab_att/HBI_b_31_unrelaxed_rank_005_alphafold2_ptm_model_3_seed_000.pdb,74.08
5093,bbarrel/single_seq_48recyc/colab_att/HBI_b_07_unrelaxed_rank_002_alphafold2_ptm_model_1_seed_000.pdb,88.77
5094,bbarrel/single_seq_48recyc/colab_att/HBI_b_07_unrelaxed_rank_001_alphafold2_ptm_model_2_seed_000.pdb,88.83
5095,bbarrel/single_seq_48recyc/colab_att/TMB2.23_unrelaxed_rank_003_alphafold2_ptm_model_5_seed_000.pdb,41.28
5096,bbarrel/single_seq_48recyc/colab_att/HBI_b_22_unrelaxed_rank_002_alphafold2_ptm_model_5_seed_000.pdb,90.53
5097,bbarrel/single_seq_48recyc/colab_att/TMB2.71_unrelaxed_rank_004_alphafold2_ptm_model_2_seed_000.pdb,52.96
5098,bbarrel/single_seq_48recyc/colab_att/TMB2.80_unrelaxed_rank_003_alphafold2_ptm_model_1_seed_000.pdb,59.23
5099,bbarrel/single_seq_48recyc/colab_att/HBI_b_16_unrelaxed_rank_004_alphafold2_ptm_model_3_seed_000.pdb,77.45
5100,bbarrel/single_seq_48recyc/colab_att/HBI_b_08_unrelaxed_rank_001_alphafold2_ptm_model_4_seed_000.pdb,87.54
5101,bbarrel/single_seq_48recyc/colab_att/HBI_b_20_unrelaxed_rank_003_alphafold2_ptm_model_2_seed_000.pdb,81.54
5102,bbarrel/single_seq_48recyc/colab_att/HBI_b_14_unrelaxed_rank_002_alphafold2_ptm_model_1_seed_000.pdb,87.89
5103,bbarrel/single_seq_48recyc/colab_att/HBI_b_03_unrelaxed_rank_002_alphafold2_ptm_model_4_seed_000.pdb,75.93
5104,bbarrel/single_seq_48recyc/colab_att/HBI_b_28_unrelaxed_rank_002_alphafold2_ptm_model_1_seed_000.pdb,84.97
5105,bbarrel/single_seq_48recyc/colab_att/HBI_b_45_unrelaxed_rank_001_alphafold2_ptm_model_5_seed_000.pdb,78.29
5106,bbarrel/single_seq_48recyc/colab_att/HBI_b_10_unrelaxed_rank_005_alphafold2_ptm_model_3_seed_000.pdb,87.09
5107,bbarrel/single_seq_48recyc/colab_att/HBI_b_49_unrelaxed_rank_002_alphafold2_ptm_model_4_seed_000.pdb,90.44
5108,bbarrel/single_seq_48recyc/colab_att/TMB2.52_unrelaxed_rank_004_alphafold2_ptm_model_1_seed_000.pdb,34.99
5109,bbarrel/single_seq_48recyc/colab_att/TMB2.33_unrelaxed_rank_002_alphafold2_ptm_model_5_seed_000.pdb,41.15
5110,bbarrel/single_seq_48recyc/colab_att/TMB2.74_unrelaxed_rank_003_alphafold2_ptm_model_5_seed_000.pdb,63.26
5111,bbarrel/single_seq_48recyc/colab_att/TMB2.64_unrelaxed_rank_003_alphafold2_ptm_model_3_seed_000.pdb,38.38
5112,bbarrel/single_seq_48recyc/colab_att/TMB2.22_unrelaxed_rank_001_alphafold2_ptm_model_1_seed_000.pdb,89.18
5113,bbarrel/single_seq_48recyc/colab_att/TMB2.62_unrelaxed_rank_005_alphafold2_ptm_model_5_seed_000.pdb,32.69
5114,bbarrel/single_seq_48recyc/colab_att/TMB2.59_unrelaxed_rank_002_alphafold2_ptm_model_4_seed_000.pdb,87.49
5115,bbarrel/single_seq_48recyc/colab_att/TMB2.68_unrelaxed_rank_001_alphafold2_ptm_model_3_seed_000.pdb,87.1
5116,bbarrel/single_seq_48recyc/colab_att/TMB2.65_unrelaxed_rank_005_alphafold2_ptm_model_1_seed_000.pdb,59.86
5117,bbarrel/single_seq_48recyc/colab_att/TMB2.45_unrelaxed_rank_005_alphafold2_ptm_model_2_seed_000.pdb,66.61
5118,bbarrel/single_seq_48recyc/colab_att/HBI_b_10_unrelaxed_rank_001_alphafold2_ptm_model_2_seed_000.pdb,89.29
5119,bbarrel/single_seq_48recyc/colab_att/TMB2.49_unrelaxed_rank_004_alphafold2_ptm_model_5_seed_000.pdb,33.48
5120,bbarrel/single_seq_48recyc/colab_att/HBI_b_39_unrelaxed_rank_004_alphafold2_ptm_model_3_seed_000.pdb,80.14
5121,bbarrel/single_seq_48recyc/colab_att/TMB2.52_unrelaxed_rank_003_alphafold2_ptm_model_4_seed_000.pdb,65.01
5122,bbarrel/single_seq_48recyc/colab_att/HBI_b_35_unrelaxed_rank_004_alphafold2_ptm_model_3_seed_000.pdb,60.52
5123,bbarrel/single_seq_48recyc/colab_att/TMB2.56_unrelaxed_rank_001_alphafold2_ptm_model_4_seed_000.pdb,89.34
5124,bbarrel/single_seq_48recyc/colab_att/TMB2.50_unrelaxed_rank_005_alphafold2_ptm_model_3_seed_000.pdb,29.28
5125,bbarrel/single_seq_48recyc/colab_att/TMB2.85_unrelaxed_rank_001_alphafold2_ptm_model_4_seed_000.pdb,88.36
5126,bbarrel/single_seq_48recyc/colab_att/HBI_b_49_unrelaxed_rank_004_alphafold2_ptm_model_2_seed_000.pdb,90.42
5127,bbarrel/single_seq_48recyc/colab_att/TMB2.2_unrelaxed_rank_005_alphafold2_ptm_model_3_seed_000.pdb,35.98
5128,bbarrel/single_seq_48recyc/colab_att/HBI_b_43_unrelaxed_rank_001_alphafold2_ptm_model_1_seed_000.pdb,85.83
5129,bbarrel/single_seq_48recyc/colab_att/TMB2.88_unrelaxed_rank_004_alphafold2_ptm_model_3_seed_000.pdb,38.53
5130,bbarrel/single_seq_48recyc/colab_att/TMB2.9_unrelaxed_rank_002_alphafold2_ptm_model_1_seed_000.pdb,61.68
5131,bbarrel/single_seq_48recyc/colab_att/TMB2.81_unrelaxed_rank_004_alphafold2_ptm_model_3_seed_000.pdb,46.69
5132,bbarrel/single_seq_48recyc/colab/TMB2.23_unrelaxed_rank_004_alphafold2_ptm_model_1_seed_000.pdb,39.81
5133,bbarrel/single_seq_48recyc/colab/TMB2.39_unrelaxed_rank_003_alphafold2_ptm_model_5_seed_000.pdb,37.67
5134,bbarrel/single_seq_48recyc/colab/TMB2.45_unrelaxed_rank_003_alphafold2_ptm_model_1_seed_000.pdb,80.17
5135,bbarrel/single_seq_48recyc/colab/TMB2.24_unrelaxed_rank_002_alphafold2_ptm_model_4_seed_000.pdb,78.48
5136,bbarrel/single_seq_48recyc/colab/TMB2.19_unrelaxed_rank_003_alphafold2_ptm_model_2_seed_000.pdb,76.71
5137,bbarrel/single_seq_48recyc/colab/HBI_b_35_unrelaxed_rank_003_alphafold2_ptm_model_5_seed_000.pdb,60.01
5138,bbarrel/single_seq_48recyc/colab/TMB2.2_unrelaxed_rank_003_alphafold2_ptm_model_5_seed_000.pdb,64.5
5139,bbarrel/single_seq_48recyc/colab/TMB2.14_unrelaxed_rank_003_alphafold2_ptm_model_2_seed_000.pdb,42.58
5140,bbarrel/single_seq_48recyc/colab/TMB2.51_unrelaxed_rank_002_alphafold2_ptm_model_4_seed_000.pdb,72.22
5141,bbarrel/single_seq_48recyc/colab/TMB2.3_unrelaxed_rank_002_alphafold2_ptm_model_1_seed_000.pdb,72.67
5142,bbarrel/single_seq_48recyc/colab/TMB2.6_unrelaxed_rank_003_alphafold2_ptm_model_1_seed_000.pdb,40.38
5143,bbarrel/single_seq_48recyc/colab/TMB2.68_unrelaxed_rank_003_alphafold2_ptm_model_2_seed_000.pdb,68.15
5144,bbarrel/single_seq_48recyc/colab/TMB2.22_unrelaxed_rank_004_alphafold2_ptm_model_2_seed_000.pdb,81.31
5145,bbarrel/single_seq_48recyc/colab/TMB2.64_unrelaxed_rank_005_alphafold2_ptm_model_5_seed_000.pdb,32.9
5146,bbarrel/single_seq_48recyc/colab/TMB2.62_unrelaxed_rank_004_alphafold2_ptm_model_1_seed_000.pdb,48.07
5147,bbarrel/single_seq_48recyc/colab/HBI_b_49_unrelaxed_rank_001_alphafold2_ptm_model_1_seed_000.pdb,91.05
5148,bbarrel/single_seq_48recyc/colab/TMB2.67_unrelaxed_rank_004_alphafold2_ptm_model_3_seed_000.pdb,35.86
5149,bbarrel/single_seq_48recyc/colab/TMB2.15_unrelaxed_rank_002_alphafold2_ptm_model_4_seed_000.pdb,33.6
5150,bbarrel/single_seq_48recyc/colab/TMB2.82_unrelaxed_rank_003_alphafold2_ptm_model_5_seed_000.pdb,75.34
5151,bbarrel/single_seq_48recyc/colab/TMB2.63_unrelaxed_rank_002_alphafold2_ptm_model_4_seed_000.pdb,81.76
5152,bbarrel/single_seq_48recyc/colab/HBI_b_49_unrelaxed_rank_003_alphafold2_ptm_model_3_seed_000.pdb,89.72
5153,bbarrel/single_seq_48recyc/colab/TMB2.48_unrelaxed_rank_002_alphafold2_ptm_model_2_seed_000.pdb,34.08
5154,bbarrel/single_seq_48recyc/colab/TMB2.31_unrelaxed_rank_003_alphafold2_ptm_model_4_seed_000.pdb,86.27
5155,bbarrel/single_seq_48recyc/colab/TMB2.29_unrelaxed_rank_002_alphafold2_ptm_model_4_seed_000.pdb,87.85
5156,bbarrel/single_seq_48recyc/colab/HBI_b_23_unrelaxed_rank_001_alphafold2_ptm_model_2_seed_000.pdb,87.86
5157,bbarrel/single_seq_48recyc/colab/TMB2.77_unrelaxed_rank_001_alphafold2_ptm_model_4_seed_000.pdb,84.46
5158,bbarrel/single_seq_48recyc/colab/HBI_b_56_unrelaxed_rank_002_alphafold2_ptm_model_4_seed_000.pdb,85.66
5159,bbarrel/single_seq_48recyc/colab/HBI_b_08_unrelaxed_rank_003_alphafold2_ptm_model_5_seed_000.pdb,79.31
5160,bbarrel/single_seq_48recyc/colab/HBI_b_08_unrelaxed_rank_004_alphafold2_ptm_model_3_seed_000.pdb,73.34
5161,bbarrel/single_seq_48recyc/colab/HBI_b_46_unrelaxed_rank_004_alphafold2_ptm_model_3_seed_000.pdb,65.45
5162,bbarrel/single_seq_48recyc/colab/TMB2.14_unrelaxed_rank_002_alphafold2_ptm_model_3_seed_000.pdb,78.32
5163,bbarrel/single_seq_48recyc/colab/TMB2.12_unrelaxed_rank_002_alphafold2_ptm_model_1_seed_000.pdb,34.17
5164,bbarrel/single_seq_48recyc/colab/TMB2.48_unrelaxed_rank_004_alphafold2_ptm_model_5_seed_000.pdb,30.85
5165,bbarrel/single_seq_48recyc/colab/HBI_b_44_unrelaxed_rank_003_alphafold2_ptm_model_2_seed_000.pdb,79.81
5166,bbarrel/single_seq_48recyc/colab/HBI_b_17_unrelaxed_rank_003_alphafold2_ptm_model_4_seed_000.pdb,80.2
5167,bbarrel/single_seq_48recyc/colab/TMB2.24_unrelaxed_rank_001_alphafold2_ptm_model_5_seed_000.pdb,82.53
5168,bbarrel/single_seq_48recyc/colab/TMB2.76_unrelaxed_rank_004_alphafold2_ptm_model_3_seed_000.pdb,85.99
5169,bbarrel/single_seq_48recyc/colab/TMB2.7_unrelaxed_rank_005_alphafold2_ptm_model_3_seed_000.pdb,30.15
5170,bbarrel/single_seq_48recyc/colab/TMB2.30_unrelaxed_rank_001_alphafold2_ptm_model_4_seed_000.pdb,40.93
5171,bbarrel/single_seq_48recyc/colab/TMB2.14_unrelaxed_rank_005_alphafold2_ptm_model_5_seed_000.pdb,33.95
5172,bbarrel/single_seq_48recyc/colab/HBI_b_09_unrelaxed_rank_002_alphafold2_ptm_model_2_seed_000.pdb,87.12
5173,bbarrel/single_seq_48recyc/colab/TMB2.73_unrelaxed_rank_002_alphafold2_ptm_model_1_seed_000.pdb,45.77
5174,bbarrel/single_seq_48recyc/colab/TMB2.36_unrelaxed_rank_005_alphafold2_ptm_model_1_seed_000.pdb,30.95
5175,bbarrel/single_seq_48recyc/colab/HBI_b_20_unrelaxed_rank_005_alphafold2_ptm_model_5_seed_000.pdb,79.68
5176,bbarrel/single_seq_48recyc/colab/TMB2.55_unrelaxed_rank_005_alphafold2_ptm_model_5_seed_000.pdb,27.96
5177,bbarrel/single_seq_48recyc/colab/HBI_b_50_unrelaxed_rank_004_alphafold2_ptm_model_4_seed_000.pdb,84.58
5178,bbarrel/single_seq_48recyc/colab/TMB2.45_unrelaxed_rank_004_alphafold2_ptm_model_5_seed_000.pdb,74.97
5179,bbarrel/single_seq_48recyc/colab/TMB2.15_unrelaxed_rank_004_alphafold2_ptm_model_5_seed_000.pdb,31.3
5180,bbarrel/single_seq_48recyc/colab/TMB2.63_unrelaxed_rank_003_alphafold2_ptm_model_2_seed_000.pdb,81.48
5181,bbarrel/single_seq_48recyc/colab/TMB2.8_unrelaxed_rank_003_alphafold2_ptm_model_1_seed_000.pdb,37.58
5182,bbarrel/single_seq_48recyc/colab/HBI_b_31_unrelaxed_rank_003_alphafold2_ptm_model_4_seed_000.pdb,76.07
5183,bbarrel/single_seq_48recyc/colab/HBI_b_23_unrelaxed_rank_005_alphafold2_ptm_model_3_seed_000.pdb,78.27
5184,bbarrel/single_seq_48recyc/colab/TMB2.55_unrelaxed_rank_001_alphafold2_ptm_model_1_seed_000.pdb,38.74
5185,bbarrel/single_seq_48recyc/colab/HBI_b_20_unrelaxed_rank_004_alphafold2_ptm_model_1_seed_000.pdb,80.24
5186,bbarrel/single_seq_48recyc/colab/HBI_b_37_unrelaxed_rank_002_alphafold2_ptm_model_1_seed_000.pdb,86.99
5187,bbarrel/single_seq_48recyc/colab/HBI_b_26_unrelaxed_rank_004_alphafold2_ptm_model_1_seed_000.pdb,87.66
5188,bbarrel/single_seq_48recyc/colab/TMB2.89_unrelaxed_rank_002_alphafold2_ptm_model_1_seed_000.pdb,53.39
5189,bbarrel/single_seq_48recyc/colab/HBI_b_34_unrelaxed_rank_002_alphafold2_ptm_model_1_seed_000.pdb,78.11
5190,bbarrel/single_seq_48recyc/colab/TMB2.4_unrelaxed_rank_002_alphafold2_ptm_model_2_seed_000.pdb,75.26
5191,bbarrel/single_seq_48recyc/colab/TMB2.32_unrelaxed_rank_001_alphafold2_ptm_model_1_seed_000.pdb,82.27
5192,bbarrel/single_seq_48recyc/colab/TMB2.84_unrelaxed_rank_003_alphafold2_ptm_model_2_seed_000.pdb,50.28
5193,bbarrel/single_seq_48recyc/colab/TMB2.86_unrelaxed_rank_002_alphafold2_ptm_model_1_seed_000.pdb,48.52
5194,bbarrel/single_seq_48recyc/colab/TMB2.70_unrelaxed_rank_004_alphafold2_ptm_model_1_seed_000.pdb,33.35
5195,bbarrel/single_seq_48recyc/colab/TMB2.55_unrelaxed_rank_004_alphafold2_ptm_model_3_seed_000.pdb,30.01
5196,bbarrel/single_seq_48recyc/colab/HBI_b_25_unrelaxed_rank_005_alphafold2_ptm_model_4_seed_000.pdb,85.23
5197,bbarrel/single_seq_48recyc/colab/TMB2.84_unrelaxed_rank_004_alphafold2_ptm_model_3_seed_000.pdb,46.7
5198,bbarrel/single_seq_48recyc/colab/HBI_b_09_unrelaxed_rank_004_alphafold2_ptm_model_3_seed_000.pdb,85.24
5199,bbarrel/single_seq_48recyc/colab/HBI_b_21_unrelaxed_rank_001_alphafold2_ptm_model_2_seed_000.pdb,88.22
5200,bbarrel/single_seq_48recyc/colab/HBI_b_13_unrelaxed_rank_003_alphafold2_ptm_model_4_seed_000.pdb,77.5
5201,bbarrel/single_seq_48recyc/colab/HBI_b_20_unrelaxed_rank_002_alphafold2_ptm_model_3_seed_000.pdb,81.43
5202,bbarrel/single_seq_48recyc/colab/TMB2.48_unrelaxed_rank_001_alphafold2_ptm_model_1_seed_000.pdb,35.1
5203,bbarrel/single_seq_48recyc/colab/TMB2.63_unrelaxed_rank_005_alphafold2_ptm_model_3_seed_000.pdb,55.81
5204,bbarrel/single_seq_48recyc/colab/HBI_b_29_unrelaxed_rank_002_alphafold2_ptm_model_2_seed_000.pdb,82.77
5205,bbarrel/single_seq_48recyc/colab/TMB2.88_unrelaxed_rank_001_alphafold2_ptm_model_4_seed_000.pdb,84.56
5206,bbarrel/single_seq_48recyc/colab/TMB2.64_unrelaxed_rank_001_alphafold2_ptm_model_4_seed_000.pdb,80.49
5207,bbarrel/single_seq_48recyc/colab/HBI_b_50_unrelaxed_rank_001_alphafold2_ptm_model_2_seed_000.pdb,90.3
5208,bbarrel/single_seq_48recyc/colab/TMB2.57_unrelaxed_rank_001_alphafold2_ptm_model_4_seed_000.pdb,83.76
5209,bbarrel/single_seq_48recyc/colab/TMB2.4_unrelaxed_rank_003_alphafold2_ptm_model_5_seed_000.pdb,33.71
5210,bbarrel/single_seq_48recyc/colab/TMB2.83_unrelaxed_rank_004_alphafold2_ptm_model_5_seed_000.pdb,76.96
5211,bbarrel/single_seq_48recyc/colab/HBI_b_55_unrelaxed_rank_003_alphafold2_ptm_model_5_seed_000.pdb,80.43
5212,bbarrel/single_seq_48recyc/colab/TMB2.78_unrelaxed_rank_001_alphafold2_ptm_model_4_seed_000.pdb,43.13
5213,bbarrel/single_seq_48recyc/colab/HBI_b_29_unrelaxed_rank_003_alphafold2_ptm_model_4_seed_000.pdb,80.77
5214,bbarrel/single_seq_48recyc/colab/HBI_b_27_unrelaxed_rank_004_alphafold2_ptm_model_4_seed_000.pdb,83.02
5215,bbarrel/single_seq_48recyc/colab/HBI_b_41_unrelaxed_rank_003_alphafold2_ptm_model_4_seed_000.pdb,69.99
5216,bbarrel/single_seq_48recyc/colab/HBI_b_34_unrelaxed_rank_005_alphafold2_ptm_model_5_seed_000.pdb,60.81
5217,bbarrel/single_seq_48recyc/colab/TMB2.65_unrelaxed_rank_001_alphafold2_ptm_model_2_seed_000.pdb,89.79
5218,bbarrel/single_seq_48recyc/colab/TMB2.78_unrelaxed_rank_005_alphafold2_ptm_model_5_seed_000.pdb,33.66
5219,bbarrel/single_seq_48recyc/colab/HBI_b_39_unrelaxed_rank_003_alphafold2_ptm_model_2_seed_000.pdb,82.15
5220,bbarrel/single_seq_48recyc/colab/HBI_b_03_unrelaxed_rank_005_alphafold2_ptm_model_3_seed_000.pdb,61.57
5221,bbarrel/single_seq_48recyc/colab/HBI_b_41_unrelaxed_rank_001_alphafold2_ptm_model_1_seed_000.pdb,85.7
5222,bbarrel/single_seq_48recyc/colab/TMB2.6_unrelaxed_rank_001_alphafold2_ptm_model_4_seed_000.pdb,87.89
5223,bbarrel/single_seq_48recyc/colab/HBI_b_23_unrelaxed_rank_004_alphafold2_ptm_model_5_seed_000.pdb,80.64
5224,bbarrel/single_seq_48recyc/colab/TMB2.39_unrelaxed_rank_002_alphafold2_ptm_model_4_seed_000.pdb,87.1
5225,bbarrel/single_seq_48recyc/colab/TMB2.20_unrelaxed_rank_003_alphafold2_ptm_model_2_seed_000.pdb,35.63
5226,bbarrel/single_seq_48recyc/colab/TMB2.79_unrelaxed_rank_001_alphafold2_ptm_model_1_seed_000.pdb,91.79
5227,bbarrel/single_seq_48recyc/colab/TMB2.79_unrelaxed_rank_005_alphafold2_ptm_model_3_seed_000.pdb,36.27
5228,bbarrel/single_seq_48recyc/colab/TMB2.19_unrelaxed_rank_005_alphafold2_ptm_model_3_seed_000.pdb,50.74
5229,bbarrel/single_seq_48recyc/colab/TMB2.69_unrelaxed_rank_005_alphafold2_ptm_model_5_seed_000.pdb,38.51
5230,bbarrel/single_seq_48recyc/colab/TMB2.5_unrelaxed_rank_004_alphafold2_ptm_model_2_seed_000.pdb,37.45
5231,bbarrel/single_seq_48recyc/colab/TMB2.19_unrelaxed_rank_001_alphafold2_ptm_model_4_seed_000.pdb,86.9
5232,bbarrel/single_seq_48recyc/colab/TMB2.41_unrelaxed_rank_005_alphafold2_ptm_model_1_seed_000.pdb,41.68
5233,bbarrel/single_seq_48recyc/colab/HBI_b_20_unrelaxed_rank_001_alphafold2_ptm_model_4_seed_000.pdb,82.47
5234,bbarrel/single_seq_48recyc/colab/HBI_b_55_unrelaxed_rank_002_alphafold2_ptm_model_2_seed_000.pdb,83.92
5235,bbarrel/single_seq_48recyc/colab/TMB2.81_unrelaxed_rank_005_alphafold2_ptm_model_5_seed_000.pdb,32.32
5236,bbarrel/single_seq_48recyc/colab/TMB2.9_unrelaxed_rank_004_alphafold2_ptm_model_5_seed_000.pdb,39.55
5237,bbarrel/single_seq_48recyc/colab/HBI_b_07_unrelaxed_rank_004_alphafold2_ptm_model_4_seed_000.pdb,86.73
5238,bbarrel/single_seq_48recyc/colab/TMB2.2_unrelaxed_rank_002_alphafold2_ptm_model_4_seed_000.pdb,71.51
5239,bbarrel/single_seq_48recyc/colab/TMB2.43_unrelaxed_rank_002_alphafold2_ptm_model_3_seed_000.pdb,86.54
5240,bbarrel/single_seq_48recyc/colab/HBI_b_38_unrelaxed_rank_003_alphafold2_ptm_model_3_seed_000.pdb,81.72
5241,bbarrel/single_seq_48recyc/colab/HBI_b_13_unrelaxed_rank_004_alphafold2_ptm_model_3_seed_000.pdb,76.42
5242,bbarrel/single_seq_48recyc/colab/TMB2.41_unrelaxed_rank_004_alphafold2_ptm_model_2_seed_000.pdb,69.73
5243,bbarrel/single_seq_48recyc/colab/TMB2.63_unrelaxed_rank_001_alphafold2_ptm_model_1_seed_000.pdb,83.46
5244,bbarrel/single_seq_48recyc/colab/TMB2.28_unrelaxed_rank_001_alphafold2_ptm_model_4_seed_000.pdb,86.64
5245,bbarrel/single_seq_48recyc/colab/TMB2.34_unrelaxed_rank_005_alphafold2_ptm_model_5_seed_000.pdb,35.85
5246,bbarrel/single_seq_48recyc/colab/TMB2.80_unrelaxed_rank_002_alphafold2_ptm_model_3_seed_000.pdb,74.84
5247,bbarrel/single_seq_48recyc/colab/TMB2.39_unrelaxed_rank_005_alphafold2_ptm_model_1_seed_000.pdb,31.49
5248,bbarrel/single_seq_48recyc/colab/HBI_b_14_unrelaxed_rank_005_alphafold2_ptm_model_5_seed_000.pdb,85.93
5249,bbarrel/single_seq_48recyc/colab/HBI_b_45_unrelaxed_rank_004_alphafold2_ptm_model_3_seed_000.pdb,73.98
5250,bbarrel/single_seq_48recyc/colab/TMB2.43_unrelaxed_rank_001_alphafold2_ptm_model_4_seed_000.pdb,86.67
5251,bbarrel/single_seq_48recyc/colab/HBI_b_13_unrelaxed_rank_001_alphafold2_ptm_model_1_seed_000.pdb,83.65
5252,bbarrel/single_seq_48recyc/colab/HBI_b_33_unrelaxed_rank_004_alphafold2_ptm_model_5_seed_000.pdb,76.62
5253,bbarrel/single_seq_48recyc/colab/TMB2.56_unrelaxed_rank_002_alphafold2_ptm_model_5_seed_000.pdb,88.62
5254,bbarrel/single_seq_48recyc/colab/HBI_b_27_unrelaxed_rank_003_alphafold2_ptm_model_5_seed_000.pdb,84.13
5255,bbarrel/single_seq_48recyc/colab/TMB2.63_unrelaxed_rank_004_alphafold2_ptm_model_5_seed_000.pdb,78.19
5256,bbarrel/single_seq_48recyc/colab/HBI_b_01_unrelaxed_rank_001_alphafold2_ptm_model_1_seed_000.pdb,87.98
5257,bbarrel/single_seq_48recyc/colab/TMB2.25_unrelaxed_rank_004_alphafold2_ptm_model_2_seed_000.pdb,37.24
5258,bbarrel/single_seq_48recyc/colab/TMB2.75_unrelaxed_rank_003_alphafold2_ptm_model_2_seed_000.pdb,70.0
5259,bbarrel/single_seq_48recyc/colab/HBI_b_31_unrelaxed_rank_001_alphafold2_ptm_model_5_seed_000.pdb,81.87
5260,bbarrel/single_seq_48recyc/colab/TMB2.74_unrelaxed_rank_004_alphafold2_ptm_model_2_seed_000.pdb,38.93
5261,bbarrel/single_seq_48recyc/colab/HBI_b_53_unrelaxed_rank_003_alphafold2_ptm_model_5_seed_000.pdb,85.5
5262,bbarrel/single_seq_48recyc/colab/TMB2.43_unrelaxed_rank_004_alphafold2_ptm_model_2_seed_000.pdb,54.86
5263,bbarrel/single_seq_48recyc/colab/TMB2.76_unrelaxed_rank_001_alphafold2_ptm_model_2_seed_000.pdb,89.06
5264,bbarrel/single_seq_48recyc/colab/TMB2.74_unrelaxed_rank_005_alphafold2_ptm_model_3_seed_000.pdb,35.36
5265,bbarrel/single_seq_48recyc/colab/TMB2.4_unrelaxed_rank_004_alphafold2_ptm_model_1_seed_000.pdb,33.11
5266,bbarrel/single_seq_48recyc/colab/TMB2.58_unrelaxed_rank_001_alphafold2_ptm_model_4_seed_000.pdb,88.19
5267,bbarrel/single_seq_48recyc/colab/HBI_b_27_unrelaxed_rank_001_alphafold2_ptm_model_1_seed_000.pdb,86.58
5268,bbarrel/single_seq_48recyc/colab/TMB2.35_unrelaxed_rank_001_alphafold2_ptm_model_5_seed_000.pdb,88.95
5269,bbarrel/single_seq_48recyc/colab/TMB2.35_unrelaxed_rank_004_alphafold2_ptm_model_3_seed_000.pdb,38.8
5270,bbarrel/single_seq_48recyc/colab/TMB2.77_unrelaxed_rank_003_alphafold2_ptm_model_5_seed_000.pdb,73.66
5271,bbarrel/single_seq_48recyc/colab/TMB2.33_unrelaxed_rank_001_alphafold2_ptm_model_4_seed_000.pdb,87.96
5272,bbarrel/single_seq_48recyc/colab/TMB2.26_unrelaxed_rank_003_alphafold2_ptm_model_5_seed_000.pdb,31.84
5273,bbarrel/single_seq_48recyc/colab/TMB2.65_unrelaxed_rank_004_alphafold2_ptm_model_3_seed_000.pdb,85.0
5274,bbarrel/single_seq_48recyc/colab/HBI_b_17_unrelaxed_rank_005_alphafold2_ptm_model_5_seed_000.pdb,74.1
5275,bbarrel/single_seq_48recyc/colab/HBI_b_25_unrelaxed_rank_001_alphafold2_ptm_model_2_seed_000.pdb,89.65
5276,bbarrel/single_seq_48recyc/colab/TMB2.31_unrelaxed_rank_001_alphafold2_ptm_model_2_seed_000.pdb,89.84
5277,bbarrel/single_seq_48recyc/colab/TMB2.8_unrelaxed_rank_002_alphafold2_ptm_model_2_seed_000.pdb,48.15
5278,bbarrel/single_seq_48recyc/colab/TMB2.26_unrelaxed_rank_002_alphafold2_ptm_model_2_seed_000.pdb,36.52
5279,bbarrel/single_seq_48recyc/colab/TMB2.60_unrelaxed_rank_005_alphafold2_ptm_model_3_seed_000.pdb,32.82
5280,bbarrel/single_seq_48recyc/colab/TMB2.20_unrelaxed_rank_002_alphafold2_ptm_model_4_seed_000.pdb,41.77
5281,bbarrel/single_seq_48recyc/colab/TMB2.31_unrelaxed_rank_004_alphafold2_ptm_model_3_seed_000.pdb,69.76
5282,bbarrel/single_seq_48recyc/colab/TMB2.52_unrelaxed_rank_002_alphafold2_ptm_model_2_seed_000.pdb,77.58
5283,bbarrel/single_seq_48recyc/colab/TMB2.66_unrelaxed_rank_001_alphafold2_ptm_model_4_seed_000.pdb,82.4
5284,bbarrel/single_seq_48recyc/colab/TMB2.85_unrelaxed_rank_002_alphafold2_ptm_model_1_seed_000.pdb,87.57
5285,bbarrel/single_seq_48recyc/colab/HBI_b_46_unrelaxed_rank_003_alphafold2_ptm_model_2_seed_000.pdb,69.3
5286,bbarrel/single_seq_48recyc/colab/TMB2.67_unrelaxed_rank_001_alphafold2_ptm_model_2_seed_000.pdb,89.66
5287,bbarrel/single_seq_48recyc/colab/TMB2.77_unrelaxed_rank_005_alphafold2_ptm_model_1_seed_000.pdb,36.58
5288,bbarrel/single_seq_48recyc/colab/TMB2.59_unrelaxed_rank_001_alphafold2_ptm_model_2_seed_000.pdb,91.93
5289,bbarrel/single_seq_48recyc/colab/HBI_b_01_unrelaxed_rank_002_alphafold2_ptm_model_5_seed_000.pdb,82.56
5290,bbarrel/single_seq_48recyc/colab/TMB2.41_unrelaxed_rank_003_alphafold2_ptm_model_3_seed_000.pdb,83.07
5291,bbarrel/single_seq_48recyc/colab/TMB2.75_unrelaxed_rank_002_alphafold2_ptm_model_1_seed_000.pdb,79.59
5292,bbarrel/single_seq_48recyc/colab/HBI_b_15_unrelaxed_rank_003_alphafold2_ptm_model_1_seed_000.pdb,85.85
5293,bbarrel/single_seq_48recyc/colab/TMB2.12_unrelaxed_rank_005_alphafold2_ptm_model_3_seed_000.pdb,30.27
5294,bbarrel/single_seq_48recyc/colab/HBI_b_29_unrelaxed_rank_005_alphafold2_ptm_model_5_seed_000.pdb,74.2
5295,bbarrel/single_seq_48recyc/colab/TMB2.25_unrelaxed_rank_001_alphafold2_ptm_model_4_seed_000.pdb,86.4
5296,bbarrel/single_seq_48recyc/colab/TMB2.84_unrelaxed_rank_001_alphafold2_ptm_model_4_seed_000.pdb,85.34
5297,bbarrel/single_seq_48recyc/colab/TMB2.51_unrelaxed_rank_005_alphafold2_ptm_model_5_seed_000.pdb,29.01
5298,bbarrel/single_seq_48recyc/colab/TMB2.34_unrelaxed_rank_004_alphafold2_ptm_model_1_seed_000.pdb,36.12
5299,bbarrel/single_seq_48recyc/colab/HBI_b_19_unrelaxed_rank_003_alphafold2_ptm_model_3_seed_000.pdb,85.72
5300,bbarrel/single_seq_48recyc/colab/HBI_b_16_unrelaxed_rank_002_alphafold2_ptm_model_4_seed_000.pdb,77.64
5301,bbarrel/single_seq_48recyc/colab/HBI_b_21_unrelaxed_rank_005_alphafold2_ptm_model_5_seed_000.pdb,85.01
5302,bbarrel/single_seq_48recyc/colab/TMB2.27_unrelaxed_rank_005_alphafold2_ptm_model_5_seed_000.pdb,29.94
5303,bbarrel/single_seq_48recyc/colab/TMB2.8_unrelaxed_rank_004_alphafold2_ptm_model_3_seed_000.pdb,32.6
5304,bbarrel/single_seq_48recyc/colab/TMB2.45_unrelaxed_rank_001_alphafold2_ptm_model_4_seed_000.pdb,87.25
5305,bbarrel/single_seq_48recyc/colab/HBI_b_33_unrelaxed_rank_002_alphafold2_ptm_model_1_seed_000.pdb,85.8
5306,bbarrel/single_seq_48recyc/colab/TMB2.66_unrelaxed_rank_003_alphafold2_ptm_model_1_seed_000.pdb,45.82
5307,bbarrel/single_seq_48recyc/colab/HBI_b_44_unrelaxed_rank_001_alphafold2_ptm_model_1_seed_000.pdb,84.67
5308,bbarrel/single_seq_48recyc/colab/HBI_b_26_unrelaxed_rank_002_alphafold2_ptm_model_3_seed_000.pdb,88.31
5309,bbarrel/single_seq_48recyc/colab/TMB2.54_unrelaxed_rank_005_alphafold2_ptm_model_3_seed_000.pdb,35.72
5310,bbarrel/single_seq_48recyc/colab/TMB2.27_unrelaxed_rank_002_alphafold2_ptm_model_2_seed_000.pdb,35.53
5311,bbarrel/single_seq_48recyc/colab/TMB2.76_unrelaxed_rank_002_alphafold2_ptm_model_4_seed_000.pdb,88.02
5312,bbarrel/single_seq_48recyc/colab/TMB2.3_unrelaxed_rank_004_alphafold2_ptm_model_5_seed_000.pdb,47.81
5313,bbarrel/single_seq_48recyc/colab/TMB2.11_unrelaxed_rank_001_alphafold2_ptm_model_4_seed_000.pdb,76.35
5314,bbarrel/single_seq_48recyc/colab/TMB2.37_unrelaxed_rank_001_alphafold2_ptm_model_5_seed_000.pdb,77.25
5315,bbarrel/single_seq_48recyc/colab/TMB2.36_unrelaxed_rank_002_alphafold2_ptm_model_4_seed_000.pdb,79.42
5316,bbarrel/single_seq_48recyc/colab/HBI_b_22_unrelaxed_rank_004_alphafold2_ptm_model_4_seed_000.pdb,88.2
5317,bbarrel/single_seq_48recyc/colab/TMB2.78_unrelaxed_rank_004_alphafold2_ptm_model_1_seed_000.pdb,33.71
5318,bbarrel/single_seq_48recyc/colab/TMB2.18_unrelaxed_rank_003_alphafold2_ptm_model_5_seed_000.pdb,75.01
5319,bbarrel/single_seq_48recyc/colab/TMB2.64_unrelaxed_rank_002_alphafold2_ptm_model_1_seed_000.pdb,71.71
5320,bbarrel/single_seq_48recyc/colab/TMB2.77_unrelaxed_rank_002_alphafold2_ptm_model_2_seed_000.pdb,75.49
5321,bbarrel/single_seq_48recyc/colab/TMB2.28_unrelaxed_rank_004_alphafold2_ptm_model_5_seed_000.pdb,35.21
5322,bbarrel/single_seq_48recyc/colab/TMB2.42_unrelaxed_rank_004_alphafold2_ptm_model_2_seed_000.pdb,34.75
5323,bbarrel/single_seq_48recyc/colab/TMB2.50_unrelaxed_rank_003_alphafold2_ptm_model_1_seed_000.pdb,35.8
5324,bbarrel/single_seq_48recyc/colab/TMB2.88_unrelaxed_rank_002_alphafold2_ptm_model_1_seed_000.pdb,46.5
5325,bbarrel/single_seq_48recyc/colab/HBI_b_55_unrelaxed_rank_004_alphafold2_ptm_model_3_seed_000.pdb,75.1
5326,bbarrel/single_seq_48recyc/colab/HBI_b_31_unrelaxed_rank_004_alphafold2_ptm_model_2_seed_000.pdb,74.11
5327,bbarrel/single_seq_48recyc/colab/TMB2.86_unrelaxed_rank_005_alphafold2_ptm_model_3_seed_000.pdb,31.45
5328,bbarrel/single_seq_48recyc/colab/HBI_b_44_unrelaxed_rank_002_alphafold2_ptm_model_5_seed_000.pdb,81.54
5329,bbarrel/single_seq_48recyc/colab/TMB2.3_unrelaxed_rank_001_alphafold2_ptm_model_2_seed_000.pdb,90.95
5330,bbarrel/single_seq_48recyc/colab/HBI_b_38_unrelaxed_rank_002_alphafold2_ptm_model_4_seed_000.pdb,83.71
5331,bbarrel/single_seq_48recyc/colab/TMB2.42_unrelaxed_rank_002_alphafold2_ptm_model_5_seed_000.pdb,48.58
5332,bbarrel/single_seq_48recyc/colab/TMB2.21_unrelaxed_rank_004_alphafold2_ptm_model_3_seed_000.pdb,70.94
5333,bbarrel/single_seq_48recyc/colab/HBI_b_02_unrelaxed_rank_002_alphafold2_ptm_model_1_seed_000.pdb,84.45
5334,bbarrel/single_seq_48recyc/colab/TMB2.20_unrelaxed_rank_004_alphafold2_ptm_model_1_seed_000.pdb,33.65
5335,bbarrel/single_seq_48recyc/colab/TMB2.7_unrelaxed_rank_003_alphafold2_ptm_model_1_seed_000.pdb,38.08
5336,bbarrel/single_seq_48recyc/colab/HBI_b_15_unrelaxed_rank_004_alphafold2_ptm_model_2_seed_000.pdb,85.12
5337,bbarrel/single_seq_48recyc/colab/TMB2.42_unrelaxed_rank_001_alphafold2_ptm_model_4_seed_000.pdb,84.53
5338,bbarrel/single_seq_48recyc/colab/HBI_b_29_unrelaxed_rank_004_alphafold2_ptm_model_3_seed_000.pdb,77.5
5339,bbarrel/single_seq_48recyc/colab/TMB2.27_unrelaxed_rank_003_alphafold2_ptm_model_1_seed_000.pdb,33.14
5340,bbarrel/single_seq_48recyc/colab/HBI_b_23_unrelaxed_rank_003_alphafold2_ptm_model_4_seed_000.pdb,82.13
5341,bbarrel/single_seq_48recyc/colab/TMB2.20_unrelaxed_rank_001_alphafold2_ptm_model_5_seed_000.pdb,47.11
5342,bbarrel/single_seq_48recyc/colab/TMB2.37_unrelaxed_rank_002_alphafold2_ptm_model_4_seed_000.pdb,58.2
5343,bbarrel/single_seq_48recyc/colab/HBI_b_19_unrelaxed_rank_002_alphafold2_ptm_model_4_seed_000.pdb,87.28
5344,bbarrel/single_seq_48recyc/colab/HBI_b_33_unrelaxed_rank_003_alphafold2_ptm_model_3_seed_000.pdb,78.79
5345,bbarrel/single_seq_48recyc/colab/HBI_b_43_unrelaxed_rank_003_alphafold2_ptm_model_4_seed_000.pdb,81.76
5346,bbarrel/single_seq_48recyc/colab/HBI_b_50_unrelaxed_rank_005_alphafold2_ptm_model_3_seed_000.pdb,59.13
5347,bbarrel/single_seq_48recyc/colab/TMB2.54_unrelaxed_rank_001_alphafold2_ptm_model_4_seed_000.pdb,80.89
5348,bbarrel/single_seq_48recyc/colab/TMB2.15_unrelaxed_rank_005_alphafold2_ptm_model_3_seed_000.pdb,28.35
5349,bbarrel/single_seq_48recyc/colab/HBI_b_01_unrelaxed_rank_005_alphafold2_ptm_model_3_seed_000.pdb,71.14
5350,bbarrel/single_seq_48recyc/colab/TMB2.34_unrelaxed_rank_002_alphafold2_ptm_model_3_seed_000.pdb,63.09
5351,bbarrel/single_seq_48recyc/colab/TMB2.48_unrelaxed_rank_003_alphafold2_ptm_model_4_seed_000.pdb,32.45
5352,bbarrel/single_seq_48recyc/colab/TMB2.52_unrelaxed_rank_005_alphafold2_ptm_model_3_seed_000.pdb,33.38
5353,bbarrel/single_seq_48recyc/colab/HBI_b_55_unrelaxed_rank_005_alphafold2_ptm_model_4_seed_000.pdb,70.95
5354,bbarrel/single_seq_48recyc/colab/HBI_b_56_unrelaxed_rank_005_alphafold2_ptm_model_3_seed_000.pdb,81.53
5355,bbarrel/single_seq_48recyc/colab/TMB2.1_unrelaxed_rank_004_alphafold2_ptm_model_5_seed_000.pdb,30.36
5356,bbarrel/single_seq_48recyc/colab/TMB2.70_unrelaxed_rank_003_alphafold2_ptm_model_4_seed_000.pdb,85.68
5357,bbarrel/single_seq_48recyc/colab/TMB2.20_unrelaxed_rank_005_alphafold2_ptm_model_3_seed_000.pdb,33.4
5358,bbarrel/single_seq_48recyc/colab/TMB2.25_unrelaxed_rank_005_alphafold2_ptm_model_1_seed_000.pdb,30.08
5359,bbarrel/single_seq_48recyc/colab/TMB2.6_unrelaxed_rank_002_alphafold2_ptm_model_5_seed_000.pdb,62.15
5360,bbarrel/single_seq_48recyc/colab/HBI_b_46_unrelaxed_rank_002_alphafold2_ptm_model_4_seed_000.pdb,74.2
5361,bbarrel/single_seq_48recyc/colab/TMB2.67_unrelaxed_rank_003_alphafold2_ptm_model_1_seed_000.pdb,47.34
5362,bbarrel/single_seq_48recyc/colab/TMB2.58_unrelaxed_rank_004_alphafold2_ptm_model_3_seed_000.pdb,49.89
5363,bbarrel/single_seq_48recyc/colab/TMB2.6_unrelaxed_rank_004_alphafold2_ptm_model_2_seed_000.pdb,33.55
5364,bbarrel/single_seq_48recyc/colab/HBI_b_39_unrelaxed_rank_002_alphafold2_ptm_model_1_seed_000.pdb,82.89
5365,bbarrel/single_seq_48recyc/colab/TMB2.78_unrelaxed_rank_002_alphafold2_ptm_model_2_seed_000.pdb,39.93
5366,bbarrel/single_seq_48recyc/colab/TMB2.55_unrelaxed_rank_003_alphafold2_ptm_model_4_seed_000.pdb,31.16
5367,bbarrel/single_seq_48recyc/colab/TMB2.78_unrelaxed_rank_003_alphafold2_ptm_model_3_seed_000.pdb,33.92
5368,bbarrel/single_seq_48recyc/colab/TMB2.30_unrelaxed_rank_002_alphafold2_ptm_model_2_seed_000.pdb,37.46
5369,bbarrel/single_seq_48recyc/colab/TMB2.42_unrelaxed_rank_005_alphafold2_ptm_model_3_seed_000.pdb,33.71
5370,bbarrel/single_seq_48recyc/colab/TMB2.12_unrelaxed_rank_003_alphafold2_ptm_model_5_seed_000.pdb,32.91
5371,bbarrel/single_seq_48recyc/colab/TMB2.37_unrelaxed_rank_005_alphafold2_ptm_model_3_seed_000.pdb,34.55
5372,bbarrel/single_seq_48recyc/colab/TMB2.83_unrelaxed_rank_001_alphafold2_ptm_model_1_seed_000.pdb,91.1
5373,bbarrel/single_seq_48recyc/colab/TMB2.73_unrelaxed_rank_004_alphafold2_ptm_model_4_seed_000.pdb,31.92
5374,bbarrel/single_seq_48recyc/colab/TMB2.8_unrelaxed_rank_001_alphafold2_ptm_model_4_seed_000.pdb,78.42
5375,bbarrel/single_seq_48recyc/colab/TMB2.45_unrelaxed_rank_002_alphafold2_ptm_model_3_seed_000.pdb,83.3
5376,bbarrel/single_seq_48recyc/colab/TMB2.8_unrelaxed_rank_005_alphafold2_ptm_model_5_seed_000.pdb,31.19
5377,bbarrel/single_seq_48recyc/colab/TMB2.18_unrelaxed_rank_004_alphafold2_ptm_model_2_seed_000.pdb,54.51
5378,bbarrel/single_seq_48recyc/colab/TMB2.87_unrelaxed_rank_005_alphafold2_ptm_model_3_seed_000.pdb,30.67
5379,bbarrel/single_seq_48recyc/colab/HBI_b_25_unrelaxed_rank_003_alphafold2_ptm_model_1_seed_000.pdb,86.23
5380,bbarrel/single_seq_48recyc/colab/HBI_b_40_unrelaxed_rank_001_alphafold2_ptm_model_1_seed_000.pdb,88.58
5381,bbarrel/single_seq_48recyc/colab/TMB2.47_unrelaxed_rank_004_alphafold2_ptm_model_1_seed_000.pdb,66.13
5382,bbarrel/single_seq_48recyc/colab/TMB2.12_unrelaxed_rank_004_alphafold2_ptm_model_4_seed_000.pdb,32.04
5383,bbarrel/single_seq_48recyc/colab/TMB2.51_unrelaxed_rank_001_alphafold2_ptm_model_2_seed_000.pdb,87.04
5384,bbarrel/single_seq_48recyc/colab/TMB2.41_unrelaxed_rank_002_alphafold2_ptm_model_5_seed_000.pdb,86.52
5385,bbarrel/single_seq_48recyc/colab/TMB2.6_unrelaxed_rank_005_alphafold2_ptm_model_3_seed_000.pdb,29.63
5386,bbarrel/single_seq_48recyc/colab/HBI_b_02_unrelaxed_rank_005_alphafold2_ptm_model_2_seed_000.pdb,37.84
5387,bbarrel/single_seq_48recyc/colab/TMB2.22_unrelaxed_rank_002_alphafold2_ptm_model_4_seed_000.pdb,86.62
5388,bbarrel/single_seq_48recyc/colab/TMB2.72_unrelaxed_rank_003_alphafold2_ptm_model_3_seed_000.pdb,38.5
5389,bbarrel/single_seq_48recyc/colab/HBI_b_23_unrelaxed_rank_002_alphafold2_ptm_model_1_seed_000.pdb,87.26
5390,bbarrel/single_seq_48recyc/colab/TMB2.86_unrelaxed_rank_003_alphafold2_ptm_model_2_seed_000.pdb,37.88
5391,bbarrel/single_seq_48recyc/colab/HBI_b_44_unrelaxed_rank_005_alphafold2_ptm_model_4_seed_000.pdb,77.44
5392,bbarrel/single_seq_48recyc/colab/HBI_b_39_unrelaxed_rank_001_alphafold2_ptm_model_4_seed_000.pdb,83.29
5393,bbarrel/single_seq_48recyc/colab/HBI_b_29_unrelaxed_rank_001_alphafold2_ptm_model_1_seed_000.pdb,84.68
5394,bbarrel/single_seq_48recyc/colab/TMB2.69_unrelaxed_rank_004_alphafold2_ptm_model_2_seed_000.pdb,47.66
5395,bbarrel/single_seq_48recyc/colab/TMB2.4_unrelaxed_rank_005_alphafold2_ptm_model_3_seed_000.pdb,29.68
5396,bbarrel/single_seq_48recyc/colab/TMB2.70_unrelaxed_rank_005_alphafold2_ptm_model_3_seed_000.pdb,32.14
5397,bbarrel/single_seq_48recyc/colab/TMB2.55_unrelaxed_rank_002_alphafold2_ptm_model_2_seed_000.pdb,32.34
5398,bbarrel/single_seq_48recyc/colab/TMB2.72_unrelaxed_rank_002_alphafold2_ptm_model_1_seed_000.pdb,50.56
5399,bbarrel/single_seq_48recyc/colab/TMB2.29_unrelaxed_rank_003_alphafold2_ptm_model_3_seed_000.pdb,84.72
5400,bbarrel/single_seq_48recyc/colab/TMB2.24_unrelaxed_rank_003_alphafold2_ptm_model_3_seed_000.pdb,77.09
5401,bbarrel/single_seq_48recyc/colab/TMB2.80_unrelaxed_rank_005_alphafold2_ptm_model_5_seed_000.pdb,36.04
5402,bbarrel/single_seq_48recyc/colab/HBI_b_40_unrelaxed_rank_005_alphafold2_ptm_model_3_seed_000.pdb,63.48
5403,bbarrel/single_seq_48recyc/colab/HBI_b_53_unrelaxed_rank_002_alphafold2_ptm_model_1_seed_000.pdb,86.41
5404,bbarrel/single_seq_48recyc/colab/HBI_b_34_unrelaxed_rank_004_alphafold2_ptm_model_3_seed_000.pdb,76.93
5405,bbarrel/single_seq_48recyc/colab/HBI_b_14_unrelaxed_rank_001_alphafold2_ptm_model_2_seed_000.pdb,87.53
5406,bbarrel/single_seq_48recyc/colab/HBI_b_21_unrelaxed_rank_004_alphafold2_ptm_model_3_seed_000.pdb,85.54
5407,bbarrel/single_seq_48recyc/colab/HBI_b_03_unrelaxed_rank_001_alphafold2_ptm_model_5_seed_000.pdb,77.38
5408,bbarrel/single_seq_48recyc/colab/HBI_b_56_unrelaxed_rank_001_alphafold2_ptm_model_5_seed_000.pdb,86.35
5409,bbarrel/single_seq_48recyc/colab/TMB2.59_unrelaxed_rank_003_alphafold2_ptm_model_5_seed_000.pdb,78.68
5410,bbarrel/single_seq_48recyc/colab/TMB2.75_unrelaxed_rank_004_alphafold2_ptm_model_5_seed_000.pdb,59.68
5411,bbarrel/single_seq_48recyc/colab/TMB2.82_unrelaxed_rank_004_alphafold2_ptm_model_1_seed_000.pdb,41.33
5412,bbarrel/single_seq_48recyc/colab/HBI_b_32_unrelaxed_rank_001_alphafold2_ptm_model_1_seed_000.pdb,88.68
5413,bbarrel/single_seq_48recyc/colab/TMB2.36_unrelaxed_rank_001_alphafold2_ptm_model_5_seed_000.pdb,79.47
5414,bbarrel/single_seq_48recyc/colab/HBI_b_34_unrelaxed_rank_003_alphafold2_ptm_model_4_seed_000.pdb,77.22
5415,bbarrel/single_seq_48recyc/colab/TMB2.87_unrelaxed_rank_003_alphafold2_ptm_model_1_seed_000.pdb,34.91
5416,bbarrel/single_seq_48recyc/colab/TMB2.27_unrelaxed_rank_004_alphafold2_ptm_model_3_seed_000.pdb,30.47
5417,bbarrel/single_seq_48recyc/colab/TMB2.47_unrelaxed_rank_001_alphafold2_ptm_model_2_seed_000.pdb,86.94
5418,bbarrel/single_seq_48recyc/colab/HBI_b_34_unrelaxed_rank_001_alphafold2_ptm_model_2_seed_000.pdb,79.31
5419,bbarrel/single_seq_48recyc/colab/HBI_b_17_unrelaxed_rank_002_alphafold2_ptm_model_2_seed_000.pdb,80.51
5420,bbarrel/single_seq_48recyc/colab/TMB2.87_unrelaxed_rank_004_alphafold2_ptm_model_5_seed_000.pdb,32.98
5421,bbarrel/single_seq_48recyc/colab/HBI_b_38_unrelaxed_rank_004_alphafold2_ptm_model_2_seed_000.pdb,81.45
5422,bbarrel/single_seq_48recyc/colab/TMB2.5_unrelaxed_rank_003_alphafold2_ptm_model_1_seed_000.pdb,39.83
5423,bbarrel/single_seq_48recyc/colab/HBI_b_17_unrelaxed_rank_001_alphafold2_ptm_model_1_seed_000.pdb,85.3
5424,bbarrel/single_seq_48recyc/colab/TMB2.67_unrelaxed_rank_002_alphafold2_ptm_model_4_seed_000.pdb,84.7
5425,bbarrel/single_seq_48recyc/colab/TMB2.17_unrelaxed_rank_003_alphafold2_ptm_model_5_seed_000.pdb,85.51
5426,bbarrel/single_seq_48recyc/colab/TMB2.65_unrelaxed_rank_003_alphafold2_ptm_model_5_seed_000.pdb,87.05
5427,bbarrel/single_seq_48recyc/colab/TMB2.57_unrelaxed_rank_005_alphafold2_ptm_model_3_seed_000.pdb,34.02
5428,bbarrel/single_seq_48recyc/colab/TMB2.11_unrelaxed_rank_003_alphafold2_ptm_model_2_seed_000.pdb,51.16
5429,bbarrel/single_seq_48recyc/colab/TMB2.35_unrelaxed_rank_005_alphafold2_ptm_model_4_seed_000.pdb,37.63
5430,bbarrel/single_seq_48recyc/colab/TMB2.79_unrelaxed_rank_003_alphafold2_ptm_model_4_seed_000.pdb,85.3
5431,bbarrel/single_seq_48recyc/colab/TMB2.52_unrelaxed_rank_001_alphafold2_ptm_model_5_seed_000.pdb,77.82
5432,bbarrel/single_seq_48recyc/colab/TMB2.44_unrelaxed_rank_005_alphafold2_ptm_model_1_seed_000.pdb,62.89
5433,bbarrel/single_seq_48recyc/colab/HBI_b_08_unrelaxed_rank_005_alphafold2_ptm_model_2_seed_000.pdb,69.34
5434,bbarrel/single_seq_48recyc/colab/TMB2.50_unrelaxed_rank_004_alphafold2_ptm_model_5_seed_000.pdb,33.12
5435,bbarrel/single_seq_48recyc/colab/HBI_b_56_unrelaxed_rank_003_alphafold2_ptm_model_2_seed_000.pdb,84.02
5436,bbarrel/single_seq_48recyc/colab/TMB2.71_unrelaxed_rank_002_alphafold2_ptm_model_4_seed_000.pdb,86.9
5437,bbarrel/single_seq_48recyc/colab/TMB2.58_unrelaxed_rank_003_alphafold2_ptm_model_5_seed_000.pdb,72.12
5438,bbarrel/single_seq_48recyc/colab/TMB2.11_unrelaxed_rank_002_alphafold2_ptm_model_1_seed_000.pdb,55.84
5439,bbarrel/single_seq_48recyc/colab/TMB2.43_unrelaxed_rank_003_alphafold2_ptm_model_5_seed_000.pdb,59.12
5440,bbarrel/single_seq_48recyc/colab/HBI_b_13_unrelaxed_rank_002_alphafold2_ptm_model_2_seed_000.pdb,79.32
5441,bbarrel/single_seq_48recyc/colab/TMB2.1_unrelaxed_rank_002_alphafold2_ptm_model_2_seed_000.pdb,39.75
5442,bbarrel/single_seq_48recyc/colab/TMB2.29_unrelaxed_rank_004_alphafold2_ptm_model_2_seed_000.pdb,80.48
5443,bbarrel/single_seq_48recyc/colab/TMB2.75_unrelaxed_rank_005_alphafold2_ptm_model_3_seed_000.pdb,54.36
5444,bbarrel/single_seq_48recyc/colab/TMB2.2_unrelaxed_rank_001_alphafold2_ptm_model_2_seed_000.pdb,85.6
5445,bbarrel/single_seq_48recyc/colab/TMB2.33_unrelaxed_rank_005_alphafold2_ptm_model_3_seed_000.pdb,31.68
5446,bbarrel/single_seq_48recyc/colab/TMB2.89_unrelaxed_rank_001_alphafold2_ptm_model_4_seed_000.pdb,55.98
5447,bbarrel/single_seq_48recyc/colab/TMB2.87_unrelaxed_rank_001_alphafold2_ptm_model_2_seed_000.pdb,65.62
5448,bbarrel/single_seq_48recyc/colab/TMB2.79_unrelaxed_rank_002_alphafold2_ptm_model_2_seed_000.pdb,90.02
5449,bbarrel/single_seq_48recyc/colab/TMB2.26_unrelaxed_rank_005_alphafold2_ptm_model_3_seed_000.pdb,31.3
5450,bbarrel/single_seq_48recyc/colab/TMB2.44_unrelaxed_rank_003_alphafold2_ptm_model_5_seed_000.pdb,71.63
5451,bbarrel/single_seq_48recyc/colab/HBI_b_43_unrelaxed_rank_004_alphafold2_ptm_model_5_seed_000.pdb,72.63
5452,bbarrel/single_seq_48recyc/colab/HBI_b_15_unrelaxed_rank_005_alphafold2_ptm_model_3_seed_000.pdb,82.45
5453,bbarrel/single_seq_48recyc/colab/TMB2.35_unrelaxed_rank_003_alphafold2_ptm_model_2_seed_000.pdb,46.54
5454,bbarrel/single_seq_48recyc/colab/TMB2.30_unrelaxed_rank_004_alphafold2_ptm_model_5_seed_000.pdb,33.67
5455,bbarrel/single_seq_48recyc/colab/TMB2.3_unrelaxed_rank_003_alphafold2_ptm_model_4_seed_000.pdb,48.18
5456,bbarrel/single_seq_48recyc/colab/TMB2.44_unrelaxed_rank_002_alphafold2_ptm_model_4_seed_000.pdb,83.36
5457,bbarrel/single_seq_48recyc/colab/TMB2.84_unrelaxed_rank_005_alphafold2_ptm_model_1_seed_000.pdb,37.78
5458,bbarrel/single_seq_48recyc/colab/TMB2.14_unrelaxed_rank_001_alphafold2_ptm_model_4_seed_000.pdb,87.85
5459,bbarrel/single_seq_48recyc/colab/TMB2.22_unrelaxed_rank_003_alphafold2_ptm_model_5_seed_000.pdb,85.01
5460,bbarrel/single_seq_48recyc/colab/TMB2.77_unrelaxed_rank_004_alphafold2_ptm_model_3_seed_000.pdb,55.27
5461,bbarrel/single_seq_48recyc/colab/TMB2.89_unrelaxed_rank_005_alphafold2_ptm_model_5_seed_000.pdb,36.27
5462,bbarrel/single_seq_48recyc/colab/TMB2.58_unrelaxed_rank_005_alphafold2_ptm_model_1_seed_000.pdb,38.59
5463,bbarrel/single_seq_48recyc/colab/TMB2.32_unrelaxed_rank_002_alphafold2_ptm_model_5_seed_000.pdb,75.59
5464,bbarrel/single_seq_48recyc/colab/TMB2.21_unrelaxed_rank_001_alphafold2_ptm_model_2_seed_000.pdb,83.93
5465,bbarrel/single_seq_48recyc/colab/TMB2.21_unrelaxed_rank_002_alphafold2_ptm_model_4_seed_000.pdb,80.74
5466,bbarrel/single_seq_48recyc/colab/TMB2.81_unrelaxed_rank_003_alphafold2_ptm_model_2_seed_000.pdb,50.16
5467,bbarrel/single_seq_48recyc/colab/HBI_b_19_unrelaxed_rank_004_alphafold2_ptm_model_2_seed_000.pdb,85.29
5468,bbarrel/single_seq_48recyc/colab/TMB2.11_unrelaxed_rank_005_alphafold2_ptm_model_5_seed_000.pdb,35.81
5469,bbarrel/single_seq_48recyc/colab/TMB2.68_unrelaxed_rank_004_alphafold2_ptm_model_1_seed_000.pdb,52.87
5470,bbarrel/single_seq_48recyc/colab/HBI_b_16_unrelaxed_rank_005_alphafold2_ptm_model_2_seed_000.pdb,73.46
5471,bbarrel/single_seq_48recyc/colab/HBI_b_17_unrelaxed_rank_004_alphafold2_ptm_model_3_seed_000.pdb,76.92
5472,bbarrel/single_seq_48recyc/colab/TMB2.28_unrelaxed_rank_003_alphafold2_ptm_model_1_seed_000.pdb,36.51
5473,bbarrel/single_seq_48recyc/colab/TMB2.71_unrelaxed_rank_005_alphafold2_ptm_model_1_seed_000.pdb,40.55
5474,bbarrel/single_seq_48recyc/colab/HBI_b_35_unrelaxed_rank_005_alphafold2_ptm_model_2_seed_000.pdb,52.22
5475,bbarrel/single_seq_48recyc/colab/TMB2.44_unrelaxed_rank_001_alphafold2_ptm_model_2_seed_000.pdb,86.06
5476,bbarrel/single_seq_48recyc/colab/TMB2.33_unrelaxed_rank_003_alphafold2_ptm_model_2_seed_000.pdb,39.29
5477,bbarrel/single_seq_48recyc/colab/TMB2.31_unrelaxed_rank_005_alphafold2_ptm_model_1_seed_000.pdb,65.28
5478,bbarrel/single_seq_48recyc/colab/HBI_b_55_unrelaxed_rank_001_alphafold2_ptm_model_1_seed_000.pdb,86.35
5479,bbarrel/single_seq_48recyc/colab/TMB2.38_unrelaxed_rank_002_alphafold2_ptm_model_2_seed_000.pdb,31.46
5480,bbarrel/single_seq_48recyc/colab/HBI_b_10_unrelaxed_rank_004_alphafold2_ptm_model_1_seed_000.pdb,87.56
5481,bbarrel/single_seq_48recyc/colab/TMB2.29_unrelaxed_rank_001_alphafold2_ptm_model_5_seed_000.pdb,87.9
5482,bbarrel/single_seq_48recyc/colab/HBI_b_04_unrelaxed_rank_005_alphafold2_ptm_model_3_seed_000.pdb,68.35
5483,bbarrel/single_seq_48recyc/colab/TMB2.51_unrelaxed_rank_004_alphafold2_ptm_model_1_seed_000.pdb,30.62
5484,bbarrel/single_seq_48recyc/colab/TMB2.68_unrelaxed_rank_005_alphafold2_ptm_model_5_seed_000.pdb,39.28
5485,bbarrel/single_seq_48recyc/colab/TMB2.59_unrelaxed_rank_005_alphafold2_ptm_model_1_seed_000.pdb,69.56
5486,bbarrel/single_seq_48recyc/colab/HBI_b_04_unrelaxed_rank_003_alphafold2_ptm_model_1_seed_000.pdb,70.42
5487,bbarrel/single_seq_48recyc/colab/TMB2.70_unrelaxed_rank_001_alphafold2_ptm_model_2_seed_000.pdb,89.83
5488,bbarrel/single_seq_48recyc/colab/TMB2.19_unrelaxed_rank_002_alphafold2_ptm_model_5_seed_000.pdb,81.93
5489,bbarrel/single_seq_48recyc/colab/TMB2.39_unrelaxed_rank_004_alphafold2_ptm_model_3_seed_000.pdb,31.52
5490,bbarrel/single_seq_48recyc/colab/TMB2.28_unrelaxed_rank_005_alphafold2_ptm_model_3_seed_000.pdb,32.28
5491,bbarrel/single_seq_48recyc/colab/TMB2.34_unrelaxed_rank_001_alphafold2_ptm_model_4_seed_000.pdb,83.68
5492,bbarrel/single_seq_48recyc/colab/HBI_b_53_unrelaxed_rank_001_alphafold2_ptm_model_2_seed_000.pdb,87.19
5493,bbarrel/single_seq_48recyc/colab/TMB2.9_unrelaxed_rank_003_alphafold2_ptm_model_2_seed_000.pdb,44.07
5494,bbarrel/single_seq_48recyc/colab/TMB2.67_unrelaxed_rank_005_alphafold2_ptm_model_5_seed_000.pdb,33.49
5495,bbarrel/single_seq_48recyc/colab/TMB2.27_unrelaxed_rank_001_alphafold2_ptm_model_4_seed_000.pdb,86.25
5496,bbarrel/single_seq_48recyc/colab/HBI_b_02_unrelaxed_rank_004_alphafold2_ptm_model_5_seed_000.pdb,83.46
5497,bbarrel/single_seq_48recyc/colab/HBI_b_38_unrelaxed_rank_001_alphafold2_ptm_model_1_seed_000.pdb,85.25
5498,bbarrel/single_seq_48recyc/colab/HBI_b_16_unrelaxed_rank_001_alphafold2_ptm_model_1_seed_000.pdb,84.97
5499,bbarrel/single_seq_48recyc/colab/TMB2.80_unrelaxed_rank_004_alphafold2_ptm_model_2_seed_000.pdb,53.64
5500,bbarrel/single_seq_48recyc/colab/HBI_b_50_unrelaxed_rank_002_alphafold2_ptm_model_1_seed_000.pdb,89.28
5501,bbarrel/single_seq_48recyc/colab/TMB2.66_unrelaxed_rank_004_alphafold2_ptm_model_5_seed_000.pdb,36.29
5502,bbarrel/single_seq_48recyc/colab/TMB2.30_unrelaxed_rank_005_alphafold2_ptm_model_3_seed_000.pdb,33.55
5503,bbarrel/single_seq_48recyc/colab/HBI_b_28_unrelaxed_rank_004_alphafold2_ptm_model_5_seed_000.pdb,77.46
5504,bbarrel/single_seq_48recyc/colab/HBI_b_31_unrelaxed_rank_002_alphafold2_ptm_model_1_seed_000.pdb,81.83
5505,bbarrel/single_seq_48recyc/colab/TMB2.38_unrelaxed_rank_001_alphafold2_ptm_model_1_seed_000.pdb,32.79
5506,bbarrel/single_seq_48recyc/colab/TMB2.73_unrelaxed_rank_005_alphafold2_ptm_model_3_seed_000.pdb,31.59
5507,bbarrel/single_seq_48recyc/colab/HBI_b_37_unrelaxed_rank_005_alphafold2_ptm_model_5_seed_000.pdb,82.35
5508,bbarrel/single_seq_48recyc/colab/TMB2.75_unrelaxed_rank_001_alphafold2_ptm_model_4_seed_000.pdb,84.59
5509,bbarrel/single_seq_48recyc/colab/HBI_b_25_unrelaxed_rank_002_alphafold2_ptm_model_3_seed_000.pdb,87.54
5510,bbarrel/single_seq_48recyc/colab/HBI_b_41_unrelaxed_rank_002_alphafold2_ptm_model_5_seed_000.pdb,85.56
5511,bbarrel/single_seq_48recyc/colab/HBI_b_14_unrelaxed_rank_004_alphafold2_ptm_model_4_seed_000.pdb,86.03
5512,bbarrel/single_seq_48recyc/colab/TMB2.73_unrelaxed_rank_003_alphafold2_ptm_model_5_seed_000.pdb,37.52
5513,bbarrel/single_seq_48recyc/colab/TMB2.49_unrelaxed_rank_005_alphafold2_ptm_model_3_seed_000.pdb,32.26
5514,bbarrel/single_seq_48recyc/colab/TMB2.80_unrelaxed_rank_001_alphafold2_ptm_model_4_seed_000.pdb,76.6
5515,bbarrel/single_seq_48recyc/colab/TMB2.49_unrelaxed_rank_003_alphafold2_ptm_model_1_seed_000.pdb,45.86
5516,bbarrel/single_seq_48recyc/colab/TMB2.72_unrelaxed_rank_004_alphafold2_ptm_model_2_seed_000.pdb,37.16
5517,bbarrel/single_seq_48recyc/colab/TMB2.71_unrelaxed_rank_003_alphafold2_ptm_model_5_seed_000.pdb,77.85
5518,bbarrel/single_seq_48recyc/colab/HBI_b_35_unrelaxed_rank_001_alphafold2_ptm_model_1_seed_000.pdb,85.77
5519,bbarrel/single_seq_48recyc/colab/TMB2.36_unrelaxed_rank_003_alphafold2_ptm_model_2_seed_000.pdb,41.34
5520,bbarrel/single_seq_48recyc/colab/TMB2.74_unrelaxed_rank_002_alphafold2_ptm_model_1_seed_000.pdb,63.41
5521,bbarrel/single_seq_48recyc/colab/TMB2.22_unrelaxed_rank_005_alphafold2_ptm_model_3_seed_000.pdb,50.45
5522,bbarrel/single_seq_48recyc/colab/HBI_b_15_unrelaxed_rank_002_alphafold2_ptm_model_5_seed_000.pdb,87.83
5523,bbarrel/single_seq_48recyc/colab/HBI_b_07_unrelaxed_rank_005_alphafold2_ptm_model_3_seed_000.pdb,86.12
5524,bbarrel/single_seq_48recyc/colab/TMB2.35_unrelaxed_rank_002_alphafold2_ptm_model_1_seed_000.pdb,51.5
5525,bbarrel/single_seq_48recyc/colab/HBI_b_39_unrelaxed_rank_005_alphafold2_ptm_model_5_seed_000.pdb,78.74
5526,bbarrel/single_seq_48recyc/colab/TMB2.82_unrelaxed_rank_001_alphafold2_ptm_model_4_seed_000.pdb,87.78
5527,bbarrel/single_seq_48recyc/colab/TMB2.72_unrelaxed_rank_005_alphafold2_ptm_model_5_seed_000.pdb,32.77
5528,bbarrel/single_seq_48recyc/colab/HBI_b_37_unrelaxed_rank_001_alphafold2_ptm_model_2_seed_000.pdb,89.3
5529,bbarrel/single_seq_48recyc/colab/TMB2.89_unrelaxed_rank_004_alphafold2_ptm_model_2_seed_000.pdb,46.2
5530,bbarrel/single_seq_48recyc/colab/TMB2.57_unrelaxed_rank_002_alphafold2_ptm_model_5_seed_000.pdb,79.85
5531,bbarrel/single_seq_48recyc/colab/TMB2.3_unrelaxed_rank_005_alphafold2_ptm_model_3_seed_000.pdb,30.07
5532,bbarrel/single_seq_48recyc/colab/HBI_b_38_unrelaxed_rank_005_alphafold2_ptm_model_5_seed_000.pdb,80.59
5533,bbarrel/single_seq_48recyc/colab/HBI_b_21_unrelaxed_rank_002_alphafold2_ptm_model_4_seed_000.pdb,86.17
5534,bbarrel/single_seq_48recyc/colab/HBI_b_09_unrelaxed_rank_001_alphafold2_ptm_model_5_seed_000.pdb,87.33
5535,bbarrel/single_seq_48recyc/colab/HBI_b_26_unrelaxed_rank_003_alphafold2_ptm_model_5_seed_000.pdb,88.07
5536,bbarrel/single_seq_48recyc/colab/TMB2.83_unrelaxed_rank_005_alphafold2_ptm_model_3_seed_000.pdb,67.02
5537,bbarrel/single_seq_48recyc/colab/TMB2.84_unrelaxed_rank_002_alphafold2_ptm_model_5_seed_000.pdb,52.08
5538,bbarrel/single_seq_48recyc/colab/TMB2.66_unrelaxed_rank_002_alphafold2_ptm_model_2_seed_000.pdb,46.85
5539,bbarrel/single_seq_48recyc/colab/HBI_b_41_unrelaxed_rank_005_alphafold2_ptm_model_2_seed_000.pdb,52.29
5540,bbarrel/single_seq_48recyc/colab/TMB2.83_unrelaxed_rank_003_alphafold2_ptm_model_4_seed_000.pdb,85.26
5541,bbarrel/single_seq_48recyc/colab/TMB2.7_unrelaxed_rank_001_alphafold2_ptm_model_4_seed_000.pdb,60.53
5542,bbarrel/single_seq_48recyc/colab/HBI_b_44_unrelaxed_rank_004_alphafold2_ptm_model_3_seed_000.pdb,79.71
5543,bbarrel/single_seq_48recyc/colab/TMB2.76_unrelaxed_rank_005_alphafold2_ptm_model_1_seed_000.pdb,33.75
5544,bbarrel/single_seq_48recyc/colab/HBI_b_04_unrelaxed_rank_002_alphafold2_ptm_model_5_seed_000.pdb,73.35
5545,bbarrel/single_seq_48recyc/colab/TMB2.59_unrelaxed_rank_004_alphafold2_ptm_model_3_seed_000.pdb,73.49
5546,bbarrel/single_seq_48recyc/colab/TMB2.51_unrelaxed_rank_003_alphafold2_ptm_model_3_seed_000.pdb,32.34
5547,bbarrel/single_seq_48recyc/colab/HBI_b_56_unrelaxed_rank_004_alphafold2_ptm_model_1_seed_000.pdb,82.44
5548,bbarrel/single_seq_48recyc/colab/TMB2.15_unrelaxed_rank_003_alphafold2_ptm_model_2_seed_000.pdb,32.28
5549,bbarrel/single_seq_48recyc/colab/HBI_b_28_unrelaxed_rank_005_alphafold2_ptm_model_3_seed_000.pdb,77.13
5550,bbarrel/single_seq_48recyc/colab/HBI_b_10_unrelaxed_rank_003_alphafold2_ptm_model_5_seed_000.pdb,87.74
5551,bbarrel/single_seq_48recyc/colab/HBI_b_40_unrelaxed_rank_004_alphafold2_ptm_model_2_seed_000.pdb,82.12
5552,bbarrel/single_seq_48recyc/colab/TMB2.64_unrelaxed_rank_004_alphafold2_ptm_model_2_seed_000.pdb,35.98
5553,bbarrel/single_seq_48recyc/colab/TMB2.5_unrelaxed_rank_002_alphafold2_ptm_model_5_seed_000.pdb,82.24
5554,bbarrel/single_seq_48recyc/colab/TMB2.18_unrelaxed_rank_001_alphafold2_ptm_model_4_seed_000.pdb,86.17
5555,bbarrel/single_seq_48recyc/colab/TMB2.81_unrelaxed_rank_001_alphafold2_ptm_model_4_seed_000.pdb,79.81
5556,bbarrel/single_seq_48recyc/colab/TMB2.32_unrelaxed_rank_004_alphafold2_ptm_model_3_seed_000.pdb,41.12
5557,bbarrel/single_seq_48recyc/colab/TMB2.76_unrelaxed_rank_003_alphafold2_ptm_model_5_seed_000.pdb,87.7
5558,bbarrel/single_seq_48recyc/colab/TMB2.26_unrelaxed_rank_001_alphafold2_ptm_model_4_seed_000.pdb,80.8
5559,bbarrel/single_seq_48recyc/colab/HBI_b_21_unrelaxed_rank_003_alphafold2_ptm_model_1_seed_000.pdb,85.63
5560,bbarrel/single_seq_48recyc/colab/TMB2.60_unrelaxed_rank_001_alphafold2_ptm_model_5_seed_000.pdb,87.06
5561,bbarrel/single_seq_48recyc/colab/HBI_b_33_unrelaxed_rank_005_alphafold2_ptm_model_4_seed_000.pdb,76.0
5562,bbarrel/single_seq_48recyc/colab/HBI_b_43_unrelaxed_rank_005_alphafold2_ptm_model_3_seed_000.pdb,53.27
5563,bbarrel/single_seq_48recyc/colab/TMB2.9_unrelaxed_rank_005_alphafold2_ptm_model_3_seed_000.pdb,30.98
5564,bbarrel/single_seq_48recyc/colab/HBI_b_07_unrelaxed_rank_003_alphafold2_ptm_model_5_seed_000.pdb,86.88
5565,bbarrel/single_seq_48recyc/colab/TMB2.29_unrelaxed_rank_005_alphafold2_ptm_model_1_seed_000.pdb,36.25
5566,bbarrel/single_seq_48recyc/colab/HBI_b_49_unrelaxed_rank_005_alphafold2_ptm_model_5_seed_000.pdb,86.33
5567,bbarrel/single_seq_48recyc/colab/TMB2.23_unrelaxed_rank_002_alphafold2_ptm_model_2_seed_000.pdb,50.38
5568,bbarrel/single_seq_48recyc/colab/TMB2.62_unrelaxed_rank_003_alphafold2_ptm_model_2_seed_000.pdb,49.9
5569,bbarrel/single_seq_48recyc/colab/TMB2.86_unrelaxed_rank_004_alphafold2_ptm_model_5_seed_000.pdb,35.89
5570,bbarrel/single_seq_48recyc/colab/HBI_b_22_unrelaxed_rank_001_alphafold2_ptm_model_2_seed_000.pdb,91.12
5571,bbarrel/single_seq_48recyc/colab/HBI_b_41_unrelaxed_rank_004_alphafold2_ptm_model_3_seed_000.pdb,66.89
5572,bbarrel/single_seq_48recyc/colab/HBI_b_19_unrelaxed_rank_001_alphafold2_ptm_model_1_seed_000.pdb,87.84
5573,bbarrel/single_seq_48recyc/colab/TMB2.66_unrelaxed_rank_005_alphafold2_ptm_model_3_seed_000.pdb,30.81
5574,bbarrel/single_seq_48recyc/colab/TMB2.23_unrelaxed_rank_005_alphafold2_ptm_model_3_seed_000.pdb,33.5
5575,bbarrel/single_seq_48recyc/colab/TMB2.62_unrelaxed_rank_002_alphafold2_ptm_model_3_seed_000.pdb,75.53
5576,bbarrel/single_seq_48recyc/colab/TMB2.38_unrelaxed_rank_003_alphafold2_ptm_model_5_seed_000.pdb,31.37
5577,bbarrel/single_seq_48recyc/colab/TMB2.81_unrelaxed_rank_002_alphafold2_ptm_model_1_seed_000.pdb,79.6
5578,bbarrel/single_seq_48recyc/colab/TMB2.48_unrelaxed_rank_005_alphafold2_ptm_model_3_seed_000.pdb,28.75
5579,bbarrel/single_seq_48recyc/colab/TMB2.83_unrelaxed_rank_002_alphafold2_ptm_model_2_seed_000.pdb,90.19
5580,bbarrel/single_seq_48recyc/colab/TMB2.88_unrelaxed_rank_005_alphafold2_ptm_model_5_seed_000.pdb,36.93
5581,bbarrel/single_seq_48recyc/colab/TMB2.21_unrelaxed_rank_005_alphafold2_ptm_model_1_seed_000.pdb,29.24
5582,bbarrel/single_seq_48recyc/colab/TMB2.26_unrelaxed_rank_004_alphafold2_ptm_model_1_seed_000.pdb,31.72
5583,bbarrel/single_seq_48recyc/colab/TMB2.1_unrelaxed_rank_001_alphafold2_ptm_model_4_seed_000.pdb,46.59
5584,bbarrel/single_seq_48recyc/colab/TMB2.79_unrelaxed_rank_004_alphafold2_ptm_model_5_seed_000.pdb,40.22
5585,bbarrel/single_seq_48recyc/colab/HBI_b_25_unrelaxed_rank_004_alphafold2_ptm_model_5_seed_000.pdb,85.38
5586,bbarrel/single_seq_48recyc/colab/TMB2.72_unrelaxed_rank_001_alphafold2_ptm_model_4_seed_000.pdb,75.52
5587,bbarrel/single_seq_48recyc/colab/TMB2.54_unrelaxed_rank_004_alphafold2_ptm_model_5_seed_000.pdb,35.89
5588,bbarrel/single_seq_48recyc/colab/HBI_b_43_unrelaxed_rank_002_alphafold2_ptm_model_2_seed_000.pdb,85.2
5589,bbarrel/single_seq_48recyc/colab/TMB2.71_unrelaxed_rank_001_alphafold2_ptm_model_3_seed_000.pdb,87.23
5590,bbarrel/single_seq_48recyc/colab/HBI_b_27_unrelaxed_rank_002_alphafold2_ptm_model_3_seed_000.pdb,84.69
5591,bbarrel/single_seq_48recyc/colab/TMB2.18_unrelaxed_rank_005_alphafold2_ptm_model_3_seed_000.pdb,32.7
5592,bbarrel/single_seq_48recyc/colab/TMB2.18_unrelaxed_rank_002_alphafold2_ptm_model_1_seed_000.pdb,77.45
5593,bbarrel/single_seq_48recyc/colab/TMB2.74_unrelaxed_rank_001_alphafold2_ptm_model_4_seed_000.pdb,79.81
5594,bbarrel/single_seq_48recyc/colab/TMB2.50_unrelaxed_rank_001_alphafold2_ptm_model_4_seed_000.pdb,87.99
5595,bbarrel/single_seq_48recyc/colab/TMB2.89_unrelaxed_rank_003_alphafold2_ptm_model_3_seed_000.pdb,47.22
5596,bbarrel/single_seq_48recyc/colab/TMB2.14_unrelaxed_rank_004_alphafold2_ptm_model_1_seed_000.pdb,40.34
5597,bbarrel/single_seq_48recyc/colab/TMB2.58_unrelaxed_rank_002_alphafold2_ptm_model_2_seed_000.pdb,79.45
5598,bbarrel/single_seq_48recyc/colab/HBI_b_04_unrelaxed_rank_001_alphafold2_ptm_model_2_seed_000.pdb,74.73
5599,bbarrel/single_seq_48recyc/colab/TMB2.49_unrelaxed_rank_002_alphafold2_ptm_model_2_seed_000.pdb,71.44
5600,bbarrel/single_seq_48recyc/colab/HBI_b_53_unrelaxed_rank_005_alphafold2_ptm_model_4_seed_000.pdb,84.4
5601,bbarrel/single_seq_48recyc/colab/TMB2.70_unrelaxed_rank_002_alphafold2_ptm_model_5_seed_000.pdb,86.09
5602,bbarrel/single_seq_48recyc/colab/TMB2.82_unrelaxed_rank_005_alphafold2_ptm_model_2_seed_000.pdb,34.1
5603,bbarrel/single_seq_48recyc/colab/TMB2.24_unrelaxed_rank_004_alphafold2_ptm_model_1_seed_000.pdb,59.0
5604,bbarrel/single_seq_48recyc/colab/TMB2.17_unrelaxed_rank_002_alphafold2_ptm_model_4_seed_000.pdb,91.14
5605,bbarrel/single_seq_48recyc/colab/HBI_b_32_unrelaxed_rank_004_alphafold2_ptm_model_3_seed_000.pdb,87.82
5606,bbarrel/single_seq_48recyc/colab/TMB2.47_unrelaxed_rank_002_alphafold2_ptm_model_4_seed_000.pdb,83.01
5607,bbarrel/single_seq_48recyc/colab/HBI_b_28_unrelaxed_rank_001_alphafold2_ptm_model_2_seed_000.pdb,88.36
5608,bbarrel/single_seq_48recyc/colab/HBI_b_09_unrelaxed_rank_005_alphafold2_ptm_model_4_seed_000.pdb,85.14
5609,bbarrel/single_seq_48recyc/colab/TMB2.11_unrelaxed_rank_004_alphafold2_ptm_model_3_seed_000.pdb,36.03
5610,bbarrel/single_seq_48recyc/colab/TMB2.9_unrelaxed_rank_001_alphafold2_ptm_model_4_seed_000.pdb,68.25
5611,bbarrel/single_seq_48recyc/colab/TMB2.43_unrelaxed_rank_005_alphafold2_ptm_model_1_seed_000.pdb,40.57
5612,bbarrel/single_seq_48recyc/colab/TMB2.21_unrelaxed_rank_003_alphafold2_ptm_model_5_seed_000.pdb,74.2
5613,bbarrel/single_seq_48recyc/colab/TMB2.65_unrelaxed_rank_002_alphafold2_ptm_model_4_seed_000.pdb,87.43
5614,bbarrel/single_seq_48recyc/colab/TMB2.7_unrelaxed_rank_004_alphafold2_ptm_model_5_seed_000.pdb,32.05
5615,bbarrel/single_seq_48recyc/colab/TMB2.25_unrelaxed_rank_003_alphafold2_ptm_model_3_seed_000.pdb,47.53
5616,bbarrel/single_seq_48recyc/colab/HBI_b_15_unrelaxed_rank_001_alphafold2_ptm_model_4_seed_000.pdb,88.66
5617,bbarrel/single_seq_48recyc/colab/TMB2.85_unrelaxed_rank_005_alphafold2_ptm_model_2_seed_000.pdb,44.29
5618,bbarrel/single_seq_48recyc/colab/TMB2.68_unrelaxed_rank_002_alphafold2_ptm_model_4_seed_000.pdb,80.9
5619,bbarrel/single_seq_48recyc/colab/TMB2.56_unrelaxed_rank_004_alphafold2_ptm_model_3_seed_000.pdb,31.54
5620,bbarrel/single_seq_48recyc/colab/HBI_b_28_unrelaxed_rank_003_alphafold2_ptm_model_4_seed_000.pdb,82.05
5621,bbarrel/single_seq_48recyc/colab/TMB2.5_unrelaxed_rank_001_alphafold2_ptm_model_4_seed_000.pdb,85.31
5622,bbarrel/single_seq_48recyc/colab/HBI_b_40_unrelaxed_rank_002_alphafold2_ptm_model_4_seed_000.pdb,88.01
5623,bbarrel/single_seq_48recyc/colab/TMB2.36_unrelaxed_rank_004_alphafold2_ptm_model_3_seed_000.pdb,34.71
5624,bbarrel/single_seq_48recyc/colab/TMB2.34_unrelaxed_rank_003_alphafold2_ptm_model_2_seed_000.pdb,39.35
5625,bbarrel/single_seq_48recyc/colab/TMB2.25_unrelaxed_rank_002_alphafold2_ptm_model_5_seed_000.pdb,56.44
5626,bbarrel/single_seq_48recyc/colab/HBI_b_45_unrelaxed_rank_005_alphafold2_ptm_model_2_seed_000.pdb,53.71
5627,bbarrel/single_seq_48recyc/colab/TMB2.41_unrelaxed_rank_001_alphafold2_ptm_model_4_seed_000.pdb,87.85
5628,bbarrel/single_seq_48recyc/colab/TMB2.2_unrelaxed_rank_004_alphafold2_ptm_model_1_seed_000.pdb,52.3
5629,bbarrel/single_seq_48recyc/colab/HBI_b_22_unrelaxed_rank_005_alphafold2_ptm_model_3_seed_000.pdb,87.49
5630,bbarrel/single_seq_48recyc/colab/TMB2.86_unrelaxed_rank_001_alphafold2_ptm_model_4_seed_000.pdb,68.18
5631,bbarrel/single_seq_48recyc/colab/HBI_b_02_unrelaxed_rank_003_alphafold2_ptm_model_3_seed_000.pdb,83.76
5632,bbarrel/single_seq_48recyc/colab/TMB2.60_unrelaxed_rank_002_alphafold2_ptm_model_4_seed_000.pdb,83.98
5633,bbarrel/single_seq_48recyc/colab/HBI_b_32_unrelaxed_rank_005_alphafold2_ptm_model_4_seed_000.pdb,87.12
5634,bbarrel/single_seq_48recyc/colab/TMB2.15_unrelaxed_rank_001_alphafold2_ptm_model_1_seed_000.pdb,35.3
5635,bbarrel/single_seq_48recyc/colab/TMB2.42_unrelaxed_rank_003_alphafold2_ptm_model_1_seed_000.pdb,38.98
5636,bbarrel/single_seq_48recyc/colab/HBI_b_01_unrelaxed_rank_003_alphafold2_ptm_model_4_seed_000.pdb,81.29
5637,bbarrel/single_seq_48recyc/colab/HBI_b_27_unrelaxed_rank_005_alphafold2_ptm_model_2_seed_000.pdb,69.06
5638,bbarrel/single_seq_48recyc/colab/HBI_b_03_unrelaxed_rank_003_alphafold2_ptm_model_1_seed_000.pdb,74.26
5639,bbarrel/single_seq_48recyc/colab/HBI_b_04_unrelaxed_rank_004_alphafold2_ptm_model_4_seed_000.pdb,70.09
5640,bbarrel/single_seq_48recyc/colab/HBI_b_26_unrelaxed_rank_001_alphafold2_ptm_model_2_seed_000.pdb,89.05
5641,bbarrel/single_seq_48recyc/colab/TMB2.38_unrelaxed_rank_005_alphafold2_ptm_model_4_seed_000.pdb,30.35
5642,bbarrel/single_seq_48recyc/colab/HBI_b_16_unrelaxed_rank_003_alphafold2_ptm_model_5_seed_000.pdb,77.18
5643,bbarrel/single_seq_48recyc/colab/HBI_b_37_unrelaxed_rank_004_alphafold2_ptm_model_3_seed_000.pdb,83.93
5644,bbarrel/single_seq_48recyc/colab/TMB2.88_unrelaxed_rank_003_alphafold2_ptm_model_2_seed_000.pdb,40.48
5645,bbarrel/single_seq_48recyc/colab/TMB2.32_unrelaxed_rank_003_alphafold2_ptm_model_4_seed_000.pdb,67.92
5646,bbarrel/single_seq_48recyc/colab/TMB2.85_unrelaxed_rank_003_alphafold2_ptm_model_3_seed_000.pdb,85.51
5647,bbarrel/single_seq_48recyc/colab/TMB2.1_unrelaxed_rank_003_alphafold2_ptm_model_3_seed_000.pdb,31.44
5648,bbarrel/single_seq_48recyc/colab/TMB2.23_unrelaxed_rank_001_alphafold2_ptm_model_4_seed_000.pdb,87.08
5649,bbarrel/single_seq_48recyc/colab/HBI_b_45_unrelaxed_rank_003_alphafold2_ptm_model_4_seed_000.pdb,77.05
5650,bbarrel/single_seq_48recyc/colab/TMB2.47_unrelaxed_rank_003_alphafold2_ptm_model_3_seed_000.pdb,79.2
5651,bbarrel/single_seq_48recyc/colab/HBI_b_03_unrelaxed_rank_004_alphafold2_ptm_model_2_seed_000.pdb,68.79
5652,bbarrel/single_seq_48recyc/colab/HBI_b_35_unrelaxed_rank_002_alphafold2_ptm_model_4_seed_000.pdb,61.7
5653,bbarrel/single_seq_48recyc/colab/HBI_b_46_unrelaxed_rank_001_alphafold2_ptm_model_1_seed_000.pdb,74.9
5654,bbarrel/single_seq_48recyc/colab/TMB2.17_unrelaxed_rank_004_alphafold2_ptm_model_1_seed_000.pdb,61.99
5655,bbarrel/single_seq_48recyc/colab/TMB2.19_unrelaxed_rank_004_alphafold2_ptm_model_1_seed_000.pdb,58.84
5656,bbarrel/single_seq_48recyc/colab/TMB2.47_unrelaxed_rank_005_alphafold2_ptm_model_5_seed_000.pdb,32.95
5657,bbarrel/single_seq_48recyc/colab/HBI_b_19_unrelaxed_rank_005_alphafold2_ptm_model_5_seed_000.pdb,71.7
5658,bbarrel/single_seq_48recyc/colab/TMB2.33_unrelaxed_rank_004_alphafold2_ptm_model_1_seed_000.pdb,34.19
5659,bbarrel/single_seq_48recyc/colab/TMB2.49_unrelaxed_rank_001_alphafold2_ptm_model_4_seed_000.pdb,85.26
5660,bbarrel/single_seq_48recyc/colab/HBI_b_32_unrelaxed_rank_003_alphafold2_ptm_model_5_seed_000.pdb,88.28
5661,bbarrel/single_seq_48recyc/colab/TMB2.44_unrelaxed_rank_004_alphafold2_ptm_model_3_seed_000.pdb,68.66
5662,bbarrel/single_seq_48recyc/colab/HBI_b_22_unrelaxed_rank_003_alphafold2_ptm_model_1_seed_000.pdb,89.65
5663,bbarrel/single_seq_48recyc/colab/TMB2.57_unrelaxed_rank_004_alphafold2_ptm_model_1_seed_000.pdb,35.6
5664,bbarrel/single_seq_48recyc/colab/TMB2.38_unrelaxed_rank_004_alphafold2_ptm_model_3_seed_000.pdb,30.86
5665,bbarrel/single_seq_48recyc/colab/TMB2.39_unrelaxed_rank_001_alphafold2_ptm_model_2_seed_000.pdb,89.68
5666,bbarrel/single_seq_48recyc/colab/TMB2.82_unrelaxed_rank_002_alphafold2_ptm_model_3_seed_000.pdb,84.42
5667,bbarrel/single_seq_48recyc/colab/HBI_b_53_unrelaxed_rank_004_alphafold2_ptm_model_3_seed_000.pdb,84.95
5668,bbarrel/single_seq_48recyc/colab/HBI_b_08_unrelaxed_rank_002_alphafold2_ptm_model_1_seed_000.pdb,86.06
5669,bbarrel/single_seq_48recyc/colab/TMB2.17_unrelaxed_rank_001_alphafold2_ptm_model_2_seed_000.pdb,92.79
5670,bbarrel/single_seq_48recyc/colab/TMB2.5_unrelaxed_rank_005_alphafold2_ptm_model_3_seed_000.pdb,31.73
5671,bbarrel/single_seq_48recyc/colab/TMB2.57_unrelaxed_rank_003_alphafold2_ptm_model_2_seed_000.pdb,42.77
5672,bbarrel/single_seq_48recyc/colab/TMB2.32_unrelaxed_rank_005_alphafold2_ptm_model_2_seed_000.pdb,33.56
5673,bbarrel/single_seq_48recyc/colab/TMB2.1_unrelaxed_rank_005_alphafold2_ptm_model_1_seed_000.pdb,30.13
5674,bbarrel/single_seq_48recyc/colab/TMB2.85_unrelaxed_rank_004_alphafold2_ptm_model_5_seed_000.pdb,61.5
5675,bbarrel/single_seq_48recyc/colab/TMB2.54_unrelaxed_rank_003_alphafold2_ptm_model_1_seed_000.pdb,39.83
5676,bbarrel/single_seq_48recyc/colab/HBI_b_37_unrelaxed_rank_003_alphafold2_ptm_model_4_seed_000.pdb,85.53
5677,bbarrel/single_seq_48recyc/colab/TMB2.87_unrelaxed_rank_002_alphafold2_ptm_model_4_seed_000.pdb,38.63
5678,bbarrel/single_seq_48recyc/colab/TMB2.73_unrelaxed_rank_001_alphafold2_ptm_model_2_seed_000.pdb,67.13
5679,bbarrel/single_seq_48recyc/colab/HBI_b_46_unrelaxed_rank_005_alphafold2_ptm_model_5_seed_000.pdb,53.49
5680,bbarrel/single_seq_48recyc/colab/TMB2.69_unrelaxed_rank_003_alphafold2_ptm_model_1_seed_000.pdb,64.26
5681,bbarrel/single_seq_48recyc/colab/TMB2.50_unrelaxed_rank_002_alphafold2_ptm_model_2_seed_000.pdb,54.16
5682,bbarrel/single_seq_48recyc/colab/TMB2.69_unrelaxed_rank_002_alphafold2_ptm_model_3_seed_000.pdb,68.15
5683,bbarrel/single_seq_48recyc/colab/HBI_b_01_unrelaxed_rank_004_alphafold2_ptm_model_2_seed_000.pdb,77.49
5684,bbarrel/single_seq_48recyc/colab/TMB2.54_unrelaxed_rank_002_alphafold2_ptm_model_2_seed_000.pdb,43.19
5685,bbarrel/single_seq_48recyc/colab/TMB2.60_unrelaxed_rank_003_alphafold2_ptm_model_1_seed_000.pdb,59.22
5686,bbarrel/single_seq_48recyc/colab/HBI_b_26_unrelaxed_rank_005_alphafold2_ptm_model_4_seed_000.pdb,86.48
5687,bbarrel/single_seq_48recyc/colab/TMB2.28_unrelaxed_rank_002_alphafold2_ptm_model_2_seed_000.pdb,41.53
5688,bbarrel/single_seq_48recyc/colab/HBI_b_45_unrelaxed_rank_002_alphafold2_ptm_model_1_seed_000.pdb,77.35
5689,bbarrel/single_seq_48recyc/colab/HBI_b_14_unrelaxed_rank_003_alphafold2_ptm_model_3_seed_000.pdb,86.48
5690,bbarrel/single_seq_48recyc/colab/TMB2.37_unrelaxed_rank_004_alphafold2_ptm_model_1_seed_000.pdb,42.21
5691,bbarrel/single_seq_48recyc/colab/HBI_b_50_unrelaxed_rank_003_alphafold2_ptm_model_5_seed_000.pdb,84.79
5692,bbarrel/single_seq_48recyc/colab/TMB2.56_unrelaxed_rank_003_alphafold2_ptm_model_2_seed_000.pdb,39.63
5693,bbarrel/single_seq_48recyc/colab/TMB2.62_unrelaxed_rank_001_alphafold2_ptm_model_4_seed_000.pdb,86.3
5694,bbarrel/single_seq_48recyc/colab/TMB2.12_unrelaxed_rank_001_alphafold2_ptm_model_2_seed_000.pdb,41.32
5695,bbarrel/single_seq_48recyc/colab/TMB2.37_unrelaxed_rank_003_alphafold2_ptm_model_2_seed_000.pdb,52.07
5696,bbarrel/single_seq_48recyc/colab/TMB2.60_unrelaxed_rank_004_alphafold2_ptm_model_2_seed_000.pdb,44.96
5697,bbarrel/single_seq_48recyc/colab/TMB2.69_unrelaxed_rank_001_alphafold2_ptm_model_4_seed_000.pdb,84.06
5698,bbarrel/single_seq_48recyc/colab/HBI_b_13_unrelaxed_rank_005_alphafold2_ptm_model_5_seed_000.pdb,75.78
5699,bbarrel/single_seq_48recyc/colab/HBI_b_09_unrelaxed_rank_003_alphafold2_ptm_model_1_seed_000.pdb,86.14
5700,bbarrel/single_seq_48recyc/colab/TMB2.7_unrelaxed_rank_002_alphafold2_ptm_model_2_seed_000.pdb,41.88
5701,bbarrel/single_seq_48recyc/colab/HBI_b_10_unrelaxed_rank_002_alphafold2_ptm_model_4_seed_000.pdb,87.89
5702,bbarrel/single_seq_48recyc/colab/TMB2.31_unrelaxed_rank_002_alphafold2_ptm_model_5_seed_000.pdb,87.68
5703,bbarrel/single_seq_48recyc/colab/HBI_b_33_unrelaxed_rank_001_alphafold2_ptm_model_2_seed_000.pdb,87.23
5704,bbarrel/single_seq_48recyc/colab/TMB2.56_unrelaxed_rank_005_alphafold2_ptm_model_1_seed_000.pdb,31.38
5705,bbarrel/single_seq_48recyc/colab/HBI_b_32_unrelaxed_rank_002_alphafold2_ptm_model_2_seed_000.pdb,88.49
5706,bbarrel/single_seq_48recyc/colab/TMB2.30_unrelaxed_rank_003_alphafold2_ptm_model_1_seed_000.pdb,36.62
5707,bbarrel/single_seq_48recyc/colab/TMB2.24_unrelaxed_rank_005_alphafold2_ptm_model_2_seed_000.pdb,48.8
5708,bbarrel/single_seq_48recyc/colab/HBI_b_40_unrelaxed_rank_003_alphafold2_ptm_model_5_seed_000.pdb,85.51
5709,bbarrel/single_seq_48recyc/colab/TMB2.4_unrelaxed_rank_001_alphafold2_ptm_model_4_seed_000.pdb,85.79
5710,bbarrel/single_seq_48recyc/colab/TMB2.17_unrelaxed_rank_005_alphafold2_ptm_model_3_seed_000.pdb,31.89
5711,bbarrel/single_seq_48recyc/colab/HBI_b_02_unrelaxed_rank_001_alphafold2_ptm_model_4_seed_000.pdb,85.02
5712,bbarrel/single_seq_48recyc/colab/HBI_b_31_unrelaxed_rank_005_alphafold2_ptm_model_3_seed_000.pdb,73.27
5713,bbarrel/single_seq_48recyc/colab/HBI_b_07_unrelaxed_rank_002_alphafold2_ptm_model_1_seed_000.pdb,87.96
5714,bbarrel/single_seq_48recyc/colab/HBI_b_07_unrelaxed_rank_001_alphafold2_ptm_model_2_seed_000.pdb,88.07
5715,bbarrel/single_seq_48recyc/colab/TMB2.23_unrelaxed_rank_003_alphafold2_ptm_model_5_seed_000.pdb,41.25
5716,bbarrel/single_seq_48recyc/colab/HBI_b_22_unrelaxed_rank_002_alphafold2_ptm_model_5_seed_000.pdb,89.85
5717,bbarrel/single_seq_48recyc/colab/TMB2.71_unrelaxed_rank_004_alphafold2_ptm_model_2_seed_000.pdb,52.84
5718,bbarrel/single_seq_48recyc/colab/TMB2.80_unrelaxed_rank_003_alphafold2_ptm_model_1_seed_000.pdb,59.04
5719,bbarrel/single_seq_48recyc/colab/HBI_b_16_unrelaxed_rank_004_alphafold2_ptm_model_3_seed_000.pdb,76.7
5720,bbarrel/single_seq_48recyc/colab/HBI_b_08_unrelaxed_rank_001_alphafold2_ptm_model_4_seed_000.pdb,86.74
5721,bbarrel/single_seq_48recyc/colab/HBI_b_20_unrelaxed_rank_003_alphafold2_ptm_model_2_seed_000.pdb,80.89
5722,bbarrel/single_seq_48recyc/colab/HBI_b_14_unrelaxed_rank_002_alphafold2_ptm_model_1_seed_000.pdb,87.14
5723,bbarrel/single_seq_48recyc/colab/HBI_b_03_unrelaxed_rank_002_alphafold2_ptm_model_4_seed_000.pdb,75.35
5724,bbarrel/single_seq_48recyc/colab/HBI_b_28_unrelaxed_rank_002_alphafold2_ptm_model_1_seed_000.pdb,84.19
5725,bbarrel/single_seq_48recyc/colab/HBI_b_45_unrelaxed_rank_001_alphafold2_ptm_model_5_seed_000.pdb,77.87
5726,bbarrel/single_seq_48recyc/colab/HBI_b_10_unrelaxed_rank_005_alphafold2_ptm_model_3_seed_000.pdb,86.37
5727,bbarrel/single_seq_48recyc/colab/HBI_b_49_unrelaxed_rank_002_alphafold2_ptm_model_4_seed_000.pdb,89.78
5728,bbarrel/single_seq_48recyc/colab/TMB2.52_unrelaxed_rank_004_alphafold2_ptm_model_1_seed_000.pdb,34.99
5729,bbarrel/single_seq_48recyc/colab/TMB2.33_unrelaxed_rank_002_alphafold2_ptm_model_5_seed_000.pdb,41.13
5730,bbarrel/single_seq_48recyc/colab/TMB2.74_unrelaxed_rank_003_alphafold2_ptm_model_5_seed_000.pdb,63.0
5731,bbarrel/single_seq_48recyc/colab/TMB2.64_unrelaxed_rank_003_alphafold2_ptm_model_3_seed_000.pdb,38.24
5732,bbarrel/single_seq_48recyc/colab/TMB2.22_unrelaxed_rank_001_alphafold2_ptm_model_1_seed_000.pdb,88.88
5733,bbarrel/single_seq_48recyc/colab/TMB2.62_unrelaxed_rank_005_alphafold2_ptm_model_5_seed_000.pdb,32.63
5734,bbarrel/single_seq_48recyc/colab/TMB2.59_unrelaxed_rank_002_alphafold2_ptm_model_4_seed_000.pdb,87.28
5735,bbarrel/single_seq_48recyc/colab/TMB2.68_unrelaxed_rank_001_alphafold2_ptm_model_3_seed_000.pdb,86.7
5736,bbarrel/single_seq_48recyc/colab/TMB2.65_unrelaxed_rank_005_alphafold2_ptm_model_1_seed_000.pdb,59.76
5737,bbarrel/single_seq_48recyc/colab/TMB2.45_unrelaxed_rank_005_alphafold2_ptm_model_2_seed_000.pdb,66.4
5738,bbarrel/single_seq_48recyc/colab/HBI_b_10_unrelaxed_rank_001_alphafold2_ptm_model_2_seed_000.pdb,88.57
5739,bbarrel/single_seq_48recyc/colab/TMB2.49_unrelaxed_rank_004_alphafold2_ptm_model_5_seed_000.pdb,33.42
5740,bbarrel/single_seq_48recyc/colab/HBI_b_39_unrelaxed_rank_004_alphafold2_ptm_model_3_seed_000.pdb,79.54
5741,bbarrel/single_seq_48recyc/colab/TMB2.52_unrelaxed_rank_003_alphafold2_ptm_model_4_seed_000.pdb,64.87
5742,bbarrel/single_seq_48recyc/colab/HBI_b_35_unrelaxed_rank_004_alphafold2_ptm_model_3_seed_000.pdb,59.94
5743,bbarrel/single_seq_48recyc/colab/TMB2.56_unrelaxed_rank_001_alphafold2_ptm_model_4_seed_000.pdb,89.07
5744,bbarrel/single_seq_48recyc/colab/TMB2.50_unrelaxed_rank_005_alphafold2_ptm_model_3_seed_000.pdb,29.28
5745,bbarrel/single_seq_48recyc/colab/TMB2.85_unrelaxed_rank_001_alphafold2_ptm_model_4_seed_000.pdb,88.02
5746,bbarrel/single_seq_48recyc/colab/HBI_b_49_unrelaxed_rank_004_alphafold2_ptm_model_2_seed_000.pdb,89.66
5747,bbarrel/single_seq_48recyc/colab/TMB2.2_unrelaxed_rank_005_alphafold2_ptm_model_3_seed_000.pdb,35.9
5748,bbarrel/single_seq_48recyc/colab/HBI_b_43_unrelaxed_rank_001_alphafold2_ptm_model_1_seed_000.pdb,85.26
5749,bbarrel/single_seq_48recyc/colab/TMB2.88_unrelaxed_rank_004_alphafold2_ptm_model_3_seed_000.pdb,38.48
5750,bbarrel/single_seq_48recyc/colab/TMB2.9_unrelaxed_rank_002_alphafold2_ptm_model_1_seed_000.pdb,61.45
5751,bbarrel/single_seq_48recyc/colab/TMB2.81_unrelaxed_rank_004_alphafold2_ptm_model_3_seed_000.pdb,46.54
5752,bbarrel/repeat_msa_48recyc/colab_att/TMB2.36_unrelaxed_rank_004_alphafold2_ptm_model_3_seed_000.pdb,30.07
5753,bbarrel/repeat_msa_48recyc/colab_att/TMB2.2_unrelaxed_rank_002_alphafold2_ptm_model_4_seed_000.pdb,73.69
5754,bbarrel/repeat_msa_48recyc/colab_att/TMB2.33_unrelaxed_rank_004_alphafold2_ptm_model_2_seed_000.pdb,30.72
5755,bbarrel/repeat_msa_48recyc/colab_att/TMB2.2_unrelaxed_rank_005_alphafold2_ptm_model_3_seed_000.pdb,27.95
5756,bbarrel/repeat_msa_48recyc/colab_att/TMB2.15_unrelaxed_rank_002_alphafold2_ptm_model_2_seed_000.pdb,39.82
5757,bbarrel/repeat_msa_48recyc/colab_att/TMB2.33_unrelaxed_rank_001_alphafold2_ptm_model_4_seed_000.pdb,83.01
5758,bbarrel/repeat_msa_48recyc/colab_att/TMB2.26_unrelaxed_rank_004_alphafold2_ptm_model_4_seed_000.pdb,27.67
5759,bbarrel/repeat_msa_48recyc/colab_att/TMB2.20_unrelaxed_rank_004_alphafold2_ptm_model_3_seed_000.pdb,25.54
5760,bbarrel/repeat_msa_48recyc/colab_att/TMB2.2_unrelaxed_rank_001_alphafold2_ptm_model_5_seed_000.pdb,74.46
5761,bbarrel/repeat_msa_48recyc/colab_att/TMB2.27_unrelaxed_rank_004_alphafold2_ptm_model_4_seed_000.pdb,29.07
5762,bbarrel/repeat_msa_48recyc/colab_att/TMB2.26_unrelaxed_rank_005_alphafold2_ptm_model_3_seed_000.pdb,27.17
5763,bbarrel/repeat_msa_48recyc/colab_att/TMB2.17_unrelaxed_rank_003_alphafold2_ptm_model_4_seed_000.pdb,89.69
5764,bbarrel/repeat_msa_48recyc/colab_att/TMB2.29_unrelaxed_rank_004_alphafold2_ptm_model_2_seed_000.pdb,30.75
5765,bbarrel/repeat_msa_48recyc/colab_att/TMB2.23_unrelaxed_rank_005_alphafold2_ptm_model_3_seed_000.pdb,26.88
5766,bbarrel/repeat_msa_48recyc/colab_att/TMB2.20_unrelaxed_rank_003_alphafold2_ptm_model_4_seed_000.pdb,25.85
5767,bbarrel/repeat_msa_48recyc/colab_att/TMB2.33_unrelaxed_rank_005_alphafold2_ptm_model_3_seed_000.pdb,26.95
5768,bbarrel/repeat_msa_48recyc/colab_att/TMB2.29_unrelaxed_rank_001_alphafold2_ptm_model_5_seed_000.pdb,88.11
5769,bbarrel/repeat_msa_48recyc/colab_att/TMB2.38_unrelaxed_rank_003_alphafold2_ptm_model_2_seed_000.pdb,28.8
5770,bbarrel/repeat_msa_48recyc/colab_att/TMB2.39_unrelaxed_rank_003_alphafold2_ptm_model_2_seed_000.pdb,30.46
5771,bbarrel/repeat_msa_48recyc/colab_att/TMB2.30_unrelaxed_rank_002_alphafold2_ptm_model_4_seed_000.pdb,32.44
5772,bbarrel/repeat_msa_48recyc/colab_att/TMB2.15_unrelaxed_rank_001_alphafold2_ptm_model_5_seed_000.pdb,82.93
5773,bbarrel/repeat_msa_48recyc/colab_att/TMB2.27_unrelaxed_rank_001_alphafold2_ptm_model_5_seed_000.pdb,75.14
5774,bbarrel/repeat_msa_48recyc/colab_att/TMB2.15_unrelaxed_rank_003_alphafold2_ptm_model_1_seed_000.pdb,33.21
5775,bbarrel/repeat_msa_48recyc/colab_att/TMB2.39_unrelaxed_rank_002_alphafold2_ptm_model_4_seed_000.pdb,32.9
5776,bbarrel/repeat_msa_48recyc/colab_att/TMB2.33_unrelaxed_rank_002_alphafold2_ptm_model_5_seed_000.pdb,35.93
5777,bbarrel/repeat_msa_48recyc/colab_att/TMB2.38_unrelaxed_rank_002_alphafold2_ptm_model_1_seed_000.pdb,29.75
5778,bbarrel/repeat_msa_48recyc/colab_att/TMB2.30_unrelaxed_rank_001_alphafold2_ptm_model_5_seed_000.pdb,85.3
5779,bbarrel/repeat_msa_48recyc/colab_att/TMB2.25_unrelaxed_rank_004_alphafold2_ptm_model_5_seed_000.pdb,26.8
5780,bbarrel/repeat_msa_48recyc/colab_att/TMB2.4_unrelaxed_alphafold2_ptm_model_1_seed_000.pdb,28.89
5781,bbarrel/repeat_msa_48recyc/colab_att/TMB2.11_unrelaxed_rank_004_alphafold2_ptm_model_1_seed_000.pdb,31.51
5782,bbarrel/repeat_msa_48recyc/colab_att/TMB2.1_unrelaxed_rank_005_alphafold2_ptm_model_5_seed_000.pdb,25.31
5783,bbarrel/repeat_msa_48recyc/colab_att/TMB2.17_unrelaxed_rank_001_alphafold2_ptm_model_5_seed_000.pdb,90.55
5784,bbarrel/repeat_msa_48recyc/colab_att/TMB2.35_unrelaxed_rank_001_alphafold2_ptm_model_5_seed_000.pdb,88.64
5785,bbarrel/repeat_msa_48recyc/colab_att/TMB2.20_unrelaxed_rank_005_alphafold2_ptm_model_5_seed_000.pdb,24.15
5786,bbarrel/repeat_msa_48recyc/colab_att/TMB2.38_unrelaxed_rank_005_alphafold2_ptm_model_4_seed_000.pdb,25.18
5787,bbarrel/repeat_msa_48recyc/colab_att/TMB2.4_unrelaxed_alphafold2_ptm_model_3_seed_000.pdb,28.03
5788,bbarrel/repeat_msa_48recyc/colab_att/TMB2.37_unrelaxed_rank_005_alphafold2_ptm_model_1_seed_000.pdb,33.31
5789,bbarrel/repeat_msa_48recyc/colab_att/TMB2.39_unrelaxed_rank_005_alphafold2_ptm_model_1_seed_000.pdb,27.27
5790,bbarrel/repeat_msa_48recyc/colab_att/TMB2.28_unrelaxed_rank_005_alphafold2_ptm_model_1_seed_000.pdb,28.56
5791,bbarrel/repeat_msa_48recyc/colab_att/TMB2.33_unrelaxed_rank_003_alphafold2_ptm_model_1_seed_000.pdb,33.44
5792,bbarrel/repeat_msa_48recyc/colab_att/TMB2.24_unrelaxed_rank_005_alphafold2_ptm_model_1_seed_000.pdb,38.46
5793,bbarrel/repeat_msa_48recyc/colab_att/TMB2.1_unrelaxed_rank_001_alphafold2_ptm_model_4_seed_000.pdb,30.16
5794,bbarrel/repeat_msa_48recyc/colab_att/TMB2.38_unrelaxed_rank_001_alphafold2_ptm_model_5_seed_000.pdb,32.71
5795,bbarrel/repeat_msa_48recyc/colab_att/TMB2.25_unrelaxed_rank_001_alphafold2_ptm_model_4_seed_000.pdb,82.72
5796,bbarrel/repeat_msa_48recyc/colab_att/TMB2.4_unrelaxed_alphafold2_ptm_model_2_seed_000.pdb,29.68
5797,bbarrel/repeat_msa_48recyc/colab_att/TMB2.1_unrelaxed_rank_003_alphafold2_ptm_model_3_seed_000.pdb,27.5
5798,bbarrel/repeat_msa_48recyc/colab_att/TMB2.21_unrelaxed_rank_001_alphafold2_ptm_model_5_seed_000.pdb,85.53
5799,bbarrel/repeat_msa_48recyc/colab_att/TMB2.20_unrelaxed_rank_001_alphafold2_ptm_model_2_seed_000.pdb,29.35
5800,bbarrel/repeat_msa_48recyc/colab_att/TMB2.29_unrelaxed_rank_005_alphafold2_ptm_model_3_seed_000.pdb,27.98
5801,bbarrel/repeat_msa_48recyc/colab_att/TMB2.28_unrelaxed_rank_002_alphafold2_ptm_model_3_seed_000.pdb,32.7
5802,bbarrel/repeat_msa_48recyc/colab_att/TMB2.1_unrelaxed_rank_002_alphafold2_ptm_model_2_seed_000.pdb,28.47
5803,bbarrel/repeat_msa_48recyc/colab_att/TMB2.19_unrelaxed_rank_002_alphafold2_ptm_model_2_seed_000.pdb,81.57
5804,bbarrel/repeat_msa_48recyc/colab_att/TMB2.34_unrelaxed_rank_005_alphafold2_ptm_model_3_seed_000.pdb,28.32
5805,bbarrel/repeat_msa_48recyc/colab_att/TMB2.25_unrelaxed_rank_002_alphafold2_ptm_model_2_seed_000.pdb,31.73
5806,bbarrel/repeat_msa_48recyc/colab_att/TMB2.34_unrelaxed_rank_001_alphafold2_ptm_model_4_seed_000.pdb,78.86
5807,bbarrel/repeat_msa_48recyc/colab_att/TMB2.22_unrelaxed_rank_005_alphafold2_ptm_model_3_seed_000.pdb,29.02
5808,bbarrel/repeat_msa_48recyc/colab_att/TMB2.39_unrelaxed_rank_001_alphafold2_ptm_model_5_seed_000.pdb,84.69
5809,bbarrel/repeat_msa_48recyc/colab_att/TMB2.22_unrelaxed_rank_004_alphafold2_ptm_model_2_seed_000.pdb,32.74
5810,bbarrel/repeat_msa_48recyc/colab_att/TMB2.21_unrelaxed_rank_004_alphafold2_ptm_model_2_seed_000.pdb,62.99
5811,bbarrel/repeat_msa_48recyc/colab_att/TMB2.26_unrelaxed_rank_003_alphafold2_ptm_model_1_seed_000.pdb,28.2
5812,bbarrel/repeat_msa_48recyc/colab_att/TMB2.36_unrelaxed_rank_005_alphafold2_ptm_model_1_seed_000.pdb,26.79
5813,bbarrel/repeat_msa_48recyc/colab_att/TMB2.14_unrelaxed_rank_005_alphafold2_ptm_model_1_seed_000.pdb,30.68
5814,bbarrel/repeat_msa_48recyc/colab_att/TMB2.30_unrelaxed_rank_004_alphafold2_ptm_model_2_seed_000.pdb,31.22
5815,bbarrel/repeat_msa_48recyc/colab_att/TMB2.24_unrelaxed_rank_001_alphafold2_ptm_model_2_seed_000.pdb,85.18
5816,bbarrel/repeat_msa_48recyc/colab_att/TMB2.32_unrelaxed_rank_005_alphafold2_ptm_model_1_seed_000.pdb,29.28
5817,bbarrel/repeat_msa_48recyc/colab_att/TMB2.26_unrelaxed_rank_001_alphafold2_ptm_model_5_seed_000.pdb,34.76
5818,bbarrel/repeat_msa_48recyc/colab_att/TMB2.32_unrelaxed_rank_004_alphafold2_ptm_model_2_seed_000.pdb,30.99
5819,bbarrel/repeat_msa_48recyc/colab_att/TMB2.25_unrelaxed_rank_005_alphafold2_ptm_model_3_seed_000.pdb,26.04
5820,bbarrel/repeat_msa_48recyc/colab_att/TMB2.38_unrelaxed_rank_004_alphafold2_ptm_model_3_seed_000.pdb,26.16
5821,bbarrel/repeat_msa_48recyc/colab_att/TMB2.11_unrelaxed_rank_005_alphafold2_ptm_model_3_seed_000.pdb,31.32
5822,bbarrel/repeat_msa_48recyc/colab_att/TMB2.21_unrelaxed_rank_005_alphafold2_ptm_model_1_seed_000.pdb,28.24
5823,bbarrel/repeat_msa_48recyc/colab_att/TMB2.21_unrelaxed_rank_003_alphafold2_ptm_model_3_seed_000.pdb,73.52
5824,bbarrel/repeat_msa_48recyc/colab_att/TMB2.30_unrelaxed_rank_003_alphafold2_ptm_model_3_seed_000.pdb,31.21
5825,bbarrel/repeat_msa_48recyc/colab_att/TMB2.14_unrelaxed_rank_003_alphafold2_ptm_model_2_seed_000.pdb,46.64
5826,bbarrel/repeat_msa_48recyc/colab_att/TMB2.28_unrelaxed_rank_001_alphafold2_ptm_model_5_seed_000.pdb,91.15
5827,bbarrel/repeat_msa_48recyc/colab_att/TMB2.34_unrelaxed_rank_004_alphafold2_ptm_model_1_seed_000.pdb,30.14
5828,bbarrel/repeat_msa_48recyc/colab_att/TMB2.32_unrelaxed_rank_002_alphafold2_ptm_model_4_seed_000.pdb,61.79
5829,bbarrel/repeat_msa_48recyc/colab_att/TMB2.31_unrelaxed_rank_003_alphafold2_ptm_model_3_seed_000.pdb,81.97
5830,bbarrel/repeat_msa_48recyc/colab_att/TMB2.35_unrelaxed_rank_005_alphafold2_ptm_model_3_seed_000.pdb,29.88
5831,bbarrel/repeat_msa_48recyc/colab_att/TMB2.19_unrelaxed_rank_003_alphafold2_ptm_model_4_seed_000.pdb,68.7
5832,bbarrel/repeat_msa_48recyc/colab_att/TMB2.36_unrelaxed_rank_002_alphafold2_ptm_model_5_seed_000.pdb,83.96
5833,bbarrel/repeat_msa_48recyc/colab_att/TMB2.3_unrelaxed_rank_002_alphafold2_ptm_model_3_seed_000.pdb,32.82
5834,bbarrel/repeat_msa_48recyc/colab_att/TMB2.37_unrelaxed_rank_001_alphafold2_ptm_model_5_seed_000.pdb,79.75
5835,bbarrel/repeat_msa_48recyc/colab_att/TMB2.2_unrelaxed_rank_003_alphafold2_ptm_model_2_seed_000.pdb,52.96
5836,bbarrel/repeat_msa_48recyc/colab_att/TMB2.28_unrelaxed_rank_004_alphafold2_ptm_model_4_seed_000.pdb,28.83
5837,bbarrel/repeat_msa_48recyc/colab_att/TMB2.23_unrelaxed_rank_001_alphafold2_ptm_model_4_seed_000.pdb,89.2
5838,bbarrel/repeat_msa_48recyc/colab_att/TMB2.35_unrelaxed_rank_003_alphafold2_ptm_model_1_seed_000.pdb,30.67
5839,bbarrel/repeat_msa_48recyc/colab_att/TMB2.25_unrelaxed_rank_003_alphafold2_ptm_model_1_seed_000.pdb,27.84
5840,bbarrel/repeat_msa_48recyc/colab_att/TMB2.23_unrelaxed_rank_004_alphafold2_ptm_model_1_seed_000.pdb,27.39
5841,bbarrel/repeat_msa_48recyc/colab_att/TMB2.12_unrelaxed_rank_002_alphafold2_ptm_model_2_seed_000.pdb,30.98
5842,bbarrel/repeat_msa_48recyc/colab_att/TMB2.3_unrelaxed_rank_003_alphafold2_ptm_model_4_seed_000.pdb,32.8
5843,bbarrel/repeat_msa_48recyc/colab_att/TMB2.18_unrelaxed_rank_005_alphafold2_ptm_model_3_seed_000.pdb,31.37
5844,bbarrel/repeat_msa_48recyc/colab_att/TMB2.28_unrelaxed_rank_003_alphafold2_ptm_model_2_seed_000.pdb,29.11
5845,bbarrel/repeat_msa_48recyc/colab_att/TMB2.15_unrelaxed_rank_004_alphafold2_ptm_model_4_seed_000.pdb,32.51
5846,bbarrel/repeat_msa_48recyc/colab_att/TMB2.35_unrelaxed_rank_004_alphafold2_ptm_model_4_seed_000.pdb,30.14
5847,bbarrel/repeat_msa_48recyc/colab_att/TMB2.19_unrelaxed_rank_004_alphafold2_ptm_model_3_seed_000.pdb,49.46
5848,bbarrel/repeat_msa_48recyc/colab_att/TMB2.34_unrelaxed_rank_002_alphafold2_ptm_model_5_seed_000.pdb,75.06
5849,bbarrel/repeat_msa_48recyc/colab_att/TMB2.24_unrelaxed_rank_002_alphafold2_ptm_model_4_seed_000.pdb,79.71
5850,bbarrel/repeat_msa_48recyc/colab_att/TMB2.22_unrelaxed_rank_003_alphafold2_ptm_model_1_seed_000.pdb,33.32
5851,bbarrel/repeat_msa_48recyc/colab_att/TMB2.26_unrelaxed_rank_002_alphafold2_ptm_model_2_seed_000.pdb,31.37
5852,bbarrel/repeat_msa_48recyc/colab_att/TMB2.30_unrelaxed_rank_005_alphafold2_ptm_model_1_seed_000.pdb,29.43
5853,bbarrel/repeat_msa_48recyc/colab_att/TMB2.29_unrelaxed_rank_002_alphafold2_ptm_model_4_seed_000.pdb,87.37
5854,bbarrel/repeat_msa_48recyc/colab_att/TMB2.17_unrelaxed_rank_004_alphafold2_ptm_model_3_seed_000.pdb,33.02
5855,bbarrel/repeat_msa_48recyc/colab_att/TMB2.37_unrelaxed_rank_002_alphafold2_ptm_model_4_seed_000.pdb,54.55
5856,bbarrel/repeat_msa_48recyc/colab_att/TMB2.12_unrelaxed_rank_004_alphafold2_ptm_model_3_seed_000.pdb,27.86
5857,bbarrel/repeat_msa_48recyc/colab_att/TMB2.27_unrelaxed_rank_003_alphafold2_ptm_model_1_seed_000.pdb,30.0
5858,bbarrel/repeat_msa_48recyc/colab_att/TMB2.37_unrelaxed_rank_003_alphafold2_ptm_model_3_seed_000.pdb,43.87
5859,bbarrel/repeat_msa_48recyc/colab_att/TMB2.2_unrelaxed_rank_004_alphafold2_ptm_model_1_seed_000.pdb,30.31
5860,bbarrel/repeat_msa_48recyc/colab_att/TMB2.12_unrelaxed_rank_003_alphafold2_ptm_model_1_seed_000.pdb,28.43
5861,bbarrel/repeat_msa_48recyc/colab_att/TMB2.1_unrelaxed_rank_004_alphafold2_ptm_model_1_seed_000.pdb,27.41
5862,bbarrel/repeat_msa_48recyc/colab_att/TMB2.18_unrelaxed_rank_003_alphafold2_ptm_model_5_seed_000.pdb,85.23
5863,bbarrel/repeat_msa_48recyc/colab_att/TMB2.18_unrelaxed_rank_002_alphafold2_ptm_model_4_seed_000.pdb,85.69
5864,bbarrel/repeat_msa_48recyc/colab_att/TMB2.12_unrelaxed_rank_001_alphafold2_ptm_model_5_seed_000.pdb,80.17
5865,bbarrel/repeat_msa_48recyc/colab_att/TMB2.35_unrelaxed_rank_002_alphafold2_ptm_model_2_seed_000.pdb,86.97
5866,bbarrel/repeat_msa_48recyc/colab_att/TMB2.23_unrelaxed_rank_002_alphafold2_ptm_model_5_seed_000.pdb,35.08
5867,bbarrel/repeat_msa_48recyc/colab_att/TMB2.22_unrelaxed_rank_002_alphafold2_ptm_model_5_seed_000.pdb,83.36
5868,bbarrel/repeat_msa_48recyc/colab_att/TMB2.3_unrelaxed_rank_005_alphafold2_ptm_model_1_seed_000.pdb,28.79
5869,bbarrel/repeat_msa_48recyc/colab_att/TMB2.27_unrelaxed_rank_005_alphafold2_ptm_model_3_seed_000.pdb,28.08
5870,bbarrel/repeat_msa_48recyc/colab_att/TMB2.31_unrelaxed_rank_001_alphafold2_ptm_model_5_seed_000.pdb,87.23
5871,bbarrel/repeat_msa_48recyc/colab_att/TMB2.22_unrelaxed_rank_001_alphafold2_ptm_model_4_seed_000.pdb,83.6
5872,bbarrel/repeat_msa_48recyc/colab_att/TMB2.11_unrelaxed_rank_003_alphafold2_ptm_model_2_seed_000.pdb,32.45
5873,bbarrel/repeat_msa_48recyc/colab_att/TMB2.32_unrelaxed_rank_003_alphafold2_ptm_model_3_seed_000.pdb,36.75
5874,bbarrel/repeat_msa_48recyc/colab_att/TMB2.29_unrelaxed_rank_003_alphafold2_ptm_model_1_seed_000.pdb,31.01
5875,bbarrel/repeat_msa_48recyc/colab_att/TMB2.14_unrelaxed_rank_001_alphafold2_ptm_model_4_seed_000.pdb,74.27
5876,bbarrel/repeat_msa_48recyc/colab_att/TMB2.27_unrelaxed_rank_002_alphafold2_ptm_model_2_seed_000.pdb,30.49
5877,bbarrel/repeat_msa_48recyc/colab_att/TMB2.31_unrelaxed_rank_005_alphafold2_ptm_model_1_seed_000.pdb,30.7
5878,bbarrel/repeat_msa_48recyc/colab_att/TMB2.17_unrelaxed_rank_002_alphafold2_ptm_model_2_seed_000.pdb,90.3
5879,bbarrel/repeat_msa_48recyc/colab_att/TMB2.15_unrelaxed_rank_005_alphafold2_ptm_model_3_seed_000.pdb,27.55
5880,bbarrel/repeat_msa_48recyc/colab_att/TMB2.31_unrelaxed_rank_002_alphafold2_ptm_model_4_seed_000.pdb,83.16
5881,bbarrel/repeat_msa_48recyc/colab_att/TMB2.36_unrelaxed_rank_003_alphafold2_ptm_model_4_seed_000.pdb,38.17
5882,bbarrel/repeat_msa_48recyc/colab_att/TMB2.17_unrelaxed_rank_005_alphafold2_ptm_model_1_seed_000.pdb,29.95
5883,bbarrel/repeat_msa_48recyc/colab_att/TMB2.36_unrelaxed_rank_001_alphafold2_ptm_model_2_seed_000.pdb,85.9
5884,bbarrel/repeat_msa_48recyc/colab_att/TMB2.32_unrelaxed_rank_001_alphafold2_ptm_model_5_seed_000.pdb,64.4
5885,bbarrel/repeat_msa_48recyc/colab_att/TMB2.21_unrelaxed_rank_002_alphafold2_ptm_model_4_seed_000.pdb,78.46
5886,bbarrel/repeat_msa_48recyc/colab_att/TMB2.14_unrelaxed_rank_004_alphafold2_ptm_model_5_seed_000.pdb,40.29
5887,bbarrel/repeat_msa_48recyc/colab_att/TMB2.14_unrelaxed_rank_002_alphafold2_ptm_model_3_seed_000.pdb,72.81
5888,bbarrel/repeat_msa_48recyc/colab_att/TMB2.34_unrelaxed_rank_003_alphafold2_ptm_model_2_seed_000.pdb,39.38
5889,bbarrel/repeat_msa_48recyc/colab_att/TMB2.18_unrelaxed_rank_001_alphafold2_ptm_model_1_seed_000.pdb,87.72
5890,bbarrel/repeat_msa_48recyc/colab_att/TMB2.12_unrelaxed_rank_005_alphafold2_ptm_model_4_seed_000.pdb,27.82
5891,bbarrel/repeat_msa_48recyc/colab_att/TMB2.24_unrelaxed_rank_003_alphafold2_ptm_model_3_seed_000.pdb,78.79
5892,bbarrel/repeat_msa_48recyc/colab_att/TMB2.39_unrelaxed_rank_004_alphafold2_ptm_model_3_seed_000.pdb,28.32
5893,bbarrel/repeat_msa_48recyc/colab_att/TMB2.37_unrelaxed_rank_004_alphafold2_ptm_model_2_seed_000.pdb,37.33
5894,bbarrel/repeat_msa_48recyc/colab_att/TMB2.20_unrelaxed_rank_002_alphafold2_ptm_model_1_seed_000.pdb,26.9
5895,bbarrel/repeat_msa_48recyc/colab_att/TMB2.24_unrelaxed_rank_004_alphafold2_ptm_model_5_seed_000.pdb,78.12
5896,bbarrel/repeat_msa_48recyc/colab_att/TMB2.19_unrelaxed_rank_001_alphafold2_ptm_model_5_seed_000.pdb,83.28
5897,bbarrel/repeat_msa_48recyc/colab_att/TMB2.19_unrelaxed_rank_005_alphafold2_ptm_model_1_seed_000.pdb,35.8
5898,bbarrel/repeat_msa_48recyc/colab_att/TMB2.11_unrelaxed_rank_001_alphafold2_ptm_model_5_seed_000.pdb,71.85
5899,bbarrel/repeat_msa_48recyc/colab_att/TMB2.3_unrelaxed_rank_004_alphafold2_ptm_model_5_seed_000.pdb,29.55
5900,bbarrel/repeat_msa_48recyc/colab_att/TMB2.31_unrelaxed_rank_004_alphafold2_ptm_model_2_seed_000.pdb,42.9
5901,bbarrel/repeat_msa_48recyc/colab_att/TMB2.3_unrelaxed_rank_001_alphafold2_ptm_model_2_seed_000.pdb,33.05
5902,bbarrel/repeat_msa_48recyc/colab_att/TMB2.11_unrelaxed_rank_002_alphafold2_ptm_model_4_seed_000.pdb,67.25
5903,bbarrel/repeat_msa_48recyc/colab_att/TMB2.18_unrelaxed_rank_004_alphafold2_ptm_model_2_seed_000.pdb,32.72
5904,bbarrel/repeat_msa_48recyc/colab_att/TMB2.23_unrelaxed_rank_003_alphafold2_ptm_model_2_seed_000.pdb,32.72
5905,bbarrel/repeat_msa_48recyc/colab/TMB2.36_unrelaxed_rank_004_alphafold2_ptm_model_3_seed_000.pdb,30.07
5906,bbarrel/repeat_msa_48recyc/colab/TMB2.2_unrelaxed_rank_002_alphafold2_ptm_model_4_seed_000.pdb,73.45
5907,bbarrel/repeat_msa_48recyc/colab/TMB2.33_unrelaxed_rank_004_alphafold2_ptm_model_2_seed_000.pdb,30.74
5908,bbarrel/repeat_msa_48recyc/colab/TMB2.2_unrelaxed_rank_005_alphafold2_ptm_model_3_seed_000.pdb,27.93
5909,bbarrel/repeat_msa_48recyc/colab/TMB2.15_unrelaxed_rank_002_alphafold2_ptm_model_2_seed_000.pdb,39.78
5910,bbarrel/repeat_msa_48recyc/colab/TMB2.33_unrelaxed_rank_001_alphafold2_ptm_model_4_seed_000.pdb,82.78
5911,bbarrel/repeat_msa_48recyc/colab/TMB2.26_unrelaxed_rank_004_alphafold2_ptm_model_4_seed_000.pdb,27.65
5912,bbarrel/repeat_msa_48recyc/colab/TMB2.20_unrelaxed_rank_004_alphafold2_ptm_model_3_seed_000.pdb,25.55
5913,bbarrel/repeat_msa_48recyc/colab/TMB2.2_unrelaxed_rank_001_alphafold2_ptm_model_5_seed_000.pdb,74.27
5914,bbarrel/repeat_msa_48recyc/colab/TMB2.27_unrelaxed_rank_004_alphafold2_ptm_model_4_seed_000.pdb,29.03
5915,bbarrel/repeat_msa_48recyc/colab/TMB2.26_unrelaxed_rank_005_alphafold2_ptm_model_3_seed_000.pdb,27.15
5916,bbarrel/repeat_msa_48recyc/colab/TMB2.17_unrelaxed_rank_003_alphafold2_ptm_model_4_seed_000.pdb,89.54
5917,bbarrel/repeat_msa_48recyc/colab/TMB2.29_unrelaxed_rank_004_alphafold2_ptm_model_2_seed_000.pdb,30.76
5918,bbarrel/repeat_msa_48recyc/colab/TMB2.23_unrelaxed_rank_005_alphafold2_ptm_model_3_seed_000.pdb,26.88
5919,bbarrel/repeat_msa_48recyc/colab/TMB2.20_unrelaxed_rank_003_alphafold2_ptm_model_4_seed_000.pdb,25.88
5920,bbarrel/repeat_msa_48recyc/colab/TMB2.33_unrelaxed_rank_005_alphafold2_ptm_model_3_seed_000.pdb,26.95
5921,bbarrel/repeat_msa_48recyc/colab/TMB2.29_unrelaxed_rank_001_alphafold2_ptm_model_5_seed_000.pdb,87.95
5922,bbarrel/repeat_msa_48recyc/colab/TMB2.38_unrelaxed_rank_003_alphafold2_ptm_model_2_seed_000.pdb,28.81
5923,bbarrel/repeat_msa_48recyc/colab/TMB2.39_unrelaxed_rank_003_alphafold2_ptm_model_2_seed_000.pdb,30.46
5924,bbarrel/repeat_msa_48recyc/colab/TMB2.30_unrelaxed_rank_002_alphafold2_ptm_model_4_seed_000.pdb,32.42
5925,bbarrel/repeat_msa_48recyc/colab/TMB2.15_unrelaxed_rank_001_alphafold2_ptm_model_5_seed_000.pdb,82.6
5926,bbarrel/repeat_msa_48recyc/colab/TMB2.27_unrelaxed_rank_001_alphafold2_ptm_model_5_seed_000.pdb,74.95
5927,bbarrel/repeat_msa_48recyc/colab/TMB2.15_unrelaxed_rank_003_alphafold2_ptm_model_1_seed_000.pdb,33.19
5928,bbarrel/repeat_msa_48recyc/colab/TMB2.39_unrelaxed_rank_002_alphafold2_ptm_model_4_seed_000.pdb,32.86
5929,bbarrel/repeat_msa_48recyc/colab/TMB2.33_unrelaxed_rank_002_alphafold2_ptm_model_5_seed_000.pdb,35.87
5930,bbarrel/repeat_msa_48recyc/colab/TMB2.38_unrelaxed_rank_002_alphafold2_ptm_model_1_seed_000.pdb,29.75
5931,bbarrel/repeat_msa_48recyc/colab/TMB2.30_unrelaxed_rank_001_alphafold2_ptm_model_5_seed_000.pdb,85.06
5932,bbarrel/repeat_msa_48recyc/colab/TMB2.25_unrelaxed_rank_004_alphafold2_ptm_model_5_seed_000.pdb,26.82
5933,bbarrel/repeat_msa_48recyc/colab/TMB2.4_unrelaxed_alphafold2_ptm_model_1_seed_000.pdb,28.9
5934,bbarrel/repeat_msa_48recyc/colab/TMB2.11_unrelaxed_rank_004_alphafold2_ptm_model_1_seed_000.pdb,31.47
5935,bbarrel/repeat_msa_48recyc/colab/TMB2.1_unrelaxed_rank_005_alphafold2_ptm_model_5_seed_000.pdb,25.32
5936,bbarrel/repeat_msa_48recyc/colab/TMB2.17_unrelaxed_rank_001_alphafold2_ptm_model_5_seed_000.pdb,90.38
5937,bbarrel/repeat_msa_48recyc/colab/TMB2.35_unrelaxed_rank_001_alphafold2_ptm_model_5_seed_000.pdb,88.35
5938,bbarrel/repeat_msa_48recyc/colab/TMB2.20_unrelaxed_rank_005_alphafold2_ptm_model_5_seed_000.pdb,24.14
5939,bbarrel/repeat_msa_48recyc/colab/TMB2.38_unrelaxed_rank_005_alphafold2_ptm_model_4_seed_000.pdb,25.2
5940,bbarrel/repeat_msa_48recyc/colab/TMB2.4_unrelaxed_alphafold2_ptm_model_3_seed_000.pdb,28.02
5941,bbarrel/repeat_msa_48recyc/colab/TMB2.37_unrelaxed_rank_005_alphafold2_ptm_model_1_seed_000.pdb,33.29
5942,bbarrel/repeat_msa_48recyc/colab/TMB2.39_unrelaxed_rank_005_alphafold2_ptm_model_1_seed_000.pdb,27.27
5943,bbarrel/repeat_msa_48recyc/colab/TMB2.28_unrelaxed_rank_005_alphafold2_ptm_model_1_seed_000.pdb,28.54
5944,bbarrel/repeat_msa_48recyc/colab/TMB2.33_unrelaxed_rank_003_alphafold2_ptm_model_1_seed_000.pdb,33.39
5945,bbarrel/repeat_msa_48recyc/colab/TMB2.24_unrelaxed_rank_005_alphafold2_ptm_model_1_seed_000.pdb,38.4
5946,bbarrel/repeat_msa_48recyc/colab/TMB2.1_unrelaxed_rank_001_alphafold2_ptm_model_4_seed_000.pdb,30.2
5947,bbarrel/repeat_msa_48recyc/colab/TMB2.38_unrelaxed_rank_001_alphafold2_ptm_model_5_seed_000.pdb,32.71
5948,bbarrel/repeat_msa_48recyc/colab/TMB2.25_unrelaxed_rank_001_alphafold2_ptm_model_4_seed_000.pdb,82.38
5949,bbarrel/repeat_msa_48recyc/colab/TMB2.4_unrelaxed_alphafold2_ptm_model_2_seed_000.pdb,29.68
5950,bbarrel/repeat_msa_48recyc/colab/TMB2.1_unrelaxed_rank_003_alphafold2_ptm_model_3_seed_000.pdb,27.52
5951,bbarrel/repeat_msa_48recyc/colab/TMB2.21_unrelaxed_rank_001_alphafold2_ptm_model_5_seed_000.pdb,85.19
5952,bbarrel/repeat_msa_48recyc/colab/TMB2.20_unrelaxed_rank_001_alphafold2_ptm_model_2_seed_000.pdb,29.35
5953,bbarrel/repeat_msa_48recyc/colab/TMB2.29_unrelaxed_rank_005_alphafold2_ptm_model_3_seed_000.pdb,27.98
5954,bbarrel/repeat_msa_48recyc/colab/TMB2.28_unrelaxed_rank_002_alphafold2_ptm_model_3_seed_000.pdb,32.66
5955,bbarrel/repeat_msa_48recyc/colab/TMB2.1_unrelaxed_rank_002_alphafold2_ptm_model_2_seed_000.pdb,28.49
5956,bbarrel/repeat_msa_48recyc/colab/TMB2.19_unrelaxed_rank_002_alphafold2_ptm_model_2_seed_000.pdb,81.41
5957,bbarrel/repeat_msa_48recyc/colab/TMB2.34_unrelaxed_rank_005_alphafold2_ptm_model_3_seed_000.pdb,28.31
5958,bbarrel/repeat_msa_48recyc/colab/TMB2.25_unrelaxed_rank_002_alphafold2_ptm_model_2_seed_000.pdb,31.73
5959,bbarrel/repeat_msa_48recyc/colab/TMB2.34_unrelaxed_rank_001_alphafold2_ptm_model_4_seed_000.pdb,78.62
5960,bbarrel/repeat_msa_48recyc/colab/TMB2.22_unrelaxed_rank_005_alphafold2_ptm_model_3_seed_000.pdb,28.98
5961,bbarrel/repeat_msa_48recyc/colab/TMB2.39_unrelaxed_rank_001_alphafold2_ptm_model_5_seed_000.pdb,84.47
5962,bbarrel/repeat_msa_48recyc/colab/TMB2.22_unrelaxed_rank_004_alphafold2_ptm_model_2_seed_000.pdb,32.74
5963,bbarrel/repeat_msa_48recyc/colab/TMB2.21_unrelaxed_rank_004_alphafold2_ptm_model_2_seed_000.pdb,62.78
5964,bbarrel/repeat_msa_48recyc/colab/TMB2.26_unrelaxed_rank_003_alphafold2_ptm_model_1_seed_000.pdb,28.2
5965,bbarrel/repeat_msa_48recyc/colab/TMB2.36_unrelaxed_rank_005_alphafold2_ptm_model_1_seed_000.pdb,26.81
5966,bbarrel/repeat_msa_48recyc/colab/TMB2.14_unrelaxed_rank_005_alphafold2_ptm_model_1_seed_000.pdb,30.69
5967,bbarrel/repeat_msa_48recyc/colab/TMB2.30_unrelaxed_rank_004_alphafold2_ptm_model_2_seed_000.pdb,31.2
5968,bbarrel/repeat_msa_48recyc/colab/TMB2.24_unrelaxed_rank_001_alphafold2_ptm_model_2_seed_000.pdb,84.84
5969,bbarrel/repeat_msa_48recyc/colab/TMB2.32_unrelaxed_rank_005_alphafold2_ptm_model_1_seed_000.pdb,29.25
5970,bbarrel/repeat_msa_48recyc/colab/TMB2.26_unrelaxed_rank_001_alphafold2_ptm_model_5_seed_000.pdb,34.68
5971,bbarrel/repeat_msa_48recyc/colab/TMB2.32_unrelaxed_rank_004_alphafold2_ptm_model_2_seed_000.pdb,30.98
5972,bbarrel/repeat_msa_48recyc/colab/TMB2.25_unrelaxed_rank_005_alphafold2_ptm_model_3_seed_000.pdb,26.02
5973,bbarrel/repeat_msa_48recyc/colab/TMB2.38_unrelaxed_rank_004_alphafold2_ptm_model_3_seed_000.pdb,26.19
5974,bbarrel/repeat_msa_48recyc/colab/TMB2.11_unrelaxed_rank_005_alphafold2_ptm_model_3_seed_000.pdb,31.23
5975,bbarrel/repeat_msa_48recyc/colab/TMB2.21_unrelaxed_rank_005_alphafold2_ptm_model_1_seed_000.pdb,28.22
5976,bbarrel/repeat_msa_48recyc/colab/TMB2.21_unrelaxed_rank_003_alphafold2_ptm_model_3_seed_000.pdb,73.19
5977,bbarrel/repeat_msa_48recyc/colab/TMB2.30_unrelaxed_rank_003_alphafold2_ptm_model_3_seed_000.pdb,31.2
5978,bbarrel/repeat_msa_48recyc/colab/TMB2.14_unrelaxed_rank_003_alphafold2_ptm_model_2_seed_000.pdb,46.6
5979,bbarrel/repeat_msa_48recyc/colab/TMB2.28_unrelaxed_rank_001_alphafold2_ptm_model_5_seed_000.pdb,90.86
5980,bbarrel/repeat_msa_48recyc/colab/TMB2.34_unrelaxed_rank_004_alphafold2_ptm_model_1_seed_000.pdb,30.11
5981,bbarrel/repeat_msa_48recyc/colab/TMB2.32_unrelaxed_rank_002_alphafold2_ptm_model_4_seed_000.pdb,61.52
5982,bbarrel/repeat_msa_48recyc/colab/TMB2.31_unrelaxed_rank_003_alphafold2_ptm_model_3_seed_000.pdb,81.64
5983,bbarrel/repeat_msa_48recyc/colab/TMB2.35_unrelaxed_rank_005_alphafold2_ptm_model_3_seed_000.pdb,29.84
5984,bbarrel/repeat_msa_48recyc/colab/TMB2.19_unrelaxed_rank_003_alphafold2_ptm_model_4_seed_000.pdb,68.59
5985,bbarrel/repeat_msa_48recyc/colab/TMB2.36_unrelaxed_rank_002_alphafold2_ptm_model_5_seed_000.pdb,83.7
5986,bbarrel/repeat_msa_48recyc/colab/TMB2.3_unrelaxed_rank_002_alphafold2_ptm_model_3_seed_000.pdb,32.79
5987,bbarrel/repeat_msa_48recyc/colab/TMB2.37_unrelaxed_rank_001_alphafold2_ptm_model_5_seed_000.pdb,79.62
5988,bbarrel/repeat_msa_48recyc/colab/TMB2.2_unrelaxed_rank_003_alphafold2_ptm_model_2_seed_000.pdb,52.84
5989,bbarrel/repeat_msa_48recyc/colab/TMB2.28_unrelaxed_rank_004_alphafold2_ptm_model_4_seed_000.pdb,28.85
5990,bbarrel/repeat_msa_48recyc/colab/TMB2.23_unrelaxed_rank_001_alphafold2_ptm_model_4_seed_000.pdb,89.01
5991,bbarrel/repeat_msa_48recyc/colab/TMB2.35_unrelaxed_rank_003_alphafold2_ptm_model_1_seed_000.pdb,30.68
5992,bbarrel/repeat_msa_48recyc/colab/TMB2.25_unrelaxed_rank_003_alphafold2_ptm_model_1_seed_000.pdb,27.84
5993,bbarrel/repeat_msa_48recyc/colab/TMB2.23_unrelaxed_rank_004_alphafold2_ptm_model_1_seed_000.pdb,27.39
5994,bbarrel/repeat_msa_48recyc/colab/TMB2.12_unrelaxed_rank_002_alphafold2_ptm_model_2_seed_000.pdb,31.03
5995,bbarrel/repeat_msa_48recyc/colab/TMB2.3_unrelaxed_rank_003_alphafold2_ptm_model_4_seed_000.pdb,32.73
5996,bbarrel/repeat_msa_48recyc/colab/TMB2.18_unrelaxed_rank_005_alphafold2_ptm_model_3_seed_000.pdb,31.34
5997,bbarrel/repeat_msa_48recyc/colab/TMB2.28_unrelaxed_rank_003_alphafold2_ptm_model_2_seed_000.pdb,29.11
5998,bbarrel/repeat_msa_48recyc/colab/TMB2.15_unrelaxed_rank_004_alphafold2_ptm_model_4_seed_000.pdb,32.43
5999,bbarrel/repeat_msa_48recyc/colab/TMB2.35_unrelaxed_rank_004_alphafold2_ptm_model_4_seed_000.pdb,30.12
6000,bbarrel/repeat_msa_48recyc/colab/TMB2.19_unrelaxed_rank_004_alphafold2_ptm_model_3_seed_000.pdb,49.45
6001,bbarrel/repeat_msa_48recyc/colab/TMB2.34_unrelaxed_rank_002_alphafold2_ptm_model_5_seed_000.pdb,74.87
6002,bbarrel/repeat_msa_48recyc/colab/TMB2.24_unrelaxed_rank_002_alphafold2_ptm_model_4_seed_000.pdb,79.39
6003,bbarrel/repeat_msa_48recyc/colab/TMB2.22_unrelaxed_rank_003_alphafold2_ptm_model_1_seed_000.pdb,33.32
6004,bbarrel/repeat_msa_48recyc/colab/TMB2.26_unrelaxed_rank_002_alphafold2_ptm_model_2_seed_000.pdb,31.39
6005,bbarrel/repeat_msa_48recyc/colab/TMB2.30_unrelaxed_rank_005_alphafold2_ptm_model_1_seed_000.pdb,29.4
6006,bbarrel/repeat_msa_48recyc/colab/TMB2.29_unrelaxed_rank_002_alphafold2_ptm_model_4_seed_000.pdb,87.12
6007,bbarrel/repeat_msa_48recyc/colab/TMB2.17_unrelaxed_rank_004_alphafold2_ptm_model_3_seed_000.pdb,32.97
6008,bbarrel/repeat_msa_48recyc/colab/TMB2.37_unrelaxed_rank_002_alphafold2_ptm_model_4_seed_000.pdb,54.46
6009,bbarrel/repeat_msa_48recyc/colab/TMB2.12_unrelaxed_rank_004_alphafold2_ptm_model_3_seed_000.pdb,27.86
6010,bbarrel/repeat_msa_48recyc/colab/TMB2.27_unrelaxed_rank_003_alphafold2_ptm_model_1_seed_000.pdb,29.96
6011,bbarrel/repeat_msa_48recyc/colab/TMB2.37_unrelaxed_rank_003_alphafold2_ptm_model_3_seed_000.pdb,43.83
6012,bbarrel/repeat_msa_48recyc/colab/TMB2.2_unrelaxed_rank_004_alphafold2_ptm_model_1_seed_000.pdb,30.27
6013,bbarrel/repeat_msa_48recyc/colab/TMB2.12_unrelaxed_rank_003_alphafold2_ptm_model_1_seed_000.pdb,28.4
6014,bbarrel/repeat_msa_48recyc/colab/TMB2.1_unrelaxed_rank_004_alphafold2_ptm_model_1_seed_000.pdb,27.39
6015,bbarrel/repeat_msa_48recyc/colab/TMB2.18_unrelaxed_rank_003_alphafold2_ptm_model_5_seed_000.pdb,84.99
6016,bbarrel/repeat_msa_48recyc/colab/TMB2.18_unrelaxed_rank_002_alphafold2_ptm_model_4_seed_000.pdb,85.43
6017,bbarrel/repeat_msa_48recyc/colab/TMB2.12_unrelaxed_rank_001_alphafold2_ptm_model_5_seed_000.pdb,79.89
6018,bbarrel/repeat_msa_48recyc/colab/TMB2.35_unrelaxed_rank_002_alphafold2_ptm_model_2_seed_000.pdb,86.63
6019,bbarrel/repeat_msa_48recyc/colab/TMB2.23_unrelaxed_rank_002_alphafold2_ptm_model_5_seed_000.pdb,35.03
6020,bbarrel/repeat_msa_48recyc/colab/TMB2.22_unrelaxed_rank_002_alphafold2_ptm_model_5_seed_000.pdb,83.1
6021,bbarrel/repeat_msa_48recyc/colab/TMB2.3_unrelaxed_rank_005_alphafold2_ptm_model_1_seed_000.pdb,28.82
6022,bbarrel/repeat_msa_48recyc/colab/TMB2.27_unrelaxed_rank_005_alphafold2_ptm_model_3_seed_000.pdb,28.05
6023,bbarrel/repeat_msa_48recyc/colab/TMB2.31_unrelaxed_rank_001_alphafold2_ptm_model_5_seed_000.pdb,87.04
6024,bbarrel/repeat_msa_48recyc/colab/TMB2.22_unrelaxed_rank_001_alphafold2_ptm_model_4_seed_000.pdb,83.37
6025,bbarrel/repeat_msa_48recyc/colab/TMB2.11_unrelaxed_rank_003_alphafold2_ptm_model_2_seed_000.pdb,32.4
6026,bbarrel/repeat_msa_48recyc/colab/TMB2.32_unrelaxed_rank_003_alphafold2_ptm_model_3_seed_000.pdb,36.69
6027,bbarrel/repeat_msa_48recyc/colab/TMB2.29_unrelaxed_rank_003_alphafold2_ptm_model_1_seed_000.pdb,31.01
6028,bbarrel/repeat_msa_48recyc/colab/TMB2.14_unrelaxed_rank_001_alphafold2_ptm_model_4_seed_000.pdb,74.17
6029,bbarrel/repeat_msa_48recyc/colab/TMB2.27_unrelaxed_rank_002_alphafold2_ptm_model_2_seed_000.pdb,30.47
6030,bbarrel/repeat_msa_48recyc/colab/TMB2.31_unrelaxed_rank_005_alphafold2_ptm_model_1_seed_000.pdb,30.64
6031,bbarrel/repeat_msa_48recyc/colab/TMB2.17_unrelaxed_rank_002_alphafold2_ptm_model_2_seed_000.pdb,90.1
6032,bbarrel/repeat_msa_48recyc/colab/TMB2.15_unrelaxed_rank_005_alphafold2_ptm_model_3_seed_000.pdb,27.5
6033,bbarrel/repeat_msa_48recyc/colab/TMB2.31_unrelaxed_rank_002_alphafold2_ptm_model_4_seed_000.pdb,82.96
6034,bbarrel/repeat_msa_48recyc/colab/TMB2.36_unrelaxed_rank_003_alphafold2_ptm_model_4_seed_000.pdb,38.11
6035,bbarrel/repeat_msa_48recyc/colab/TMB2.17_unrelaxed_rank_005_alphafold2_ptm_model_1_seed_000.pdb,29.93
6036,bbarrel/repeat_msa_48recyc/colab/TMB2.36_unrelaxed_rank_001_alphafold2_ptm_model_2_seed_000.pdb,85.61
6037,bbarrel/repeat_msa_48recyc/colab/TMB2.32_unrelaxed_rank_001_alphafold2_ptm_model_5_seed_000.pdb,64.14
6038,bbarrel/repeat_msa_48recyc/colab/TMB2.21_unrelaxed_rank_002_alphafold2_ptm_model_4_seed_000.pdb,78.13
6039,bbarrel/repeat_msa_48recyc/colab/TMB2.14_unrelaxed_rank_004_alphafold2_ptm_model_5_seed_000.pdb,40.38
6040,bbarrel/repeat_msa_48recyc/colab/TMB2.14_unrelaxed_rank_002_alphafold2_ptm_model_3_seed_000.pdb,72.68
6041,bbarrel/repeat_msa_48recyc/colab/TMB2.34_unrelaxed_rank_003_alphafold2_ptm_model_2_seed_000.pdb,39.34
6042,bbarrel/repeat_msa_48recyc/colab/TMB2.18_unrelaxed_rank_001_alphafold2_ptm_model_1_seed_000.pdb,87.5
6043,bbarrel/repeat_msa_48recyc/colab/TMB2.12_unrelaxed_rank_005_alphafold2_ptm_model_4_seed_000.pdb,27.8
6044,bbarrel/repeat_msa_48recyc/colab/TMB2.24_unrelaxed_rank_003_alphafold2_ptm_model_3_seed_000.pdb,78.46
6045,bbarrel/repeat_msa_48recyc/colab/TMB2.39_unrelaxed_rank_004_alphafold2_ptm_model_3_seed_000.pdb,28.32
6046,bbarrel/repeat_msa_48recyc/colab/TMB2.37_unrelaxed_rank_004_alphafold2_ptm_model_2_seed_000.pdb,37.25
6047,bbarrel/repeat_msa_48recyc/colab/TMB2.20_unrelaxed_rank_002_alphafold2_ptm_model_1_seed_000.pdb,26.93
6048,bbarrel/repeat_msa_48recyc/colab/TMB2.24_unrelaxed_rank_004_alphafold2_ptm_model_5_seed_000.pdb,77.93
6049,bbarrel/repeat_msa_48recyc/colab/TMB2.19_unrelaxed_rank_001_alphafold2_ptm_model_5_seed_000.pdb,82.94
6050,bbarrel/repeat_msa_48recyc/colab/TMB2.19_unrelaxed_rank_005_alphafold2_ptm_model_1_seed_000.pdb,35.73
6051,bbarrel/repeat_msa_48recyc/colab/TMB2.11_unrelaxed_rank_001_alphafold2_ptm_model_5_seed_000.pdb,71.71
6052,bbarrel/repeat_msa_48recyc/colab/TMB2.3_unrelaxed_rank_004_alphafold2_ptm_model_5_seed_000.pdb,29.51
6053,bbarrel/repeat_msa_48recyc/colab/TMB2.31_unrelaxed_rank_004_alphafold2_ptm_model_2_seed_000.pdb,42.84
6054,bbarrel/repeat_msa_48recyc/colab/TMB2.3_unrelaxed_rank_001_alphafold2_ptm_model_2_seed_000.pdb,33.05
6055,bbarrel/repeat_msa_48recyc/colab/TMB2.11_unrelaxed_rank_002_alphafold2_ptm_model_4_seed_000.pdb,67.1
6056,bbarrel/repeat_msa_48recyc/colab/TMB2.18_unrelaxed_rank_004_alphafold2_ptm_model_2_seed_000.pdb,32.72
6057,bbarrel/repeat_msa_48recyc/colab/TMB2.23_unrelaxed_rank_003_alphafold2_ptm_model_2_seed_000.pdb,32.71
6058,bbarrel/with_template_bb/colab_att/TMB2.36_unrelaxed_rank_004_alphafold2_ptm_model_3_seed_000.pdb,32.27
6059,bbarrel/with_template_bb/colab_att/TMB2.47_unrelaxed_rank_001_alphafold2_ptm_model_1_seed_000.pdb,92.22
6060,bbarrel/with_template_bb/colab_att/TMB2.69_unrelaxed_rank_003_alphafold2_ptm_model_4_seed_000.pdb,68.0
6061,bbarrel/with_template_bb/colab_att/TMB2.52_unrelaxed_rank_005_alphafold2_ptm_model_3_seed_000.pdb,31.48
6062,bbarrel/with_template_bb/colab_att/TMB2.35_unrelaxed_rank_002_alphafold2_ptm_model_1_seed_000.pdb,92.6
6063,bbarrel/with_template_bb/colab_att/TMB2.48_unrelaxed_rank_003_alphafold2_ptm_model_4_seed_000.pdb,33.67
6064,bbarrel/with_template_bb/colab_att/TMB2.17_unrelaxed_rank_004_alphafold2_ptm_model_5_seed_000.pdb,32.24
6065,bbarrel/with_template_bb/colab_att/TMB2.12_unrelaxed_rank_002_alphafold2_ptm_model_1_seed_000.pdb,91.42
6066,bbarrel/with_template_bb/colab_att/TMB2.2_unrelaxed_rank_005_alphafold2_ptm_model_3_seed_000.pdb,30.72
6067,bbarrel/with_template_bb/colab_att/TMB2.50_unrelaxed_rank_003_alphafold2_ptm_model_4_seed_000.pdb,35.42
6068,bbarrel/with_template_bb/colab_att/TMB2.30_unrelaxed_rank_001_alphafold2_ptm_model_1_seed_000.pdb,92.4
6069,bbarrel/with_template_bb/colab_att/TMB2.30_unrelaxed_rank_003_alphafold2_ptm_model_4_seed_000.pdb,38.8
6070,bbarrel/with_template_bb/colab_att/TMB2.55_unrelaxed_rank_002_alphafold2_ptm_model_2_seed_000.pdb,91.11
6071,bbarrel/with_template_bb/colab_att/TMB2.81_unrelaxed_rank_002_alphafold2_ptm_model_1_seed_000.pdb,92.61
6072,bbarrel/with_template_bb/colab_att/TMB2.15_unrelaxed_rank_002_alphafold2_ptm_model_2_seed_000.pdb,91.37
6073,bbarrel/with_template_bb/colab_att/TMB2.51_unrelaxed_rank_004_alphafold2_ptm_model_3_seed_000.pdb,30.25
6074,bbarrel/with_template_bb/colab_att/TMB2.26_unrelaxed_rank_002_alphafold2_ptm_model_1_seed_000.pdb,91.86
6075,bbarrel/with_template_bb/colab_att/TMB2.6_unrelaxed_rank_001_alphafold2_ptm_model_1_seed_000.pdb,92.75
6076,bbarrel/with_template_bb/colab_att/TMB2.82_unrelaxed_rank_003_alphafold2_ptm_model_4_seed_000.pdb,85.41
6077,bbarrel/with_template_bb/colab_att/TMB2.26_unrelaxed_rank_004_alphafold2_ptm_model_4_seed_000.pdb,29.57
6078,bbarrel/with_template_bb/colab_att/TMB2.49_unrelaxed_rank_005_alphafold2_ptm_model_3_seed_000.pdb,29.81
6079,bbarrel/with_template_bb/colab_att/TMB2.6_unrelaxed_rank_003_alphafold2_ptm_model_4_seed_000.pdb,40.31
6080,bbarrel/with_template_bb/colab_att/TMB2.11_unrelaxed_rank_002_alphafold2_ptm_model_1_seed_000.pdb,92.68
6081,bbarrel/with_template_bb/colab_att/TMB2.32_unrelaxed_rank_001_alphafold2_ptm_model_2_seed_000.pdb,92.49
6082,bbarrel/with_template_bb/colab_att/TMB2.26_unrelaxed_rank_005_alphafold2_ptm_model_3_seed_000.pdb,29.55
6083,bbarrel/with_template_bb/colab_att/TMB2.47_unrelaxed_rank_004_alphafold2_ptm_model_5_seed_000.pdb,31.58
6084,bbarrel/with_template_bb/colab_att/TMB2.45_unrelaxed_rank_003_alphafold2_ptm_model_4_seed_000.pdb,86.82
6085,bbarrel/with_template_bb/colab_att/TMB2.21_unrelaxed_rank_002_alphafold2_ptm_model_1_seed_000.pdb,94.06
6086,bbarrel/with_template_bb/colab_att/TMB2.17_unrelaxed_rank_003_alphafold2_ptm_model_4_seed_000.pdb,91.09
6087,bbarrel/with_template_bb/colab_att/TMB2.14_unrelaxed_rank_005_alphafold2_ptm_model_5_seed_000.pdb,28.88
6088,bbarrel/with_template_bb/colab_att/TMB2.59_unrelaxed_rank_004_alphafold2_ptm_model_5_seed_000.pdb,43.69
6089,bbarrel/with_template_bb/colab_att/TMB2.48_unrelaxed_rank_001_alphafold2_ptm_model_1_seed_000.pdb,93.33
6090,bbarrel/with_template_bb/colab_att/TMB2.76_unrelaxed_rank_002_alphafold2_ptm_model_2_seed_000.pdb,93.81
6091,bbarrel/with_template_bb/colab_att/TMB2.64_unrelaxed_rank_003_alphafold2_ptm_model_4_seed_000.pdb,57.05
6092,bbarrel/with_template_bb/colab_att/TMB2.20_unrelaxed_rank_003_alphafold2_ptm_model_4_seed_000.pdb,37.67
6093,bbarrel/with_template_bb/colab_att/TMB2.9_unrelaxed_rank_005_alphafold2_ptm_model_3_seed_000.pdb,28.27
6094,bbarrel/with_template_bb/colab_att/TMB2.35_unrelaxed_rank_001_alphafold2_ptm_model_2_seed_000.pdb,92.97
6095,bbarrel/with_template_bb/colab_att/TMB2.24_unrelaxed_rank_005_alphafold2_ptm_model_5_seed_000.pdb,43.05
6096,bbarrel/with_template_bb/colab_att/TMB2.62_unrelaxed_rank_001_alphafold2_ptm_model_1_seed_000.pdb,93.22
6097,bbarrel/with_template_bb/colab_att/TMB2.78_unrelaxed_rank_004_alphafold2_ptm_model_5_seed_000.pdb,31.55
6098,bbarrel/with_template_bb/colab_att/TMB2.89_unrelaxed_rank_005_alphafold2_ptm_model_3_seed_000.pdb,29.68
6099,bbarrel/with_template_bb/colab_att/TMB2.57_unrelaxed_rank_004_alphafold2_ptm_model_3_seed_000.pdb,31.09
6100,bbarrel/with_template_bb/colab_att/TMB2.23_unrelaxed_rank_004_alphafold2_ptm_model_3_seed_000.pdb,28.34
6101,bbarrel/with_template_bb/colab_att/TMB2.56_unrelaxed_rank_003_alphafold2_ptm_model_4_seed_000.pdb,32.41
6102,bbarrel/with_template_bb/colab_att/TMB2.56_unrelaxed_rank_001_alphafold2_ptm_model_2_seed_000.pdb,93.25
6103,bbarrel/with_template_bb/colab_att/TMB2.71_unrelaxed_rank_005_alphafold2_ptm_model_3_seed_000.pdb,30.95
6104,bbarrel/with_template_bb/colab_att/TMB2.79_unrelaxed_rank_005_alphafold2_ptm_model_3_seed_000.pdb,35.1
6105,bbarrel/with_template_bb/colab_att/TMB2.84_unrelaxed_rank_005_alphafold2_ptm_model_3_seed_000.pdb,31.65
6106,bbarrel/with_template_bb/colab_att/TMB2.1_unrelaxed_rank_003_alphafold2_ptm_model_4_seed_000.pdb,31.03
6107,bbarrel/with_template_bb/colab_att/TMB2.8_unrelaxed_rank_003_alphafold2_ptm_model_3_seed_000.pdb,34.65
6108,bbarrel/with_template_bb/colab_att/TMB2.83_unrelaxed_rank_005_alphafold2_ptm_model_5_seed_000.pdb,42.16
6109,bbarrel/with_template_bb/colab_att/TMB2.77_unrelaxed_rank_003_alphafold2_ptm_model_4_seed_000.pdb,79.32
6110,bbarrel/with_template_bb/colab_att/TMB2.63_unrelaxed_rank_002_alphafold2_ptm_model_1_seed_000.pdb,88.44
6111,bbarrel/with_template_bb/colab_att/TMB2.7_unrelaxed_rank_001_alphafold2_ptm_model_1_seed_000.pdb,93.97
6112,bbarrel/with_template_bb/colab_att/TMB2.43_unrelaxed_rank_002_alphafold2_ptm_model_2_seed_000.pdb,93.49
6113,bbarrel/with_template_bb/colab_att/TMB2.2_unrelaxed_rank_002_alphafold2_ptm_model_2_seed_000.pdb,92.53
6114,bbarrel/with_template_bb/colab_att/TMB2.38_unrelaxed_rank_002_alphafold2_ptm_model_1_seed_000.pdb,92.32
6115,bbarrel/with_template_bb/colab_att/TMB2.77_unrelaxed_rank_004_alphafold2_ptm_model_5_seed_000.pdb,33.55
6116,bbarrel/with_template_bb/colab_att/TMB2.32_unrelaxed_rank_005_alphafold2_ptm_model_3_seed_000.pdb,31.68
6117,bbarrel/with_template_bb/colab_att/TMB2.86_unrelaxed_rank_005_alphafold2_ptm_model_3_seed_000.pdb,30.65
6118,bbarrel/with_template_bb/colab_att/TMB2.60_unrelaxed_rank_002_alphafold2_ptm_model_1_seed_000.pdb,94.19
6119,bbarrel/with_template_bb/colab_att/TMB2.81_unrelaxed_rank_004_alphafold2_ptm_model_5_seed_000.pdb,30.71
6120,bbarrel/with_template_bb/colab_att/TMB2.68_unrelaxed_rank_005_alphafold2_ptm_model_3_seed_000.pdb,33.27
6121,bbarrel/with_template_bb/colab_att/TMB2.66_unrelaxed_rank_001_alphafold2_ptm_model_1_seed_000.pdb,94.19
6122,bbarrel/with_template_bb/colab_att/TMB2.26_unrelaxed_rank_001_alphafold2_ptm_model_2_seed_000.pdb,92.44
6123,bbarrel/with_template_bb/colab_att/TMB2.45_unrelaxed_rank_001_alphafold2_ptm_model_2_seed_000.pdb,92.23
6124,bbarrel/with_template_bb/colab_att/TMB2.38_unrelaxed_rank_001_alphafold2_ptm_model_2_seed_000.pdb,92.49
6125,bbarrel/with_template_bb/colab_att/TMB2.7_unrelaxed_rank_002_alphafold2_ptm_model_2_seed_000.pdb,93.2
6126,bbarrel/with_template_bb/colab_att/TMB2.8_unrelaxed_rank_002_alphafold2_ptm_model_2_seed_000.pdb,94.02
6127,bbarrel/with_template_bb/colab_att/TMB2.89_unrelaxed_rank_003_alphafold2_ptm_model_4_seed_000.pdb,38.14
6128,bbarrel/with_template_bb/colab_att/TMB2.1_unrelaxed_rank_005_alphafold2_ptm_model_5_seed_000.pdb,27.23
6129,bbarrel/with_template_bb/colab_att/TMB2.64_unrelaxed_rank_005_alphafold2_ptm_model_3_seed_000.pdb,27.99
6130,bbarrel/with_template_bb/colab_att/TMB2.6_unrelaxed_rank_002_alphafold2_ptm_model_2_seed_000.pdb,92.67
6131,bbarrel/with_template_bb/colab_att/TMB2.19_unrelaxed_rank_001_alphafold2_ptm_model_2_seed_000.pdb,91.58
6132,bbarrel/with_template_bb/colab_att/TMB2.37_unrelaxed_rank_002_alphafold2_ptm_model_2_seed_000.pdb,91.22
6133,bbarrel/with_template_bb/colab_att/TMB2.35_unrelaxed_rank_003_alphafold2_ptm_model_3_seed_000.pdb,37.4
6134,bbarrel/with_template_bb/colab_att/TMB2.67_unrelaxed_rank_003_alphafold2_ptm_model_4_seed_000.pdb,84.16
6135,bbarrel/with_template_bb/colab_att/TMB2.78_unrelaxed_rank_003_alphafold2_ptm_model_4_seed_000.pdb,34.38
6136,bbarrel/with_template_bb/colab_att/TMB2.59_unrelaxed_rank_005_alphafold2_ptm_model_3_seed_000.pdb,40.28
6137,bbarrel/with_template_bb/colab_att/TMB2.74_unrelaxed_rank_001_alphafold2_ptm_model_2_seed_000.pdb,94.38
6138,bbarrel/with_template_bb/colab_att/TMB2.55_unrelaxed_rank_003_alphafold2_ptm_model_4_seed_000.pdb,31.47
6139,bbarrel/with_template_bb/colab_att/TMB2.72_unrelaxed_rank_004_alphafold2_ptm_model_5_seed_000.pdb,30.88
6140,bbarrel/with_template_bb/colab_att/TMB2.79_unrelaxed_rank_002_alphafold2_ptm_model_1_seed_000.pdb,92.49
6141,bbarrel/with_template_bb/colab_att/TMB2.8_unrelaxed_rank_005_alphafold2_ptm_model_5_seed_000.pdb,33.11
6142,bbarrel/with_template_bb/colab_att/TMB2.7_unrelaxed_rank_004_alphafold2_ptm_model_3_seed_000.pdb,29.78
6143,bbarrel/with_template_bb/colab_att/TMB2.45_unrelaxed_rank_002_alphafold2_ptm_model_1_seed_000.pdb,91.97
6144,bbarrel/with_template_bb/colab_att/TMB2.69_unrelaxed_rank_002_alphafold2_ptm_model_1_seed_000.pdb,92.34
6145,bbarrel/with_template_bb/colab_att/TMB2.21_unrelaxed_rank_005_alphafold2_ptm_model_3_seed_000.pdb,28.12
6146,bbarrel/with_template_bb/colab_att/TMB2.35_unrelaxed_rank_005_alphafold2_ptm_model_5_seed_000.pdb,32.36
6147,bbarrel/with_template_bb/colab_att/TMB2.85_unrelaxed_rank_001_alphafold2_ptm_model_2_seed_000.pdb,92.99
6148,bbarrel/with_template_bb/colab_att/TMB2.5_unrelaxed_rank_005_alphafold2_ptm_model_3_seed_000.pdb,31.52
6149,bbarrel/with_template_bb/colab_att/TMB2.44_unrelaxed_rank_004_alphafold2_ptm_model_5_seed_000.pdb,32.11
6150,bbarrel/with_template_bb/colab_att/TMB2.76_unrelaxed_rank_003_alphafold2_ptm_model_4_seed_000.pdb,89.81
6151,bbarrel/with_template_bb/colab_att/TMB2.23_unrelaxed_rank_005_alphafold2_ptm_model_5_seed_000.pdb,26.09
6152,bbarrel/with_template_bb/colab_att/TMB2.70_unrelaxed_rank_005_alphafold2_ptm_model_3_seed_000.pdb,29.43
6153,bbarrel/with_template_bb/colab_att/TMB2.83_unrelaxed_rank_003_alphafold2_ptm_model_4_seed_000.pdb,82.71
6154,bbarrel/with_template_bb/colab_att/TMB2.62_unrelaxed_rank_005_alphafold2_ptm_model_3_seed_000.pdb,28.66
6155,bbarrel/with_template_bb/colab_att/TMB2.65_unrelaxed_rank_005_alphafold2_ptm_model_5_seed_000.pdb,29.25
6156,bbarrel/with_template_bb/colab_att/TMB2.75_unrelaxed_rank_005_alphafold2_ptm_model_3_seed_000.pdb,28.84
6157,bbarrel/with_template_bb/colab_att/TMB2.28_unrelaxed_rank_003_alphafold2_ptm_model_4_seed_000.pdb,74.21
6158,bbarrel/with_template_bb/colab_att/TMB2.22_unrelaxed_rank_001_alphafold2_ptm_model_2_seed_000.pdb,92.73
6159,bbarrel/with_template_bb/colab_att/TMB2.39_unrelaxed_rank_005_alphafold2_ptm_model_3_seed_000.pdb,29.63
6160,bbarrel/with_template_bb/colab_att/TMB2.48_unrelaxed_rank_002_alphafold2_ptm_model_2_seed_000.pdb,93.07
6161,bbarrel/with_template_bb/colab_att/TMB2.86_unrelaxed_rank_002_alphafold2_ptm_model_1_seed_000.pdb,91.51
6162,bbarrel/with_template_bb/colab_att/TMB2.8_unrelaxed_rank_004_alphafold2_ptm_model_4_seed_000.pdb,33.74
6163,bbarrel/with_template_bb/colab_att/TMB2.28_unrelaxed_rank_004_alphafold2_ptm_model_5_seed_000.pdb,33.78
6164,bbarrel/with_template_bb/colab_att/TMB2.69_unrelaxed_rank_005_alphafold2_ptm_model_3_seed_000.pdb,27.7
6165,bbarrel/with_template_bb/colab_att/TMB2.72_unrelaxed_rank_005_alphafold2_ptm_model_3_seed_000.pdb,28.37
6166,bbarrel/with_template_bb/colab_att/TMB2.18_unrelaxed_rank_003_alphafold2_ptm_model_4_seed_000.pdb,51.51
6167,bbarrel/with_template_bb/colab_att/TMB2.89_unrelaxed_rank_004_alphafold2_ptm_model_5_seed_000.pdb,35.47
6168,bbarrel/with_template_bb/colab_att/TMB2.20_unrelaxed_rank_001_alphafold2_ptm_model_2_seed_000.pdb,92.97
6169,bbarrel/with_template_bb/colab_att/TMB2.7_unrelaxed_rank_005_alphafold2_ptm_model_5_seed_000.pdb,29.48
6170,bbarrel/with_template_bb/colab_att/TMB2.41_unrelaxed_rank_001_alphafold2_ptm_model_2_seed_000.pdb,93.95
6171,bbarrel/with_template_bb/colab_att/TMB2.45_unrelaxed_rank_004_alphafold2_ptm_model_5_seed_000.pdb,64.01
6172,bbarrel/with_template_bb/colab_att/TMB2.29_unrelaxed_rank_005_alphafold2_ptm_model_3_seed_000.pdb,31.11
6173,bbarrel/with_template_bb/colab_att/TMB2.25_unrelaxed_rank_005_alphafold2_ptm_model_5_seed_000.pdb,28.16
6174,bbarrel/with_template_bb/colab_att/TMB2.17_unrelaxed_rank_001_alphafold2_ptm_model_1_seed_000.pdb,93.62
6175,bbarrel/with_template_bb/colab_att/TMB2.33_unrelaxed_rank_002_alphafold2_ptm_model_2_seed_000.pdb,91.94
6176,bbarrel/with_template_bb/colab_att/TMB2.1_unrelaxed_rank_002_alphafold2_ptm_model_2_seed_000.pdb,93.17
6177,bbarrel/with_template_bb/colab_att/TMB2.1_unrelaxed_rank_004_alphafold2_ptm_model_3_seed_000.pdb,28.58
6178,bbarrel/with_template_bb/colab_att/TMB2.49_unrelaxed_rank_001_alphafold2_ptm_model_1_seed_000.pdb,92.38
6179,bbarrel/with_template_bb/colab_att/TMB2.55_unrelaxed_rank_005_alphafold2_ptm_model_5_seed_000.pdb,27.36
6180,bbarrel/with_template_bb/colab_att/TMB2.23_unrelaxed_rank_002_alphafold2_ptm_model_1_seed_000.pdb,92.18
6181,bbarrel/with_template_bb/colab_att/TMB2.74_unrelaxed_rank_004_alphafold2_ptm_model_5_seed_000.pdb,37.9
6182,bbarrel/with_template_bb/colab_att/TMB2.34_unrelaxed_rank_005_alphafold2_ptm_model_3_seed_000.pdb,28.0
6183,bbarrel/with_template_bb/colab_att/TMB2.79_unrelaxed_rank_004_alphafold2_ptm_model_5_seed_000.pdb,45.67
6184,bbarrel/with_template_bb/colab_att/TMB2.56_unrelaxed_rank_005_alphafold2_ptm_model_5_seed_000.pdb,26.97
6185,bbarrel/with_template_bb/colab_att/TMB2.24_unrelaxed_rank_001_alphafold2_ptm_model_1_seed_000.pdb,94.85
6186,bbarrel/with_template_bb/colab_att/TMB2.4_unrelaxed_rank_003_alphafold2_ptm_model_4_seed_000.pdb,30.43
6187,bbarrel/with_template_bb/colab_att/TMB2.36_unrelaxed_rank_001_alphafold2_ptm_model_1_seed_000.pdb,94.18
6188,bbarrel/with_template_bb/colab_att/TMB2.6_unrelaxed_rank_004_alphafold2_ptm_model_5_seed_000.pdb,37.93
6189,bbarrel/with_template_bb/colab_att/TMB2.45_unrelaxed_rank_005_alphafold2_ptm_model_3_seed_000.pdb,31.92
6190,bbarrel/with_template_bb/colab_att/TMB2.41_unrelaxed_rank_005_alphafold2_ptm_model_3_seed_000.pdb,33.88
6191,bbarrel/with_template_bb/colab_att/TMB2.66_unrelaxed_rank_005_alphafold2_ptm_model_3_seed_000.pdb,32.46
6192,bbarrel/with_template_bb/colab_att/TMB2.79_unrelaxed_rank_003_alphafold2_ptm_model_4_seed_000.pdb,84.78
6193,bbarrel/with_template_bb/colab_att/TMB2.52_unrelaxed_rank_002_alphafold2_ptm_model_1_seed_000.pdb,92.97
6194,bbarrel/with_template_bb/colab_att/TMB2.80_unrelaxed_rank_004_alphafold2_ptm_model_5_seed_000.pdb,35.13
6195,bbarrel/with_template_bb/colab_att/TMB2.8_unrelaxed_rank_001_alphafold2_ptm_model_1_seed_000.pdb,94.33
6196,bbarrel/with_template_bb/colab_att/TMB2.59_unrelaxed_rank_001_alphafold2_ptm_model_1_seed_000.pdb,93.04
6197,bbarrel/with_template_bb/colab_att/TMB2.22_unrelaxed_rank_005_alphafold2_ptm_model_3_seed_000.pdb,36.51
6198,bbarrel/with_template_bb/colab_att/TMB2.24_unrelaxed_rank_004_alphafold2_ptm_model_3_seed_000.pdb,43.26
6199,bbarrel/with_template_bb/colab_att/TMB2.43_unrelaxed_rank_004_alphafold2_ptm_model_5_seed_000.pdb,35.94
6200,bbarrel/with_template_bb/colab_att/TMB2.78_unrelaxed_rank_002_alphafold2_ptm_model_1_seed_000.pdb,92.78
6201,bbarrel/with_template_bb/colab_att/TMB2.36_unrelaxed_rank_005_alphafold2_ptm_model_5_seed_000.pdb,31.65
6202,bbarrel/with_template_bb/colab_att/TMB2.65_unrelaxed_rank_004_alphafold2_ptm_model_3_seed_000.pdb,31.12
6203,bbarrel/with_template_bb/colab_att/TMB2.73_unrelaxed_rank_005_alphafold2_ptm_model_3_seed_000.pdb,27.93
6204,bbarrel/with_template_bb/colab_att/TMB2.47_unrelaxed_rank_003_alphafold2_ptm_model_4_seed_000.pdb,34.41
6205,bbarrel/with_template_bb/colab_att/TMB2.31_unrelaxed_rank_002_alphafold2_ptm_model_2_seed_000.pdb,93.12
6206,bbarrel/with_template_bb/colab_att/TMB2.68_unrelaxed_rank_001_alphafold2_ptm_model_2_seed_000.pdb,92.95
6207,bbarrel/with_template_bb/colab_att/TMB2.55_unrelaxed_rank_004_alphafold2_ptm_model_3_seed_000.pdb,28.42
6208,bbarrel/with_template_bb/colab_att/TMB2.5_unrelaxed_rank_001_alphafold2_ptm_model_1_seed_000.pdb,94.02
6209,bbarrel/with_template_bb/colab_att/TMB2.14_unrelaxed_rank_004_alphafold2_ptm_model_3_seed_000.pdb,32.63
6210,bbarrel/with_template_bb/colab_att/TMB2.68_unrelaxed_rank_004_alphafold2_ptm_model_5_seed_000.pdb,38.21
6211,bbarrel/with_template_bb/colab_att/TMB2.63_unrelaxed_rank_004_alphafold2_ptm_model_4_seed_000.pdb,66.3
6212,bbarrel/with_template_bb/colab_att/TMB2.85_unrelaxed_rank_005_alphafold2_ptm_model_3_seed_000.pdb,27.47
6213,bbarrel/with_template_bb/colab_att/TMB2.88_unrelaxed_rank_005_alphafold2_ptm_model_5_seed_000.pdb,35.12
6214,bbarrel/with_template_bb/colab_att/TMB2.38_unrelaxed_rank_003_alphafold2_ptm_model_4_seed_000.pdb,30.8
6215,bbarrel/with_template_bb/colab_att/TMB2.51_unrelaxed_rank_003_alphafold2_ptm_model_4_seed_000.pdb,72.11
6216,bbarrel/with_template_bb/colab_att/TMB2.75_unrelaxed_rank_003_alphafold2_ptm_model_4_seed_000.pdb,85.48
6217,bbarrel/with_template_bb/colab_att/TMB2.76_unrelaxed_rank_001_alphafold2_ptm_model_1_seed_000.pdb,94.57
6218,bbarrel/with_template_bb/colab_att/TMB2.62_unrelaxed_rank_004_alphafold2_ptm_model_5_seed_000.pdb,29.14
6219,bbarrel/with_template_bb/colab_att/TMB2.89_unrelaxed_rank_001_alphafold2_ptm_model_1_seed_000.pdb,91.67
6220,bbarrel/with_template_bb/colab_att/TMB2.42_unrelaxed_rank_004_alphafold2_ptm_model_5_seed_000.pdb,31.91
6221,bbarrel/with_template_bb/colab_att/TMB2.3_unrelaxed_rank_005_alphafold2_ptm_model_3_seed_000.pdb,30.94
6222,bbarrel/with_template_bb/colab_att/TMB2.29_unrelaxed_rank_004_alphafold2_ptm_model_5_seed_000.pdb,31.8
6223,bbarrel/with_template_bb/colab_att/TMB2.52_unrelaxed_rank_001_alphafold2_ptm_model_2_seed_000.pdb,93.57
6224,bbarrel/with_template_bb/colab_att/TMB2.33_unrelaxed_rank_003_alphafold2_ptm_model_4_seed_000.pdb,33.42
6225,bbarrel/with_template_bb/colab_att/TMB2.51_unrelaxed_rank_005_alphafold2_ptm_model_5_seed_000.pdb,29.55
6226,bbarrel/with_template_bb/colab_att/TMB2.9_unrelaxed_rank_001_alphafold2_ptm_model_1_seed_000.pdb,90.2
6227,bbarrel/with_template_bb/colab_att/TMB2.50_unrelaxed_rank_001_alphafold2_ptm_model_2_seed_000.pdb,94.42
6228,bbarrel/with_template_bb/colab_att/TMB2.77_unrelaxed_rank_002_alphafold2_ptm_model_1_seed_000.pdb,93.22
6229,bbarrel/with_template_bb/colab_att/TMB2.62_unrelaxed_rank_003_alphafold2_ptm_model_4_seed_000.pdb,78.98
6230,bbarrel/with_template_bb/colab_att/TMB2.36_unrelaxed_rank_002_alphafold2_ptm_model_2_seed_000.pdb,94.06
6231,bbarrel/with_template_bb/colab_att/TMB2.29_unrelaxed_rank_001_alphafold2_ptm_model_2_seed_000.pdb,93.43
6232,bbarrel/with_template_bb/colab_att/TMB2.11_unrelaxed_rank_005_alphafold2_ptm_model_5_seed_000.pdb,33.43
6233,bbarrel/with_template_bb/colab_att/TMB2.56_unrelaxed_rank_004_alphafold2_ptm_model_3_seed_000.pdb,31.33
6234,bbarrel/with_template_bb/colab_att/TMB2.59_unrelaxed_rank_002_alphafold2_ptm_model_2_seed_000.pdb,93.01
6235,bbarrel/with_template_bb/colab_att/TMB2.58_unrelaxed_rank_005_alphafold2_ptm_model_3_seed_000.pdb,30.35
6236,bbarrel/with_template_bb/colab_att/TMB2.3_unrelaxed_rank_003_alphafold2_ptm_model_5_seed_000.pdb,44.82
6237,bbarrel/with_template_bb/colab_att/TMB2.57_unrelaxed_rank_002_alphafold2_ptm_model_2_seed_000.pdb,94.14
6238,bbarrel/with_template_bb/colab_att/TMB2.44_unrelaxed_rank_001_alphafold2_ptm_model_1_seed_000.pdb,93.94
6239,bbarrel/with_template_bb/colab_att/TMB2.65_unrelaxed_rank_001_alphafold2_ptm_model_2_seed_000.pdb,93.22
6240,bbarrel/with_template_bb/colab_att/TMB2.75_unrelaxed_rank_001_alphafold2_ptm_model_1_seed_000.pdb,93.82
6241,bbarrel/with_template_bb/colab_att/TMB2.57_unrelaxed_rank_003_alphafold2_ptm_model_4_seed_000.pdb,61.09
6242,bbarrel/with_template_bb/colab_att/TMB2.57_unrelaxed_rank_005_alphafold2_ptm_model_5_seed_000.pdb,28.14
6243,bbarrel/with_template_bb/colab_att/TMB2.14_unrelaxed_rank_003_alphafold2_ptm_model_4_seed_000.pdb,58.17
6244,bbarrel/with_template_bb/colab_att/TMB2.37_unrelaxed_rank_004_alphafold2_ptm_model_5_seed_000.pdb,53.51
6245,bbarrel/with_template_bb/colab_att/TMB2.34_unrelaxed_rank_001_alphafold2_ptm_model_1_seed_000.pdb,93.86
6246,bbarrel/with_template_bb/colab_att/TMB2.44_unrelaxed_rank_002_alphafold2_ptm_model_2_seed_000.pdb,93.88
6247,bbarrel/with_template_bb/colab_att/TMB2.21_unrelaxed_rank_004_alphafold2_ptm_model_4_seed_000.pdb,41.23
6248,bbarrel/with_template_bb/colab_att/TMB2.15_unrelaxed_rank_001_alphafold2_ptm_model_1_seed_000.pdb,91.78
6249,bbarrel/with_template_bb/colab_att/TMB2.48_unrelaxed_rank_004_alphafold2_ptm_model_5_seed_000.pdb,29.51
6250,bbarrel/with_template_bb/colab_att/TMB2.38_unrelaxed_rank_005_alphafold2_ptm_model_3_seed_000.pdb,28.97
6251,bbarrel/with_template_bb/colab_att/TMB2.59_unrelaxed_rank_003_alphafold2_ptm_model_4_seed_000.pdb,85.15
6252,bbarrel/with_template_bb/colab_att/TMB2.85_unrelaxed_rank_002_alphafold2_ptm_model_1_seed_000.pdb,92.96
6253,bbarrel/with_template_bb/colab_att/TMB2.70_unrelaxed_rank_004_alphafold2_ptm_model_5_seed_000.pdb,44.42
6254,bbarrel/with_template_bb/colab_att/TMB2.75_unrelaxed_rank_004_alphafold2_ptm_model_5_seed_000.pdb,47.24
6255,bbarrel/with_template_bb/colab_att/TMB2.54_unrelaxed_rank_004_alphafold2_ptm_model_5_seed_000.pdb,34.63
6256,bbarrel/with_template_bb/colab_att/TMB2.81_unrelaxed_rank_005_alphafold2_ptm_model_3_seed_000.pdb,28.2
6257,bbarrel/with_template_bb/colab_att/TMB2.2_unrelaxed_rank_004_alphafold2_ptm_model_5_seed_000.pdb,34.62
6258,bbarrel/with_template_bb/colab_att/TMB2.19_unrelaxed_rank_003_alphafold2_ptm_model_4_seed_000.pdb,79.5
6259,bbarrel/with_template_bb/colab_att/TMB2.32_unrelaxed_rank_003_alphafold2_ptm_model_4_seed_000.pdb,67.66
6260,bbarrel/with_template_bb/colab_att/TMB2.4_unrelaxed_rank_002_alphafold2_ptm_model_2_seed_000.pdb,93.05
6261,bbarrel/with_template_bb/colab_att/TMB2.57_unrelaxed_rank_001_alphafold2_ptm_model_1_seed_000.pdb,94.44
6262,bbarrel/with_template_bb/colab_att/TMB2.70_unrelaxed_rank_002_alphafold2_ptm_model_1_seed_000.pdb,91.65
6263,bbarrel/with_template_bb/colab_att/TMB2.11_unrelaxed_rank_004_alphafold2_ptm_model_3_seed_000.pdb,33.64
6264,bbarrel/with_template_bb/colab_att/TMB2.88_unrelaxed_rank_004_alphafold2_ptm_model_3_seed_000.pdb,37.19
6265,bbarrel/with_template_bb/colab_att/TMB2.87_unrelaxed_rank_003_alphafold2_ptm_model_4_seed_000.pdb,41.73
6266,bbarrel/with_template_bb/colab_att/TMB2.30_unrelaxed_rank_005_alphafold2_ptm_model_3_seed_000.pdb,29.5
6267,bbarrel/with_template_bb/colab_att/TMB2.88_unrelaxed_rank_003_alphafold2_ptm_model_4_seed_000.pdb,84.81
6268,bbarrel/with_template_bb/colab_att/TMB2.80_unrelaxed_rank_002_alphafold2_ptm_model_1_seed_000.pdb,92.01
6269,bbarrel/with_template_bb/colab_att/TMB2.81_unrelaxed_rank_003_alphafold2_ptm_model_4_seed_000.pdb,77.36
6270,bbarrel/with_template_bb/colab_att/TMB2.34_unrelaxed_rank_002_alphafold2_ptm_model_2_seed_000.pdb,93.64
6271,bbarrel/with_template_bb/colab_att/TMB2.64_unrelaxed_rank_002_alphafold2_ptm_model_1_seed_000.pdb,94.37
6272,bbarrel/with_template_bb/colab_att/TMB2.49_unrelaxed_rank_002_alphafold2_ptm_model_2_seed_000.pdb,92.11
6273,bbarrel/with_template_bb/colab_att/TMB2.52_unrelaxed_rank_004_alphafold2_ptm_model_5_seed_000.pdb,47.4
6274,bbarrel/with_template_bb/colab_att/TMB2.63_unrelaxed_rank_001_alphafold2_ptm_model_2_seed_000.pdb,90.77
6275,bbarrel/with_template_bb/colab_att/TMB2.39_unrelaxed_rank_003_alphafold2_ptm_model_4_seed_000.pdb,33.49
6276,bbarrel/with_template_bb/colab_att/TMB2.19_unrelaxed_rank_002_alphafold2_ptm_model_1_seed_000.pdb,91.65
6277,bbarrel/with_template_bb/colab_att/TMB2.54_unrelaxed_rank_001_alphafold2_ptm_model_1_seed_000.pdb,93.84
6278,bbarrel/with_template_bb/colab_att/TMB2.5_unrelaxed_rank_003_alphafold2_ptm_model_4_seed_000.pdb,82.21
6279,bbarrel/with_template_bb/colab_att/TMB2.18_unrelaxed_rank_005_alphafold2_ptm_model_3_seed_000.pdb,32.98
6280,bbarrel/with_template_bb/colab_att/TMB2.62_unrelaxed_rank_002_alphafold2_ptm_model_2_seed_000.pdb,93.14
6281,bbarrel/with_template_bb/colab_att/TMB2.87_unrelaxed_rank_002_alphafold2_ptm_model_2_seed_000.pdb,91.86
6282,bbarrel/with_template_bb/colab_att/TMB2.19_unrelaxed_rank_005_alphafold2_ptm_model_3_seed_000.pdb,30.53
6283,bbarrel/with_template_bb/colab_att/TMB2.42_unrelaxed_rank_002_alphafold2_ptm_model_2_seed_000.pdb,93.25
6284,bbarrel/with_template_bb/colab_att/TMB2.35_unrelaxed_rank_004_alphafold2_ptm_model_4_seed_000.pdb,34.85
6285,bbarrel/with_template_bb/colab_att/TMB2.25_unrelaxed_rank_001_alphafold2_ptm_model_2_seed_000.pdb,93.8
6286,bbarrel/with_template_bb/colab_att/TMB2.73_unrelaxed_rank_002_alphafold2_ptm_model_1_seed_000.pdb,94.04
6287,bbarrel/with_template_bb/colab_att/TMB2.63_unrelaxed_rank_003_alphafold2_ptm_model_5_seed_000.pdb,75.29
6288,bbarrel/with_template_bb/colab_att/TMB2.32_unrelaxed_rank_002_alphafold2_ptm_model_1_seed_000.pdb,91.72
6289,bbarrel/with_template_bb/colab_att/TMB2.87_unrelaxed_rank_005_alphafold2_ptm_model_3_seed_000.pdb,29.34
6290,bbarrel/with_template_bb/colab_att/TMB2.30_unrelaxed_rank_004_alphafold2_ptm_model_5_seed_000.pdb,31.68
6291,bbarrel/with_template_bb/colab_att/TMB2.42_unrelaxed_rank_005_alphafold2_ptm_model_3_seed_000.pdb,28.91
6292,bbarrel/with_template_bb/colab_att/TMB2.82_unrelaxed_rank_004_alphafold2_ptm_model_3_seed_000.pdb,30.53
6293,bbarrel/with_template_bb/colab_att/TMB2.19_unrelaxed_rank_004_alphafold2_ptm_model_5_seed_000.pdb,47.99
6294,bbarrel/with_template_bb/colab_att/TMB2.54_unrelaxed_rank_002_alphafold2_ptm_model_2_seed_000.pdb,93.21
6295,bbarrel/with_template_bb/colab_att/TMB2.28_unrelaxed_rank_001_alphafold2_ptm_model_1_seed_000.pdb,94.64
6296,bbarrel/with_template_bb/colab_att/TMB2.84_unrelaxed_rank_002_alphafold2_ptm_model_2_seed_000.pdb,92.67
6297,bbarrel/with_template_bb/colab_att/TMB2.30_unrelaxed_rank_002_alphafold2_ptm_model_2_seed_000.pdb,92.08
6298,bbarrel/with_template_bb/colab_att/TMB2.85_unrelaxed_rank_004_alphafold2_ptm_model_5_seed_000.pdb,37.76
6299,bbarrel/with_template_bb/colab_att/TMB2.51_unrelaxed_rank_002_alphafold2_ptm_model_1_seed_000.pdb,94.39
6300,bbarrel/with_template_bb/colab_att/TMB2.68_unrelaxed_rank_003_alphafold2_ptm_model_4_seed_000.pdb,80.45
6301,bbarrel/with_template_bb/colab_att/TMB2.20_unrelaxed_rank_004_alphafold2_ptm_model_5_seed_000.pdb,36.86
6302,bbarrel/with_template_bb/colab_att/TMB2.27_unrelaxed_rank_001_alphafold2_ptm_model_1_seed_000.pdb,94.51
6303,bbarrel/with_template_bb/colab_att/TMB2.58_unrelaxed_rank_004_alphafold2_ptm_model_5_seed_000.pdb,37.97
6304,bbarrel/with_template_bb/colab_att/TMB2.86_unrelaxed_rank_001_alphafold2_ptm_model_2_seed_000.pdb,91.51
6305,bbarrel/with_template_bb/colab_att/TMB2.65_unrelaxed_rank_002_alphafold2_ptm_model_1_seed_000.pdb,93.24
6306,bbarrel/with_template_bb/colab_att/TMB2.32_unrelaxed_rank_004_alphafold2_ptm_model_5_seed_000.pdb,59.47
6307,bbarrel/with_template_bb/colab_att/TMB2.69_unrelaxed_rank_001_alphafold2_ptm_model_2_seed_000.pdb,92.97
6308,bbarrel/with_template_bb/colab_att/TMB2.83_unrelaxed_rank_004_alphafold2_ptm_model_3_seed_000.pdb,42.75
6309,bbarrel/with_template_bb/colab_att/TMB2.44_unrelaxed_rank_005_alphafold2_ptm_model_3_seed_000.pdb,29.47
6310,bbarrel/with_template_bb/colab_att/TMB2.72_unrelaxed_rank_003_alphafold2_ptm_model_4_seed_000.pdb,69.52
6311,bbarrel/with_template_bb/colab_att/TMB2.60_unrelaxed_rank_004_alphafold2_ptm_model_5_seed_000.pdb,69.69
6312,bbarrel/with_template_bb/colab_att/TMB2.4_unrelaxed_rank_005_alphafold2_ptm_model_5_seed_000.pdb,28.63
6313,bbarrel/with_template_bb/colab_att/TMB2.58_unrelaxed_rank_002_alphafold2_ptm_model_2_seed_000.pdb,93.21
6314,bbarrel/with_template_bb/colab_att/TMB2.56_unrelaxed_rank_002_alphafold2_ptm_model_1_seed_000.pdb,93.15
6315,bbarrel/with_template_bb/colab_att/TMB2.78_unrelaxed_rank_001_alphafold2_ptm_model_2_seed_000.pdb,92.77
6316,bbarrel/with_template_bb/colab_att/TMB2.50_unrelaxed_rank_004_alphafold2_ptm_model_5_seed_000.pdb,32.32
6317,bbarrel/with_template_bb/colab_att/TMB2.47_unrelaxed_rank_002_alphafold2_ptm_model_2_seed_000.pdb,91.81
6318,bbarrel/with_template_bb/colab_att/TMB2.55_unrelaxed_rank_001_alphafold2_ptm_model_1_seed_000.pdb,91.67
6319,bbarrel/with_template_bb/colab_att/TMB2.64_unrelaxed_rank_001_alphafold2_ptm_model_2_seed_000.pdb,94.77
6320,bbarrel/with_template_bb/colab_att/TMB2.73_unrelaxed_rank_004_alphafold2_ptm_model_4_seed_000.pdb,31.02
6321,bbarrel/with_template_bb/colab_att/TMB2.41_unrelaxed_rank_002_alphafold2_ptm_model_1_seed_000.pdb,93.83
6322,bbarrel/with_template_bb/colab_att/TMB2.78_unrelaxed_rank_005_alphafold2_ptm_model_3_seed_000.pdb,28.78
6323,bbarrel/with_template_bb/colab_att/TMB2.88_unrelaxed_rank_001_alphafold2_ptm_model_1_seed_000.pdb,92.92
6324,bbarrel/with_template_bb/colab_att/TMB2.37_unrelaxed_rank_005_alphafold2_ptm_model_3_seed_000.pdb,34.91
6325,bbarrel/with_template_bb/colab_att/TMB2.33_unrelaxed_rank_005_alphafold2_ptm_model_5_seed_000.pdb,28.2
6326,bbarrel/with_template_bb/colab_att/TMB2.24_unrelaxed_rank_003_alphafold2_ptm_model_4_seed_000.pdb,77.43
6327,bbarrel/with_template_bb/colab_att/TMB2.71_unrelaxed_rank_002_alphafold2_ptm_model_1_seed_000.pdb,92.36
6328,bbarrel/with_template_bb/colab_att/TMB2.1_unrelaxed_rank_001_alphafold2_ptm_model_1_seed_000.pdb,93.79
6329,bbarrel/with_template_bb/colab_att/TMB2.87_unrelaxed_rank_001_alphafold2_ptm_model_1_seed_000.pdb,92.41
6330,bbarrel/with_template_bb/colab_att/TMB2.83_unrelaxed_rank_002_alphafold2_ptm_model_1_seed_000.pdb,93.06
6331,bbarrel/with_template_bb/colab_att/TMB2.43_unrelaxed_rank_005_alphafold2_ptm_model_3_seed_000.pdb,32.87
6332,bbarrel/with_template_bb/colab_att/TMB2.11_unrelaxed_rank_001_alphafold2_ptm_model_2_seed_000.pdb,93.41
6333,bbarrel/with_template_bb/colab_att/TMB2.67_unrelaxed_rank_005_alphafold2_ptm_model_5_seed_000.pdb,34.51
6334,bbarrel/with_template_bb/colab_att/TMB2.64_unrelaxed_rank_004_alphafold2_ptm_model_5_seed_000.pdb,30.57
6335,bbarrel/with_template_bb/colab_att/TMB2.14_unrelaxed_rank_002_alphafold2_ptm_model_1_seed_000.pdb,95.29
6336,bbarrel/with_template_bb/colab_att/TMB2.31_unrelaxed_rank_004_alphafold2_ptm_model_5_seed_000.pdb,61.82
6337,bbarrel/with_template_bb/colab_att/TMB2.66_unrelaxed_rank_002_alphafold2_ptm_model_2_seed_000.pdb,93.81
6338,bbarrel/with_template_bb/colab_att/TMB2.34_unrelaxed_rank_004_alphafold2_ptm_model_5_seed_000.pdb,32.71
6339,bbarrel/with_template_bb/colab_att/TMB2.66_unrelaxed_rank_003_alphafold2_ptm_model_4_seed_000.pdb,63.53
6340,bbarrel/with_template_bb/colab_att/TMB2.27_unrelaxed_rank_004_alphafold2_ptm_model_5_seed_000.pdb,31.45
6341,bbarrel/with_template_bb/colab_att/TMB2.7_unrelaxed_rank_003_alphafold2_ptm_model_4_seed_000.pdb,32.8
6342,bbarrel/with_template_bb/colab_att/TMB2.25_unrelaxed_rank_003_alphafold2_ptm_model_4_seed_000.pdb,42.88
6343,bbarrel/with_template_bb/colab_att/TMB2.21_unrelaxed_rank_003_alphafold2_ptm_model_5_seed_000.pdb,45.5
6344,bbarrel/with_template_bb/colab_att/TMB2.84_unrelaxed_rank_001_alphafold2_ptm_model_1_seed_000.pdb,92.99
6345,bbarrel/with_template_bb/colab_att/TMB2.68_unrelaxed_rank_002_alphafold2_ptm_model_1_seed_000.pdb,92.51
6346,bbarrel/with_template_bb/colab_att/TMB2.58_unrelaxed_rank_003_alphafold2_ptm_model_4_seed_000.pdb,79.78
6347,bbarrel/with_template_bb/colab_att/TMB2.3_unrelaxed_rank_002_alphafold2_ptm_model_1_seed_000.pdb,93.15
6348,bbarrel/with_template_bb/colab_att/TMB2.33_unrelaxed_rank_004_alphafold2_ptm_model_3_seed_000.pdb,31.66
6349,bbarrel/with_template_bb/colab_att/TMB2.60_unrelaxed_rank_005_alphafold2_ptm_model_3_seed_000.pdb,30.99
6350,bbarrel/with_template_bb/colab_att/TMB2.33_unrelaxed_rank_001_alphafold2_ptm_model_1_seed_000.pdb,92.41
6351,bbarrel/with_template_bb/colab_att/TMB2.4_unrelaxed_rank_001_alphafold2_ptm_model_1_seed_000.pdb,93.4
6352,bbarrel/with_template_bb/colab_att/TMB2.22_unrelaxed_rank_003_alphafold2_ptm_model_4_seed_000.pdb,84.74
6353,bbarrel/with_template_bb/colab_att/TMB2.79_unrelaxed_rank_001_alphafold2_ptm_model_2_seed_000.pdb,92.51
6354,bbarrel/with_template_bb/colab_att/TMB2.50_unrelaxed_rank_002_alphafold2_ptm_model_1_seed_000.pdb,94.19
6355,bbarrel/with_template_bb/colab_att/TMB2.67_unrelaxed_rank_001_alphafold2_ptm_model_1_seed_000.pdb,92.76
6356,bbarrel/with_template_bb/colab_att/TMB2.77_unrelaxed_rank_001_alphafold2_ptm_model_2_seed_000.pdb,94.05
6357,bbarrel/with_template_bb/colab_att/TMB2.67_unrelaxed_rank_002_alphafold2_ptm_model_2_seed_000.pdb,91.89
6358,bbarrel/with_template_bb/colab_att/TMB2.12_unrelaxed_rank_001_alphafold2_ptm_model_2_seed_000.pdb,92.34
6359,bbarrel/with_template_bb/colab_att/TMB2.72_unrelaxed_rank_001_alphafold2_ptm_model_1_seed_000.pdb,94.13
6360,bbarrel/with_template_bb/colab_att/TMB2.49_unrelaxed_rank_003_alphafold2_ptm_model_4_seed_000.pdb,34.01
6361,bbarrel/with_template_bb/colab_att/TMB2.60_unrelaxed_rank_003_alphafold2_ptm_model_4_seed_000.pdb,84.32
6362,bbarrel/with_template_bb/colab_att/TMB2.88_unrelaxed_rank_002_alphafold2_ptm_model_2_seed_000.pdb,92.33
6363,bbarrel/with_template_bb/colab_att/TMB2.80_unrelaxed_rank_001_alphafold2_ptm_model_2_seed_000.pdb,92.21
6364,bbarrel/with_template_bb/colab_att/TMB2.25_unrelaxed_rank_002_alphafold2_ptm_model_1_seed_000.pdb,93.81
6365,bbarrel/with_template_bb/colab_att/TMB2.6_unrelaxed_rank_005_alphafold2_ptm_model_3_seed_000.pdb,28.85
6366,bbarrel/with_template_bb/colab_att/TMB2.9_unrelaxed_rank_002_alphafold2_ptm_model_2_seed_000.pdb,90.09
6367,bbarrel/with_template_bb/colab_att/TMB2.76_unrelaxed_rank_005_alphafold2_ptm_model_3_seed_000.pdb,30.71
6368,bbarrel/with_template_bb/colab_att/TMB2.71_unrelaxed_rank_004_alphafold2_ptm_model_4_seed_000.pdb,35.52
6369,bbarrel/with_template_bb/colab_att/TMB2.39_unrelaxed_rank_002_alphafold2_ptm_model_1_seed_000.pdb,91.73
6370,bbarrel/with_template_bb/colab_att/TMB2.14_unrelaxed_rank_001_alphafold2_ptm_model_2_seed_000.pdb,95.4
6371,bbarrel/with_template_bb/colab_att/TMB2.27_unrelaxed_rank_005_alphafold2_ptm_model_3_seed_000.pdb,28.64
6372,bbarrel/with_template_bb/colab_att/TMB2.42_unrelaxed_rank_003_alphafold2_ptm_model_4_seed_000.pdb,66.84
6373,bbarrel/with_template_bb/colab_att/TMB2.27_unrelaxed_rank_003_alphafold2_ptm_model_4_seed_000.pdb,36.95
6374,bbarrel/with_template_bb/colab_att/TMB2.58_unrelaxed_rank_001_alphafold2_ptm_model_1_seed_000.pdb,93.6
6375,bbarrel/with_template_bb/colab_att/TMB2.5_unrelaxed_rank_002_alphafold2_ptm_model_2_seed_000.pdb,93.85
6376,bbarrel/with_template_bb/colab_att/TMB2.37_unrelaxed_rank_001_alphafold2_ptm_model_1_seed_000.pdb,91.6
6377,bbarrel/with_template_bb/colab_att/TMB2.50_unrelaxed_rank_005_alphafold2_ptm_model_3_seed_000.pdb,29.83
6378,bbarrel/with_template_bb/colab_att/TMB2.82_unrelaxed_rank_001_alphafold2_ptm_model_2_seed_000.pdb,92.62
6379,bbarrel/with_template_bb/colab_att/TMB2.73_unrelaxed_rank_001_alphafold2_ptm_model_2_seed_000.pdb,94.43
6380,bbarrel/with_template_bb/colab_att/TMB2.27_unrelaxed_rank_002_alphafold2_ptm_model_2_seed_000.pdb,93.71
6381,bbarrel/with_template_bb/colab_att/TMB2.43_unrelaxed_rank_001_alphafold2_ptm_model_1_seed_000.pdb,93.87
6382,bbarrel/with_template_bb/colab_att/TMB2.41_unrelaxed_rank_004_alphafold2_ptm_model_5_seed_000.pdb,48.35
6383,bbarrel/with_template_bb/colab_att/TMB2.70_unrelaxed_rank_001_alphafold2_ptm_model_2_seed_000.pdb,91.77
6384,bbarrel/with_template_bb/colab_att/TMB2.54_unrelaxed_rank_005_alphafold2_ptm_model_3_seed_000.pdb,33.91
6385,bbarrel/with_template_bb/colab_att/TMB2.42_unrelaxed_rank_001_alphafold2_ptm_model_1_seed_000.pdb,93.82
6386,bbarrel/with_template_bb/colab_att/TMB2.74_unrelaxed_rank_003_alphafold2_ptm_model_4_seed_000.pdb,81.67
6387,bbarrel/with_template_bb/colab_att/TMB2.17_unrelaxed_rank_002_alphafold2_ptm_model_2_seed_000.pdb,93.38
6388,bbarrel/with_template_bb/colab_att/TMB2.41_unrelaxed_rank_003_alphafold2_ptm_model_4_seed_000.pdb,84.29
6389,bbarrel/with_template_bb/colab_att/TMB2.63_unrelaxed_rank_005_alphafold2_ptm_model_3_seed_000.pdb,31.72
6390,bbarrel/with_template_bb/colab_att/TMB2.15_unrelaxed_rank_005_alphafold2_ptm_model_3_seed_000.pdb,27.81
6391,bbarrel/with_template_bb/colab_att/TMB2.18_unrelaxed_rank_004_alphafold2_ptm_model_5_seed_000.pdb,39.8
6392,bbarrel/with_template_bb/colab_att/TMB2.36_unrelaxed_rank_003_alphafold2_ptm_model_4_seed_000.pdb,66.47
6393,bbarrel/with_template_bb/colab_att/TMB2.69_unrelaxed_rank_004_alphafold2_ptm_model_5_seed_000.pdb,33.08
6394,bbarrel/with_template_bb/colab_att/TMB2.84_unrelaxed_rank_003_alphafold2_ptm_model_4_seed_000.pdb,60.21
6395,bbarrel/with_template_bb/colab_att/TMB2.75_unrelaxed_rank_002_alphafold2_ptm_model_2_seed_000.pdb,91.91
6396,bbarrel/with_template_bb/colab_att/TMB2.89_unrelaxed_rank_002_alphafold2_ptm_model_2_seed_000.pdb,90.26
6397,bbarrel/with_template_bb/colab_att/TMB2.22_unrelaxed_rank_004_alphafold2_ptm_model_5_seed_000.pdb,58.69
6398,bbarrel/with_template_bb/colab_att/TMB2.28_unrelaxed_rank_005_alphafold2_ptm_model_3_seed_000.pdb,33.77
6399,bbarrel/with_template_bb/colab_att/TMB2.82_unrelaxed_rank_002_alphafold2_ptm_model_1_seed_000.pdb,92.59
6400,bbarrel/with_template_bb/colab_att/TMB2.77_unrelaxed_rank_005_alphafold2_ptm_model_3_seed_000.pdb,30.49
6401,bbarrel/with_template_bb/colab_att/TMB2.21_unrelaxed_rank_001_alphafold2_ptm_model_2_seed_000.pdb,94.15
6402,bbarrel/with_template_bb/colab_att/TMB2.82_unrelaxed_rank_005_alphafold2_ptm_model_5_seed_000.pdb,30.07
6403,bbarrel/with_template_bb/colab_att/TMB2.31_unrelaxed_rank_001_alphafold2_ptm_model_1_seed_000.pdb,93.47
6404,bbarrel/with_template_bb/colab_att/TMB2.38_unrelaxed_rank_004_alphafold2_ptm_model_5_seed_000.pdb,29.25
6405,bbarrel/with_template_bb/colab_att/TMB2.49_unrelaxed_rank_004_alphafold2_ptm_model_5_seed_000.pdb,31.75
6406,bbarrel/with_template_bb/colab_att/TMB2.17_unrelaxed_rank_005_alphafold2_ptm_model_3_seed_000.pdb,30.82
6407,bbarrel/with_template_bb/colab_att/TMB2.71_unrelaxed_rank_001_alphafold2_ptm_model_2_seed_000.pdb,92.92
6408,bbarrel/with_template_bb/colab_att/TMB2.15_unrelaxed_rank_004_alphafold2_ptm_model_5_seed_000.pdb,32.27
6409,bbarrel/with_template_bb/colab_att/TMB2.12_unrelaxed_rank_004_alphafold2_ptm_model_5_seed_000.pdb,32.48
6410,bbarrel/with_template_bb/colab_att/TMB2.2_unrelaxed_rank_001_alphafold2_ptm_model_1_seed_000.pdb,93.14
6411,bbarrel/with_template_bb/colab_att/TMB2.51_unrelaxed_rank_001_alphafold2_ptm_model_2_seed_000.pdb,95.1
6412,bbarrel/with_template_bb/colab_att/TMB2.3_unrelaxed_rank_004_alphafold2_ptm_model_4_seed_000.pdb,34.87
6413,bbarrel/with_template_bb/colab_att/TMB2.54_unrelaxed_rank_003_alphafold2_ptm_model_4_seed_000.pdb,41.3
6414,bbarrel/with_template_bb/colab_att/TMB2.67_unrelaxed_rank_004_alphafold2_ptm_model_3_seed_000.pdb,35.02
6415,bbarrel/with_template_bb/colab_att/TMB2.37_unrelaxed_rank_003_alphafold2_ptm_model_4_seed_000.pdb,62.16
6416,bbarrel/with_template_bb/colab_att/TMB2.4_unrelaxed_rank_004_alphafold2_ptm_model_3_seed_000.pdb,29.94
6417,bbarrel/with_template_bb/colab_att/TMB2.29_unrelaxed_rank_002_alphafold2_ptm_model_1_seed_000.pdb,92.39
6418,bbarrel/with_template_bb/colab_att/TMB2.43_unrelaxed_rank_003_alphafold2_ptm_model_4_seed_000.pdb,86.6
6419,bbarrel/with_template_bb/colab_att/TMB2.76_unrelaxed_rank_004_alphafold2_ptm_model_5_seed_000.pdb,33.46
6420,bbarrel/with_template_bb/colab_att/TMB2.20_unrelaxed_rank_005_alphafold2_ptm_model_3_seed_000.pdb,28.74
6421,bbarrel/with_template_bb/colab_att/TMB2.12_unrelaxed_rank_003_alphafold2_ptm_model_4_seed_000.pdb,33.03
6422,bbarrel/with_template_bb/colab_att/TMB2.28_unrelaxed_rank_002_alphafold2_ptm_model_2_seed_000.pdb,94.44
6423,bbarrel/with_template_bb/colab_att/TMB2.18_unrelaxed_rank_001_alphafold2_ptm_model_1_seed_000.pdb,95.81
6424,bbarrel/with_template_bb/colab_att/TMB2.72_unrelaxed_rank_002_alphafold2_ptm_model_2_seed_000.pdb,94.01
6425,bbarrel/with_template_bb/colab_att/TMB2.86_unrelaxed_rank_004_alphafold2_ptm_model_5_seed_000.pdb,32.43
6426,bbarrel/with_template_bb/colab_att/TMB2.31_unrelaxed_rank_005_alphafold2_ptm_model_3_seed_000.pdb,32.71
6427,bbarrel/with_template_bb/colab_att/TMB2.81_unrelaxed_rank_001_alphafold2_ptm_model_2_seed_000.pdb,92.74
6428,bbarrel/with_template_bb/colab_att/TMB2.71_unrelaxed_rank_003_alphafold2_ptm_model_5_seed_000.pdb,36.65
6429,bbarrel/with_template_bb/colab_att/TMB2.23_unrelaxed_rank_001_alphafold2_ptm_model_2_seed_000.pdb,92.57
6430,bbarrel/with_template_bb/colab_att/TMB2.5_unrelaxed_rank_004_alphafold2_ptm_model_5_seed_000.pdb,37.07
6431,bbarrel/with_template_bb/colab_att/TMB2.2_unrelaxed_rank_003_alphafold2_ptm_model_4_seed_000.pdb,66.91
6432,bbarrel/with_template_bb/colab_att/TMB2.34_unrelaxed_rank_003_alphafold2_ptm_model_4_seed_000.pdb,71.37
6433,bbarrel/with_template_bb/colab_att/TMB2.39_unrelaxed_rank_001_alphafold2_ptm_model_2_seed_000.pdb,92.55
6434,bbarrel/with_template_bb/colab_att/TMB2.15_unrelaxed_rank_003_alphafold2_ptm_model_4_seed_000.pdb,33.7
6435,bbarrel/with_template_bb/colab_att/TMB2.20_unrelaxed_rank_002_alphafold2_ptm_model_1_seed_000.pdb,92.98
6436,bbarrel/with_template_bb/colab_att/TMB2.66_unrelaxed_rank_004_alphafold2_ptm_model_5_seed_000.pdb,33.23
6437,bbarrel/with_template_bb/colab_att/TMB2.31_unrelaxed_rank_003_alphafold2_ptm_model_4_seed_000.pdb,86.27
6438,bbarrel/with_template_bb/colab_att/TMB2.11_unrelaxed_rank_003_alphafold2_ptm_model_4_seed_000.pdb,73.19
6439,bbarrel/with_template_bb/colab_att/TMB2.80_unrelaxed_rank_003_alphafold2_ptm_model_4_seed_000.pdb,62.46
6440,bbarrel/with_template_bb/colab_att/TMB2.9_unrelaxed_rank_004_alphafold2_ptm_model_5_seed_000.pdb,29.85
6441,bbarrel/with_template_bb/colab_att/TMB2.23_unrelaxed_rank_003_alphafold2_ptm_model_4_seed_000.pdb,75.77
6442,bbarrel/with_template_bb/colab_att/TMB2.70_unrelaxed_rank_003_alphafold2_ptm_model_4_seed_000.pdb,77.53
6443,bbarrel/with_template_bb/colab_att/TMB2.52_unrelaxed_rank_003_alphafold2_ptm_model_4_seed_000.pdb,62.88
6444,bbarrel/with_template_bb/colab_att/TMB2.73_unrelaxed_rank_003_alphafold2_ptm_model_5_seed_000.pdb,33.52
6445,bbarrel/with_template_bb/colab_att/TMB2.44_unrelaxed_rank_003_alphafold2_ptm_model_4_seed_000.pdb,85.47
6446,bbarrel/with_template_bb/colab_att/TMB2.39_unrelaxed_rank_004_alphafold2_ptm_model_5_seed_000.pdb,31.25
6447,bbarrel/with_template_bb/colab_att/TMB2.83_unrelaxed_rank_001_alphafold2_ptm_model_2_seed_000.pdb,93.15
6448,bbarrel/with_template_bb/colab_att/TMB2.84_unrelaxed_rank_004_alphafold2_ptm_model_5_seed_000.pdb,37.56
6449,bbarrel/with_template_bb/colab_att/TMB2.80_unrelaxed_rank_005_alphafold2_ptm_model_3_seed_000.pdb,32.6
6450,bbarrel/with_template_bb/colab_att/TMB2.48_unrelaxed_rank_005_alphafold2_ptm_model_3_seed_000.pdb,28.53
6451,bbarrel/with_template_bb/colab_att/TMB2.22_unrelaxed_rank_002_alphafold2_ptm_model_1_seed_000.pdb,92.63
6452,bbarrel/with_template_bb/colab_att/TMB2.47_unrelaxed_rank_005_alphafold2_ptm_model_3_seed_000.pdb,28.59
6453,bbarrel/with_template_bb/colab_att/TMB2.3_unrelaxed_rank_001_alphafold2_ptm_model_2_seed_000.pdb,93.47
6454,bbarrel/with_template_bb/colab_att/TMB2.18_unrelaxed_rank_002_alphafold2_ptm_model_2_seed_000.pdb,95.14
6455,bbarrel/with_template_bb/colab_att/TMB2.12_unrelaxed_rank_005_alphafold2_ptm_model_3_seed_000.pdb,28.85
6456,bbarrel/with_template_bb/colab_att/TMB2.85_unrelaxed_rank_003_alphafold2_ptm_model_4_seed_000.pdb,87.12
6457,bbarrel/with_template_bb/colab_att/TMB2.60_unrelaxed_rank_001_alphafold2_ptm_model_2_seed_000.pdb,94.12
6458,bbarrel/with_template_bb/colab_att/TMB2.87_unrelaxed_rank_004_alphafold2_ptm_model_5_seed_000.pdb,33.41
6459,bbarrel/with_template_bb/colab_att/TMB2.86_unrelaxed_rank_003_alphafold2_ptm_model_4_seed_000.pdb,34.5
6460,bbarrel/with_template_bb/colab_att/TMB2.74_unrelaxed_rank_005_alphafold2_ptm_model_3_seed_000.pdb,31.92
6461,bbarrel/with_template_bb/colab_att/TMB2.24_unrelaxed_rank_002_alphafold2_ptm_model_2_seed_000.pdb,94.22
6462,bbarrel/with_template_bb/colab_att/TMB2.26_unrelaxed_rank_003_alphafold2_ptm_model_5_seed_000.pdb,30.88
6463,bbarrel/with_template_bb/colab_att/TMB2.9_unrelaxed_rank_003_alphafold2_ptm_model_4_seed_000.pdb,50.49
6464,bbarrel/with_template_bb/colab_att/TMB2.25_unrelaxed_rank_004_alphafold2_ptm_model_3_seed_000.pdb,30.37
6465,bbarrel/with_template_bb/colab_att/TMB2.29_unrelaxed_rank_003_alphafold2_ptm_model_4_seed_000.pdb,86.63
6466,bbarrel/with_template_bb/colab_att/TMB2.74_unrelaxed_rank_002_alphafold2_ptm_model_1_seed_000.pdb,94.38
6467,bbarrel/with_template_bb/colab_att/TMB2.65_unrelaxed_rank_003_alphafold2_ptm_model_4_seed_000.pdb,80.96
6468,bbarrel/with_template_bb/colab/TMB2.36_unrelaxed_rank_004_alphafold2_ptm_model_3_seed_000.pdb,32.25
6469,bbarrel/with_template_bb/colab/TMB2.47_unrelaxed_rank_001_alphafold2_ptm_model_1_seed_000.pdb,91.89
6470,bbarrel/with_template_bb/colab/TMB2.69_unrelaxed_rank_003_alphafold2_ptm_model_4_seed_000.pdb,67.78
6471,bbarrel/with_template_bb/colab/TMB2.52_unrelaxed_rank_005_alphafold2_ptm_model_3_seed_000.pdb,31.45
6472,bbarrel/with_template_bb/colab/TMB2.35_unrelaxed_rank_002_alphafold2_ptm_model_1_seed_000.pdb,92.2
6473,bbarrel/with_template_bb/colab/TMB2.48_unrelaxed_rank_003_alphafold2_ptm_model_4_seed_000.pdb,33.68
6474,bbarrel/with_template_bb/colab/TMB2.17_unrelaxed_rank_004_alphafold2_ptm_model_5_seed_000.pdb,32.28
6475,bbarrel/with_template_bb/colab/TMB2.12_unrelaxed_rank_002_alphafold2_ptm_model_1_seed_000.pdb,91.13
6476,bbarrel/with_template_bb/colab/TMB2.2_unrelaxed_rank_005_alphafold2_ptm_model_3_seed_000.pdb,30.69
6477,bbarrel/with_template_bb/colab/TMB2.50_unrelaxed_rank_003_alphafold2_ptm_model_4_seed_000.pdb,35.36
6478,bbarrel/with_template_bb/colab/TMB2.30_unrelaxed_rank_001_alphafold2_ptm_model_1_seed_000.pdb,92.11
6479,bbarrel/with_template_bb/colab/TMB2.30_unrelaxed_rank_003_alphafold2_ptm_model_4_seed_000.pdb,38.69
6480,bbarrel/with_template_bb/colab/TMB2.55_unrelaxed_rank_002_alphafold2_ptm_model_2_seed_000.pdb,90.83
6481,bbarrel/with_template_bb/colab/TMB2.81_unrelaxed_rank_002_alphafold2_ptm_model_1_seed_000.pdb,92.37
6482,bbarrel/with_template_bb/colab/TMB2.15_unrelaxed_rank_002_alphafold2_ptm_model_2_seed_000.pdb,91.07
6483,bbarrel/with_template_bb/colab/TMB2.51_unrelaxed_rank_004_alphafold2_ptm_model_3_seed_000.pdb,30.23
6484,bbarrel/with_template_bb/colab/TMB2.26_unrelaxed_rank_002_alphafold2_ptm_model_1_seed_000.pdb,91.6
6485,bbarrel/with_template_bb/colab/TMB2.6_unrelaxed_rank_001_alphafold2_ptm_model_1_seed_000.pdb,92.43
6486,bbarrel/with_template_bb/colab/TMB2.82_unrelaxed_rank_003_alphafold2_ptm_model_4_seed_000.pdb,85.04
6487,bbarrel/with_template_bb/colab/TMB2.26_unrelaxed_rank_004_alphafold2_ptm_model_4_seed_000.pdb,29.54
6488,bbarrel/with_template_bb/colab/TMB2.49_unrelaxed_rank_005_alphafold2_ptm_model_3_seed_000.pdb,29.75
6489,bbarrel/with_template_bb/colab/TMB2.6_unrelaxed_rank_003_alphafold2_ptm_model_4_seed_000.pdb,40.22
6490,bbarrel/with_template_bb/colab/TMB2.11_unrelaxed_rank_002_alphafold2_ptm_model_1_seed_000.pdb,92.39
6491,bbarrel/with_template_bb/colab/TMB2.32_unrelaxed_rank_001_alphafold2_ptm_model_2_seed_000.pdb,92.18
6492,bbarrel/with_template_bb/colab/TMB2.26_unrelaxed_rank_005_alphafold2_ptm_model_3_seed_000.pdb,29.54
6493,bbarrel/with_template_bb/colab/TMB2.47_unrelaxed_rank_004_alphafold2_ptm_model_5_seed_000.pdb,31.53
6494,bbarrel/with_template_bb/colab/TMB2.45_unrelaxed_rank_003_alphafold2_ptm_model_4_seed_000.pdb,86.55
6495,bbarrel/with_template_bb/colab/TMB2.21_unrelaxed_rank_002_alphafold2_ptm_model_1_seed_000.pdb,93.72
6496,bbarrel/with_template_bb/colab/TMB2.17_unrelaxed_rank_003_alphafold2_ptm_model_4_seed_000.pdb,90.93
6497,bbarrel/with_template_bb/colab/TMB2.14_unrelaxed_rank_005_alphafold2_ptm_model_5_seed_000.pdb,28.91
6498,bbarrel/with_template_bb/colab/TMB2.59_unrelaxed_rank_004_alphafold2_ptm_model_5_seed_000.pdb,43.55
6499,bbarrel/with_template_bb/colab/TMB2.48_unrelaxed_rank_001_alphafold2_ptm_model_1_seed_000.pdb,93.02
6500,bbarrel/with_template_bb/colab/TMB2.76_unrelaxed_rank_002_alphafold2_ptm_model_2_seed_000.pdb,93.43
6501,bbarrel/with_template_bb/colab/TMB2.64_unrelaxed_rank_003_alphafold2_ptm_model_4_seed_000.pdb,56.81
6502,bbarrel/with_template_bb/colab/TMB2.20_unrelaxed_rank_003_alphafold2_ptm_model_4_seed_000.pdb,37.62
6503,bbarrel/with_template_bb/colab/TMB2.9_unrelaxed_rank_005_alphafold2_ptm_model_3_seed_000.pdb,28.21
6504,bbarrel/with_template_bb/colab/TMB2.35_unrelaxed_rank_001_alphafold2_ptm_model_2_seed_000.pdb,92.58
6505,bbarrel/with_template_bb/colab/TMB2.24_unrelaxed_rank_005_alphafold2_ptm_model_5_seed_000.pdb,43.03
6506,bbarrel/with_template_bb/colab/TMB2.62_unrelaxed_rank_001_alphafold2_ptm_model_1_seed_000.pdb,92.94
6507,bbarrel/with_template_bb/colab/TMB2.78_unrelaxed_rank_004_alphafold2_ptm_model_5_seed_000.pdb,31.48
6508,bbarrel/with_template_bb/colab/TMB2.89_unrelaxed_rank_005_alphafold2_ptm_model_3_seed_000.pdb,29.65
6509,bbarrel/with_template_bb/colab/TMB2.57_unrelaxed_rank_004_alphafold2_ptm_model_3_seed_000.pdb,31.08
6510,bbarrel/with_template_bb/colab/TMB2.23_unrelaxed_rank_004_alphafold2_ptm_model_3_seed_000.pdb,28.31
6511,bbarrel/with_template_bb/colab/TMB2.56_unrelaxed_rank_003_alphafold2_ptm_model_4_seed_000.pdb,32.36
6512,bbarrel/with_template_bb/colab/TMB2.56_unrelaxed_rank_001_alphafold2_ptm_model_2_seed_000.pdb,92.99
6513,bbarrel/with_template_bb/colab/TMB2.71_unrelaxed_rank_005_alphafold2_ptm_model_3_seed_000.pdb,30.92
6514,bbarrel/with_template_bb/colab/TMB2.79_unrelaxed_rank_005_alphafold2_ptm_model_3_seed_000.pdb,35.07
6515,bbarrel/with_template_bb/colab/TMB2.84_unrelaxed_rank_005_alphafold2_ptm_model_3_seed_000.pdb,31.6
6516,bbarrel/with_template_bb/colab/TMB2.1_unrelaxed_rank_003_alphafold2_ptm_model_4_seed_000.pdb,31.04
6517,bbarrel/with_template_bb/colab/TMB2.8_unrelaxed_rank_003_alphafold2_ptm_model_3_seed_000.pdb,34.65
6518,bbarrel/with_template_bb/colab/TMB2.83_unrelaxed_rank_005_alphafold2_ptm_model_5_seed_000.pdb,42.12
6519,bbarrel/with_template_bb/colab/TMB2.77_unrelaxed_rank_003_alphafold2_ptm_model_4_seed_000.pdb,78.96
6520,bbarrel/with_template_bb/colab/TMB2.63_unrelaxed_rank_002_alphafold2_ptm_model_1_seed_000.pdb,88.17
6521,bbarrel/with_template_bb/colab/TMB2.7_unrelaxed_rank_001_alphafold2_ptm_model_1_seed_000.pdb,93.72
6522,bbarrel/with_template_bb/colab/TMB2.43_unrelaxed_rank_002_alphafold2_ptm_model_2_seed_000.pdb,93.14
6523,bbarrel/with_template_bb/colab/TMB2.2_unrelaxed_rank_002_alphafold2_ptm_model_2_seed_000.pdb,92.2
6524,bbarrel/with_template_bb/colab/TMB2.38_unrelaxed_rank_002_alphafold2_ptm_model_1_seed_000.pdb,92.01
6525,bbarrel/with_template_bb/colab/TMB2.77_unrelaxed_rank_004_alphafold2_ptm_model_5_seed_000.pdb,33.47
6526,bbarrel/with_template_bb/colab/TMB2.32_unrelaxed_rank_005_alphafold2_ptm_model_3_seed_000.pdb,31.64
6527,bbarrel/with_template_bb/colab/TMB2.86_unrelaxed_rank_005_alphafold2_ptm_model_3_seed_000.pdb,30.61
6528,bbarrel/with_template_bb/colab/TMB2.60_unrelaxed_rank_002_alphafold2_ptm_model_1_seed_000.pdb,93.9
6529,bbarrel/with_template_bb/colab/TMB2.81_unrelaxed_rank_004_alphafold2_ptm_model_5_seed_000.pdb,30.75
6530,bbarrel/with_template_bb/colab/TMB2.68_unrelaxed_rank_005_alphafold2_ptm_model_3_seed_000.pdb,33.21
6531,bbarrel/with_template_bb/colab/TMB2.66_unrelaxed_rank_001_alphafold2_ptm_model_1_seed_000.pdb,93.78
6532,bbarrel/with_template_bb/colab/TMB2.26_unrelaxed_rank_001_alphafold2_ptm_model_2_seed_000.pdb,92.21
6533,bbarrel/with_template_bb/colab/TMB2.45_unrelaxed_rank_001_alphafold2_ptm_model_2_seed_000.pdb,91.91
6534,bbarrel/with_template_bb/colab/TMB2.38_unrelaxed_rank_001_alphafold2_ptm_model_2_seed_000.pdb,92.19
6535,bbarrel/with_template_bb/colab/TMB2.7_unrelaxed_rank_002_alphafold2_ptm_model_2_seed_000.pdb,92.94
6536,bbarrel/with_template_bb/colab/TMB2.8_unrelaxed_rank_002_alphafold2_ptm_model_2_seed_000.pdb,93.69
6537,bbarrel/with_template_bb/colab/TMB2.89_unrelaxed_rank_003_alphafold2_ptm_model_4_seed_000.pdb,38.08
6538,bbarrel/with_template_bb/colab/TMB2.1_unrelaxed_rank_005_alphafold2_ptm_model_5_seed_000.pdb,27.31
6539,bbarrel/with_template_bb/colab/TMB2.64_unrelaxed_rank_005_alphafold2_ptm_model_3_seed_000.pdb,27.94
6540,bbarrel/with_template_bb/colab/TMB2.6_unrelaxed_rank_002_alphafold2_ptm_model_2_seed_000.pdb,92.37
6541,bbarrel/with_template_bb/colab/TMB2.19_unrelaxed_rank_001_alphafold2_ptm_model_2_seed_000.pdb,91.3
6542,bbarrel/with_template_bb/colab/TMB2.37_unrelaxed_rank_002_alphafold2_ptm_model_2_seed_000.pdb,90.94
6543,bbarrel/with_template_bb/colab/TMB2.35_unrelaxed_rank_003_alphafold2_ptm_model_3_seed_000.pdb,37.33
6544,bbarrel/with_template_bb/colab/TMB2.67_unrelaxed_rank_003_alphafold2_ptm_model_4_seed_000.pdb,83.79
6545,bbarrel/with_template_bb/colab/TMB2.78_unrelaxed_rank_003_alphafold2_ptm_model_4_seed_000.pdb,34.27
6546,bbarrel/with_template_bb/colab/TMB2.59_unrelaxed_rank_005_alphafold2_ptm_model_3_seed_000.pdb,40.15
6547,bbarrel/with_template_bb/colab/TMB2.74_unrelaxed_rank_001_alphafold2_ptm_model_2_seed_000.pdb,94.05
6548,bbarrel/with_template_bb/colab/TMB2.55_unrelaxed_rank_003_alphafold2_ptm_model_4_seed_000.pdb,31.4
6549,bbarrel/with_template_bb/colab/TMB2.72_unrelaxed_rank_004_alphafold2_ptm_model_5_seed_000.pdb,30.91
6550,bbarrel/with_template_bb/colab/TMB2.79_unrelaxed_rank_002_alphafold2_ptm_model_1_seed_000.pdb,92.18
6551,bbarrel/with_template_bb/colab/TMB2.8_unrelaxed_rank_005_alphafold2_ptm_model_5_seed_000.pdb,33.06
6552,bbarrel/with_template_bb/colab/TMB2.7_unrelaxed_rank_004_alphafold2_ptm_model_3_seed_000.pdb,29.74
6553,bbarrel/with_template_bb/colab/TMB2.45_unrelaxed_rank_002_alphafold2_ptm_model_1_seed_000.pdb,91.62
6554,bbarrel/with_template_bb/colab/TMB2.69_unrelaxed_rank_002_alphafold2_ptm_model_1_seed_000.pdb,92.01
6555,bbarrel/with_template_bb/colab/TMB2.21_unrelaxed_rank_005_alphafold2_ptm_model_3_seed_000.pdb,28.07
6556,bbarrel/with_template_bb/colab/TMB2.35_unrelaxed_rank_005_alphafold2_ptm_model_5_seed_000.pdb,32.34
6557,bbarrel/with_template_bb/colab/TMB2.85_unrelaxed_rank_001_alphafold2_ptm_model_2_seed_000.pdb,92.71
6558,bbarrel/with_template_bb/colab/TMB2.5_unrelaxed_rank_005_alphafold2_ptm_model_3_seed_000.pdb,31.53
6559,bbarrel/with_template_bb/colab/TMB2.44_unrelaxed_rank_004_alphafold2_ptm_model_5_seed_000.pdb,32.08
6560,bbarrel/with_template_bb/colab/TMB2.76_unrelaxed_rank_003_alphafold2_ptm_model_4_seed_000.pdb,89.54
6561,bbarrel/with_template_bb/colab/TMB2.23_unrelaxed_rank_005_alphafold2_ptm_model_5_seed_000.pdb,26.09
6562,bbarrel/with_template_bb/colab/TMB2.70_unrelaxed_rank_005_alphafold2_ptm_model_3_seed_000.pdb,29.38
6563,bbarrel/with_template_bb/colab/TMB2.83_unrelaxed_rank_003_alphafold2_ptm_model_4_seed_000.pdb,82.39
6564,bbarrel/with_template_bb/colab/TMB2.62_unrelaxed_rank_005_alphafold2_ptm_model_3_seed_000.pdb,28.65
6565,bbarrel/with_template_bb/colab/TMB2.65_unrelaxed_rank_005_alphafold2_ptm_model_5_seed_000.pdb,29.22
6566,bbarrel/with_template_bb/colab/TMB2.75_unrelaxed_rank_005_alphafold2_ptm_model_3_seed_000.pdb,28.83
6567,bbarrel/with_template_bb/colab/TMB2.28_unrelaxed_rank_003_alphafold2_ptm_model_4_seed_000.pdb,73.93
6568,bbarrel/with_template_bb/colab/TMB2.22_unrelaxed_rank_001_alphafold2_ptm_model_2_seed_000.pdb,92.42
6569,bbarrel/with_template_bb/colab/TMB2.39_unrelaxed_rank_005_alphafold2_ptm_model_3_seed_000.pdb,29.59
6570,bbarrel/with_template_bb/colab/TMB2.48_unrelaxed_rank_002_alphafold2_ptm_model_2_seed_000.pdb,92.78
6571,bbarrel/with_template_bb/colab/TMB2.86_unrelaxed_rank_002_alphafold2_ptm_model_1_seed_000.pdb,91.21
6572,bbarrel/with_template_bb/colab/TMB2.8_unrelaxed_rank_004_alphafold2_ptm_model_4_seed_000.pdb,33.76
6573,bbarrel/with_template_bb/colab/TMB2.28_unrelaxed_rank_004_alphafold2_ptm_model_5_seed_000.pdb,33.8
6574,bbarrel/with_template_bb/colab/TMB2.69_unrelaxed_rank_005_alphafold2_ptm_model_3_seed_000.pdb,27.68
6575,bbarrel/with_template_bb/colab/TMB2.72_unrelaxed_rank_005_alphafold2_ptm_model_3_seed_000.pdb,28.35
6576,bbarrel/with_template_bb/colab/TMB2.18_unrelaxed_rank_003_alphafold2_ptm_model_4_seed_000.pdb,51.35
6577,bbarrel/with_template_bb/colab/TMB2.89_unrelaxed_rank_004_alphafold2_ptm_model_5_seed_000.pdb,35.43
6578,bbarrel/with_template_bb/colab/TMB2.20_unrelaxed_rank_001_alphafold2_ptm_model_2_seed_000.pdb,92.68
6579,bbarrel/with_template_bb/colab/TMB2.7_unrelaxed_rank_005_alphafold2_ptm_model_5_seed_000.pdb,29.47
6580,bbarrel/with_template_bb/colab/TMB2.41_unrelaxed_rank_001_alphafold2_ptm_model_2_seed_000.pdb,93.64
6581,bbarrel/with_template_bb/colab/TMB2.45_unrelaxed_rank_004_alphafold2_ptm_model_5_seed_000.pdb,63.83
6582,bbarrel/with_template_bb/colab/TMB2.29_unrelaxed_rank_005_alphafold2_ptm_model_3_seed_000.pdb,31.08
6583,bbarrel/with_template_bb/colab/TMB2.25_unrelaxed_rank_005_alphafold2_ptm_model_5_seed_000.pdb,28.19
6584,bbarrel/with_template_bb/colab/TMB2.17_unrelaxed_rank_001_alphafold2_ptm_model_1_seed_000.pdb,93.42
6585,bbarrel/with_template_bb/colab/TMB2.33_unrelaxed_rank_002_alphafold2_ptm_model_2_seed_000.pdb,91.64
6586,bbarrel/with_template_bb/colab/TMB2.1_unrelaxed_rank_002_alphafold2_ptm_model_2_seed_000.pdb,92.84
6587,bbarrel/with_template_bb/colab/TMB2.1_unrelaxed_rank_004_alphafold2_ptm_model_3_seed_000.pdb,28.58
6588,bbarrel/with_template_bb/colab/TMB2.49_unrelaxed_rank_001_alphafold2_ptm_model_1_seed_000.pdb,92.1
6589,bbarrel/with_template_bb/colab/TMB2.55_unrelaxed_rank_005_alphafold2_ptm_model_5_seed_000.pdb,27.37
6590,bbarrel/with_template_bb/colab/TMB2.23_unrelaxed_rank_002_alphafold2_ptm_model_1_seed_000.pdb,91.94
6591,bbarrel/with_template_bb/colab/TMB2.74_unrelaxed_rank_004_alphafold2_ptm_model_5_seed_000.pdb,37.81
6592,bbarrel/with_template_bb/colab/TMB2.34_unrelaxed_rank_005_alphafold2_ptm_model_3_seed_000.pdb,27.97
6593,bbarrel/with_template_bb/colab/TMB2.79_unrelaxed_rank_004_alphafold2_ptm_model_5_seed_000.pdb,45.62
6594,bbarrel/with_template_bb/colab/TMB2.56_unrelaxed_rank_005_alphafold2_ptm_model_5_seed_000.pdb,26.97
6595,bbarrel/with_template_bb/colab/TMB2.24_unrelaxed_rank_001_alphafold2_ptm_model_1_seed_000.pdb,94.54
6596,bbarrel/with_template_bb/colab/TMB2.4_unrelaxed_rank_003_alphafold2_ptm_model_4_seed_000.pdb,30.45
6597,bbarrel/with_template_bb/colab/TMB2.36_unrelaxed_rank_001_alphafold2_ptm_model_1_seed_000.pdb,93.89
6598,bbarrel/with_template_bb/colab/TMB2.6_unrelaxed_rank_004_alphafold2_ptm_model_5_seed_000.pdb,37.88
6599,bbarrel/with_template_bb/colab/TMB2.45_unrelaxed_rank_005_alphafold2_ptm_model_3_seed_000.pdb,31.92
6600,bbarrel/with_template_bb/colab/TMB2.41_unrelaxed_rank_005_alphafold2_ptm_model_3_seed_000.pdb,33.89
6601,bbarrel/with_template_bb/colab/TMB2.66_unrelaxed_rank_005_alphafold2_ptm_model_3_seed_000.pdb,32.39
6602,bbarrel/with_template_bb/colab/TMB2.79_unrelaxed_rank_003_alphafold2_ptm_model_4_seed_000.pdb,84.42
6603,bbarrel/with_template_bb/colab/TMB2.52_unrelaxed_rank_002_alphafold2_ptm_model_1_seed_000.pdb,92.69
6604,bbarrel/with_template_bb/colab/TMB2.80_unrelaxed_rank_004_alphafold2_ptm_model_5_seed_000.pdb,35.06
6605,bbarrel/with_template_bb/colab/TMB2.8_unrelaxed_rank_001_alphafold2_ptm_model_1_seed_000.pdb,93.99
6606,bbarrel/with_template_bb/colab/TMB2.59_unrelaxed_rank_001_alphafold2_ptm_model_1_seed_000.pdb,92.73
6607,bbarrel/with_template_bb/colab/TMB2.22_unrelaxed_rank_005_alphafold2_ptm_model_3_seed_000.pdb,36.5
6608,bbarrel/with_template_bb/colab/TMB2.24_unrelaxed_rank_004_alphafold2_ptm_model_3_seed_000.pdb,43.19
6609,bbarrel/with_template_bb/colab/TMB2.43_unrelaxed_rank_004_alphafold2_ptm_model_5_seed_000.pdb,35.84
6610,bbarrel/with_template_bb/colab/TMB2.78_unrelaxed_rank_002_alphafold2_ptm_model_1_seed_000.pdb,92.51
6611,bbarrel/with_template_bb/colab/TMB2.36_unrelaxed_rank_005_alphafold2_ptm_model_5_seed_000.pdb,31.62
6612,bbarrel/with_template_bb/colab/TMB2.65_unrelaxed_rank_004_alphafold2_ptm_model_3_seed_000.pdb,31.07
6613,bbarrel/with_template_bb/colab/TMB2.73_unrelaxed_rank_005_alphafold2_ptm_model_3_seed_000.pdb,27.89
6614,bbarrel/with_template_bb/colab/TMB2.47_unrelaxed_rank_003_alphafold2_ptm_model_4_seed_000.pdb,34.32
6615,bbarrel/with_template_bb/colab/TMB2.31_unrelaxed_rank_002_alphafold2_ptm_model_2_seed_000.pdb,92.8
6616,bbarrel/with_template_bb/colab/TMB2.68_unrelaxed_rank_001_alphafold2_ptm_model_2_seed_000.pdb,92.62
6617,bbarrel/with_template_bb/colab/TMB2.55_unrelaxed_rank_004_alphafold2_ptm_model_3_seed_000.pdb,28.39
6618,bbarrel/with_template_bb/colab/TMB2.5_unrelaxed_rank_001_alphafold2_ptm_model_1_seed_000.pdb,93.73
6619,bbarrel/with_template_bb/colab/TMB2.14_unrelaxed_rank_004_alphafold2_ptm_model_3_seed_000.pdb,32.62
6620,bbarrel/with_template_bb/colab/TMB2.68_unrelaxed_rank_004_alphafold2_ptm_model_5_seed_000.pdb,38.19
6621,bbarrel/with_template_bb/colab/TMB2.63_unrelaxed_rank_004_alphafold2_ptm_model_4_seed_000.pdb,66.15
6622,bbarrel/with_template_bb/colab/TMB2.85_unrelaxed_rank_005_alphafold2_ptm_model_3_seed_000.pdb,27.46
6623,bbarrel/with_template_bb/colab/TMB2.88_unrelaxed_rank_005_alphafold2_ptm_model_5_seed_000.pdb,35.12
6624,bbarrel/with_template_bb/colab/TMB2.38_unrelaxed_rank_003_alphafold2_ptm_model_4_seed_000.pdb,30.79
6625,bbarrel/with_template_bb/colab/TMB2.51_unrelaxed_rank_003_alphafold2_ptm_model_4_seed_000.pdb,71.81
6626,bbarrel/with_template_bb/colab/TMB2.75_unrelaxed_rank_003_alphafold2_ptm_model_4_seed_000.pdb,85.22
6627,bbarrel/with_template_bb/colab/TMB2.76_unrelaxed_rank_001_alphafold2_ptm_model_1_seed_000.pdb,94.19
6628,bbarrel/with_template_bb/colab/TMB2.62_unrelaxed_rank_004_alphafold2_ptm_model_5_seed_000.pdb,29.11
6629,bbarrel/with_template_bb/colab/TMB2.89_unrelaxed_rank_001_alphafold2_ptm_model_1_seed_000.pdb,91.36
6630,bbarrel/with_template_bb/colab/TMB2.42_unrelaxed_rank_004_alphafold2_ptm_model_5_seed_000.pdb,31.92
6631,bbarrel/with_template_bb/colab/TMB2.3_unrelaxed_rank_005_alphafold2_ptm_model_3_seed_000.pdb,30.9
6632,bbarrel/with_template_bb/colab/TMB2.29_unrelaxed_rank_004_alphafold2_ptm_model_5_seed_000.pdb,31.81
6633,bbarrel/with_template_bb/colab/TMB2.52_unrelaxed_rank_001_alphafold2_ptm_model_2_seed_000.pdb,93.25
6634,bbarrel/with_template_bb/colab/TMB2.33_unrelaxed_rank_003_alphafold2_ptm_model_4_seed_000.pdb,33.38
6635,bbarrel/with_template_bb/colab/TMB2.51_unrelaxed_rank_005_alphafold2_ptm_model_5_seed_000.pdb,29.58
6636,bbarrel/with_template_bb/colab/TMB2.9_unrelaxed_rank_001_alphafold2_ptm_model_1_seed_000.pdb,89.85
6637,bbarrel/with_template_bb/colab/TMB2.50_unrelaxed_rank_001_alphafold2_ptm_model_2_seed_000.pdb,94.06
6638,bbarrel/with_template_bb/colab/TMB2.77_unrelaxed_rank_002_alphafold2_ptm_model_1_seed_000.pdb,92.9
6639,bbarrel/with_template_bb/colab/TMB2.62_unrelaxed_rank_003_alphafold2_ptm_model_4_seed_000.pdb,78.76
6640,bbarrel/with_template_bb/colab/TMB2.36_unrelaxed_rank_002_alphafold2_ptm_model_2_seed_000.pdb,93.77
6641,bbarrel/with_template_bb/colab/TMB2.29_unrelaxed_rank_001_alphafold2_ptm_model_2_seed_000.pdb,93.13
6642,bbarrel/with_template_bb/colab/TMB2.11_unrelaxed_rank_005_alphafold2_ptm_model_5_seed_000.pdb,33.38
6643,bbarrel/with_template_bb/colab/TMB2.56_unrelaxed_rank_004_alphafold2_ptm_model_3_seed_000.pdb,31.27
6644,bbarrel/with_template_bb/colab/TMB2.59_unrelaxed_rank_002_alphafold2_ptm_model_2_seed_000.pdb,92.69
6645,bbarrel/with_template_bb/colab/TMB2.58_unrelaxed_rank_005_alphafold2_ptm_model_3_seed_000.pdb,30.33
6646,bbarrel/with_template_bb/colab/TMB2.3_unrelaxed_rank_003_alphafold2_ptm_model_5_seed_000.pdb,44.69
6647,bbarrel/with_template_bb/colab/TMB2.57_unrelaxed_rank_002_alphafold2_ptm_model_2_seed_000.pdb,93.82
6648,bbarrel/with_template_bb/colab/TMB2.44_unrelaxed_rank_001_alphafold2_ptm_model_1_seed_000.pdb,93.56
6649,bbarrel/with_template_bb/colab/TMB2.65_unrelaxed_rank_001_alphafold2_ptm_model_2_seed_000.pdb,92.93
6650,bbarrel/with_template_bb/colab/TMB2.75_unrelaxed_rank_001_alphafold2_ptm_model_1_seed_000.pdb,93.54
6651,bbarrel/with_template_bb/colab/TMB2.57_unrelaxed_rank_003_alphafold2_ptm_model_4_seed_000.pdb,60.88
6652,bbarrel/with_template_bb/colab/TMB2.57_unrelaxed_rank_005_alphafold2_ptm_model_5_seed_000.pdb,28.18
6653,bbarrel/with_template_bb/colab/TMB2.14_unrelaxed_rank_003_alphafold2_ptm_model_4_seed_000.pdb,58.01
6654,bbarrel/with_template_bb/colab/TMB2.37_unrelaxed_rank_004_alphafold2_ptm_model_5_seed_000.pdb,53.38
6655,bbarrel/with_template_bb/colab/TMB2.34_unrelaxed_rank_001_alphafold2_ptm_model_1_seed_000.pdb,93.49
6656,bbarrel/with_template_bb/colab/TMB2.44_unrelaxed_rank_002_alphafold2_ptm_model_2_seed_000.pdb,93.48
6657,bbarrel/with_template_bb/colab/TMB2.21_unrelaxed_rank_004_alphafold2_ptm_model_4_seed_000.pdb,41.17
6658,bbarrel/with_template_bb/colab/TMB2.15_unrelaxed_rank_001_alphafold2_ptm_model_1_seed_000.pdb,91.48
6659,bbarrel/with_template_bb/colab/TMB2.48_unrelaxed_rank_004_alphafold2_ptm_model_5_seed_000.pdb,29.49
6660,bbarrel/with_template_bb/colab/TMB2.38_unrelaxed_rank_005_alphafold2_ptm_model_3_seed_000.pdb,28.96
6661,bbarrel/with_template_bb/colab/TMB2.59_unrelaxed_rank_003_alphafold2_ptm_model_4_seed_000.pdb,84.92
6662,bbarrel/with_template_bb/colab/TMB2.85_unrelaxed_rank_002_alphafold2_ptm_model_1_seed_000.pdb,92.66
6663,bbarrel/with_template_bb/colab/TMB2.70_unrelaxed_rank_004_alphafold2_ptm_model_5_seed_000.pdb,44.32
6664,bbarrel/with_template_bb/colab/TMB2.75_unrelaxed_rank_004_alphafold2_ptm_model_5_seed_000.pdb,47.09
6665,bbarrel/with_template_bb/colab/TMB2.54_unrelaxed_rank_004_alphafold2_ptm_model_5_seed_000.pdb,34.59
6666,bbarrel/with_template_bb/colab/TMB2.81_unrelaxed_rank_005_alphafold2_ptm_model_3_seed_000.pdb,28.17
6667,bbarrel/with_template_bb/colab/TMB2.2_unrelaxed_rank_004_alphafold2_ptm_model_5_seed_000.pdb,34.54
6668,bbarrel/with_template_bb/colab/TMB2.19_unrelaxed_rank_003_alphafold2_ptm_model_4_seed_000.pdb,79.26
6669,bbarrel/with_template_bb/colab/TMB2.32_unrelaxed_rank_003_alphafold2_ptm_model_4_seed_000.pdb,67.33
6670,bbarrel/with_template_bb/colab/TMB2.4_unrelaxed_rank_002_alphafold2_ptm_model_2_seed_000.pdb,92.73
6671,bbarrel/with_template_bb/colab/TMB2.57_unrelaxed_rank_001_alphafold2_ptm_model_1_seed_000.pdb,94.11
6672,bbarrel/with_template_bb/colab/TMB2.70_unrelaxed_rank_002_alphafold2_ptm_model_1_seed_000.pdb,91.33
6673,bbarrel/with_template_bb/colab/TMB2.11_unrelaxed_rank_004_alphafold2_ptm_model_3_seed_000.pdb,33.54
6674,bbarrel/with_template_bb/colab/TMB2.88_unrelaxed_rank_004_alphafold2_ptm_model_3_seed_000.pdb,37.13
6675,bbarrel/with_template_bb/colab/TMB2.87_unrelaxed_rank_003_alphafold2_ptm_model_4_seed_000.pdb,41.65
6676,bbarrel/with_template_bb/colab/TMB2.30_unrelaxed_rank_005_alphafold2_ptm_model_3_seed_000.pdb,29.47
6677,bbarrel/with_template_bb/colab/TMB2.88_unrelaxed_rank_003_alphafold2_ptm_model_4_seed_000.pdb,84.51
6678,bbarrel/with_template_bb/colab/TMB2.80_unrelaxed_rank_002_alphafold2_ptm_model_1_seed_000.pdb,91.54
6679,bbarrel/with_template_bb/colab/TMB2.81_unrelaxed_rank_003_alphafold2_ptm_model_4_seed_000.pdb,77.06
6680,bbarrel/with_template_bb/colab/TMB2.34_unrelaxed_rank_002_alphafold2_ptm_model_2_seed_000.pdb,93.3
6681,bbarrel/with_template_bb/colab/TMB2.64_unrelaxed_rank_002_alphafold2_ptm_model_1_seed_000.pdb,94.01
6682,bbarrel/with_template_bb/colab/TMB2.49_unrelaxed_rank_002_alphafold2_ptm_model_2_seed_000.pdb,91.85
6683,bbarrel/with_template_bb/colab/TMB2.52_unrelaxed_rank_004_alphafold2_ptm_model_5_seed_000.pdb,47.32
6684,bbarrel/with_template_bb/colab/TMB2.63_unrelaxed_rank_001_alphafold2_ptm_model_2_seed_000.pdb,90.5
6685,bbarrel/with_template_bb/colab/TMB2.39_unrelaxed_rank_003_alphafold2_ptm_model_4_seed_000.pdb,33.48
6686,bbarrel/with_template_bb/colab/TMB2.19_unrelaxed_rank_002_alphafold2_ptm_model_1_seed_000.pdb,91.34
6687,bbarrel/with_template_bb/colab/TMB2.54_unrelaxed_rank_001_alphafold2_ptm_model_1_seed_000.pdb,93.53
6688,bbarrel/with_template_bb/colab/TMB2.5_unrelaxed_rank_003_alphafold2_ptm_model_4_seed_000.pdb,81.9
6689,bbarrel/with_template_bb/colab/TMB2.18_unrelaxed_rank_005_alphafold2_ptm_model_3_seed_000.pdb,32.98
6690,bbarrel/with_template_bb/colab/TMB2.62_unrelaxed_rank_002_alphafold2_ptm_model_2_seed_000.pdb,92.88
6691,bbarrel/with_template_bb/colab/TMB2.87_unrelaxed_rank_002_alphafold2_ptm_model_2_seed_000.pdb,91.61
6692,bbarrel/with_template_bb/colab/TMB2.19_unrelaxed_rank_005_alphafold2_ptm_model_3_seed_000.pdb,30.5
6693,bbarrel/with_template_bb/colab/TMB2.42_unrelaxed_rank_002_alphafold2_ptm_model_2_seed_000.pdb,92.98
6694,bbarrel/with_template_bb/colab/TMB2.35_unrelaxed_rank_004_alphafold2_ptm_model_4_seed_000.pdb,34.77
6695,bbarrel/with_template_bb/colab/TMB2.25_unrelaxed_rank_001_alphafold2_ptm_model_2_seed_000.pdb,93.43
6696,bbarrel/with_template_bb/colab/TMB2.73_unrelaxed_rank_002_alphafold2_ptm_model_1_seed_000.pdb,93.7
6697,bbarrel/with_template_bb/colab/TMB2.63_unrelaxed_rank_003_alphafold2_ptm_model_5_seed_000.pdb,75.07
6698,bbarrel/with_template_bb/colab/TMB2.32_unrelaxed_rank_002_alphafold2_ptm_model_1_seed_000.pdb,91.42
6699,bbarrel/with_template_bb/colab/TMB2.87_unrelaxed_rank_005_alphafold2_ptm_model_3_seed_000.pdb,29.31
6700,bbarrel/with_template_bb/colab/TMB2.30_unrelaxed_rank_004_alphafold2_ptm_model_5_seed_000.pdb,31.69
6701,bbarrel/with_template_bb/colab/TMB2.42_unrelaxed_rank_005_alphafold2_ptm_model_3_seed_000.pdb,28.9
6702,bbarrel/with_template_bb/colab/TMB2.82_unrelaxed_rank_004_alphafold2_ptm_model_3_seed_000.pdb,30.44
6703,bbarrel/with_template_bb/colab/TMB2.19_unrelaxed_rank_004_alphafold2_ptm_model_5_seed_000.pdb,47.9
6704,bbarrel/with_template_bb/colab/TMB2.54_unrelaxed_rank_002_alphafold2_ptm_model_2_seed_000.pdb,92.93
6705,bbarrel/with_template_bb/colab/TMB2.28_unrelaxed_rank_001_alphafold2_ptm_model_1_seed_000.pdb,94.33
6706,bbarrel/with_template_bb/colab/TMB2.84_unrelaxed_rank_002_alphafold2_ptm_model_2_seed_000.pdb,92.42
6707,bbarrel/with_template_bb/colab/TMB2.30_unrelaxed_rank_002_alphafold2_ptm_model_2_seed_000.pdb,91.77
6708,bbarrel/with_template_bb/colab/TMB2.85_unrelaxed_rank_004_alphafold2_ptm_model_5_seed_000.pdb,37.73
6709,bbarrel/with_template_bb/colab/TMB2.51_unrelaxed_rank_002_alphafold2_ptm_model_1_seed_000.pdb,94.09
6710,bbarrel/with_template_bb/colab/TMB2.68_unrelaxed_rank_003_alphafold2_ptm_model_4_seed_000.pdb,80.2
6711,bbarrel/with_template_bb/colab/TMB2.20_unrelaxed_rank_004_alphafold2_ptm_model_5_seed_000.pdb,36.8
6712,bbarrel/with_template_bb/colab/TMB2.27_unrelaxed_rank_001_alphafold2_ptm_model_1_seed_000.pdb,94.19
6713,bbarrel/with_template_bb/colab/TMB2.58_unrelaxed_rank_004_alphafold2_ptm_model_5_seed_000.pdb,37.95
6714,bbarrel/with_template_bb/colab/TMB2.86_unrelaxed_rank_001_alphafold2_ptm_model_2_seed_000.pdb,91.24
6715,bbarrel/with_template_bb/colab/TMB2.65_unrelaxed_rank_002_alphafold2_ptm_model_1_seed_000.pdb,92.94
6716,bbarrel/with_template_bb/colab/TMB2.32_unrelaxed_rank_004_alphafold2_ptm_model_5_seed_000.pdb,59.23
6717,bbarrel/with_template_bb/colab/TMB2.69_unrelaxed_rank_001_alphafold2_ptm_model_2_seed_000.pdb,92.64
6718,bbarrel/with_template_bb/colab/TMB2.83_unrelaxed_rank_004_alphafold2_ptm_model_3_seed_000.pdb,42.66
6719,bbarrel/with_template_bb/colab/TMB2.44_unrelaxed_rank_005_alphafold2_ptm_model_3_seed_000.pdb,29.43
6720,bbarrel/with_template_bb/colab/TMB2.72_unrelaxed_rank_003_alphafold2_ptm_model_4_seed_000.pdb,69.26
6721,bbarrel/with_template_bb/colab/TMB2.60_unrelaxed_rank_004_alphafold2_ptm_model_5_seed_000.pdb,69.5
6722,bbarrel/with_template_bb/colab/TMB2.4_unrelaxed_rank_005_alphafold2_ptm_model_5_seed_000.pdb,28.66
6723,bbarrel/with_template_bb/colab/TMB2.58_unrelaxed_rank_002_alphafold2_ptm_model_2_seed_000.pdb,92.84
6724,bbarrel/with_template_bb/colab/TMB2.56_unrelaxed_rank_002_alphafold2_ptm_model_1_seed_000.pdb,92.88
6725,bbarrel/with_template_bb/colab/TMB2.78_unrelaxed_rank_001_alphafold2_ptm_model_2_seed_000.pdb,92.48
6726,bbarrel/with_template_bb/colab/TMB2.50_unrelaxed_rank_004_alphafold2_ptm_model_5_seed_000.pdb,32.32
6727,bbarrel/with_template_bb/colab/TMB2.47_unrelaxed_rank_002_alphafold2_ptm_model_2_seed_000.pdb,91.48
6728,bbarrel/with_template_bb/colab/TMB2.55_unrelaxed_rank_001_alphafold2_ptm_model_1_seed_000.pdb,91.39
6729,bbarrel/with_template_bb/colab/TMB2.64_unrelaxed_rank_001_alphafold2_ptm_model_2_seed_000.pdb,94.44
6730,bbarrel/with_template_bb/colab/TMB2.73_unrelaxed_rank_004_alphafold2_ptm_model_4_seed_000.pdb,31.0
6731,bbarrel/with_template_bb/colab/TMB2.41_unrelaxed_rank_002_alphafold2_ptm_model_1_seed_000.pdb,93.49
6732,bbarrel/with_template_bb/colab/TMB2.78_unrelaxed_rank_005_alphafold2_ptm_model_3_seed_000.pdb,28.72
6733,bbarrel/with_template_bb/colab/TMB2.88_unrelaxed_rank_001_alphafold2_ptm_model_1_seed_000.pdb,92.64
6734,bbarrel/with_template_bb/colab/TMB2.37_unrelaxed_rank_005_alphafold2_ptm_model_3_seed_000.pdb,34.83
6735,bbarrel/with_template_bb/colab/TMB2.33_unrelaxed_rank_005_alphafold2_ptm_model_5_seed_000.pdb,28.26
6736,bbarrel/with_template_bb/colab/TMB2.24_unrelaxed_rank_003_alphafold2_ptm_model_4_seed_000.pdb,77.14
6737,bbarrel/with_template_bb/colab/TMB2.71_unrelaxed_rank_002_alphafold2_ptm_model_1_seed_000.pdb,92.04
6738,bbarrel/with_template_bb/colab/TMB2.1_unrelaxed_rank_001_alphafold2_ptm_model_1_seed_000.pdb,93.44
6739,bbarrel/with_template_bb/colab/TMB2.87_unrelaxed_rank_001_alphafold2_ptm_model_1_seed_000.pdb,92.13
6740,bbarrel/with_template_bb/colab/TMB2.83_unrelaxed_rank_002_alphafold2_ptm_model_1_seed_000.pdb,92.69
6741,bbarrel/with_template_bb/colab/TMB2.43_unrelaxed_rank_005_alphafold2_ptm_model_3_seed_000.pdb,32.76
6742,bbarrel/with_template_bb/colab/TMB2.11_unrelaxed_rank_001_alphafold2_ptm_model_2_seed_000.pdb,93.15
6743,bbarrel/with_template_bb/colab/TMB2.67_unrelaxed_rank_005_alphafold2_ptm_model_5_seed_000.pdb,34.48
6744,bbarrel/with_template_bb/colab/TMB2.64_unrelaxed_rank_004_alphafold2_ptm_model_5_seed_000.pdb,30.53
6745,bbarrel/with_template_bb/colab/TMB2.14_unrelaxed_rank_002_alphafold2_ptm_model_1_seed_000.pdb,94.93
6746,bbarrel/with_template_bb/colab/TMB2.31_unrelaxed_rank_004_alphafold2_ptm_model_5_seed_000.pdb,61.57
6747,bbarrel/with_template_bb/colab/TMB2.66_unrelaxed_rank_002_alphafold2_ptm_model_2_seed_000.pdb,93.41
6748,bbarrel/with_template_bb/colab/TMB2.34_unrelaxed_rank_004_alphafold2_ptm_model_5_seed_000.pdb,32.72
6749,bbarrel/with_template_bb/colab/TMB2.66_unrelaxed_rank_003_alphafold2_ptm_model_4_seed_000.pdb,63.3
6750,bbarrel/with_template_bb/colab/TMB2.27_unrelaxed_rank_004_alphafold2_ptm_model_5_seed_000.pdb,31.44
6751,bbarrel/with_template_bb/colab/TMB2.7_unrelaxed_rank_003_alphafold2_ptm_model_4_seed_000.pdb,32.77
6752,bbarrel/with_template_bb/colab/TMB2.25_unrelaxed_rank_003_alphafold2_ptm_model_4_seed_000.pdb,42.81
6753,bbarrel/with_template_bb/colab/TMB2.21_unrelaxed_rank_003_alphafold2_ptm_model_5_seed_000.pdb,45.35
6754,bbarrel/with_template_bb/colab/TMB2.84_unrelaxed_rank_001_alphafold2_ptm_model_1_seed_000.pdb,92.71
6755,bbarrel/with_template_bb/colab/TMB2.68_unrelaxed_rank_002_alphafold2_ptm_model_1_seed_000.pdb,92.19
6756,bbarrel/with_template_bb/colab/TMB2.58_unrelaxed_rank_003_alphafold2_ptm_model_4_seed_000.pdb,79.41
6757,bbarrel/with_template_bb/colab/TMB2.3_unrelaxed_rank_002_alphafold2_ptm_model_1_seed_000.pdb,92.83
6758,bbarrel/with_template_bb/colab/TMB2.33_unrelaxed_rank_004_alphafold2_ptm_model_3_seed_000.pdb,31.63
6759,bbarrel/with_template_bb/colab/TMB2.60_unrelaxed_rank_005_alphafold2_ptm_model_3_seed_000.pdb,31.0
6760,bbarrel/with_template_bb/colab/TMB2.33_unrelaxed_rank_001_alphafold2_ptm_model_1_seed_000.pdb,92.1
6761,bbarrel/with_template_bb/colab/TMB2.4_unrelaxed_rank_001_alphafold2_ptm_model_1_seed_000.pdb,93.06
6762,bbarrel/with_template_bb/colab/TMB2.22_unrelaxed_rank_003_alphafold2_ptm_model_4_seed_000.pdb,84.44
6763,bbarrel/with_template_bb/colab/TMB2.79_unrelaxed_rank_001_alphafold2_ptm_model_2_seed_000.pdb,92.21
6764,bbarrel/with_template_bb/colab/TMB2.50_unrelaxed_rank_002_alphafold2_ptm_model_1_seed_000.pdb,93.83
6765,bbarrel/with_template_bb/colab/TMB2.67_unrelaxed_rank_001_alphafold2_ptm_model_1_seed_000.pdb,92.42
6766,bbarrel/with_template_bb/colab/TMB2.77_unrelaxed_rank_001_alphafold2_ptm_model_2_seed_000.pdb,93.74
6767,bbarrel/with_template_bb/colab/TMB2.67_unrelaxed_rank_002_alphafold2_ptm_model_2_seed_000.pdb,91.56
6768,bbarrel/with_template_bb/colab/TMB2.12_unrelaxed_rank_001_alphafold2_ptm_model_2_seed_000.pdb,92.04
6769,bbarrel/with_template_bb/colab/TMB2.72_unrelaxed_rank_001_alphafold2_ptm_model_1_seed_000.pdb,93.82
6770,bbarrel/with_template_bb/colab/TMB2.49_unrelaxed_rank_003_alphafold2_ptm_model_4_seed_000.pdb,33.93
6771,bbarrel/with_template_bb/colab/TMB2.60_unrelaxed_rank_003_alphafold2_ptm_model_4_seed_000.pdb,84.07
6772,bbarrel/with_template_bb/colab/TMB2.88_unrelaxed_rank_002_alphafold2_ptm_model_2_seed_000.pdb,92.07
6773,bbarrel/with_template_bb/colab/TMB2.80_unrelaxed_rank_001_alphafold2_ptm_model_2_seed_000.pdb,91.76
6774,bbarrel/with_template_bb/colab/TMB2.25_unrelaxed_rank_002_alphafold2_ptm_model_1_seed_000.pdb,93.42
6775,bbarrel/with_template_bb/colab/TMB2.6_unrelaxed_rank_005_alphafold2_ptm_model_3_seed_000.pdb,28.81
6776,bbarrel/with_template_bb/colab/TMB2.9_unrelaxed_rank_002_alphafold2_ptm_model_2_seed_000.pdb,89.78
6777,bbarrel/with_template_bb/colab/TMB2.76_unrelaxed_rank_005_alphafold2_ptm_model_3_seed_000.pdb,30.66
6778,bbarrel/with_template_bb/colab/TMB2.71_unrelaxed_rank_004_alphafold2_ptm_model_4_seed_000.pdb,35.49
6779,bbarrel/with_template_bb/colab/TMB2.39_unrelaxed_rank_002_alphafold2_ptm_model_1_seed_000.pdb,91.42
6780,bbarrel/with_template_bb/colab/TMB2.14_unrelaxed_rank_001_alphafold2_ptm_model_2_seed_000.pdb,95.07
6781,bbarrel/with_template_bb/colab/TMB2.27_unrelaxed_rank_005_alphafold2_ptm_model_3_seed_000.pdb,28.62
6782,bbarrel/with_template_bb/colab/TMB2.42_unrelaxed_rank_003_alphafold2_ptm_model_4_seed_000.pdb,66.75
6783,bbarrel/with_template_bb/colab/TMB2.27_unrelaxed_rank_003_alphafold2_ptm_model_4_seed_000.pdb,36.94
6784,bbarrel/with_template_bb/colab/TMB2.58_unrelaxed_rank_001_alphafold2_ptm_model_1_seed_000.pdb,93.18
6785,bbarrel/with_template_bb/colab/TMB2.5_unrelaxed_rank_002_alphafold2_ptm_model_2_seed_000.pdb,93.57
6786,bbarrel/with_template_bb/colab/TMB2.37_unrelaxed_rank_001_alphafold2_ptm_model_1_seed_000.pdb,91.31
6787,bbarrel/with_template_bb/colab/TMB2.50_unrelaxed_rank_005_alphafold2_ptm_model_3_seed_000.pdb,29.81
6788,bbarrel/with_template_bb/colab/TMB2.82_unrelaxed_rank_001_alphafold2_ptm_model_2_seed_000.pdb,92.29
6789,bbarrel/with_template_bb/colab/TMB2.73_unrelaxed_rank_001_alphafold2_ptm_model_2_seed_000.pdb,94.08
6790,bbarrel/with_template_bb/colab/TMB2.27_unrelaxed_rank_002_alphafold2_ptm_model_2_seed_000.pdb,93.36
6791,bbarrel/with_template_bb/colab/TMB2.43_unrelaxed_rank_001_alphafold2_ptm_model_1_seed_000.pdb,93.5
6792,bbarrel/with_template_bb/colab/TMB2.41_unrelaxed_rank_004_alphafold2_ptm_model_5_seed_000.pdb,48.3
6793,bbarrel/with_template_bb/colab/TMB2.70_unrelaxed_rank_001_alphafold2_ptm_model_2_seed_000.pdb,91.49
6794,bbarrel/with_template_bb/colab/TMB2.54_unrelaxed_rank_005_alphafold2_ptm_model_3_seed_000.pdb,33.85
6795,bbarrel/with_template_bb/colab/TMB2.42_unrelaxed_rank_001_alphafold2_ptm_model_1_seed_000.pdb,93.54
6796,bbarrel/with_template_bb/colab/TMB2.74_unrelaxed_rank_003_alphafold2_ptm_model_4_seed_000.pdb,81.35
6797,bbarrel/with_template_bb/colab/TMB2.17_unrelaxed_rank_002_alphafold2_ptm_model_2_seed_000.pdb,93.2
6798,bbarrel/with_template_bb/colab/TMB2.41_unrelaxed_rank_003_alphafold2_ptm_model_4_seed_000.pdb,84.03
6799,bbarrel/with_template_bb/colab/TMB2.63_unrelaxed_rank_005_alphafold2_ptm_model_3_seed_000.pdb,31.67
6800,bbarrel/with_template_bb/colab/TMB2.15_unrelaxed_rank_005_alphafold2_ptm_model_3_seed_000.pdb,27.75
6801,bbarrel/with_template_bb/colab/TMB2.18_unrelaxed_rank_004_alphafold2_ptm_model_5_seed_000.pdb,39.77
6802,bbarrel/with_template_bb/colab/TMB2.36_unrelaxed_rank_003_alphafold2_ptm_model_4_seed_000.pdb,66.25
6803,bbarrel/with_template_bb/colab/TMB2.69_unrelaxed_rank_004_alphafold2_ptm_model_5_seed_000.pdb,33.06
6804,bbarrel/with_template_bb/colab/TMB2.84_unrelaxed_rank_003_alphafold2_ptm_model_4_seed_000.pdb,59.99
6805,bbarrel/with_template_bb/colab/TMB2.75_unrelaxed_rank_002_alphafold2_ptm_model_2_seed_000.pdb,91.64
6806,bbarrel/with_template_bb/colab/TMB2.89_unrelaxed_rank_002_alphafold2_ptm_model_2_seed_000.pdb,89.97
6807,bbarrel/with_template_bb/colab/TMB2.22_unrelaxed_rank_004_alphafold2_ptm_model_5_seed_000.pdb,58.52
6808,bbarrel/with_template_bb/colab/TMB2.28_unrelaxed_rank_005_alphafold2_ptm_model_3_seed_000.pdb,33.72
6809,bbarrel/with_template_bb/colab/TMB2.82_unrelaxed_rank_002_alphafold2_ptm_model_1_seed_000.pdb,92.18
6810,bbarrel/with_template_bb/colab/TMB2.77_unrelaxed_rank_005_alphafold2_ptm_model_3_seed_000.pdb,30.44
6811,bbarrel/with_template_bb/colab/TMB2.21_unrelaxed_rank_001_alphafold2_ptm_model_2_seed_000.pdb,93.8
6812,bbarrel/with_template_bb/colab/TMB2.82_unrelaxed_rank_005_alphafold2_ptm_model_5_seed_000.pdb,30.01
6813,bbarrel/with_template_bb/colab/TMB2.31_unrelaxed_rank_001_alphafold2_ptm_model_1_seed_000.pdb,93.18
6814,bbarrel/with_template_bb/colab/TMB2.38_unrelaxed_rank_004_alphafold2_ptm_model_5_seed_000.pdb,29.25
6815,bbarrel/with_template_bb/colab/TMB2.49_unrelaxed_rank_004_alphafold2_ptm_model_5_seed_000.pdb,31.71
6816,bbarrel/with_template_bb/colab/TMB2.17_unrelaxed_rank_005_alphafold2_ptm_model_3_seed_000.pdb,30.79
6817,bbarrel/with_template_bb/colab/TMB2.71_unrelaxed_rank_001_alphafold2_ptm_model_2_seed_000.pdb,92.63
6818,bbarrel/with_template_bb/colab/TMB2.15_unrelaxed_rank_004_alphafold2_ptm_model_5_seed_000.pdb,32.23
6819,bbarrel/with_template_bb/colab/TMB2.12_unrelaxed_rank_004_alphafold2_ptm_model_5_seed_000.pdb,32.44
6820,bbarrel/with_template_bb/colab/TMB2.2_unrelaxed_rank_001_alphafold2_ptm_model_1_seed_000.pdb,92.8
6821,bbarrel/with_template_bb/colab/TMB2.51_unrelaxed_rank_001_alphafold2_ptm_model_2_seed_000.pdb,94.8
6822,bbarrel/with_template_bb/colab/TMB2.3_unrelaxed_rank_004_alphafold2_ptm_model_4_seed_000.pdb,34.78
6823,bbarrel/with_template_bb/colab/TMB2.54_unrelaxed_rank_003_alphafold2_ptm_model_4_seed_000.pdb,41.2
6824,bbarrel/with_template_bb/colab/TMB2.67_unrelaxed_rank_004_alphafold2_ptm_model_3_seed_000.pdb,34.95
6825,bbarrel/with_template_bb/colab/TMB2.37_unrelaxed_rank_003_alphafold2_ptm_model_4_seed_000.pdb,62.02
6826,bbarrel/with_template_bb/colab/TMB2.4_unrelaxed_rank_004_alphafold2_ptm_model_3_seed_000.pdb,29.94
6827,bbarrel/with_template_bb/colab/TMB2.29_unrelaxed_rank_002_alphafold2_ptm_model_1_seed_000.pdb,92.07
6828,bbarrel/with_template_bb/colab/TMB2.43_unrelaxed_rank_003_alphafold2_ptm_model_4_seed_000.pdb,86.3
6829,bbarrel/with_template_bb/colab/TMB2.76_unrelaxed_rank_004_alphafold2_ptm_model_5_seed_000.pdb,33.44
6830,bbarrel/with_template_bb/colab/TMB2.20_unrelaxed_rank_005_alphafold2_ptm_model_3_seed_000.pdb,28.69
6831,bbarrel/with_template_bb/colab/TMB2.12_unrelaxed_rank_003_alphafold2_ptm_model_4_seed_000.pdb,32.95
6832,bbarrel/with_template_bb/colab/TMB2.28_unrelaxed_rank_002_alphafold2_ptm_model_2_seed_000.pdb,94.14
6833,bbarrel/with_template_bb/colab/TMB2.18_unrelaxed_rank_001_alphafold2_ptm_model_1_seed_000.pdb,95.49
6834,bbarrel/with_template_bb/colab/TMB2.72_unrelaxed_rank_002_alphafold2_ptm_model_2_seed_000.pdb,93.7
6835,bbarrel/with_template_bb/colab/TMB2.86_unrelaxed_rank_004_alphafold2_ptm_model_5_seed_000.pdb,32.45
6836,bbarrel/with_template_bb/colab/TMB2.31_unrelaxed_rank_005_alphafold2_ptm_model_3_seed_000.pdb,32.64
6837,bbarrel/with_template_bb/colab/TMB2.81_unrelaxed_rank_001_alphafold2_ptm_model_2_seed_000.pdb,92.41
6838,bbarrel/with_template_bb/colab/TMB2.71_unrelaxed_rank_003_alphafold2_ptm_model_5_seed_000.pdb,36.63
6839,bbarrel/with_template_bb/colab/TMB2.23_unrelaxed_rank_001_alphafold2_ptm_model_2_seed_000.pdb,92.32
6840,bbarrel/with_template_bb/colab/TMB2.5_unrelaxed_rank_004_alphafold2_ptm_model_5_seed_000.pdb,37.09
6841,bbarrel/with_template_bb/colab/TMB2.2_unrelaxed_rank_003_alphafold2_ptm_model_4_seed_000.pdb,66.67
6842,bbarrel/with_template_bb/colab/TMB2.34_unrelaxed_rank_003_alphafold2_ptm_model_4_seed_000.pdb,71.1
6843,bbarrel/with_template_bb/colab/TMB2.39_unrelaxed_rank_001_alphafold2_ptm_model_2_seed_000.pdb,92.27
6844,bbarrel/with_template_bb/colab/TMB2.15_unrelaxed_rank_003_alphafold2_ptm_model_4_seed_000.pdb,33.65
6845,bbarrel/with_template_bb/colab/TMB2.20_unrelaxed_rank_002_alphafold2_ptm_model_1_seed_000.pdb,92.66
6846,bbarrel/with_template_bb/colab/TMB2.66_unrelaxed_rank_004_alphafold2_ptm_model_5_seed_000.pdb,33.26
6847,bbarrel/with_template_bb/colab/TMB2.31_unrelaxed_rank_003_alphafold2_ptm_model_4_seed_000.pdb,85.89
6848,bbarrel/with_template_bb/colab/TMB2.11_unrelaxed_rank_003_alphafold2_ptm_model_4_seed_000.pdb,73.05
6849,bbarrel/with_template_bb/colab/TMB2.80_unrelaxed_rank_003_alphafold2_ptm_model_4_seed_000.pdb,62.16
6850,bbarrel/with_template_bb/colab/TMB2.9_unrelaxed_rank_004_alphafold2_ptm_model_5_seed_000.pdb,29.82
6851,bbarrel/with_template_bb/colab/TMB2.23_unrelaxed_rank_003_alphafold2_ptm_model_4_seed_000.pdb,75.52
6852,bbarrel/with_template_bb/colab/TMB2.70_unrelaxed_rank_003_alphafold2_ptm_model_4_seed_000.pdb,77.28
6853,bbarrel/with_template_bb/colab/TMB2.52_unrelaxed_rank_003_alphafold2_ptm_model_4_seed_000.pdb,62.76
6854,bbarrel/with_template_bb/colab/TMB2.73_unrelaxed_rank_003_alphafold2_ptm_model_5_seed_000.pdb,33.47
6855,bbarrel/with_template_bb/colab/TMB2.44_unrelaxed_rank_003_alphafold2_ptm_model_4_seed_000.pdb,85.26
6856,bbarrel/with_template_bb/colab/TMB2.39_unrelaxed_rank_004_alphafold2_ptm_model_5_seed_000.pdb,31.23
6857,bbarrel/with_template_bb/colab/TMB2.83_unrelaxed_rank_001_alphafold2_ptm_model_2_seed_000.pdb,92.84
6858,bbarrel/with_template_bb/colab/TMB2.84_unrelaxed_rank_004_alphafold2_ptm_model_5_seed_000.pdb,37.49
6859,bbarrel/with_template_bb/colab/TMB2.80_unrelaxed_rank_005_alphafold2_ptm_model_3_seed_000.pdb,32.54
6860,bbarrel/with_template_bb/colab/TMB2.48_unrelaxed_rank_005_alphafold2_ptm_model_3_seed_000.pdb,28.5
6861,bbarrel/with_template_bb/colab/TMB2.22_unrelaxed_rank_002_alphafold2_ptm_model_1_seed_000.pdb,92.3
6862,bbarrel/with_template_bb/colab/TMB2.47_unrelaxed_rank_005_alphafold2_ptm_model_3_seed_000.pdb,28.58
6863,bbarrel/with_template_bb/colab/TMB2.3_unrelaxed_rank_001_alphafold2_ptm_model_2_seed_000.pdb,93.11
6864,bbarrel/with_template_bb/colab/TMB2.18_unrelaxed_rank_002_alphafold2_ptm_model_2_seed_000.pdb,94.82
6865,bbarrel/with_template_bb/colab/TMB2.12_unrelaxed_rank_005_alphafold2_ptm_model_3_seed_000.pdb,28.81
6866,bbarrel/with_template_bb/colab/TMB2.85_unrelaxed_rank_003_alphafold2_ptm_model_4_seed_000.pdb,86.77
6867,bbarrel/with_template_bb/colab/TMB2.60_unrelaxed_rank_001_alphafold2_ptm_model_2_seed_000.pdb,93.84
6868,bbarrel/with_template_bb/colab/TMB2.87_unrelaxed_rank_004_alphafold2_ptm_model_5_seed_000.pdb,33.41
6869,bbarrel/with_template_bb/colab/TMB2.86_unrelaxed_rank_003_alphafold2_ptm_model_4_seed_000.pdb,34.46
6870,bbarrel/with_template_bb/colab/TMB2.74_unrelaxed_rank_005_alphafold2_ptm_model_3_seed_000.pdb,31.84
6871,bbarrel/with_template_bb/colab/TMB2.24_unrelaxed_rank_002_alphafold2_ptm_model_2_seed_000.pdb,93.95
6872,bbarrel/with_template_bb/colab/TMB2.26_unrelaxed_rank_003_alphafold2_ptm_model_5_seed_000.pdb,30.85
6873,bbarrel/with_template_bb/colab/TMB2.9_unrelaxed_rank_003_alphafold2_ptm_model_4_seed_000.pdb,50.3
6874,bbarrel/with_template_bb/colab/TMB2.25_unrelaxed_rank_004_alphafold2_ptm_model_3_seed_000.pdb,30.35
6875,bbarrel/with_template_bb/colab/TMB2.29_unrelaxed_rank_003_alphafold2_ptm_model_4_seed_000.pdb,86.25
6876,bbarrel/with_template_bb/colab/TMB2.74_unrelaxed_rank_002_alphafold2_ptm_model_1_seed_000.pdb,94.08
6877,bbarrel/with_template_bb/colab/TMB2.65_unrelaxed_rank_003_alphafold2_ptm_model_4_seed_000.pdb,80.61
6878,bbarrel/single_seq/colab_att/TMB2.86_unrelaxed_rank_004_alphafold2_ptm_model_2_seed_000.pdb,32.18
6879,bbarrel/single_seq/colab_att/TMB2.9_unrelaxed_rank_001_alphafold2_ptm_model_4_seed_000.pdb,50.49
6880,bbarrel/single_seq/colab_att/TMB2.52_unrelaxed_rank_001_alphafold2_ptm_model_4_seed_000.pdb,62.88
6881,bbarrel/single_seq/colab_att/HBI_b_44_unrelaxed_rank_005_alphafold2_ptm_model_3_seed_000.pdb,79.91
6882,bbarrel/single_seq/colab_att/TMB2.43_unrelaxed_rank_004_alphafold2_ptm_model_3_seed_000.pdb,32.87
6883,bbarrel/single_seq/colab_att/HBI_b_46_unrelaxed_rank_005_alphafold2_ptm_model_5_seed_000.pdb,60.21
6884,bbarrel/single_seq/colab_att/TMB2.52_unrelaxed_rank_005_alphafold2_ptm_model_3_seed_000.pdb,31.48
6885,bbarrel/single_seq/colab_att/TMB2.38_unrelaxed_rank_003_alphafold2_ptm_model_1_seed_000.pdb,30.46
6886,bbarrel/single_seq/colab_att/HBI_b_25_unrelaxed_rank_003_alphafold2_ptm_model_5_seed_000.pdb,86.64
6887,bbarrel/single_seq/colab_att/TMB2.77_unrelaxed_rank_002_alphafold2_ptm_model_2_seed_000.pdb,63.17
6888,bbarrel/single_seq/colab_att/TMB2.8_unrelaxed_rank_005_alphafold2_ptm_model_1_seed_000.pdb,32.79
6889,bbarrel/single_seq/colab_att/TMB2.60_unrelaxed_rank_004_alphafold2_ptm_model_1_seed_000.pdb,33.51
6890,bbarrel/single_seq/colab_att/HBI_b_17_unrelaxed_rank_001_alphafold2_ptm_model_1_seed_000.pdb,84.81
6891,bbarrel/single_seq/colab_att/TMB2.17_unrelaxed_rank_004_alphafold2_ptm_model_5_seed_000.pdb,32.24
6892,bbarrel/single_seq/colab_att/TMB2.67_unrelaxed_rank_005_alphafold2_ptm_model_1_seed_000.pdb,29.24
6893,bbarrel/single_seq/colab_att/TMB2.70_unrelaxed_rank_001_alphafold2_ptm_model_4_seed_000.pdb,77.53
6894,bbarrel/single_seq/colab_att/TMB2.1_unrelaxed_rank_001_alphafold2_ptm_model_2_seed_000.pdb,32.74
6895,bbarrel/single_seq/colab_att/TMB2.67_unrelaxed_rank_001_alphafold2_ptm_model_4_seed_000.pdb,84.16
6896,bbarrel/single_seq/colab_att/HBI_b_43_unrelaxed_rank_002_alphafold2_ptm_model_4_seed_000.pdb,81.6
6897,bbarrel/single_seq/colab_att/HBI_b_45_unrelaxed_rank_003_alphafold2_ptm_model_3_seed_000.pdb,73.24
6898,bbarrel/single_seq/colab_att/TMB2.17_unrelaxed_rank_003_alphafold2_ptm_model_1_seed_000.pdb,34.04
6899,bbarrel/single_seq/colab_att/TMB2.86_unrelaxed_rank_001_alphafold2_ptm_model_4_seed_000.pdb,34.5
6900,bbarrel/single_seq/colab_att/TMB2.6_unrelaxed_rank_003_alphafold2_ptm_model_2_seed_000.pdb,34.64
6901,bbarrel/single_seq/colab_att/HBI_b_35_unrelaxed_rank_001_alphafold2_ptm_model_1_seed_000.pdb,74.91
6902,bbarrel/single_seq/colab_att/TMB2.88_unrelaxed_rank_001_alphafold2_ptm_model_4_seed_000.pdb,84.81
6903,bbarrel/single_seq/colab_att/HBI_b_33_unrelaxed_rank_004_alphafold2_ptm_model_3_seed_000.pdb,77.04
6904,bbarrel/single_seq/colab_att/TMB2.76_unrelaxed_rank_004_alphafold2_ptm_model_1_seed_000.pdb,31.66
6905,bbarrel/single_seq/colab_att/TMB2.68_unrelaxed_rank_003_alphafold2_ptm_model_5_seed_000.pdb,38.21
6906,bbarrel/single_seq/colab_att/TMB2.55_unrelaxed_rank_002_alphafold2_ptm_model_2_seed_000.pdb,30.55
6907,bbarrel/single_seq/colab_att/HBI_b_45_unrelaxed_rank_001_alphafold2_ptm_model_5_seed_000.pdb,75.09
6908,bbarrel/single_seq/colab_att/HBI_b_45_unrelaxed_rank_004_alphafold2_ptm_model_4_seed_000.pdb,48.7
6909,bbarrel/single_seq/colab_att/TMB2.15_unrelaxed_rank_002_alphafold2_ptm_model_2_seed_000.pdb,33.15
6910,bbarrel/single_seq/colab_att/HBI_b_15_unrelaxed_rank_005_alphafold2_ptm_model_1_seed_000.pdb,85.4
6911,bbarrel/single_seq/colab_att/HBI_b_21_unrelaxed_rank_002_alphafold2_ptm_model_5_seed_000.pdb,87.12
6912,bbarrel/single_seq/colab_att/HBI_b_31_unrelaxed_rank_005_alphafold2_ptm_model_3_seed_000.pdb,74.74
6913,bbarrel/single_seq/colab_att/HBI_b_19_unrelaxed_rank_001_alphafold2_ptm_model_3_seed_000.pdb,86.75
6914,bbarrel/single_seq/colab_att/TMB2.33_unrelaxed_rank_001_alphafold2_ptm_model_4_seed_000.pdb,33.42
6915,bbarrel/single_seq/colab_att/HBI_b_15_unrelaxed_rank_004_alphafold2_ptm_model_3_seed_000.pdb,85.59
6916,bbarrel/single_seq/colab_att/HBI_b_07_unrelaxed_rank_004_alphafold2_ptm_model_4_seed_000.pdb,87.05
6917,bbarrel/single_seq/colab_att/TMB2.26_unrelaxed_rank_004_alphafold2_ptm_model_4_seed_000.pdb,29.57
6918,bbarrel/single_seq/colab_att/HBI_b_35_unrelaxed_rank_002_alphafold2_ptm_model_5_seed_000.pdb,72.12
6919,bbarrel/single_seq/colab_att/HBI_b_41_unrelaxed_rank_004_alphafold2_ptm_model_4_seed_000.pdb,54.65
6920,bbarrel/single_seq/colab_att/HBI_b_34_unrelaxed_rank_004_alphafold2_ptm_model_2_seed_000.pdb,76.51
6921,bbarrel/single_seq/colab_att/TMB2.74_unrelaxed_rank_004_alphafold2_ptm_model_1_seed_000.pdb,35.63
6922,bbarrel/single_seq/colab_att/HBI_b_22_unrelaxed_rank_005_alphafold2_ptm_model_1_seed_000.pdb,87.01
6923,bbarrel/single_seq/colab_att/TMB2.28_unrelaxed_rank_004_alphafold2_ptm_model_3_seed_000.pdb,33.77
6924,bbarrel/single_seq/colab_att/TMB2.26_unrelaxed_rank_005_alphafold2_ptm_model_3_seed_000.pdb,29.55
6925,bbarrel/single_seq/colab_att/HBI_b_19_unrelaxed_rank_002_alphafold2_ptm_model_2_seed_000.pdb,85.71
6926,bbarrel/single_seq/colab_att/HBI_b_03_unrelaxed_rank_003_alphafold2_ptm_model_1_seed_000.pdb,60.17
6927,bbarrel/single_seq/colab_att/TMB2.41_unrelaxed_rank_003_alphafold2_ptm_model_2_seed_000.pdb,42.99
6928,bbarrel/single_seq/colab_att/TMB2.4_unrelaxed_rank_002_alphafold2_ptm_model_4_seed_000.pdb,30.43
6929,bbarrel/single_seq/colab_att/TMB2.14_unrelaxed_rank_005_alphafold2_ptm_model_5_seed_000.pdb,28.88
6930,bbarrel/single_seq/colab_att/TMB2.78_unrelaxed_rank_002_alphafold2_ptm_model_4_seed_000.pdb,34.38
6931,bbarrel/single_seq/colab_att/HBI_b_56_unrelaxed_rank_005_alphafold2_ptm_model_1_seed_000.pdb,82.89
6932,bbarrel/single_seq/colab_att/TMB2.62_unrelaxed_rank_003_alphafold2_ptm_model_1_seed_000.pdb,36.56
6933,bbarrel/single_seq/colab_att/TMB2.45_unrelaxed_rank_001_alphafold2_ptm_model_4_seed_000.pdb,86.82
6934,bbarrel/single_seq/colab_att/HBI_b_04_unrelaxed_rank_005_alphafold2_ptm_model_4_seed_000.pdb,69.71
6935,bbarrel/single_seq/colab_att/TMB2.76_unrelaxed_rank_002_alphafold2_ptm_model_2_seed_000.pdb,69.49
6936,bbarrel/single_seq/colab_att/TMB2.50_unrelaxed_rank_004_alphafold2_ptm_model_1_seed_000.pdb,31.37
6937,bbarrel/single_seq/colab_att/TMB2.55_unrelaxed_rank_003_alphafold2_ptm_model_1_seed_000.pdb,30.0
6938,bbarrel/single_seq/colab_att/TMB2.31_unrelaxed_rank_003_alphafold2_ptm_model_2_seed_000.pdb,46.07
6939,bbarrel/single_seq/colab_att/TMB2.7_unrelaxed_rank_002_alphafold2_ptm_model_4_seed_000.pdb,32.8
6940,bbarrel/single_seq/colab_att/TMB2.9_unrelaxed_rank_005_alphafold2_ptm_model_3_seed_000.pdb,28.27
6941,bbarrel/single_seq/colab_att/TMB2.15_unrelaxed_rank_001_alphafold2_ptm_model_4_seed_000.pdb,33.7
6942,bbarrel/single_seq/colab_att/HBI_b_50_unrelaxed_rank_002_alphafold2_ptm_model_4_seed_000.pdb,87.2
6943,bbarrel/single_seq/colab_att/TMB2.83_unrelaxed_rank_005_alphafold2_ptm_model_1_seed_000.pdb,33.46
6944,bbarrel/single_seq/colab_att/TMB2.58_unrelaxed_rank_005_alphafold2_ptm_model_1_seed_000.pdb,28.74
6945,bbarrel/single_seq/colab_att/TMB2.49_unrelaxed_rank_001_alphafold2_ptm_model_4_seed_000.pdb,34.01
6946,bbarrel/single_seq/colab_att/TMB2.75_unrelaxed_rank_001_alphafold2_ptm_model_4_seed_000.pdb,85.48
6947,bbarrel/single_seq/colab_att/HBI_b_33_unrelaxed_rank_002_alphafold2_ptm_model_4_seed_000.pdb,78.74
6948,bbarrel/single_seq/colab_att/HBI_b_31_unrelaxed_rank_001_alphafold2_ptm_model_5_seed_000.pdb,83.29
6949,bbarrel/single_seq/colab_att/TMB2.89_unrelaxed_rank_005_alphafold2_ptm_model_3_seed_000.pdb,29.68
6950,bbarrel/single_seq/colab_att/TMB2.65_unrelaxed_rank_004_alphafold2_ptm_model_1_seed_000.pdb,30.19
6951,bbarrel/single_seq/colab_att/TMB2.82_unrelaxed_rank_003_alphafold2_ptm_model_3_seed_000.pdb,30.53
6952,bbarrel/single_seq/colab_att/TMB2.56_unrelaxed_rank_001_alphafold2_ptm_model_2_seed_000.pdb,33.25
6953,bbarrel/single_seq/colab_att/TMB2.41_unrelaxed_rank_004_alphafold2_ptm_model_1_seed_000.pdb,36.02
6954,bbarrel/single_seq/colab_att/TMB2.42_unrelaxed_rank_004_alphafold2_ptm_model_1_seed_000.pdb,29.21
6955,bbarrel/single_seq/colab_att/HBI_b_01_unrelaxed_rank_003_alphafold2_ptm_model_5_seed_000.pdb,77.59
6956,bbarrel/single_seq/colab_att/HBI_b_29_unrelaxed_rank_004_alphafold2_ptm_model_2_seed_000.pdb,82.35
6957,bbarrel/single_seq/colab_att/TMB2.71_unrelaxed_rank_005_alphafold2_ptm_model_3_seed_000.pdb,30.95
6958,bbarrel/single_seq/colab_att/TMB2.52_unrelaxed_rank_003_alphafold2_ptm_model_2_seed_000.pdb,38.87
6959,bbarrel/single_seq/colab_att/HBI_b_55_unrelaxed_rank_004_alphafold2_ptm_model_5_seed_000.pdb,74.96
6960,bbarrel/single_seq/colab_att/TMB2.84_unrelaxed_rank_005_alphafold2_ptm_model_3_seed_000.pdb,31.65
6961,bbarrel/single_seq/colab_att/TMB2.60_unrelaxed_rank_003_alphafold2_ptm_model_2_seed_000.pdb,34.97
6962,bbarrel/single_seq/colab_att/HBI_b_32_unrelaxed_rank_001_alphafold2_ptm_model_5_seed_000.pdb,89.77
6963,bbarrel/single_seq/colab_att/HBI_b_03_unrelaxed_rank_004_alphafold2_ptm_model_3_seed_000.pdb,57.86
6964,bbarrel/single_seq/colab_att/TMB2.43_unrelaxed_rank_002_alphafold2_ptm_model_2_seed_000.pdb,36.99
6965,bbarrel/single_seq/colab_att/TMB2.2_unrelaxed_rank_002_alphafold2_ptm_model_2_seed_000.pdb,35.79
6966,bbarrel/single_seq/colab_att/TMB2.57_unrelaxed_rank_001_alphafold2_ptm_model_4_seed_000.pdb,61.09
6967,bbarrel/single_seq/colab_att/TMB2.70_unrelaxed_rank_002_alphafold2_ptm_model_5_seed_000.pdb,44.42
6968,bbarrel/single_seq/colab_att/TMB2.6_unrelaxed_rank_002_alphafold2_ptm_model_5_seed_000.pdb,37.93
6969,bbarrel/single_seq/colab_att/TMB2.32_unrelaxed_rank_002_alphafold2_ptm_model_5_seed_000.pdb,59.47
6970,bbarrel/single_seq/colab_att/HBI_b_21_unrelaxed_rank_003_alphafold2_ptm_model_1_seed_000.pdb,86.38
6971,bbarrel/single_seq/colab_att/TMB2.47_unrelaxed_rank_003_alphafold2_ptm_model_5_seed_000.pdb,31.58
6972,bbarrel/single_seq/colab_att/TMB2.23_unrelaxed_rank_002_alphafold2_ptm_model_2_seed_000.pdb,45.7
6973,bbarrel/single_seq/colab_att/TMB2.86_unrelaxed_rank_005_alphafold2_ptm_model_3_seed_000.pdb,30.65
6974,bbarrel/single_seq/colab_att/HBI_b_32_unrelaxed_rank_002_alphafold2_ptm_model_2_seed_000.pdb,89.59
6975,bbarrel/single_seq/colab_att/HBI_b_25_unrelaxed_rank_004_alphafold2_ptm_model_1_seed_000.pdb,85.91
6976,bbarrel/single_seq/colab_att/TMB2.68_unrelaxed_rank_005_alphafold2_ptm_model_3_seed_000.pdb,33.27
6977,bbarrel/single_seq/colab_att/TMB2.26_unrelaxed_rank_001_alphafold2_ptm_model_2_seed_000.pdb,31.55
6978,bbarrel/single_seq/colab_att/HBI_b_25_unrelaxed_rank_002_alphafold2_ptm_model_3_seed_000.pdb,87.59
6979,bbarrel/single_seq/colab_att/HBI_b_26_unrelaxed_rank_005_alphafold2_ptm_model_1_seed_000.pdb,88.66
6980,bbarrel/single_seq/colab_att/TMB2.49_unrelaxed_rank_004_alphafold2_ptm_model_3_seed_000.pdb,29.81
6981,bbarrel/single_seq/colab_att/HBI_b_15_unrelaxed_rank_001_alphafold2_ptm_model_4_seed_000.pdb,90.3
6982,bbarrel/single_seq/colab_att/TMB2.9_unrelaxed_rank_002_alphafold2_ptm_model_1_seed_000.pdb,31.58
6983,bbarrel/single_seq/colab_att/TMB2.89_unrelaxed_rank_004_alphafold2_ptm_model_1_seed_000.pdb,32.18
6984,bbarrel/single_seq/colab_att/TMB2.17_unrelaxed_rank_001_alphafold2_ptm_model_4_seed_000.pdb,91.09
6985,bbarrel/single_seq/colab_att/TMB2.38_unrelaxed_rank_001_alphafold2_ptm_model_2_seed_000.pdb,31.79
6986,bbarrel/single_seq/colab_att/TMB2.1_unrelaxed_rank_005_alphafold2_ptm_model_5_seed_000.pdb,27.23
6987,bbarrel/single_seq/colab_att/TMB2.64_unrelaxed_rank_005_alphafold2_ptm_model_3_seed_000.pdb,27.99
6988,bbarrel/single_seq/colab_att/TMB2.63_unrelaxed_rank_001_alphafold2_ptm_model_5_seed_000.pdb,75.29
6989,bbarrel/single_seq/colab_att/TMB2.11_unrelaxed_rank_005_alphafold2_ptm_model_1_seed_000.pdb,32.75
6990,bbarrel/single_seq/colab_att/HBI_b_01_unrelaxed_rank_004_alphafold2_ptm_model_2_seed_000.pdb,77.01
6991,bbarrel/single_seq/colab_att/HBI_b_50_unrelaxed_rank_003_alphafold2_ptm_model_5_seed_000.pdb,82.57
6992,bbarrel/single_seq/colab_att/TMB2.29_unrelaxed_rank_004_alphafold2_ptm_model_3_seed_000.pdb,31.11
6993,bbarrel/single_seq/colab_att/TMB2.36_unrelaxed_rank_001_alphafold2_ptm_model_4_seed_000.pdb,66.47
6994,bbarrel/single_seq/colab_att/HBI_b_28_unrelaxed_rank_001_alphafold2_ptm_model_1_seed_000.pdb,83.87
6995,bbarrel/single_seq/colab_att/HBI_b_55_unrelaxed_rank_002_alphafold2_ptm_model_2_seed_000.pdb,83.87
6996,bbarrel/single_seq/colab_att/TMB2.51_unrelaxed_rank_004_alphafold2_ptm_model_5_seed_000.pdb,29.55
6997,bbarrel/single_seq/colab_att/TMB2.81_unrelaxed_rank_002_alphafold2_ptm_model_2_seed_000.pdb,37.77
6998,bbarrel/single_seq/colab_att/TMB2.35_unrelaxed_rank_003_alphafold2_ptm_model_3_seed_000.pdb,37.26
6999,bbarrel/single_seq/colab_att/TMB2.69_unrelaxed_rank_002_alphafold2_ptm_model_2_seed_000.pdb,34.32
7000,bbarrel/single_seq/colab_att/HBI_b_40_unrelaxed_rank_004_alphafold2_ptm_model_2_seed_000.pdb,79.04
7001,bbarrel/single_seq/colab_att/HBI_b_07_unrelaxed_rank_003_alphafold2_ptm_model_1_seed_000.pdb,87.09
7002,bbarrel/single_seq/colab_att/HBI_b_33_unrelaxed_rank_005_alphafold2_ptm_model_2_seed_000.pdb,68.33
7003,bbarrel/single_seq/colab_att/TMB2.51_unrelaxed_rank_002_alphafold2_ptm_model_2_seed_000.pdb,33.38
7004,bbarrel/single_seq/colab_att/TMB2.70_unrelaxed_rank_004_alphafold2_ptm_model_1_seed_000.pdb,30.14
7005,bbarrel/single_seq/colab_att/TMB2.83_unrelaxed_rank_003_alphafold2_ptm_model_3_seed_000.pdb,42.75
7006,bbarrel/single_seq/colab_att/TMB2.18_unrelaxed_rank_002_alphafold2_ptm_model_5_seed_000.pdb,39.8
7007,bbarrel/single_seq/colab_att/HBI_b_02_unrelaxed_rank_002_alphafold2_ptm_model_5_seed_000.pdb,83.51
7008,bbarrel/single_seq/colab_att/TMB2.86_unrelaxed_rank_003_alphafold2_ptm_model_1_seed_000.pdb,32.32
7009,bbarrel/single_seq/colab_att/HBI_b_13_unrelaxed_rank_005_alphafold2_ptm_model_5_seed_000.pdb,78.77
7010,bbarrel/single_seq/colab_att/HBI_b_37_unrelaxed_rank_002_alphafold2_ptm_model_1_seed_000.pdb,88.01
7011,bbarrel/single_seq/colab_att/HBI_b_16_unrelaxed_rank_003_alphafold2_ptm_model_4_seed_000.pdb,77.39
7012,bbarrel/single_seq/colab_att/HBI_b_09_unrelaxed_rank_004_alphafold2_ptm_model_3_seed_000.pdb,86.31
7013,bbarrel/single_seq/colab_att/HBI_b_07_unrelaxed_rank_001_alphafold2_ptm_model_5_seed_000.pdb,88.2
7014,bbarrel/single_seq/colab_att/HBI_b_27_unrelaxed_rank_002_alphafold2_ptm_model_4_seed_000.pdb,84.29
7015,bbarrel/single_seq/colab_att/HBI_b_14_unrelaxed_rank_003_alphafold2_ptm_model_4_seed_000.pdb,86.79
7016,bbarrel/single_seq/colab_att/TMB2.4_unrelaxed_rank_004_alphafold2_ptm_model_1_seed_000.pdb,29.11
7017,bbarrel/single_seq/colab_att/HBI_b_10_unrelaxed_rank_005_alphafold2_ptm_model_3_seed_000.pdb,86.83
7018,bbarrel/single_seq/colab_att/TMB2.63_unrelaxed_rank_002_alphafold2_ptm_model_4_seed_000.pdb,66.3
7019,bbarrel/single_seq/colab_att/HBI_b_09_unrelaxed_rank_002_alphafold2_ptm_model_4_seed_000.pdb,86.71
7020,bbarrel/single_seq/colab_att/HBI_b_55_unrelaxed_rank_001_alphafold2_ptm_model_1_seed_000.pdb,86.82
7021,bbarrel/single_seq/colab_att/TMB2.83_unrelaxed_rank_002_alphafold2_ptm_model_2_seed_000.pdb,78.44
7022,bbarrel/single_seq/colab_att/HBI_b_27_unrelaxed_rank_004_alphafold2_ptm_model_3_seed_000.pdb,71.21
7023,bbarrel/single_seq/colab_att/TMB2.23_unrelaxed_rank_003_alphafold2_ptm_model_3_seed_000.pdb,28.34
7024,bbarrel/single_seq/colab_att/TMB2.14_unrelaxed_rank_004_alphafold2_ptm_model_1_seed_000.pdb,30.5
7025,bbarrel/single_seq/colab_att/TMB2.41_unrelaxed_rank_001_alphafold2_ptm_model_4_seed_000.pdb,84.29
7026,bbarrel/single_seq/colab_att/HBI_b_33_unrelaxed_rank_003_alphafold2_ptm_model_5_seed_000.pdb,78.48
7027,bbarrel/single_seq/colab_att/TMB2.21_unrelaxed_rank_005_alphafold2_ptm_model_3_seed_000.pdb,28.12
7028,bbarrel/single_seq/colab_att/TMB2.35_unrelaxed_rank_005_alphafold2_ptm_model_5_seed_000.pdb,32.36
7029,bbarrel/single_seq/colab_att/HBI_b_14_unrelaxed_rank_001_alphafold2_ptm_model_3_seed_000.pdb,87.55
7030,bbarrel/single_seq/colab_att/TMB2.81_unrelaxed_rank_004_alphafold2_ptm_model_1_seed_000.pdb,29.32
7031,bbarrel/single_seq/colab_att/TMB2.3_unrelaxed_rank_002_alphafold2_ptm_model_4_seed_000.pdb,34.87
7032,bbarrel/single_seq/colab_att/TMB2.22_unrelaxed_rank_005_alphafold2_ptm_model_1_seed_000.pdb,30.01
7033,bbarrel/single_seq/colab_att/TMB2.85_unrelaxed_rank_001_alphafold2_ptm_model_4_seed_000.pdb,87.12
7034,bbarrel/single_seq/colab_att/TMB2.5_unrelaxed_rank_005_alphafold2_ptm_model_3_seed_000.pdb,31.52
7035,bbarrel/single_seq/colab_att/TMB2.44_unrelaxed_rank_004_alphafold2_ptm_model_5_seed_000.pdb,32.11
7036,bbarrel/single_seq/colab_att/TMB2.31_unrelaxed_rank_004_alphafold2_ptm_model_3_seed_000.pdb,32.71
7037,bbarrel/single_seq/colab_att/HBI_b_29_unrelaxed_rank_005_alphafold2_ptm_model_5_seed_000.pdb,78.29
7038,bbarrel/single_seq/colab_att/TMB2.30_unrelaxed_rank_001_alphafold2_ptm_model_4_seed_000.pdb,38.8
7039,bbarrel/single_seq/colab_att/HBI_b_13_unrelaxed_rank_003_alphafold2_ptm_model_2_seed_000.pdb,80.84
7040,bbarrel/single_seq/colab_att/TMB2.28_unrelaxed_rank_005_alphafold2_ptm_model_1_seed_000.pdb,29.99
7041,bbarrel/single_seq/colab_att/HBI_b_10_unrelaxed_rank_002_alphafold2_ptm_model_4_seed_000.pdb,89.1
7042,bbarrel/single_seq/colab_att/TMB2.8_unrelaxed_rank_004_alphafold2_ptm_model_5_seed_000.pdb,33.11
7043,bbarrel/single_seq/colab_att/TMB2.51_unrelaxed_rank_005_alphafold2_ptm_model_1_seed_000.pdb,29.09
7044,bbarrel/single_seq/colab_att/TMB2.87_unrelaxed_rank_004_alphafold2_ptm_model_1_seed_000.pdb,31.44
7045,bbarrel/single_seq/colab_att/TMB2.75_unrelaxed_rank_003_alphafold2_ptm_model_5_seed_000.pdb,47.24
7046,bbarrel/single_seq/colab_att/TMB2.23_unrelaxed_rank_005_alphafold2_ptm_model_5_seed_000.pdb,26.09
7047,bbarrel/single_seq/colab_att/TMB2.84_unrelaxed_rank_002_alphafold2_ptm_model_5_seed_000.pdb,37.56
7048,bbarrel/single_seq/colab_att/TMB2.70_unrelaxed_rank_005_alphafold2_ptm_model_3_seed_000.pdb,29.43
7049,bbarrel/single_seq/colab_att/TMB2.33_unrelaxed_rank_003_alphafold2_ptm_model_1_seed_000.pdb,31.84
7050,bbarrel/single_seq/colab_att/HBI_b_13_unrelaxed_rank_002_alphafold2_ptm_model_4_seed_000.pdb,82.9
7051,bbarrel/single_seq/colab_att/TMB2.69_unrelaxed_rank_004_alphafold2_ptm_model_1_seed_000.pdb,28.42
7052,bbarrel/single_seq/colab_att/HBI_b_10_unrelaxed_rank_004_alphafold2_ptm_model_1_seed_000.pdb,88.12
7053,bbarrel/single_seq/colab_att/TMB2.14_unrelaxed_rank_002_alphafold2_ptm_model_2_seed_000.pdb,41.95
7054,bbarrel/single_seq/colab_att/TMB2.62_unrelaxed_rank_005_alphafold2_ptm_model_3_seed_000.pdb,28.66
7055,bbarrel/single_seq/colab_att/TMB2.8_unrelaxed_rank_002_alphafold2_ptm_model_3_seed_000.pdb,34.65
7056,bbarrel/single_seq/colab_att/HBI_b_28_unrelaxed_rank_005_alphafold2_ptm_model_5_seed_000.pdb,79.46
7057,bbarrel/single_seq/colab_att/TMB2.65_unrelaxed_rank_005_alphafold2_ptm_model_5_seed_000.pdb,29.25
7058,bbarrel/single_seq/colab_att/TMB2.75_unrelaxed_rank_005_alphafold2_ptm_model_3_seed_000.pdb,28.84
7059,bbarrel/single_seq/colab_att/TMB2.20_unrelaxed_rank_004_alphafold2_ptm_model_2_seed_000.pdb,29.3
7060,bbarrel/single_seq/colab_att/TMB2.89_unrelaxed_rank_002_alphafold2_ptm_model_4_seed_000.pdb,38.14
7061,bbarrel/single_seq/colab_att/TMB2.38_unrelaxed_rank_002_alphafold2_ptm_model_4_seed_000.pdb,30.8
7062,bbarrel/single_seq/colab_att/TMB2.59_unrelaxed_rank_005_alphafold2_ptm_model_1_seed_000.pdb,30.84
7063,bbarrel/single_seq/colab_att/TMB2.57_unrelaxed_rank_004_alphafold2_ptm_model_1_seed_000.pdb,30.39
7064,bbarrel/single_seq/colab_att/TMB2.39_unrelaxed_rank_005_alphafold2_ptm_model_3_seed_000.pdb,29.63
7065,bbarrel/single_seq/colab_att/HBI_b_50_unrelaxed_rank_001_alphafold2_ptm_model_1_seed_000.pdb,90.34
7066,bbarrel/single_seq/colab_att/TMB2.48_unrelaxed_rank_002_alphafold2_ptm_model_2_seed_000.pdb,32.26
7067,bbarrel/single_seq/colab_att/TMB2.59_unrelaxed_rank_003_alphafold2_ptm_model_5_seed_000.pdb,43.69
7068,bbarrel/single_seq/colab_att/TMB2.69_unrelaxed_rank_003_alphafold2_ptm_model_5_seed_000.pdb,33.08
7069,bbarrel/single_seq/colab_att/HBI_b_39_unrelaxed_rank_004_alphafold2_ptm_model_3_seed_000.pdb,82.71
7070,bbarrel/single_seq/colab_att/HBI_b_40_unrelaxed_rank_003_alphafold2_ptm_model_5_seed_000.pdb,81.42
7071,bbarrel/single_seq/colab_att/HBI_b_26_unrelaxed_rank_001_alphafold2_ptm_model_5_seed_000.pdb,89.79
7072,bbarrel/single_seq/colab_att/TMB2.25_unrelaxed_rank_001_alphafold2_ptm_model_4_seed_000.pdb,42.88
7073,bbarrel/single_seq/colab_att/TMB2.5_unrelaxed_rank_004_alphafold2_ptm_model_1_seed_000.pdb,32.73
7074,bbarrel/single_seq/colab_att/TMB2.58_unrelaxed_rank_001_alphafold2_ptm_model_4_seed_000.pdb,79.78
7075,bbarrel/single_seq/colab_att/HBI_b_38_unrelaxed_rank_002_alphafold2_ptm_model_4_seed_000.pdb,85.93
7076,bbarrel/single_seq/colab_att/TMB2.47_unrelaxed_rank_001_alphafold2_ptm_model_4_seed_000.pdb,34.41
7077,bbarrel/single_seq/colab_att/TMB2.21_unrelaxed_rank_001_alphafold2_ptm_model_5_seed_000.pdb,45.5
7078,bbarrel/single_seq/colab_att/TMB2.69_unrelaxed_rank_005_alphafold2_ptm_model_3_seed_000.pdb,27.7
7079,bbarrel/single_seq/colab_att/TMB2.45_unrelaxed_rank_004_alphafold2_ptm_model_1_seed_000.pdb,37.58
7080,bbarrel/single_seq/colab_att/TMB2.71_unrelaxed_rank_002_alphafold2_ptm_model_5_seed_000.pdb,36.65
7081,bbarrel/single_seq/colab_att/TMB2.72_unrelaxed_rank_005_alphafold2_ptm_model_3_seed_000.pdb,28.37
7082,bbarrel/single_seq/colab_att/TMB2.84_unrelaxed_rank_004_alphafold2_ptm_model_1_seed_000.pdb,32.32
7083,bbarrel/single_seq/colab_att/TMB2.7_unrelaxed_rank_005_alphafold2_ptm_model_5_seed_000.pdb,29.48
7084,bbarrel/single_seq/colab_att/TMB2.78_unrelaxed_rank_003_alphafold2_ptm_model_5_seed_000.pdb,31.55
7085,bbarrel/single_seq/colab_att/TMB2.47_unrelaxed_rank_004_alphafold2_ptm_model_3_seed_000.pdb,28.59
7086,bbarrel/single_seq/colab_att/TMB2.44_unrelaxed_rank_001_alphafold2_ptm_model_4_seed_000.pdb,85.47
7087,bbarrel/single_seq/colab_att/TMB2.25_unrelaxed_rank_005_alphafold2_ptm_model_5_seed_000.pdb,28.16
7088,bbarrel/single_seq/colab_att/TMB2.86_unrelaxed_rank_002_alphafold2_ptm_model_5_seed_000.pdb,32.43
7089,bbarrel/single_seq/colab_att/HBI_b_28_unrelaxed_rank_004_alphafold2_ptm_model_3_seed_000.pdb,79.66
7090,bbarrel/single_seq/colab_att/HBI_b_44_unrelaxed_rank_004_alphafold2_ptm_model_4_seed_000.pdb,82.42
7091,bbarrel/single_seq/colab_att/TMB2.11_unrelaxed_rank_004_alphafold2_ptm_model_5_seed_000.pdb,33.43
7092,bbarrel/single_seq/colab_att/TMB2.33_unrelaxed_rank_002_alphafold2_ptm_model_2_seed_000.pdb,32.79
7093,bbarrel/single_seq/colab_att/TMB2.1_unrelaxed_rank_004_alphafold2_ptm_model_3_seed_000.pdb,28.58
7094,bbarrel/single_seq/colab_att/HBI_b_04_unrelaxed_rank_001_alphafold2_ptm_model_2_seed_000.pdb,77.33
7095,bbarrel/single_seq/colab_att/TMB2.55_unrelaxed_rank_005_alphafold2_ptm_model_5_seed_000.pdb,27.36
7096,bbarrel/single_seq/colab_att/HBI_b_09_unrelaxed_rank_001_alphafold2_ptm_model_5_seed_000.pdb,87.0
7097,bbarrel/single_seq/colab_att/TMB2.82_unrelaxed_rank_005_alphafold2_ptm_model_1_seed_000.pdb,28.11
7098,bbarrel/single_seq/colab_att/TMB2.60_unrelaxed_rank_002_alphafold2_ptm_model_5_seed_000.pdb,69.69
7099,bbarrel/single_seq/colab_att/TMB2.34_unrelaxed_rank_005_alphafold2_ptm_model_3_seed_000.pdb,28.0
7100,bbarrel/single_seq/colab_att/HBI_b_37_unrelaxed_rank_001_alphafold2_ptm_model_2_seed_000.pdb,89.14
7101,bbarrel/single_seq/colab_att/TMB2.51_unrelaxed_rank_001_alphafold2_ptm_model_4_seed_000.pdb,72.11
7102,bbarrel/single_seq/colab_att/HBI_b_37_unrelaxed_rank_003_alphafold2_ptm_model_4_seed_000.pdb,85.03
7103,bbarrel/single_seq/colab_att/TMB2.56_unrelaxed_rank_003_alphafold2_ptm_model_1_seed_000.pdb,31.41
7104,bbarrel/single_seq/colab_att/TMB2.2_unrelaxed_rank_004_alphafold2_ptm_model_3_seed_000.pdb,30.72
7105,bbarrel/single_seq/colab_att/TMB2.19_unrelaxed_rank_003_alphafold2_ptm_model_1_seed_000.pdb,39.44
7106,bbarrel/single_seq/colab_att/TMB2.56_unrelaxed_rank_005_alphafold2_ptm_model_5_seed_000.pdb,26.97
7107,bbarrel/single_seq/colab_att/TMB2.83_unrelaxed_rank_001_alphafold2_ptm_model_4_seed_000.pdb,82.71
7108,bbarrel/single_seq/colab_att/TMB2.82_unrelaxed_rank_004_alphafold2_ptm_model_5_seed_000.pdb,30.07
7109,bbarrel/single_seq/colab_att/HBI_b_25_unrelaxed_rank_005_alphafold2_ptm_model_4_seed_000.pdb,84.26
7110,bbarrel/single_seq/colab_att/TMB2.25_unrelaxed_rank_002_alphafold2_ptm_model_2_seed_000.pdb,33.66
7111,bbarrel/single_seq/colab_att/TMB2.63_unrelaxed_rank_003_alphafold2_ptm_model_2_seed_000.pdb,65.82
7112,bbarrel/single_seq/colab_att/TMB2.45_unrelaxed_rank_005_alphafold2_ptm_model_3_seed_000.pdb,31.92
7113,bbarrel/single_seq/colab_att/HBI_b_56_unrelaxed_rank_002_alphafold2_ptm_model_4_seed_000.pdb,86.23
7114,bbarrel/single_seq/colab_att/TMB2.41_unrelaxed_rank_005_alphafold2_ptm_model_3_seed_000.pdb,33.88
7115,bbarrel/single_seq/colab_att/TMB2.65_unrelaxed_rank_003_alphafold2_ptm_model_3_seed_000.pdb,31.12
7116,bbarrel/single_seq/colab_att/TMB2.66_unrelaxed_rank_005_alphafold2_ptm_model_3_seed_000.pdb,32.46
7117,bbarrel/single_seq/colab_att/TMB2.34_unrelaxed_rank_001_alphafold2_ptm_model_4_seed_000.pdb,71.37
7118,bbarrel/single_seq/colab_att/HBI_b_43_unrelaxed_rank_001_alphafold2_ptm_model_1_seed_000.pdb,86.54
7119,bbarrel/single_seq/colab_att/TMB2.43_unrelaxed_rank_005_alphafold2_ptm_model_1_seed_000.pdb,31.89
7120,bbarrel/single_seq/colab_att/HBI_b_21_unrelaxed_rank_001_alphafold2_ptm_model_4_seed_000.pdb,87.51
7121,bbarrel/single_seq/colab_att/HBI_b_17_unrelaxed_rank_004_alphafold2_ptm_model_5_seed_000.pdb,75.5
7122,bbarrel/single_seq/colab_att/TMB2.43_unrelaxed_rank_003_alphafold2_ptm_model_5_seed_000.pdb,35.94
7123,bbarrel/single_seq/colab_att/HBI_b_49_unrelaxed_rank_001_alphafold2_ptm_model_1_seed_000.pdb,89.53
7124,bbarrel/single_seq/colab_att/TMB2.22_unrelaxed_rank_004_alphafold2_ptm_model_2_seed_000.pdb,32.62
7125,bbarrel/single_seq/colab_att/TMB2.48_unrelaxed_rank_003_alphafold2_ptm_model_1_seed_000.pdb,30.24
7126,bbarrel/single_seq/colab_att/HBI_b_09_unrelaxed_rank_005_alphafold2_ptm_model_1_seed_000.pdb,84.32
7127,bbarrel/single_seq/colab_att/HBI_b_31_unrelaxed_rank_003_alphafold2_ptm_model_4_seed_000.pdb,80.8
7128,bbarrel/single_seq/colab_att/TMB2.54_unrelaxed_rank_003_alphafold2_ptm_model_1_seed_000.pdb,35.66
7129,bbarrel/single_seq/colab_att/TMB2.32_unrelaxed_rank_001_alphafold2_ptm_model_4_seed_000.pdb,67.66
7130,bbarrel/single_seq/colab_att/TMB2.80_unrelaxed_rank_004_alphafold2_ptm_model_1_seed_000.pdb,33.7
7131,bbarrel/single_seq/colab_att/TMB2.26_unrelaxed_rank_003_alphafold2_ptm_model_1_seed_000.pdb,29.98
7132,bbarrel/single_seq/colab_att/TMB2.73_unrelaxed_rank_005_alphafold2_ptm_model_3_seed_000.pdb,27.93
7133,bbarrel/single_seq/colab_att/TMB2.36_unrelaxed_rank_005_alphafold2_ptm_model_1_seed_000.pdb,27.85
7134,bbarrel/single_seq/colab_att/TMB2.8_unrelaxed_rank_001_alphafold2_ptm_model_2_seed_000.pdb,42.77
7135,bbarrel/single_seq/colab_att/HBI_b_45_unrelaxed_rank_002_alphafold2_ptm_model_1_seed_000.pdb,74.65
7136,bbarrel/single_seq/colab_att/TMB2.43_unrelaxed_rank_001_alphafold2_ptm_model_4_seed_000.pdb,86.6
7137,bbarrel/single_seq/colab_att/TMB2.74_unrelaxed_rank_001_alphafold2_ptm_model_4_seed_000.pdb,81.67
7138,bbarrel/single_seq/colab_att/HBI_b_39_unrelaxed_rank_002_alphafold2_ptm_model_5_seed_000.pdb,83.85
7139,bbarrel/single_seq/colab_att/TMB2.55_unrelaxed_rank_004_alphafold2_ptm_model_3_seed_000.pdb,28.42
7140,bbarrel/single_seq/colab_att/TMB2.84_unrelaxed_rank_003_alphafold2_ptm_model_2_seed_000.pdb,35.93
7141,bbarrel/single_seq/colab_att/TMB2.32_unrelaxed_rank_005_alphafold2_ptm_model_1_seed_000.pdb,28.92
7142,bbarrel/single_seq/colab_att/TMB2.68_unrelaxed_rank_001_alphafold2_ptm_model_4_seed_000.pdb,80.45
7143,bbarrel/single_seq/colab_att/TMB2.29_unrelaxed_rank_002_alphafold2_ptm_model_2_seed_000.pdb,38.1
7144,bbarrel/single_seq/colab_att/TMB2.85_unrelaxed_rank_005_alphafold2_ptm_model_3_seed_000.pdb,27.47
7145,bbarrel/single_seq/colab_att/HBI_b_41_unrelaxed_rank_005_alphafold2_ptm_model_2_seed_000.pdb,41.3
7146,bbarrel/single_seq/colab_att/HBI_b_02_unrelaxed_rank_004_alphafold2_ptm_model_4_seed_000.pdb,60.81
7147,bbarrel/single_seq/colab_att/TMB2.30_unrelaxed_rank_003_alphafold2_ptm_model_5_seed_000.pdb,31.68
7148,bbarrel/single_seq/colab_att/HBI_b_16_unrelaxed_rank_005_alphafold2_ptm_model_1_seed_000.pdb,67.18
7149,bbarrel/single_seq/colab_att/TMB2.18_unrelaxed_rank_001_alphafold2_ptm_model_4_seed_000.pdb,51.51
7150,bbarrel/single_seq/colab_att/HBI_b_15_unrelaxed_rank_003_alphafold2_ptm_model_2_seed_000.pdb,86.91
7151,bbarrel/single_seq/colab_att/HBI_b_17_unrelaxed_rank_002_alphafold2_ptm_model_4_seed_000.pdb,79.69
7152,bbarrel/single_seq/colab_att/TMB2.88_unrelaxed_rank_005_alphafold2_ptm_model_5_seed_000.pdb,35.12
7153,bbarrel/single_seq/colab_att/TMB2.81_unrelaxed_rank_001_alphafold2_ptm_model_4_seed_000.pdb,77.36
7154,bbarrel/single_seq/colab_att/HBI_b_03_unrelaxed_rank_005_alphafold2_ptm_model_2_seed_000.pdb,53.75
7155,bbarrel/single_seq/colab_att/HBI_b_28_unrelaxed_rank_002_alphafold2_ptm_model_2_seed_000.pdb,83.62
7156,bbarrel/single_seq/colab_att/TMB2.57_unrelaxed_rank_003_alphafold2_ptm_model_3_seed_000.pdb,31.09
7157,bbarrel/single_seq/colab_att/HBI_b_50_unrelaxed_rank_005_alphafold2_ptm_model_3_seed_000.pdb,61.79
7158,bbarrel/single_seq/colab_att/TMB2.75_unrelaxed_rank_004_alphafold2_ptm_model_1_seed_000.pdb,32.21
7159,bbarrel/single_seq/colab_att/HBI_b_09_unrelaxed_rank_003_alphafold2_ptm_model_2_seed_000.pdb,86.44
7160,bbarrel/single_seq/colab_att/TMB2.6_unrelaxed_rank_004_alphafold2_ptm_model_3_seed_000.pdb,28.85
7161,bbarrel/single_seq/colab_att/TMB2.67_unrelaxed_rank_004_alphafold2_ptm_model_5_seed_000.pdb,34.51
7162,bbarrel/single_seq/colab_att/TMB2.1_unrelaxed_rank_002_alphafold2_ptm_model_4_seed_000.pdb,31.03
7163,bbarrel/single_seq/colab_att/TMB2.62_unrelaxed_rank_004_alphafold2_ptm_model_5_seed_000.pdb,29.14
7164,bbarrel/single_seq/colab_att/TMB2.21_unrelaxed_rank_003_alphafold2_ptm_model_2_seed_000.pdb,33.53
7165,bbarrel/single_seq/colab_att/HBI_b_08_unrelaxed_rank_004_alphafold2_ptm_model_5_seed_000.pdb,74.72
7166,bbarrel/single_seq/colab_att/HBI_b_40_unrelaxed_rank_002_alphafold2_ptm_model_4_seed_000.pdb,83.94
7167,bbarrel/single_seq/colab_att/HBI_b_22_unrelaxed_rank_004_alphafold2_ptm_model_3_seed_000.pdb,87.61
7168,bbarrel/single_seq/colab_att/HBI_b_35_unrelaxed_rank_005_alphafold2_ptm_model_2_seed_000.pdb,57.78
7169,bbarrel/single_seq/colab_att/HBI_b_29_unrelaxed_rank_003_alphafold2_ptm_model_4_seed_000.pdb,82.92
7170,bbarrel/single_seq/colab_att/TMB2.9_unrelaxed_rank_003_alphafold2_ptm_model_2_seed_000.pdb,31.18
7171,bbarrel/single_seq/colab_att/TMB2.55_unrelaxed_rank_001_alphafold2_ptm_model_4_seed_000.pdb,31.47
7172,bbarrel/single_seq/colab_att/TMB2.62_unrelaxed_rank_001_alphafold2_ptm_model_4_seed_000.pdb,78.98
7173,bbarrel/single_seq/colab_att/TMB2.37_unrelaxed_rank_004_alphafold2_ptm_model_1_seed_000.pdb,35.84
7174,bbarrel/single_seq/colab_att/TMB2.51_unrelaxed_rank_003_alphafold2_ptm_model_3_seed_000.pdb,30.25
7175,bbarrel/single_seq/colab_att/HBI_b_16_unrelaxed_rank_004_alphafold2_ptm_model_2_seed_000.pdb,76.31
7176,bbarrel/single_seq/colab_att/HBI_b_04_unrelaxed_rank_002_alphafold2_ptm_model_3_seed_000.pdb,74.62
7177,bbarrel/single_seq/colab_att/HBI_b_20_unrelaxed_rank_001_alphafold2_ptm_model_4_seed_000.pdb,84.76
7178,bbarrel/single_seq/colab_att/HBI_b_44_unrelaxed_rank_002_alphafold2_ptm_model_2_seed_000.pdb,84.38
7179,bbarrel/single_seq/colab_att/TMB2.20_unrelaxed_rank_003_alphafold2_ptm_model_1_seed_000.pdb,29.65
7180,bbarrel/single_seq/colab_att/TMB2.50_unrelaxed_rank_001_alphafold2_ptm_model_2_seed_000.pdb,38.48
7181,bbarrel/single_seq/colab_att/HBI_b_14_unrelaxed_rank_005_alphafold2_ptm_model_2_seed_000.pdb,62.54
7182,bbarrel/single_seq/colab_att/TMB2.49_unrelaxed_rank_005_alphafold2_ptm_model_1_seed_000.pdb,29.23
7183,bbarrel/single_seq/colab_att/HBI_b_23_unrelaxed_rank_003_alphafold2_ptm_model_4_seed_000.pdb,83.82
7184,bbarrel/single_seq/colab_att/TMB2.59_unrelaxed_rank_004_alphafold2_ptm_model_3_seed_000.pdb,40.28
7185,bbarrel/single_seq/colab_att/TMB2.36_unrelaxed_rank_002_alphafold2_ptm_model_2_seed_000.pdb,34.12
7186,bbarrel/single_seq/colab_att/HBI_b_03_unrelaxed_rank_001_alphafold2_ptm_model_5_seed_000.pdb,80.52
7187,bbarrel/single_seq/colab_att/TMB2.56_unrelaxed_rank_004_alphafold2_ptm_model_3_seed_000.pdb,31.33
7188,bbarrel/single_seq/colab_att/TMB2.42_unrelaxed_rank_003_alphafold2_ptm_model_5_seed_000.pdb,31.91
7189,bbarrel/single_seq/colab_att/TMB2.59_unrelaxed_rank_002_alphafold2_ptm_model_2_seed_000.pdb,68.57
7190,bbarrel/single_seq/colab_att/TMB2.66_unrelaxed_rank_001_alphafold2_ptm_model_4_seed_000.pdb,63.53
7191,bbarrel/single_seq/colab_att/TMB2.49_unrelaxed_rank_003_alphafold2_ptm_model_5_seed_000.pdb,31.75
7192,bbarrel/single_seq/colab_att/TMB2.34_unrelaxed_rank_004_alphafold2_ptm_model_1_seed_000.pdb,32.16
7193,bbarrel/single_seq/colab_att/TMB2.57_unrelaxed_rank_002_alphafold2_ptm_model_2_seed_000.pdb,40.48
7194,bbarrel/single_seq/colab_att/TMB2.66_unrelaxed_rank_003_alphafold2_ptm_model_1_seed_000.pdb,34.69
7195,bbarrel/single_seq/colab_att/TMB2.57_unrelaxed_rank_005_alphafold2_ptm_model_5_seed_000.pdb,28.14
7196,bbarrel/single_seq/colab_att/TMB2.79_unrelaxed_rank_004_alphafold2_ptm_model_3_seed_000.pdb,35.1
7197,bbarrel/single_seq/colab_att/TMB2.24_unrelaxed_rank_002_alphafold2_ptm_model_1_seed_000.pdb,46.93
7198,bbarrel/single_seq/colab_att/HBI_b_02_unrelaxed_rank_001_alphafold2_ptm_model_1_seed_000.pdb,84.23
7199,bbarrel/single_seq/colab_att/TMB2.7_unrelaxed_rank_004_alphafold2_ptm_model_1_seed_000.pdb,29.57
7200,bbarrel/single_seq/colab_att/TMB2.19_unrelaxed_rank_001_alphafold2_ptm_model_4_seed_000.pdb,79.5
7201,bbarrel/single_seq/colab_att/HBI_b_43_unrelaxed_rank_005_alphafold2_ptm_model_3_seed_000.pdb,57.61
7202,bbarrel/single_seq/colab_att/HBI_b_02_unrelaxed_rank_005_alphafold2_ptm_model_2_seed_000.pdb,35.93
7203,bbarrel/single_seq/colab_att/TMB2.44_unrelaxed_rank_002_alphafold2_ptm_model_2_seed_000.pdb,50.12
7204,bbarrel/single_seq/colab_att/HBI_b_32_unrelaxed_rank_004_alphafold2_ptm_model_3_seed_000.pdb,88.68
7205,bbarrel/single_seq/colab_att/TMB2.48_unrelaxed_rank_004_alphafold2_ptm_model_5_seed_000.pdb,29.51
7206,bbarrel/single_seq/colab_att/HBI_b_01_unrelaxed_rank_001_alphafold2_ptm_model_1_seed_000.pdb,87.63
7207,bbarrel/single_seq/colab_att/HBI_b_55_unrelaxed_rank_005_alphafold2_ptm_model_4_seed_000.pdb,73.09
7208,bbarrel/single_seq/colab_att/HBI_b_32_unrelaxed_rank_005_alphafold2_ptm_model_4_seed_000.pdb,88.29
7209,bbarrel/single_seq/colab_att/TMB2.38_unrelaxed_rank_005_alphafold2_ptm_model_3_seed_000.pdb,28.97
7210,bbarrel/single_seq/colab_att/TMB2.68_unrelaxed_rank_002_alphafold2_ptm_model_2_seed_000.pdb,40.88
7211,bbarrel/single_seq/colab_att/TMB2.89_unrelaxed_rank_003_alphafold2_ptm_model_5_seed_000.pdb,35.47
7212,bbarrel/single_seq/colab_att/TMB2.54_unrelaxed_rank_004_alphafold2_ptm_model_5_seed_000.pdb,34.63
7213,bbarrel/single_seq/colab_att/TMB2.81_unrelaxed_rank_005_alphafold2_ptm_model_3_seed_000.pdb,28.2
7214,bbarrel/single_seq/colab_att/TMB2.52_unrelaxed_rank_002_alphafold2_ptm_model_5_seed_000.pdb,47.4
7215,bbarrel/single_seq/colab_att/HBI_b_13_unrelaxed_rank_001_alphafold2_ptm_model_1_seed_000.pdb,83.74
7216,bbarrel/single_seq/colab_att/HBI_b_38_unrelaxed_rank_003_alphafold2_ptm_model_5_seed_000.pdb,84.58
7217,bbarrel/single_seq/colab_att/TMB2.80_unrelaxed_rank_003_alphafold2_ptm_model_5_seed_000.pdb,35.13
7218,bbarrel/single_seq/colab_att/HBI_b_26_unrelaxed_rank_003_alphafold2_ptm_model_3_seed_000.pdb,89.75
7219,bbarrel/single_seq/colab_att/TMB2.88_unrelaxed_rank_004_alphafold2_ptm_model_3_seed_000.pdb,37.19
7220,bbarrel/single_seq/colab_att/TMB2.30_unrelaxed_rank_005_alphafold2_ptm_model_3_seed_000.pdb,29.5
7221,bbarrel/single_seq/colab_att/TMB2.76_unrelaxed_rank_001_alphafold2_ptm_model_4_seed_000.pdb,89.81
7222,bbarrel/single_seq/colab_att/TMB2.26_unrelaxed_rank_002_alphafold2_ptm_model_5_seed_000.pdb,30.88
7223,bbarrel/single_seq/colab_att/TMB2.34_unrelaxed_rank_002_alphafold2_ptm_model_2_seed_000.pdb,38.19
7224,bbarrel/single_seq/colab_att/TMB2.49_unrelaxed_rank_002_alphafold2_ptm_model_2_seed_000.pdb,32.8
7225,bbarrel/single_seq/colab_att/TMB2.24_unrelaxed_rank_005_alphafold2_ptm_model_2_seed_000.pdb,42.14
7226,bbarrel/single_seq/colab_att/TMB2.11_unrelaxed_rank_001_alphafold2_ptm_model_4_seed_000.pdb,73.19
7227,bbarrel/single_seq/colab_att/TMB2.77_unrelaxed_rank_004_alphafold2_ptm_model_1_seed_000.pdb,31.91
7228,bbarrel/single_seq/colab_att/TMB2.23_unrelaxed_rank_001_alphafold2_ptm_model_4_seed_000.pdb,75.77
7229,bbarrel/single_seq/colab_att/TMB2.79_unrelaxed_rank_002_alphafold2_ptm_model_2_seed_000.pdb,67.75
7230,bbarrel/single_seq/colab_att/TMB2.37_unrelaxed_rank_003_alphafold2_ptm_model_2_seed_000.pdb,42.29
7231,bbarrel/single_seq/colab_att/HBI_b_49_unrelaxed_rank_002_alphafold2_ptm_model_4_seed_000.pdb,88.77
7232,bbarrel/single_seq/colab_att/HBI_b_21_unrelaxed_rank_004_alphafold2_ptm_model_3_seed_000.pdb,84.84
7233,bbarrel/single_seq/colab_att/TMB2.5_unrelaxed_rank_002_alphafold2_ptm_model_5_seed_000.pdb,37.07
7234,bbarrel/single_seq/colab_att/TMB2.60_unrelaxed_rank_001_alphafold2_ptm_model_4_seed_000.pdb,84.32
7235,bbarrel/single_seq/colab_att/TMB2.27_unrelaxed_rank_001_alphafold2_ptm_model_4_seed_000.pdb,36.95
7236,bbarrel/single_seq/colab_att/TMB2.37_unrelaxed_rank_001_alphafold2_ptm_model_4_seed_000.pdb,62.16
7237,bbarrel/single_seq/colab_att/HBI_b_23_unrelaxed_rank_001_alphafold2_ptm_model_1_seed_000.pdb,88.18
7238,bbarrel/single_seq/colab_att/TMB2.25_unrelaxed_rank_003_alphafold2_ptm_model_1_seed_000.pdb,30.45
7239,bbarrel/single_seq/colab_att/TMB2.23_unrelaxed_rank_004_alphafold2_ptm_model_1_seed_000.pdb,27.22
7240,bbarrel/single_seq/colab_att/TMB2.76_unrelaxed_rank_003_alphafold2_ptm_model_5_seed_000.pdb,33.46
7241,bbarrel/single_seq/colab_att/HBI_b_29_unrelaxed_rank_001_alphafold2_ptm_model_1_seed_000.pdb,84.33
7242,bbarrel/single_seq/colab_att/TMB2.11_unrelaxed_rank_003_alphafold2_ptm_model_3_seed_000.pdb,33.64
7243,bbarrel/single_seq/colab_att/TMB2.18_unrelaxed_rank_005_alphafold2_ptm_model_3_seed_000.pdb,32.98
7244,bbarrel/single_seq/colab_att/TMB2.62_unrelaxed_rank_002_alphafold2_ptm_model_2_seed_000.pdb,39.6
7245,bbarrel/single_seq/colab_att/HBI_b_34_unrelaxed_rank_001_alphafold2_ptm_model_4_seed_000.pdb,79.45
7246,bbarrel/single_seq/colab_att/TMB2.19_unrelaxed_rank_005_alphafold2_ptm_model_3_seed_000.pdb,30.53
7247,bbarrel/single_seq/colab_att/TMB2.59_unrelaxed_rank_001_alphafold2_ptm_model_4_seed_000.pdb,85.15
7248,bbarrel/single_seq/colab_att/HBI_b_40_unrelaxed_rank_005_alphafold2_ptm_model_3_seed_000.pdb,62.19
7249,bbarrel/single_seq/colab_att/HBI_b_08_unrelaxed_rank_005_alphafold2_ptm_model_2_seed_000.pdb,70.87
7250,bbarrel/single_seq/colab_att/HBI_b_38_unrelaxed_rank_001_alphafold2_ptm_model_1_seed_000.pdb,86.8
7251,bbarrel/single_seq/colab_att/HBI_b_21_unrelaxed_rank_005_alphafold2_ptm_model_2_seed_000.pdb,82.03
7252,bbarrel/single_seq/colab_att/TMB2.42_unrelaxed_rank_002_alphafold2_ptm_model_2_seed_000.pdb,33.46
7253,bbarrel/single_seq/colab_att/TMB2.7_unrelaxed_rank_003_alphafold2_ptm_model_3_seed_000.pdb,29.78
7254,bbarrel/single_seq/colab_att/TMB2.35_unrelaxed_rank_004_alphafold2_ptm_model_4_seed_000.pdb,34.85
7255,bbarrel/single_seq/colab_att/TMB2.36_unrelaxed_rank_004_alphafold2_ptm_model_5_seed_000.pdb,31.65
7256,bbarrel/single_seq/colab_att/TMB2.72_unrelaxed_rank_001_alphafold2_ptm_model_4_seed_000.pdb,69.52
7257,bbarrel/single_seq/colab_att/TMB2.73_unrelaxed_rank_002_alphafold2_ptm_model_1_seed_000.pdb,34.01
7258,bbarrel/single_seq/colab_att/HBI_b_23_unrelaxed_rank_005_alphafold2_ptm_model_3_seed_000.pdb,77.88
7259,bbarrel/single_seq/colab_att/TMB2.85_unrelaxed_rank_003_alphafold2_ptm_model_2_seed_000.pdb,34.28
7260,bbarrel/single_seq/colab_att/HBI_b_10_unrelaxed_rank_001_alphafold2_ptm_model_2_seed_000.pdb,89.88
7261,bbarrel/single_seq/colab_att/HBI_b_53_unrelaxed_rank_001_alphafold2_ptm_model_3_seed_000.pdb,87.19
7262,bbarrel/single_seq/colab_att/TMB2.31_unrelaxed_rank_001_alphafold2_ptm_model_4_seed_000.pdb,86.28
7263,bbarrel/single_seq/colab_att/HBI_b_13_unrelaxed_rank_004_alphafold2_ptm_model_3_seed_000.pdb,79.55
7264,bbarrel/single_seq/colab_att/TMB2.80_unrelaxed_rank_002_alphafold2_ptm_model_2_seed_000.pdb,40.2
7265,bbarrel/single_seq/colab_att/TMB2.50_unrelaxed_rank_002_alphafold2_ptm_model_4_seed_000.pdb,35.42
7266,bbarrel/single_seq/colab_att/TMB2.79_unrelaxed_rank_003_alphafold2_ptm_model_5_seed_000.pdb,45.67
7267,bbarrel/single_seq/colab_att/TMB2.87_unrelaxed_rank_005_alphafold2_ptm_model_3_seed_000.pdb,29.34
7268,bbarrel/single_seq/colab_att/TMB2.3_unrelaxed_rank_001_alphafold2_ptm_model_5_seed_000.pdb,44.82
7269,bbarrel/single_seq/colab_att/TMB2.42_unrelaxed_rank_005_alphafold2_ptm_model_3_seed_000.pdb,28.91
7270,bbarrel/single_seq/colab_att/HBI_b_41_unrelaxed_rank_003_alphafold2_ptm_model_3_seed_000.pdb,55.68
7271,bbarrel/single_seq/colab_att/TMB2.2_unrelaxed_rank_001_alphafold2_ptm_model_4_seed_000.pdb,66.91
7272,bbarrel/single_seq/colab_att/TMB2.71_unrelaxed_rank_003_alphafold2_ptm_model_1_seed_000.pdb,35.54
7273,bbarrel/single_seq/colab_att/TMB2.32_unrelaxed_rank_004_alphafold2_ptm_model_3_seed_000.pdb,31.7
7274,bbarrel/single_seq/colab_att/HBI_b_46_unrelaxed_rank_003_alphafold2_ptm_model_4_seed_000.pdb,67.19
7275,bbarrel/single_seq/colab_att/TMB2.48_unrelaxed_rank_001_alphafold2_ptm_model_4_seed_000.pdb,33.67
7276,bbarrel/single_seq/colab_att/TMB2.12_unrelaxed_rank_003_alphafold2_ptm_model_5_seed_000.pdb,32.48
7277,bbarrel/single_seq/colab_att/HBI_b_44_unrelaxed_rank_001_alphafold2_ptm_model_1_seed_000.pdb,86.37
7278,bbarrel/single_seq/colab_att/TMB2.30_unrelaxed_rank_002_alphafold2_ptm_model_2_seed_000.pdb,35.01
7279,bbarrel/single_seq/colab_att/HBI_b_39_unrelaxed_rank_001_alphafold2_ptm_model_4_seed_000.pdb,83.89
7280,bbarrel/single_seq/colab_att/HBI_b_53_unrelaxed_rank_003_alphafold2_ptm_model_4_seed_000.pdb,86.86
7281,bbarrel/single_seq/colab_att/HBI_b_15_unrelaxed_rank_002_alphafold2_ptm_model_5_seed_000.pdb,88.1
7282,bbarrel/single_seq/colab_att/TMB2.64_unrelaxed_rank_003_alphafold2_ptm_model_1_seed_000.pdb,31.9
7283,bbarrel/single_seq/colab_att/TMB2.39_unrelaxed_rank_002_alphafold2_ptm_model_2_seed_000.pdb,33.36
7284,bbarrel/single_seq/colab_att/TMB2.84_unrelaxed_rank_001_alphafold2_ptm_model_4_seed_000.pdb,60.21
7285,bbarrel/single_seq/colab_att/TMB2.2_unrelaxed_rank_003_alphafold2_ptm_model_5_seed_000.pdb,34.62
7286,bbarrel/single_seq/colab_att/HBI_b_17_unrelaxed_rank_003_alphafold2_ptm_model_3_seed_000.pdb,75.69
7287,bbarrel/single_seq/colab_att/HBI_b_08_unrelaxed_rank_001_alphafold2_ptm_model_4_seed_000.pdb,86.6
7288,bbarrel/single_seq/colab_att/HBI_b_04_unrelaxed_rank_004_alphafold2_ptm_model_1_seed_000.pdb,70.13
7289,bbarrel/single_seq/colab_att/HBI_b_08_unrelaxed_rank_002_alphafold2_ptm_model_1_seed_000.pdb,84.02
7290,bbarrel/single_seq/colab_att/HBI_b_07_unrelaxed_rank_002_alphafold2_ptm_model_2_seed_000.pdb,87.93
7291,bbarrel/single_seq/colab_att/TMB2.44_unrelaxed_rank_005_alphafold2_ptm_model_3_seed_000.pdb,29.47
7292,bbarrel/single_seq/colab_att/TMB2.67_unrelaxed_rank_003_alphafold2_ptm_model_3_seed_000.pdb,35.02
7293,bbarrel/single_seq/colab_att/TMB2.4_unrelaxed_rank_005_alphafold2_ptm_model_5_seed_000.pdb,28.63
7294,bbarrel/single_seq/colab_att/TMB2.58_unrelaxed_rank_002_alphafold2_ptm_model_2_seed_000.pdb,40.58
7295,bbarrel/single_seq/colab_att/HBI_b_35_unrelaxed_rank_004_alphafold2_ptm_model_4_seed_000.pdb,57.93
7296,bbarrel/single_seq/colab_att/TMB2.78_unrelaxed_rank_001_alphafold2_ptm_model_2_seed_000.pdb,38.43
7297,bbarrel/single_seq/colab_att/TMB2.47_unrelaxed_rank_002_alphafold2_ptm_model_2_seed_000.pdb,32.86
7298,bbarrel/single_seq/colab_att/TMB2.65_unrelaxed_rank_002_alphafold2_ptm_model_2_seed_000.pdb,40.26
7299,bbarrel/single_seq/colab_att/HBI_b_03_unrelaxed_rank_002_alphafold2_ptm_model_4_seed_000.pdb,77.19
7300,bbarrel/single_seq/colab_att/TMB2.29_unrelaxed_rank_005_alphafold2_ptm_model_1_seed_000.pdb,29.9
7301,bbarrel/single_seq/colab_att/TMB2.4_unrelaxed_rank_003_alphafold2_ptm_model_3_seed_000.pdb,29.94
7302,bbarrel/single_seq/colab_att/TMB2.73_unrelaxed_rank_004_alphafold2_ptm_model_4_seed_000.pdb,31.02
7303,bbarrel/single_seq/colab_att/TMB2.78_unrelaxed_rank_005_alphafold2_ptm_model_3_seed_000.pdb,28.78
7304,bbarrel/single_seq/colab_att/HBI_b_02_unrelaxed_rank_003_alphafold2_ptm_model_3_seed_000.pdb,83.5
7305,bbarrel/single_seq/colab_att/HBI_b_38_unrelaxed_rank_005_alphafold2_ptm_model_2_seed_000.pdb,82.07
7306,bbarrel/single_seq/colab_att/HBI_b_26_unrelaxed_rank_002_alphafold2_ptm_model_2_seed_000.pdb,89.87
7307,bbarrel/single_seq/colab_att/TMB2.79_unrelaxed_rank_005_alphafold2_ptm_model_1_seed_000.pdb,33.98
7308,bbarrel/single_seq/colab_att/TMB2.77_unrelaxed_rank_003_alphafold2_ptm_model_5_seed_000.pdb,33.55
7309,bbarrel/single_seq/colab_att/TMB2.8_unrelaxed_rank_003_alphafold2_ptm_model_4_seed_000.pdb,33.74
7310,bbarrel/single_seq/colab_att/TMB2.37_unrelaxed_rank_005_alphafold2_ptm_model_3_seed_000.pdb,34.91
7311,bbarrel/single_seq/colab_att/TMB2.33_unrelaxed_rank_005_alphafold2_ptm_model_5_seed_000.pdb,28.2
7312,bbarrel/single_seq/colab_att/HBI_b_19_unrelaxed_rank_005_alphafold2_ptm_model_5_seed_000.pdb,72.59
7313,bbarrel/single_seq/colab_att/TMB2.89_unrelaxed_rank_001_alphafold2_ptm_model_2_seed_000.pdb,42.7
7314,bbarrel/single_seq/colab_att/TMB2.42_unrelaxed_rank_001_alphafold2_ptm_model_4_seed_000.pdb,66.84
7315,bbarrel/single_seq/colab_att/HBI_b_41_unrelaxed_rank_001_alphafold2_ptm_model_1_seed_000.pdb,81.54
7316,bbarrel/single_seq/colab_att/TMB2.64_unrelaxed_rank_004_alphafold2_ptm_model_5_seed_000.pdb,30.57
7317,bbarrel/single_seq/colab_att/HBI_b_22_unrelaxed_rank_001_alphafold2_ptm_model_5_seed_000.pdb,91.26
7318,bbarrel/single_seq/colab_att/HBI_b_20_unrelaxed_rank_004_alphafold2_ptm_model_5_seed_000.pdb,80.76
7319,bbarrel/single_seq/colab_att/TMB2.6_unrelaxed_rank_005_alphafold2_ptm_model_1_seed_000.pdb,27.18
7320,bbarrel/single_seq/colab_att/TMB2.5_unrelaxed_rank_003_alphafold2_ptm_model_2_seed_000.pdb,35.86
7321,bbarrel/single_seq/colab_att/TMB2.66_unrelaxed_rank_002_alphafold2_ptm_model_2_seed_000.pdb,43.38
7322,bbarrel/single_seq/colab_att/TMB2.37_unrelaxed_rank_002_alphafold2_ptm_model_5_seed_000.pdb,53.51
7323,bbarrel/single_seq/colab_att/TMB2.83_unrelaxed_rank_004_alphafold2_ptm_model_5_seed_000.pdb,42.16
7324,bbarrel/single_seq/colab_att/HBI_b_04_unrelaxed_rank_003_alphafold2_ptm_model_5_seed_000.pdb,73.97
7325,bbarrel/single_seq/colab_att/TMB2.27_unrelaxed_rank_004_alphafold2_ptm_model_1_seed_000.pdb,30.11
7326,bbarrel/single_seq/colab_att/TMB2.87_unrelaxed_rank_002_alphafold2_ptm_model_4_seed_000.pdb,41.73
7327,bbarrel/single_seq/colab_att/HBI_b_34_unrelaxed_rank_003_alphafold2_ptm_model_1_seed_000.pdb,79.31
7328,bbarrel/single_seq/colab_att/HBI_b_27_unrelaxed_rank_005_alphafold2_ptm_model_2_seed_000.pdb,67.37
7329,bbarrel/single_seq/colab_att/TMB2.31_unrelaxed_rank_002_alphafold2_ptm_model_5_seed_000.pdb,61.82
7330,bbarrel/single_seq/colab_att/TMB2.47_unrelaxed_rank_005_alphafold2_ptm_model_1_seed_000.pdb,28.57
7331,bbarrel/single_seq/colab_att/TMB2.39_unrelaxed_rank_003_alphafold2_ptm_model_1_seed_000.pdb,31.41
7332,bbarrel/single_seq/colab_att/TMB2.52_unrelaxed_rank_004_alphafold2_ptm_model_1_seed_000.pdb,32.94
7333,bbarrel/single_seq/colab_att/HBI_b_14_unrelaxed_rank_002_alphafold2_ptm_model_5_seed_000.pdb,87.11
7334,bbarrel/single_seq/colab_att/HBI_b_46_unrelaxed_rank_002_alphafold2_ptm_model_3_seed_000.pdb,69.3
7335,bbarrel/single_seq/colab_att/TMB2.72_unrelaxed_rank_003_alphafold2_ptm_model_5_seed_000.pdb,30.88
7336,bbarrel/single_seq/colab_att/TMB2.33_unrelaxed_rank_004_alphafold2_ptm_model_3_seed_000.pdb,31.66
7337,bbarrel/single_seq/colab_att/TMB2.60_unrelaxed_rank_005_alphafold2_ptm_model_3_seed_000.pdb,30.99
7338,bbarrel/single_seq/colab_att/TMB2.21_unrelaxed_rank_004_alphafold2_ptm_model_1_seed_000.pdb,29.69
7339,bbarrel/single_seq/colab_att/TMB2.54_unrelaxed_rank_001_alphafold2_ptm_model_2_seed_000.pdb,42.24
7340,bbarrel/single_seq/colab_att/HBI_b_38_unrelaxed_rank_004_alphafold2_ptm_model_3_seed_000.pdb,83.81
7341,bbarrel/single_seq/colab_att/TMB2.67_unrelaxed_rank_002_alphafold2_ptm_model_2_seed_000.pdb,35.64
7342,bbarrel/single_seq/colab_att/TMB2.12_unrelaxed_rank_001_alphafold2_ptm_model_2_seed_000.pdb,34.44
7343,bbarrel/single_seq/colab_att/TMB2.15_unrelaxed_rank_003_alphafold2_ptm_model_5_seed_000.pdb,32.27
7344,bbarrel/single_seq/colab_att/HBI_b_49_unrelaxed_rank_004_alphafold2_ptm_model_5_seed_000.pdb,87.88
7345,bbarrel/single_seq/colab_att/TMB2.54_unrelaxed_rank_002_alphafold2_ptm_model_4_seed_000.pdb,41.3
7346,bbarrel/single_seq/colab_att/TMB2.80_unrelaxed_rank_001_alphafold2_ptm_model_4_seed_000.pdb,62.46
7347,bbarrel/single_seq/colab_att/HBI_b_49_unrelaxed_rank_005_alphafold2_ptm_model_3_seed_000.pdb,87.3
7348,bbarrel/single_seq/colab_att/TMB2.27_unrelaxed_rank_003_alphafold2_ptm_model_5_seed_000.pdb,31.45
7349,bbarrel/single_seq/colab_att/TMB2.35_unrelaxed_rank_002_alphafold2_ptm_model_2_seed_000.pdb,40.98
7350,bbarrel/single_seq/colab_att/HBI_b_34_unrelaxed_rank_005_alphafold2_ptm_model_5_seed_000.pdb,66.23
7351,bbarrel/single_seq/colab_att/TMB2.70_unrelaxed_rank_003_alphafold2_ptm_model_2_seed_000.pdb,32.1
7352,bbarrel/single_seq/colab_att/TMB2.82_unrelaxed_rank_001_alphafold2_ptm_model_4_seed_000.pdb,85.41
7353,bbarrel/single_seq/colab_att/TMB2.45_unrelaxed_rank_002_alphafold2_ptm_model_5_seed_000.pdb,64.01
7354,bbarrel/single_seq/colab_att/TMB2.22_unrelaxed_rank_002_alphafold2_ptm_model_5_seed_000.pdb,58.69
7355,bbarrel/single_seq/colab_att/TMB2.76_unrelaxed_rank_005_alphafold2_ptm_model_3_seed_000.pdb,30.71
7356,bbarrel/single_seq/colab_att/TMB2.12_unrelaxed_rank_004_alphafold2_ptm_model_1_seed_000.pdb,32.3
7357,bbarrel/single_seq/colab_att/TMB2.69_unrelaxed_rank_001_alphafold2_ptm_model_4_seed_000.pdb,68.0
7358,bbarrel/single_seq/colab_att/TMB2.81_unrelaxed_rank_003_alphafold2_ptm_model_5_seed_000.pdb,30.71
7359,bbarrel/single_seq/colab_att/TMB2.71_unrelaxed_rank_004_alphafold2_ptm_model_4_seed_000.pdb,35.52
7360,bbarrel/single_seq/colab_att/HBI_b_40_unrelaxed_rank_001_alphafold2_ptm_model_1_seed_000.pdb,87.68
7361,bbarrel/single_seq/colab_att/TMB2.85_unrelaxed_rank_002_alphafold2_ptm_model_5_seed_000.pdb,37.76
7362,bbarrel/single_seq/colab_att/TMB2.3_unrelaxed_rank_005_alphafold2_ptm_model_1_seed_000.pdb,29.4
7363,bbarrel/single_seq/colab_att/TMB2.30_unrelaxed_rank_004_alphafold2_ptm_model_1_seed_000.pdb,30.68
7364,bbarrel/single_seq/colab_att/HBI_b_46_unrelaxed_rank_001_alphafold2_ptm_model_1_seed_000.pdb,72.45
7365,bbarrel/single_seq/colab_att/TMB2.27_unrelaxed_rank_005_alphafold2_ptm_model_3_seed_000.pdb,28.64
7366,bbarrel/single_seq/colab_att/TMB2.45_unrelaxed_rank_003_alphafold2_ptm_model_2_seed_000.pdb,44.48
7367,bbarrel/single_seq/colab_att/TMB2.58_unrelaxed_rank_003_alphafold2_ptm_model_5_seed_000.pdb,37.97
7368,bbarrel/single_seq/colab_att/HBI_b_29_unrelaxed_rank_002_alphafold2_ptm_model_3_seed_000.pdb,82.97
7369,bbarrel/single_seq/colab_att/HBI_b_32_unrelaxed_rank_003_alphafold2_ptm_model_1_seed_000.pdb,89.2
7370,bbarrel/single_seq/colab_att/TMB2.6_unrelaxed_rank_001_alphafold2_ptm_model_4_seed_000.pdb,40.31
7371,bbarrel/single_seq/colab_att/TMB2.22_unrelaxed_rank_001_alphafold2_ptm_model_4_seed_000.pdb,84.74
7372,bbarrel/single_seq/colab_att/TMB2.28_unrelaxed_rank_001_alphafold2_ptm_model_4_seed_000.pdb,74.21
7373,bbarrel/single_seq/colab_att/HBI_b_31_unrelaxed_rank_004_alphafold2_ptm_model_2_seed_000.pdb,77.36
7374,bbarrel/single_seq/colab_att/TMB2.20_unrelaxed_rank_002_alphafold2_ptm_model_5_seed_000.pdb,36.86
7375,bbarrel/single_seq/colab_att/TMB2.77_unrelaxed_rank_001_alphafold2_ptm_model_4_seed_000.pdb,79.32
7376,bbarrel/single_seq/colab_att/TMB2.14_unrelaxed_rank_001_alphafold2_ptm_model_4_seed_000.pdb,58.17
7377,bbarrel/single_seq/colab_att/TMB2.72_unrelaxed_rank_004_alphafold2_ptm_model_1_seed_000.pdb,28.5
7378,bbarrel/single_seq/colab_att/HBI_b_07_unrelaxed_rank_005_alphafold2_ptm_model_3_seed_000.pdb,85.4
7379,bbarrel/single_seq/colab_att/HBI_b_20_unrelaxed_rank_005_alphafold2_ptm_model_2_seed_000.pdb,80.49
7380,bbarrel/single_seq/colab_att/HBI_b_43_unrelaxed_rank_004_alphafold2_ptm_model_5_seed_000.pdb,73.19
7381,bbarrel/single_seq/colab_att/TMB2.19_unrelaxed_rank_002_alphafold2_ptm_model_5_seed_000.pdb,47.99
7382,bbarrel/single_seq/colab_att/TMB2.50_unrelaxed_rank_005_alphafold2_ptm_model_3_seed_000.pdb,29.83
7383,bbarrel/single_seq/colab_att/TMB2.73_unrelaxed_rank_001_alphafold2_ptm_model_2_seed_000.pdb,35.81
7384,bbarrel/single_seq/colab_att/TMB2.27_unrelaxed_rank_002_alphafold2_ptm_model_2_seed_000.pdb,33.28
7385,bbarrel/single_seq/colab_att/HBI_b_28_unrelaxed_rank_003_alphafold2_ptm_model_4_seed_000.pdb,82.35
7386,bbarrel/single_seq/colab_att/TMB2.31_unrelaxed_rank_005_alphafold2_ptm_model_1_seed_000.pdb,29.51
7387,bbarrel/single_seq/colab_att/HBI_b_01_unrelaxed_rank_005_alphafold2_ptm_model_3_seed_000.pdb,59.03
7388,bbarrel/single_seq/colab_att/HBI_b_25_unrelaxed_rank_001_alphafold2_ptm_model_2_seed_000.pdb,89.43
7389,bbarrel/single_seq/colab_att/HBI_b_35_unrelaxed_rank_003_alphafold2_ptm_model_3_seed_000.pdb,62.71
7390,bbarrel/single_seq/colab_att/HBI_b_23_unrelaxed_rank_002_alphafold2_ptm_model_2_seed_000.pdb,86.28
7391,bbarrel/single_seq/colab_att/TMB2.54_unrelaxed_rank_005_alphafold2_ptm_model_3_seed_000.pdb,33.91
7392,bbarrel/single_seq/colab_att/HBI_b_45_unrelaxed_rank_005_alphafold2_ptm_model_2_seed_000.pdb,44.95
7393,bbarrel/single_seq/colab_att/TMB2.17_unrelaxed_rank_002_alphafold2_ptm_model_2_seed_000.pdb,40.61
7394,bbarrel/single_seq/colab_att/TMB2.22_unrelaxed_rank_003_alphafold2_ptm_model_3_seed_000.pdb,36.51
7395,bbarrel/single_seq/colab_att/HBI_b_26_unrelaxed_rank_004_alphafold2_ptm_model_4_seed_000.pdb,89.11
7396,bbarrel/single_seq/colab_att/HBI_b_55_unrelaxed_rank_003_alphafold2_ptm_model_3_seed_000.pdb,75.97
7397,bbarrel/single_seq/colab_att/TMB2.18_unrelaxed_rank_003_alphafold2_ptm_model_1_seed_000.pdb,36.12
7398,bbarrel/single_seq/colab_att/HBI_b_53_unrelaxed_rank_005_alphafold2_ptm_model_2_seed_000.pdb,86.47
7399,bbarrel/single_seq/colab_att/TMB2.56_unrelaxed_rank_002_alphafold2_ptm_model_4_seed_000.pdb,32.41
7400,bbarrel/single_seq/colab_att/TMB2.63_unrelaxed_rank_005_alphafold2_ptm_model_3_seed_000.pdb,31.72
7401,bbarrel/single_seq/colab_att/HBI_b_19_unrelaxed_rank_004_alphafold2_ptm_model_1_seed_000.pdb,84.87
7402,bbarrel/single_seq/colab_att/TMB2.64_unrelaxed_rank_001_alphafold2_ptm_model_4_seed_000.pdb,57.05
7403,bbarrel/single_seq/colab_att/TMB2.28_unrelaxed_rank_003_alphafold2_ptm_model_5_seed_000.pdb,33.78
7404,bbarrel/single_seq/colab_att/HBI_b_01_unrelaxed_rank_002_alphafold2_ptm_model_4_seed_000.pdb,80.29
7405,bbarrel/single_seq/colab_att/TMB2.19_unrelaxed_rank_004_alphafold2_ptm_model_2_seed_000.pdb,36.34
7406,bbarrel/single_seq/colab_att/TMB2.15_unrelaxed_rank_005_alphafold2_ptm_model_3_seed_000.pdb,27.81
7407,bbarrel/single_seq/colab_att/HBI_b_49_unrelaxed_rank_003_alphafold2_ptm_model_2_seed_000.pdb,88.69
7408,bbarrel/single_seq/colab_att/TMB2.2_unrelaxed_rank_005_alphafold2_ptm_model_1_seed_000.pdb,29.14
7409,bbarrel/single_seq/colab_att/HBI_b_22_unrelaxed_rank_002_alphafold2_ptm_model_4_seed_000.pdb,89.44
7410,bbarrel/single_seq/colab_att/TMB2.75_unrelaxed_rank_002_alphafold2_ptm_model_2_seed_000.pdb,53.06
7411,bbarrel/single_seq/colab_att/HBI_b_14_unrelaxed_rank_004_alphafold2_ptm_model_1_seed_000.pdb,86.19
7412,bbarrel/single_seq/colab_att/HBI_b_56_unrelaxed_rank_004_alphafold2_ptm_model_3_seed_000.pdb,84.44
7413,bbarrel/single_seq/colab_att/TMB2.29_unrelaxed_rank_001_alphafold2_ptm_model_4_seed_000.pdb,86.63
7414,bbarrel/single_seq/colab_att/TMB2.5_unrelaxed_rank_001_alphafold2_ptm_model_4_seed_000.pdb,82.21
7415,bbarrel/single_seq/colab_att/TMB2.77_unrelaxed_rank_005_alphafold2_ptm_model_3_seed_000.pdb,30.49
7416,bbarrel/single_seq/colab_att/TMB2.38_unrelaxed_rank_004_alphafold2_ptm_model_5_seed_000.pdb,29.25
7417,bbarrel/single_seq/colab_att/HBI_b_50_unrelaxed_rank_004_alphafold2_ptm_model_2_seed_000.pdb,73.71
7418,bbarrel/single_seq/colab_att/HBI_b_53_unrelaxed_rank_004_alphafold2_ptm_model_1_seed_000.pdb,86.77
7419,bbarrel/single_seq/colab_att/HBI_b_20_unrelaxed_rank_003_alphafold2_ptm_model_1_seed_000.pdb,82.11
7420,bbarrel/single_seq/colab_att/TMB2.17_unrelaxed_rank_005_alphafold2_ptm_model_3_seed_000.pdb,30.82
7421,bbarrel/single_seq/colab_att/TMB2.71_unrelaxed_rank_001_alphafold2_ptm_model_2_seed_000.pdb,36.65
7422,bbarrel/single_seq/colab_att/TMB2.15_unrelaxed_rank_004_alphafold2_ptm_model_1_seed_000.pdb,30.05
7423,bbarrel/single_seq/colab_att/HBI_b_19_unrelaxed_rank_003_alphafold2_ptm_model_4_seed_000.pdb,85.34
7424,bbarrel/single_seq/colab_att/TMB2.21_unrelaxed_rank_002_alphafold2_ptm_model_4_seed_000.pdb,41.23
7425,bbarrel/single_seq/colab_att/TMB2.82_unrelaxed_rank_002_alphafold2_ptm_model_2_seed_000.pdb,33.08
7426,bbarrel/single_seq/colab_att/HBI_b_31_unrelaxed_rank_002_alphafold2_ptm_model_1_seed_000.pdb,83.04
7427,bbarrel/single_seq/colab_att/TMB2.35_unrelaxed_rank_001_alphafold2_ptm_model_1_seed_000.pdb,43.57
7428,bbarrel/single_seq/colab_att/TMB2.3_unrelaxed_rank_004_alphafold2_ptm_model_3_seed_000.pdb,30.94
7429,bbarrel/single_seq/colab_att/TMB2.14_unrelaxed_rank_003_alphafold2_ptm_model_3_seed_000.pdb,32.63
7430,bbarrel/single_seq/colab_att/HBI_b_37_unrelaxed_rank_005_alphafold2_ptm_model_3_seed_000.pdb,74.46
7431,bbarrel/single_seq/colab_att/TMB2.88_unrelaxed_rank_003_alphafold2_ptm_model_2_seed_000.pdb,37.4
7432,bbarrel/single_seq/colab_att/HBI_b_20_unrelaxed_rank_002_alphafold2_ptm_model_3_seed_000.pdb,82.68
7433,bbarrel/single_seq/colab_att/TMB2.87_unrelaxed_rank_003_alphafold2_ptm_model_5_seed_000.pdb,33.41
7434,bbarrel/single_seq/colab_att/TMB2.63_unrelaxed_rank_004_alphafold2_ptm_model_1_seed_000.pdb,36.22
7435,bbarrel/single_seq/colab_att/TMB2.20_unrelaxed_rank_001_alphafold2_ptm_model_4_seed_000.pdb,37.67
7436,bbarrel/single_seq/colab_att/TMB2.20_unrelaxed_rank_005_alphafold2_ptm_model_3_seed_000.pdb,28.74
7437,bbarrel/single_seq/colab_att/TMB2.41_unrelaxed_rank_002_alphafold2_ptm_model_5_seed_000.pdb,48.35
7438,bbarrel/single_seq/colab_att/TMB2.36_unrelaxed_rank_003_alphafold2_ptm_model_3_seed_000.pdb,32.27
7439,bbarrel/single_seq/colab_att/TMB2.68_unrelaxed_rank_004_alphafold2_ptm_model_1_seed_000.pdb,36.75
7440,bbarrel/single_seq/colab_att/TMB2.34_unrelaxed_rank_003_alphafold2_ptm_model_5_seed_000.pdb,32.71
7441,bbarrel/single_seq/colab_att/TMB2.28_unrelaxed_rank_002_alphafold2_ptm_model_2_seed_000.pdb,38.41
7442,bbarrel/single_seq/colab_att/HBI_b_56_unrelaxed_rank_003_alphafold2_ptm_model_2_seed_000.pdb,85.88
7443,bbarrel/single_seq/colab_att/TMB2.72_unrelaxed_rank_002_alphafold2_ptm_model_2_seed_000.pdb,32.77
7444,bbarrel/single_seq/colab_att/HBI_b_43_unrelaxed_rank_003_alphafold2_ptm_model_2_seed_000.pdb,78.49
7445,bbarrel/single_seq/colab_att/HBI_b_33_unrelaxed_rank_001_alphafold2_ptm_model_1_seed_000.pdb,85.02
7446,bbarrel/single_seq/colab_att/TMB2.74_unrelaxed_rank_003_alphafold2_ptm_model_2_seed_000.pdb,35.86
7447,bbarrel/single_seq/colab_att/HBI_b_27_unrelaxed_rank_003_alphafold2_ptm_model_5_seed_000.pdb,79.17
7448,bbarrel/single_seq/colab_att/TMB2.64_unrelaxed_rank_002_alphafold2_ptm_model_2_seed_000.pdb,34.57
7449,bbarrel/single_seq/colab_att/HBI_b_16_unrelaxed_rank_001_alphafold2_ptm_model_5_seed_000.pdb,84.75
7450,bbarrel/single_seq/colab_att/TMB2.65_unrelaxed_rank_001_alphafold2_ptm_model_4_seed_000.pdb,80.96
7451,bbarrel/single_seq/colab_att/TMB2.29_unrelaxed_rank_003_alphafold2_ptm_model_5_seed_000.pdb,31.8
7452,bbarrel/single_seq/colab_att/TMB2.24_unrelaxed_rank_003_alphafold2_ptm_model_3_seed_000.pdb,43.26
7453,bbarrel/single_seq/colab_att/TMB2.39_unrelaxed_rank_001_alphafold2_ptm_model_4_seed_000.pdb,33.49
7454,bbarrel/single_seq/colab_att/HBI_b_08_unrelaxed_rank_003_alphafold2_ptm_model_3_seed_000.pdb,77.26
7455,bbarrel/single_seq/colab_att/TMB2.88_unrelaxed_rank_002_alphafold2_ptm_model_1_seed_000.pdb,42.71
7456,bbarrel/single_seq/colab_att/HBI_b_53_unrelaxed_rank_002_alphafold2_ptm_model_5_seed_000.pdb,87.1
7457,bbarrel/single_seq/colab_att/HBI_b_22_unrelaxed_rank_003_alphafold2_ptm_model_2_seed_000.pdb,87.87
7458,bbarrel/single_seq/colab_att/TMB2.66_unrelaxed_rank_004_alphafold2_ptm_model_5_seed_000.pdb,33.23
7459,bbarrel/single_seq/colab_att/TMB2.24_unrelaxed_rank_001_alphafold2_ptm_model_4_seed_000.pdb,77.43
7460,bbarrel/single_seq/colab_att/TMB2.12_unrelaxed_rank_002_alphafold2_ptm_model_4_seed_000.pdb,33.03
7461,bbarrel/single_seq/colab_att/TMB2.24_unrelaxed_rank_004_alphafold2_ptm_model_5_seed_000.pdb,43.05
7462,bbarrel/single_seq/colab_att/HBI_b_37_unrelaxed_rank_004_alphafold2_ptm_model_5_seed_000.pdb,81.46
7463,bbarrel/single_seq/colab_att/TMB2.1_unrelaxed_rank_003_alphafold2_ptm_model_1_seed_000.pdb,29.15
7464,bbarrel/single_seq/colab_att/TMB2.32_unrelaxed_rank_003_alphafold2_ptm_model_2_seed_000.pdb,32.37
7465,bbarrel/single_seq/colab_att/TMB2.58_unrelaxed_rank_004_alphafold2_ptm_model_3_seed_000.pdb,30.35
7466,bbarrel/single_seq/colab_att/TMB2.9_unrelaxed_rank_004_alphafold2_ptm_model_5_seed_000.pdb,29.85
7467,bbarrel/single_seq/colab_att/TMB2.85_unrelaxed_rank_004_alphafold2_ptm_model_1_seed_000.pdb,29.02
7468,bbarrel/single_seq/colab_att/HBI_b_44_unrelaxed_rank_003_alphafold2_ptm_model_5_seed_000.pdb,83.88
7469,bbarrel/single_seq/colab_att/TMB2.44_unrelaxed_rank_003_alphafold2_ptm_model_1_seed_000.pdb,32.36
7470,bbarrel/single_seq/colab_att/HBI_b_56_unrelaxed_rank_001_alphafold2_ptm_model_5_seed_000.pdb,87.06
7471,bbarrel/single_seq/colab_att/TMB2.87_unrelaxed_rank_001_alphafold2_ptm_model_2_seed_000.pdb,44.11
7472,bbarrel/single_seq/colab_att/TMB2.11_unrelaxed_rank_002_alphafold2_ptm_model_2_seed_000.pdb,42.93
7473,bbarrel/single_seq/colab_att/TMB2.73_unrelaxed_rank_003_alphafold2_ptm_model_5_seed_000.pdb,33.52
7474,bbarrel/single_seq/colab_att/HBI_b_46_unrelaxed_rank_004_alphafold2_ptm_model_2_seed_000.pdb,64.89
7475,bbarrel/single_seq/colab_att/TMB2.39_unrelaxed_rank_004_alphafold2_ptm_model_5_seed_000.pdb,31.25
7476,bbarrel/single_seq/colab_att/HBI_b_16_unrelaxed_rank_002_alphafold2_ptm_model_3_seed_000.pdb,80.12
7477,bbarrel/single_seq/colab_att/HBI_b_17_unrelaxed_rank_005_alphafold2_ptm_model_2_seed_000.pdb,74.6
7478,bbarrel/single_seq/colab_att/HBI_b_41_unrelaxed_rank_002_alphafold2_ptm_model_5_seed_000.pdb,75.92
7479,bbarrel/single_seq/colab_att/HBI_b_39_unrelaxed_rank_003_alphafold2_ptm_model_1_seed_000.pdb,83.94
7480,bbarrel/single_seq/colab_att/TMB2.3_unrelaxed_rank_003_alphafold2_ptm_model_2_seed_000.pdb,31.48
7481,bbarrel/single_seq/colab_att/TMB2.80_unrelaxed_rank_005_alphafold2_ptm_model_3_seed_000.pdb,32.6
7482,bbarrel/single_seq/colab_att/TMB2.48_unrelaxed_rank_005_alphafold2_ptm_model_3_seed_000.pdb,28.53
7483,bbarrel/single_seq/colab_att/HBI_b_27_unrelaxed_rank_001_alphafold2_ptm_model_1_seed_000.pdb,86.96
7484,bbarrel/single_seq/colab_att/HBI_b_23_unrelaxed_rank_004_alphafold2_ptm_model_5_seed_000.pdb,80.79
7485,bbarrel/single_seq/colab_att/TMB2.78_unrelaxed_rank_004_alphafold2_ptm_model_1_seed_000.pdb,29.31
7486,bbarrel/single_seq/colab_att/TMB2.18_unrelaxed_rank_004_alphafold2_ptm_model_2_seed_000.pdb,34.46
7487,bbarrel/single_seq/colab_att/HBI_b_39_unrelaxed_rank_005_alphafold2_ptm_model_2_seed_000.pdb,82.73
7488,bbarrel/single_seq/colab_att/HBI_b_10_unrelaxed_rank_003_alphafold2_ptm_model_5_seed_000.pdb,88.9
7489,bbarrel/single_seq/colab_att/TMB2.12_unrelaxed_rank_005_alphafold2_ptm_model_3_seed_000.pdb,28.85
7490,bbarrel/single_seq/colab_att/TMB2.74_unrelaxed_rank_002_alphafold2_ptm_model_5_seed_000.pdb,37.9
7491,bbarrel/single_seq/colab_att/TMB2.7_unrelaxed_rank_001_alphafold2_ptm_model_2_seed_000.pdb,34.37
7492,bbarrel/single_seq/colab_att/TMB2.74_unrelaxed_rank_005_alphafold2_ptm_model_3_seed_000.pdb,31.92
7493,bbarrel/single_seq/colab_att/HBI_b_34_unrelaxed_rank_002_alphafold2_ptm_model_3_seed_000.pdb,79.25
7494,bbarrel/single_seq/colab_att/TMB2.79_unrelaxed_rank_001_alphafold2_ptm_model_4_seed_000.pdb,84.78
7495,bbarrel/single_seq/colab_att/TMB2.4_unrelaxed_rank_001_alphafold2_ptm_model_2_seed_000.pdb,31.4
7496,bbarrel/single_seq/colab_att/TMB2.50_unrelaxed_rank_003_alphafold2_ptm_model_5_seed_000.pdb,32.32
7497,bbarrel/single_seq/colab_att/TMB2.25_unrelaxed_rank_004_alphafold2_ptm_model_3_seed_000.pdb,30.37
7498,bbarrel/single_seq/colab/TMB2.86_unrelaxed_rank_004_alphafold2_ptm_model_2_seed_000.pdb,32.16
7499,bbarrel/single_seq/colab/TMB2.9_unrelaxed_rank_001_alphafold2_ptm_model_4_seed_000.pdb,50.3
7500,bbarrel/single_seq/colab/TMB2.52_unrelaxed_rank_001_alphafold2_ptm_model_4_seed_000.pdb,62.76
7501,bbarrel/single_seq/colab/HBI_b_44_unrelaxed_rank_005_alphafold2_ptm_model_3_seed_000.pdb,79.07
7502,bbarrel/single_seq/colab/TMB2.43_unrelaxed_rank_004_alphafold2_ptm_model_3_seed_000.pdb,32.76
7503,bbarrel/single_seq/colab/HBI_b_46_unrelaxed_rank_005_alphafold2_ptm_model_5_seed_000.pdb,59.84
7504,bbarrel/single_seq/colab/TMB2.52_unrelaxed_rank_005_alphafold2_ptm_model_3_seed_000.pdb,31.45
7505,bbarrel/single_seq/colab/TMB2.38_unrelaxed_rank_003_alphafold2_ptm_model_1_seed_000.pdb,30.48
7506,bbarrel/single_seq/colab/HBI_b_25_unrelaxed_rank_003_alphafold2_ptm_model_5_seed_000.pdb,85.94
7507,bbarrel/single_seq/colab/TMB2.77_unrelaxed_rank_002_alphafold2_ptm_model_2_seed_000.pdb,62.96
7508,bbarrel/single_seq/colab/TMB2.8_unrelaxed_rank_005_alphafold2_ptm_model_1_seed_000.pdb,32.79
7509,bbarrel/single_seq/colab/TMB2.60_unrelaxed_rank_004_alphafold2_ptm_model_1_seed_000.pdb,33.5
7510,bbarrel/single_seq/colab/HBI_b_17_unrelaxed_rank_001_alphafold2_ptm_model_1_seed_000.pdb,83.96
7511,bbarrel/single_seq/colab/TMB2.17_unrelaxed_rank_004_alphafold2_ptm_model_5_seed_000.pdb,32.28
7512,bbarrel/single_seq/colab/TMB2.67_unrelaxed_rank_005_alphafold2_ptm_model_1_seed_000.pdb,29.25
7513,bbarrel/single_seq/colab/TMB2.70_unrelaxed_rank_001_alphafold2_ptm_model_4_seed_000.pdb,77.28
7514,bbarrel/single_seq/colab/TMB2.1_unrelaxed_rank_001_alphafold2_ptm_model_2_seed_000.pdb,32.79
7515,bbarrel/single_seq/colab/TMB2.67_unrelaxed_rank_001_alphafold2_ptm_model_4_seed_000.pdb,83.79
7516,bbarrel/single_seq/colab/HBI_b_43_unrelaxed_rank_002_alphafold2_ptm_model_4_seed_000.pdb,80.82
7517,bbarrel/single_seq/colab/HBI_b_45_unrelaxed_rank_003_alphafold2_ptm_model_3_seed_000.pdb,72.64
7518,bbarrel/single_seq/colab/TMB2.17_unrelaxed_rank_003_alphafold2_ptm_model_1_seed_000.pdb,34.04
7519,bbarrel/single_seq/colab/TMB2.86_unrelaxed_rank_001_alphafold2_ptm_model_4_seed_000.pdb,34.46
7520,bbarrel/single_seq/colab/TMB2.6_unrelaxed_rank_003_alphafold2_ptm_model_2_seed_000.pdb,34.66
7521,bbarrel/single_seq/colab/HBI_b_35_unrelaxed_rank_001_alphafold2_ptm_model_1_seed_000.pdb,74.26
7522,bbarrel/single_seq/colab/TMB2.88_unrelaxed_rank_001_alphafold2_ptm_model_4_seed_000.pdb,84.51
7523,bbarrel/single_seq/colab/HBI_b_33_unrelaxed_rank_004_alphafold2_ptm_model_3_seed_000.pdb,76.28
7524,bbarrel/single_seq/colab/TMB2.76_unrelaxed_rank_004_alphafold2_ptm_model_1_seed_000.pdb,31.64
7525,bbarrel/single_seq/colab/TMB2.68_unrelaxed_rank_003_alphafold2_ptm_model_5_seed_000.pdb,38.19
7526,bbarrel/single_seq/colab/TMB2.55_unrelaxed_rank_002_alphafold2_ptm_model_2_seed_000.pdb,30.54
7527,bbarrel/single_seq/colab/HBI_b_45_unrelaxed_rank_001_alphafold2_ptm_model_5_seed_000.pdb,74.73
7528,bbarrel/single_seq/colab/HBI_b_45_unrelaxed_rank_004_alphafold2_ptm_model_4_seed_000.pdb,48.59
7529,bbarrel/single_seq/colab/TMB2.15_unrelaxed_rank_002_alphafold2_ptm_model_2_seed_000.pdb,33.07
7530,bbarrel/single_seq/colab/HBI_b_15_unrelaxed_rank_005_alphafold2_ptm_model_1_seed_000.pdb,84.63
7531,bbarrel/single_seq/colab/HBI_b_21_unrelaxed_rank_002_alphafold2_ptm_model_5_seed_000.pdb,86.35
7532,bbarrel/single_seq/colab/HBI_b_31_unrelaxed_rank_005_alphafold2_ptm_model_3_seed_000.pdb,73.95
7533,bbarrel/single_seq/colab/HBI_b_19_unrelaxed_rank_001_alphafold2_ptm_model_3_seed_000.pdb,85.97
7534,bbarrel/single_seq/colab/TMB2.33_unrelaxed_rank_001_alphafold2_ptm_model_4_seed_000.pdb,33.38
7535,bbarrel/single_seq/colab/HBI_b_15_unrelaxed_rank_004_alphafold2_ptm_model_3_seed_000.pdb,84.76
7536,bbarrel/single_seq/colab/HBI_b_07_unrelaxed_rank_004_alphafold2_ptm_model_4_seed_000.pdb,86.27
7537,bbarrel/single_seq/colab/TMB2.26_unrelaxed_rank_004_alphafold2_ptm_model_4_seed_000.pdb,29.54
7538,bbarrel/single_seq/colab/HBI_b_35_unrelaxed_rank_002_alphafold2_ptm_model_5_seed_000.pdb,71.6
7539,bbarrel/single_seq/colab/HBI_b_41_unrelaxed_rank_004_alphafold2_ptm_model_4_seed_000.pdb,54.37
7540,bbarrel/single_seq/colab/HBI_b_34_unrelaxed_rank_004_alphafold2_ptm_model_2_seed_000.pdb,75.89
7541,bbarrel/single_seq/colab/TMB2.74_unrelaxed_rank_004_alphafold2_ptm_model_1_seed_000.pdb,35.61
7542,bbarrel/single_seq/colab/HBI_b_22_unrelaxed_rank_005_alphafold2_ptm_model_1_seed_000.pdb,86.2
7543,bbarrel/single_seq/colab/TMB2.28_unrelaxed_rank_004_alphafold2_ptm_model_3_seed_000.pdb,33.72
7544,bbarrel/single_seq/colab/TMB2.26_unrelaxed_rank_005_alphafold2_ptm_model_3_seed_000.pdb,29.54
7545,bbarrel/single_seq/colab/HBI_b_19_unrelaxed_rank_002_alphafold2_ptm_model_2_seed_000.pdb,84.93
7546,bbarrel/single_seq/colab/HBI_b_03_unrelaxed_rank_003_alphafold2_ptm_model_1_seed_000.pdb,59.68
7547,bbarrel/single_seq/colab/TMB2.41_unrelaxed_rank_003_alphafold2_ptm_model_2_seed_000.pdb,42.91
7548,bbarrel/single_seq/colab/TMB2.4_unrelaxed_rank_002_alphafold2_ptm_model_4_seed_000.pdb,30.45
7549,bbarrel/single_seq/colab/TMB2.14_unrelaxed_rank_005_alphafold2_ptm_model_5_seed_000.pdb,28.91
7550,bbarrel/single_seq/colab/TMB2.78_unrelaxed_rank_002_alphafold2_ptm_model_4_seed_000.pdb,34.27
7551,bbarrel/single_seq/colab/HBI_b_56_unrelaxed_rank_005_alphafold2_ptm_model_1_seed_000.pdb,82.23
7552,bbarrel/single_seq/colab/TMB2.62_unrelaxed_rank_003_alphafold2_ptm_model_1_seed_000.pdb,36.52
7553,bbarrel/single_seq/colab/TMB2.45_unrelaxed_rank_001_alphafold2_ptm_model_4_seed_000.pdb,86.55
7554,bbarrel/single_seq/colab/HBI_b_04_unrelaxed_rank_005_alphafold2_ptm_model_4_seed_000.pdb,69.18
7555,bbarrel/single_seq/colab/TMB2.76_unrelaxed_rank_002_alphafold2_ptm_model_2_seed_000.pdb,69.21
7556,bbarrel/single_seq/colab/TMB2.50_unrelaxed_rank_004_alphafold2_ptm_model_1_seed_000.pdb,31.34
7557,bbarrel/single_seq/colab/TMB2.55_unrelaxed_rank_003_alphafold2_ptm_model_1_seed_000.pdb,29.98
7558,bbarrel/single_seq/colab/TMB2.31_unrelaxed_rank_003_alphafold2_ptm_model_2_seed_000.pdb,45.91
7559,bbarrel/single_seq/colab/TMB2.7_unrelaxed_rank_002_alphafold2_ptm_model_4_seed_000.pdb,32.77
7560,bbarrel/single_seq/colab/TMB2.9_unrelaxed_rank_005_alphafold2_ptm_model_3_seed_000.pdb,28.21
7561,bbarrel/single_seq/colab/TMB2.15_unrelaxed_rank_001_alphafold2_ptm_model_4_seed_000.pdb,33.65
7562,bbarrel/single_seq/colab/HBI_b_50_unrelaxed_rank_002_alphafold2_ptm_model_4_seed_000.pdb,86.53
7563,bbarrel/single_seq/colab/TMB2.83_unrelaxed_rank_005_alphafold2_ptm_model_1_seed_000.pdb,33.43
7564,bbarrel/single_seq/colab/TMB2.58_unrelaxed_rank_005_alphafold2_ptm_model_1_seed_000.pdb,28.79
7565,bbarrel/single_seq/colab/TMB2.49_unrelaxed_rank_001_alphafold2_ptm_model_4_seed_000.pdb,33.93
7566,bbarrel/single_seq/colab/TMB2.75_unrelaxed_rank_001_alphafold2_ptm_model_4_seed_000.pdb,85.22
7567,bbarrel/single_seq/colab/HBI_b_33_unrelaxed_rank_002_alphafold2_ptm_model_4_seed_000.pdb,78.09
7568,bbarrel/single_seq/colab/HBI_b_31_unrelaxed_rank_001_alphafold2_ptm_model_5_seed_000.pdb,82.56
7569,bbarrel/single_seq/colab/TMB2.89_unrelaxed_rank_005_alphafold2_ptm_model_3_seed_000.pdb,29.65
7570,bbarrel/single_seq/colab/TMB2.65_unrelaxed_rank_004_alphafold2_ptm_model_1_seed_000.pdb,30.19
7571,bbarrel/single_seq/colab/TMB2.82_unrelaxed_rank_003_alphafold2_ptm_model_3_seed_000.pdb,30.44
7572,bbarrel/single_seq/colab/TMB2.56_unrelaxed_rank_001_alphafold2_ptm_model_2_seed_000.pdb,33.21
7573,bbarrel/single_seq/colab/TMB2.41_unrelaxed_rank_004_alphafold2_ptm_model_1_seed_000.pdb,35.97
7574,bbarrel/single_seq/colab/TMB2.42_unrelaxed_rank_004_alphafold2_ptm_model_1_seed_000.pdb,29.24
7575,bbarrel/single_seq/colab/HBI_b_01_unrelaxed_rank_003_alphafold2_ptm_model_5_seed_000.pdb,77.12
7576,bbarrel/single_seq/colab/HBI_b_29_unrelaxed_rank_004_alphafold2_ptm_model_2_seed_000.pdb,81.62
7577,bbarrel/single_seq/colab/TMB2.71_unrelaxed_rank_005_alphafold2_ptm_model_3_seed_000.pdb,30.92
7578,bbarrel/single_seq/colab/TMB2.52_unrelaxed_rank_003_alphafold2_ptm_model_2_seed_000.pdb,38.82
7579,bbarrel/single_seq/colab/HBI_b_55_unrelaxed_rank_004_alphafold2_ptm_model_5_seed_000.pdb,74.45
7580,bbarrel/single_seq/colab/TMB2.84_unrelaxed_rank_005_alphafold2_ptm_model_3_seed_000.pdb,31.6
7581,bbarrel/single_seq/colab/TMB2.60_unrelaxed_rank_003_alphafold2_ptm_model_2_seed_000.pdb,34.95
7582,bbarrel/single_seq/colab/HBI_b_32_unrelaxed_rank_001_alphafold2_ptm_model_5_seed_000.pdb,89.08
7583,bbarrel/single_seq/colab/HBI_b_03_unrelaxed_rank_004_alphafold2_ptm_model_3_seed_000.pdb,57.3
7584,bbarrel/single_seq/colab/TMB2.43_unrelaxed_rank_002_alphafold2_ptm_model_2_seed_000.pdb,36.94
7585,bbarrel/single_seq/colab/TMB2.2_unrelaxed_rank_002_alphafold2_ptm_model_2_seed_000.pdb,35.76
7586,bbarrel/single_seq/colab/TMB2.57_unrelaxed_rank_001_alphafold2_ptm_model_4_seed_000.pdb,60.88
7587,bbarrel/single_seq/colab/TMB2.70_unrelaxed_rank_002_alphafold2_ptm_model_5_seed_000.pdb,44.32
7588,bbarrel/single_seq/colab/TMB2.6_unrelaxed_rank_002_alphafold2_ptm_model_5_seed_000.pdb,37.88
7589,bbarrel/single_seq/colab/TMB2.32_unrelaxed_rank_002_alphafold2_ptm_model_5_seed_000.pdb,59.23
7590,bbarrel/single_seq/colab/HBI_b_21_unrelaxed_rank_003_alphafold2_ptm_model_1_seed_000.pdb,85.59
7591,bbarrel/single_seq/colab/TMB2.47_unrelaxed_rank_003_alphafold2_ptm_model_5_seed_000.pdb,31.53
7592,bbarrel/single_seq/colab/TMB2.23_unrelaxed_rank_002_alphafold2_ptm_model_2_seed_000.pdb,45.79
7593,bbarrel/single_seq/colab/TMB2.86_unrelaxed_rank_005_alphafold2_ptm_model_3_seed_000.pdb,30.61
7594,bbarrel/single_seq/colab/HBI_b_32_unrelaxed_rank_002_alphafold2_ptm_model_2_seed_000.pdb,88.74
7595,bbarrel/single_seq/colab/HBI_b_25_unrelaxed_rank_004_alphafold2_ptm_model_1_seed_000.pdb,85.1
7596,bbarrel/single_seq/colab/TMB2.68_unrelaxed_rank_005_alphafold2_ptm_model_3_seed_000.pdb,33.21
7597,bbarrel/single_seq/colab/TMB2.26_unrelaxed_rank_001_alphafold2_ptm_model_2_seed_000.pdb,31.51
7598,bbarrel/single_seq/colab/HBI_b_25_unrelaxed_rank_002_alphafold2_ptm_model_3_seed_000.pdb,86.72
7599,bbarrel/single_seq/colab/HBI_b_26_unrelaxed_rank_005_alphafold2_ptm_model_1_seed_000.pdb,87.95
7600,bbarrel/single_seq/colab/TMB2.49_unrelaxed_rank_004_alphafold2_ptm_model_3_seed_000.pdb,29.75
7601,bbarrel/single_seq/colab/HBI_b_15_unrelaxed_rank_001_alphafold2_ptm_model_4_seed_000.pdb,89.46
7602,bbarrel/single_seq/colab/TMB2.9_unrelaxed_rank_002_alphafold2_ptm_model_1_seed_000.pdb,31.55
7603,bbarrel/single_seq/colab/TMB2.89_unrelaxed_rank_004_alphafold2_ptm_model_1_seed_000.pdb,32.2
7604,bbarrel/single_seq/colab/TMB2.17_unrelaxed_rank_001_alphafold2_ptm_model_4_seed_000.pdb,90.93
7605,bbarrel/single_seq/colab/TMB2.38_unrelaxed_rank_001_alphafold2_ptm_model_2_seed_000.pdb,31.79
7606,bbarrel/single_seq/colab/TMB2.1_unrelaxed_rank_005_alphafold2_ptm_model_5_seed_000.pdb,27.31
7607,bbarrel/single_seq/colab/TMB2.64_unrelaxed_rank_005_alphafold2_ptm_model_3_seed_000.pdb,27.94
7608,bbarrel/single_seq/colab/TMB2.63_unrelaxed_rank_001_alphafold2_ptm_model_5_seed_000.pdb,75.07
7609,bbarrel/single_seq/colab/TMB2.11_unrelaxed_rank_005_alphafold2_ptm_model_1_seed_000.pdb,32.68
7610,bbarrel/single_seq/colab/HBI_b_01_unrelaxed_rank_004_alphafold2_ptm_model_2_seed_000.pdb,76.44
7611,bbarrel/single_seq/colab/HBI_b_50_unrelaxed_rank_003_alphafold2_ptm_model_5_seed_000.pdb,81.94
7612,bbarrel/single_seq/colab/TMB2.29_unrelaxed_rank_004_alphafold2_ptm_model_3_seed_000.pdb,31.08
7613,bbarrel/single_seq/colab/TMB2.36_unrelaxed_rank_001_alphafold2_ptm_model_4_seed_000.pdb,66.25
7614,bbarrel/single_seq/colab/HBI_b_28_unrelaxed_rank_001_alphafold2_ptm_model_1_seed_000.pdb,83.08
7615,bbarrel/single_seq/colab/HBI_b_55_unrelaxed_rank_002_alphafold2_ptm_model_2_seed_000.pdb,83.21
7616,bbarrel/single_seq/colab/TMB2.51_unrelaxed_rank_004_alphafold2_ptm_model_5_seed_000.pdb,29.58
7617,bbarrel/single_seq/colab/TMB2.81_unrelaxed_rank_002_alphafold2_ptm_model_2_seed_000.pdb,37.7
7618,bbarrel/single_seq/colab/TMB2.35_unrelaxed_rank_003_alphafold2_ptm_model_3_seed_000.pdb,37.19
7619,bbarrel/single_seq/colab/TMB2.69_unrelaxed_rank_002_alphafold2_ptm_model_2_seed_000.pdb,34.3
7620,bbarrel/single_seq/colab/HBI_b_40_unrelaxed_rank_004_alphafold2_ptm_model_2_seed_000.pdb,78.49
7621,bbarrel/single_seq/colab/HBI_b_07_unrelaxed_rank_003_alphafold2_ptm_model_1_seed_000.pdb,86.33
7622,bbarrel/single_seq/colab/HBI_b_33_unrelaxed_rank_005_alphafold2_ptm_model_2_seed_000.pdb,67.79
7623,bbarrel/single_seq/colab/TMB2.51_unrelaxed_rank_002_alphafold2_ptm_model_2_seed_000.pdb,33.38
7624,bbarrel/single_seq/colab/TMB2.70_unrelaxed_rank_004_alphafold2_ptm_model_1_seed_000.pdb,30.16
7625,bbarrel/single_seq/colab/TMB2.83_unrelaxed_rank_003_alphafold2_ptm_model_3_seed_000.pdb,42.66
7626,bbarrel/single_seq/colab/TMB2.18_unrelaxed_rank_002_alphafold2_ptm_model_5_seed_000.pdb,39.77
7627,bbarrel/single_seq/colab/HBI_b_02_unrelaxed_rank_002_alphafold2_ptm_model_5_seed_000.pdb,82.9
7628,bbarrel/single_seq/colab/TMB2.86_unrelaxed_rank_003_alphafold2_ptm_model_1_seed_000.pdb,32.32
7629,bbarrel/single_seq/colab/HBI_b_13_unrelaxed_rank_005_alphafold2_ptm_model_5_seed_000.pdb,78.36
7630,bbarrel/single_seq/colab/HBI_b_37_unrelaxed_rank_002_alphafold2_ptm_model_1_seed_000.pdb,87.36
7631,bbarrel/single_seq/colab/HBI_b_16_unrelaxed_rank_003_alphafold2_ptm_model_4_seed_000.pdb,76.73
7632,bbarrel/single_seq/colab/HBI_b_09_unrelaxed_rank_004_alphafold2_ptm_model_3_seed_000.pdb,85.48
7633,bbarrel/single_seq/colab/HBI_b_07_unrelaxed_rank_001_alphafold2_ptm_model_5_seed_000.pdb,87.48
7634,bbarrel/single_seq/colab/HBI_b_27_unrelaxed_rank_002_alphafold2_ptm_model_4_seed_000.pdb,83.57
7635,bbarrel/single_seq/colab/HBI_b_14_unrelaxed_rank_003_alphafold2_ptm_model_4_seed_000.pdb,86.13
7636,bbarrel/single_seq/colab/TMB2.4_unrelaxed_rank_004_alphafold2_ptm_model_1_seed_000.pdb,29.1
7637,bbarrel/single_seq/colab/HBI_b_10_unrelaxed_rank_005_alphafold2_ptm_model_3_seed_000.pdb,86.09
7638,bbarrel/single_seq/colab/TMB2.63_unrelaxed_rank_002_alphafold2_ptm_model_4_seed_000.pdb,66.15
7639,bbarrel/single_seq/colab/HBI_b_09_unrelaxed_rank_002_alphafold2_ptm_model_4_seed_000.pdb,85.87
7640,bbarrel/single_seq/colab/HBI_b_55_unrelaxed_rank_001_alphafold2_ptm_model_1_seed_000.pdb,86.15
7641,bbarrel/single_seq/colab/TMB2.83_unrelaxed_rank_002_alphafold2_ptm_model_2_seed_000.pdb,78.17
7642,bbarrel/single_seq/colab/HBI_b_27_unrelaxed_rank_004_alphafold2_ptm_model_3_seed_000.pdb,70.61
7643,bbarrel/single_seq/colab/TMB2.23_unrelaxed_rank_003_alphafold2_ptm_model_3_seed_000.pdb,28.31
7644,bbarrel/single_seq/colab/TMB2.14_unrelaxed_rank_004_alphafold2_ptm_model_1_seed_000.pdb,30.54
7645,bbarrel/single_seq/colab/TMB2.41_unrelaxed_rank_001_alphafold2_ptm_model_4_seed_000.pdb,84.03
7646,bbarrel/single_seq/colab/HBI_b_33_unrelaxed_rank_003_alphafold2_ptm_model_5_seed_000.pdb,77.81
7647,bbarrel/single_seq/colab/TMB2.21_unrelaxed_rank_005_alphafold2_ptm_model_3_seed_000.pdb,28.07
7648,bbarrel/single_seq/colab/TMB2.35_unrelaxed_rank_005_alphafold2_ptm_model_5_seed_000.pdb,32.34
7649,bbarrel/single_seq/colab/HBI_b_14_unrelaxed_rank_001_alphafold2_ptm_model_3_seed_000.pdb,86.83
7650,bbarrel/single_seq/colab/TMB2.81_unrelaxed_rank_004_alphafold2_ptm_model_1_seed_000.pdb,29.3
7651,bbarrel/single_seq/colab/TMB2.3_unrelaxed_rank_002_alphafold2_ptm_model_4_seed_000.pdb,34.78
7652,bbarrel/single_seq/colab/TMB2.22_unrelaxed_rank_005_alphafold2_ptm_model_1_seed_000.pdb,30.0
7653,bbarrel/single_seq/colab/TMB2.85_unrelaxed_rank_001_alphafold2_ptm_model_4_seed_000.pdb,86.77
7654,bbarrel/single_seq/colab/TMB2.5_unrelaxed_rank_005_alphafold2_ptm_model_3_seed_000.pdb,31.53
7655,bbarrel/single_seq/colab/TMB2.44_unrelaxed_rank_004_alphafold2_ptm_model_5_seed_000.pdb,32.08
7656,bbarrel/single_seq/colab/TMB2.31_unrelaxed_rank_004_alphafold2_ptm_model_3_seed_000.pdb,32.64
7657,bbarrel/single_seq/colab/HBI_b_29_unrelaxed_rank_005_alphafold2_ptm_model_5_seed_000.pdb,77.6
7658,bbarrel/single_seq/colab/TMB2.30_unrelaxed_rank_001_alphafold2_ptm_model_4_seed_000.pdb,38.69
7659,bbarrel/single_seq/colab/HBI_b_13_unrelaxed_rank_003_alphafold2_ptm_model_2_seed_000.pdb,80.4
7660,bbarrel/single_seq/colab/TMB2.28_unrelaxed_rank_005_alphafold2_ptm_model_1_seed_000.pdb,30.0
7661,bbarrel/single_seq/colab/HBI_b_10_unrelaxed_rank_002_alphafold2_ptm_model_4_seed_000.pdb,88.38
7662,bbarrel/single_seq/colab/TMB2.8_unrelaxed_rank_004_alphafold2_ptm_model_5_seed_000.pdb,33.06
7663,bbarrel/single_seq/colab/TMB2.51_unrelaxed_rank_005_alphafold2_ptm_model_1_seed_000.pdb,29.11
7664,bbarrel/single_seq/colab/TMB2.87_unrelaxed_rank_004_alphafold2_ptm_model_1_seed_000.pdb,31.4
7665,bbarrel/single_seq/colab/TMB2.75_unrelaxed_rank_003_alphafold2_ptm_model_5_seed_000.pdb,47.09
7666,bbarrel/single_seq/colab/TMB2.23_unrelaxed_rank_005_alphafold2_ptm_model_5_seed_000.pdb,26.09
7667,bbarrel/single_seq/colab/TMB2.84_unrelaxed_rank_002_alphafold2_ptm_model_5_seed_000.pdb,37.49
7668,bbarrel/single_seq/colab/TMB2.70_unrelaxed_rank_005_alphafold2_ptm_model_3_seed_000.pdb,29.38
7669,bbarrel/single_seq/colab/TMB2.33_unrelaxed_rank_003_alphafold2_ptm_model_1_seed_000.pdb,31.86
7670,bbarrel/single_seq/colab/HBI_b_13_unrelaxed_rank_002_alphafold2_ptm_model_4_seed_000.pdb,82.47
7671,bbarrel/single_seq/colab/TMB2.69_unrelaxed_rank_004_alphafold2_ptm_model_1_seed_000.pdb,28.45
7672,bbarrel/single_seq/colab/HBI_b_10_unrelaxed_rank_004_alphafold2_ptm_model_1_seed_000.pdb,87.4
7673,bbarrel/single_seq/colab/TMB2.14_unrelaxed_rank_002_alphafold2_ptm_model_2_seed_000.pdb,41.93
7674,bbarrel/single_seq/colab/TMB2.62_unrelaxed_rank_005_alphafold2_ptm_model_3_seed_000.pdb,28.65
7675,bbarrel/single_seq/colab/TMB2.8_unrelaxed_rank_002_alphafold2_ptm_model_3_seed_000.pdb,34.65
7676,bbarrel/single_seq/colab/HBI_b_28_unrelaxed_rank_005_alphafold2_ptm_model_5_seed_000.pdb,78.87
7677,bbarrel/single_seq/colab/TMB2.65_unrelaxed_rank_005_alphafold2_ptm_model_5_seed_000.pdb,29.22
7678,bbarrel/single_seq/colab/TMB2.75_unrelaxed_rank_005_alphafold2_ptm_model_3_seed_000.pdb,28.83
7679,bbarrel/single_seq/colab/TMB2.20_unrelaxed_rank_004_alphafold2_ptm_model_2_seed_000.pdb,29.32
7680,bbarrel/single_seq/colab/TMB2.89_unrelaxed_rank_002_alphafold2_ptm_model_4_seed_000.pdb,38.08
7681,bbarrel/single_seq/colab/TMB2.38_unrelaxed_rank_002_alphafold2_ptm_model_4_seed_000.pdb,30.79
7682,bbarrel/single_seq/colab/TMB2.59_unrelaxed_rank_005_alphafold2_ptm_model_1_seed_000.pdb,30.82
7683,bbarrel/single_seq/colab/TMB2.57_unrelaxed_rank_004_alphafold2_ptm_model_1_seed_000.pdb,30.39
7684,bbarrel/single_seq/colab/TMB2.39_unrelaxed_rank_005_alphafold2_ptm_model_3_seed_000.pdb,29.59
7685,bbarrel/single_seq/colab/HBI_b_50_unrelaxed_rank_001_alphafold2_ptm_model_1_seed_000.pdb,89.63
7686,bbarrel/single_seq/colab/TMB2.48_unrelaxed_rank_002_alphafold2_ptm_model_2_seed_000.pdb,32.24
7687,bbarrel/single_seq/colab/TMB2.59_unrelaxed_rank_003_alphafold2_ptm_model_5_seed_000.pdb,43.55
7688,bbarrel/single_seq/colab/TMB2.69_unrelaxed_rank_003_alphafold2_ptm_model_5_seed_000.pdb,33.06
7689,bbarrel/single_seq/colab/HBI_b_39_unrelaxed_rank_004_alphafold2_ptm_model_3_seed_000.pdb,82.1
7690,bbarrel/single_seq/colab/HBI_b_40_unrelaxed_rank_003_alphafold2_ptm_model_5_seed_000.pdb,80.78
7691,bbarrel/single_seq/colab/HBI_b_26_unrelaxed_rank_001_alphafold2_ptm_model_5_seed_000.pdb,89.07
7692,bbarrel/single_seq/colab/TMB2.25_unrelaxed_rank_001_alphafold2_ptm_model_4_seed_000.pdb,42.81
7693,bbarrel/single_seq/colab/TMB2.5_unrelaxed_rank_004_alphafold2_ptm_model_1_seed_000.pdb,32.71
7694,bbarrel/single_seq/colab/TMB2.58_unrelaxed_rank_001_alphafold2_ptm_model_4_seed_000.pdb,79.41
7695,bbarrel/single_seq/colab/HBI_b_38_unrelaxed_rank_002_alphafold2_ptm_model_4_seed_000.pdb,85.1
7696,bbarrel/single_seq/colab/TMB2.47_unrelaxed_rank_001_alphafold2_ptm_model_4_seed_000.pdb,34.32
7697,bbarrel/single_seq/colab/TMB2.21_unrelaxed_rank_001_alphafold2_ptm_model_5_seed_000.pdb,45.35
7698,bbarrel/single_seq/colab/TMB2.69_unrelaxed_rank_005_alphafold2_ptm_model_3_seed_000.pdb,27.68
7699,bbarrel/single_seq/colab/TMB2.45_unrelaxed_rank_004_alphafold2_ptm_model_1_seed_000.pdb,37.53
7700,bbarrel/single_seq/colab/TMB2.71_unrelaxed_rank_002_alphafold2_ptm_model_5_seed_000.pdb,36.63
7701,bbarrel/single_seq/colab/TMB2.72_unrelaxed_rank_005_alphafold2_ptm_model_3_seed_000.pdb,28.35
7702,bbarrel/single_seq/colab/TMB2.84_unrelaxed_rank_004_alphafold2_ptm_model_1_seed_000.pdb,32.32
7703,bbarrel/single_seq/colab/TMB2.7_unrelaxed_rank_005_alphafold2_ptm_model_5_seed_000.pdb,29.47
7704,bbarrel/single_seq/colab/TMB2.78_unrelaxed_rank_003_alphafold2_ptm_model_5_seed_000.pdb,31.48
7705,bbarrel/single_seq/colab/TMB2.47_unrelaxed_rank_004_alphafold2_ptm_model_3_seed_000.pdb,28.58
7706,bbarrel/single_seq/colab/TMB2.44_unrelaxed_rank_001_alphafold2_ptm_model_4_seed_000.pdb,85.26
7707,bbarrel/single_seq/colab/TMB2.25_unrelaxed_rank_005_alphafold2_ptm_model_5_seed_000.pdb,28.19
7708,bbarrel/single_seq/colab/TMB2.86_unrelaxed_rank_002_alphafold2_ptm_model_5_seed_000.pdb,32.45
7709,bbarrel/single_seq/colab/HBI_b_28_unrelaxed_rank_004_alphafold2_ptm_model_3_seed_000.pdb,79.0
7710,bbarrel/single_seq/colab/HBI_b_44_unrelaxed_rank_004_alphafold2_ptm_model_4_seed_000.pdb,81.63
7711,bbarrel/single_seq/colab/TMB2.11_unrelaxed_rank_004_alphafold2_ptm_model_5_seed_000.pdb,33.38
7712,bbarrel/single_seq/colab/TMB2.33_unrelaxed_rank_002_alphafold2_ptm_model_2_seed_000.pdb,32.84
7713,bbarrel/single_seq/colab/TMB2.1_unrelaxed_rank_004_alphafold2_ptm_model_3_seed_000.pdb,28.58
7714,bbarrel/single_seq/colab/HBI_b_04_unrelaxed_rank_001_alphafold2_ptm_model_2_seed_000.pdb,76.82
7715,bbarrel/single_seq/colab/TMB2.55_unrelaxed_rank_005_alphafold2_ptm_model_5_seed_000.pdb,27.37
7716,bbarrel/single_seq/colab/HBI_b_09_unrelaxed_rank_001_alphafold2_ptm_model_5_seed_000.pdb,86.31
7717,bbarrel/single_seq/colab/TMB2.82_unrelaxed_rank_005_alphafold2_ptm_model_1_seed_000.pdb,28.09
7718,bbarrel/single_seq/colab/TMB2.60_unrelaxed_rank_002_alphafold2_ptm_model_5_seed_000.pdb,69.5
7719,bbarrel/single_seq/colab/TMB2.34_unrelaxed_rank_005_alphafold2_ptm_model_3_seed_000.pdb,27.97
7720,bbarrel/single_seq/colab/HBI_b_37_unrelaxed_rank_001_alphafold2_ptm_model_2_seed_000.pdb,88.47
7721,bbarrel/single_seq/colab/TMB2.51_unrelaxed_rank_001_alphafold2_ptm_model_4_seed_000.pdb,71.81
7722,bbarrel/single_seq/colab/HBI_b_37_unrelaxed_rank_003_alphafold2_ptm_model_4_seed_000.pdb,84.37
7723,bbarrel/single_seq/colab/TMB2.56_unrelaxed_rank_003_alphafold2_ptm_model_1_seed_000.pdb,31.4
7724,bbarrel/single_seq/colab/TMB2.2_unrelaxed_rank_004_alphafold2_ptm_model_3_seed_000.pdb,30.69
7725,bbarrel/single_seq/colab/TMB2.19_unrelaxed_rank_003_alphafold2_ptm_model_1_seed_000.pdb,39.4
7726,bbarrel/single_seq/colab/TMB2.56_unrelaxed_rank_005_alphafold2_ptm_model_5_seed_000.pdb,26.97
7727,bbarrel/single_seq/colab/TMB2.83_unrelaxed_rank_001_alphafold2_ptm_model_4_seed_000.pdb,82.39
7728,bbarrel/single_seq/colab/TMB2.82_unrelaxed_rank_004_alphafold2_ptm_model_5_seed_000.pdb,30.01
7729,bbarrel/single_seq/colab/HBI_b_25_unrelaxed_rank_005_alphafold2_ptm_model_4_seed_000.pdb,83.51
7730,bbarrel/single_seq/colab/TMB2.25_unrelaxed_rank_002_alphafold2_ptm_model_2_seed_000.pdb,33.65
7731,bbarrel/single_seq/colab/TMB2.63_unrelaxed_rank_003_alphafold2_ptm_model_2_seed_000.pdb,65.67
7732,bbarrel/single_seq/colab/TMB2.45_unrelaxed_rank_005_alphafold2_ptm_model_3_seed_000.pdb,31.92
7733,bbarrel/single_seq/colab/HBI_b_56_unrelaxed_rank_002_alphafold2_ptm_model_4_seed_000.pdb,85.58
7734,bbarrel/single_seq/colab/TMB2.41_unrelaxed_rank_005_alphafold2_ptm_model_3_seed_000.pdb,33.89
7735,bbarrel/single_seq/colab/TMB2.65_unrelaxed_rank_003_alphafold2_ptm_model_3_seed_000.pdb,31.07
7736,bbarrel/single_seq/colab/TMB2.66_unrelaxed_rank_005_alphafold2_ptm_model_3_seed_000.pdb,32.39
7737,bbarrel/single_seq/colab/TMB2.34_unrelaxed_rank_001_alphafold2_ptm_model_4_seed_000.pdb,71.1
7738,bbarrel/single_seq/colab/HBI_b_43_unrelaxed_rank_001_alphafold2_ptm_model_1_seed_000.pdb,85.86
7739,bbarrel/single_seq/colab/TMB2.43_unrelaxed_rank_005_alphafold2_ptm_model_1_seed_000.pdb,31.91
7740,bbarrel/single_seq/colab/HBI_b_21_unrelaxed_rank_001_alphafold2_ptm_model_4_seed_000.pdb,86.78
7741,bbarrel/single_seq/colab/HBI_b_17_unrelaxed_rank_004_alphafold2_ptm_model_5_seed_000.pdb,74.9
7742,bbarrel/single_seq/colab/TMB2.43_unrelaxed_rank_003_alphafold2_ptm_model_5_seed_000.pdb,35.84
7743,bbarrel/single_seq/colab/HBI_b_49_unrelaxed_rank_001_alphafold2_ptm_model_1_seed_000.pdb,88.76
7744,bbarrel/single_seq/colab/TMB2.22_unrelaxed_rank_004_alphafold2_ptm_model_2_seed_000.pdb,32.6
7745,bbarrel/single_seq/colab/TMB2.48_unrelaxed_rank_003_alphafold2_ptm_model_1_seed_000.pdb,30.23
7746,bbarrel/single_seq/colab/HBI_b_09_unrelaxed_rank_005_alphafold2_ptm_model_1_seed_000.pdb,83.57
7747,bbarrel/single_seq/colab/HBI_b_31_unrelaxed_rank_003_alphafold2_ptm_model_4_seed_000.pdb,80.02
7748,bbarrel/single_seq/colab/TMB2.54_unrelaxed_rank_003_alphafold2_ptm_model_1_seed_000.pdb,35.65
7749,bbarrel/single_seq/colab/TMB2.32_unrelaxed_rank_001_alphafold2_ptm_model_4_seed_000.pdb,67.33
7750,bbarrel/single_seq/colab/TMB2.80_unrelaxed_rank_004_alphafold2_ptm_model_1_seed_000.pdb,33.64
7751,bbarrel/single_seq/colab/TMB2.26_unrelaxed_rank_003_alphafold2_ptm_model_1_seed_000.pdb,30.0
7752,bbarrel/single_seq/colab/TMB2.73_unrelaxed_rank_005_alphafold2_ptm_model_3_seed_000.pdb,27.89
7753,bbarrel/single_seq/colab/TMB2.36_unrelaxed_rank_005_alphafold2_ptm_model_1_seed_000.pdb,27.89
7754,bbarrel/single_seq/colab/TMB2.8_unrelaxed_rank_001_alphafold2_ptm_model_2_seed_000.pdb,42.78
7755,bbarrel/single_seq/colab/HBI_b_45_unrelaxed_rank_002_alphafold2_ptm_model_1_seed_000.pdb,74.04
7756,bbarrel/single_seq/colab/TMB2.43_unrelaxed_rank_001_alphafold2_ptm_model_4_seed_000.pdb,86.3
7757,bbarrel/single_seq/colab/TMB2.74_unrelaxed_rank_001_alphafold2_ptm_model_4_seed_000.pdb,81.35
7758,bbarrel/single_seq/colab/HBI_b_39_unrelaxed_rank_002_alphafold2_ptm_model_5_seed_000.pdb,83.19
7759,bbarrel/single_seq/colab/TMB2.55_unrelaxed_rank_004_alphafold2_ptm_model_3_seed_000.pdb,28.39
7760,bbarrel/single_seq/colab/TMB2.84_unrelaxed_rank_003_alphafold2_ptm_model_2_seed_000.pdb,35.88
7761,bbarrel/single_seq/colab/TMB2.32_unrelaxed_rank_005_alphafold2_ptm_model_1_seed_000.pdb,28.89
7762,bbarrel/single_seq/colab/TMB2.68_unrelaxed_rank_001_alphafold2_ptm_model_4_seed_000.pdb,80.2
7763,bbarrel/single_seq/colab/TMB2.29_unrelaxed_rank_002_alphafold2_ptm_model_2_seed_000.pdb,38.1
7764,bbarrel/single_seq/colab/TMB2.85_unrelaxed_rank_005_alphafold2_ptm_model_3_seed_000.pdb,27.46
7765,bbarrel/single_seq/colab/HBI_b_41_unrelaxed_rank_005_alphafold2_ptm_model_2_seed_000.pdb,41.05
7766,bbarrel/single_seq/colab/HBI_b_02_unrelaxed_rank_004_alphafold2_ptm_model_4_seed_000.pdb,60.37
7767,bbarrel/single_seq/colab/TMB2.30_unrelaxed_rank_003_alphafold2_ptm_model_5_seed_000.pdb,31.69
7768,bbarrel/single_seq/colab/HBI_b_16_unrelaxed_rank_005_alphafold2_ptm_model_1_seed_000.pdb,66.53
7769,bbarrel/single_seq/colab/TMB2.18_unrelaxed_rank_001_alphafold2_ptm_model_4_seed_000.pdb,51.35
7770,bbarrel/single_seq/colab/HBI_b_15_unrelaxed_rank_003_alphafold2_ptm_model_2_seed_000.pdb,86.15
7771,bbarrel/single_seq/colab/HBI_b_17_unrelaxed_rank_002_alphafold2_ptm_model_4_seed_000.pdb,78.98
7772,bbarrel/single_seq/colab/TMB2.88_unrelaxed_rank_005_alphafold2_ptm_model_5_seed_000.pdb,35.12
7773,bbarrel/single_seq/colab/TMB2.81_unrelaxed_rank_001_alphafold2_ptm_model_4_seed_000.pdb,77.06
7774,bbarrel/single_seq/colab/HBI_b_03_unrelaxed_rank_005_alphafold2_ptm_model_2_seed_000.pdb,53.31
7775,bbarrel/single_seq/colab/HBI_b_28_unrelaxed_rank_002_alphafold2_ptm_model_2_seed_000.pdb,82.9
7776,bbarrel/single_seq/colab/TMB2.57_unrelaxed_rank_003_alphafold2_ptm_model_3_seed_000.pdb,31.08
7777,bbarrel/single_seq/colab/HBI_b_50_unrelaxed_rank_005_alphafold2_ptm_model_3_seed_000.pdb,61.23
7778,bbarrel/single_seq/colab/TMB2.75_unrelaxed_rank_004_alphafold2_ptm_model_1_seed_000.pdb,32.24
7779,bbarrel/single_seq/colab/HBI_b_09_unrelaxed_rank_003_alphafold2_ptm_model_2_seed_000.pdb,85.71
7780,bbarrel/single_seq/colab/TMB2.6_unrelaxed_rank_004_alphafold2_ptm_model_3_seed_000.pdb,28.81
7781,bbarrel/single_seq/colab/TMB2.67_unrelaxed_rank_004_alphafold2_ptm_model_5_seed_000.pdb,34.48
7782,bbarrel/single_seq/colab/TMB2.1_unrelaxed_rank_002_alphafold2_ptm_model_4_seed_000.pdb,31.04
7783,bbarrel/single_seq/colab/TMB2.62_unrelaxed_rank_004_alphafold2_ptm_model_5_seed_000.pdb,29.11
7784,bbarrel/single_seq/colab/TMB2.21_unrelaxed_rank_003_alphafold2_ptm_model_2_seed_000.pdb,33.52
7785,bbarrel/single_seq/colab/HBI_b_08_unrelaxed_rank_004_alphafold2_ptm_model_5_seed_000.pdb,74.19
7786,bbarrel/single_seq/colab/HBI_b_40_unrelaxed_rank_002_alphafold2_ptm_model_4_seed_000.pdb,83.37
7787,bbarrel/single_seq/colab/HBI_b_22_unrelaxed_rank_004_alphafold2_ptm_model_3_seed_000.pdb,86.76
7788,bbarrel/single_seq/colab/HBI_b_35_unrelaxed_rank_005_alphafold2_ptm_model_2_seed_000.pdb,57.32
7789,bbarrel/single_seq/colab/HBI_b_29_unrelaxed_rank_003_alphafold2_ptm_model_4_seed_000.pdb,82.1
7790,bbarrel/single_seq/colab/TMB2.9_unrelaxed_rank_003_alphafold2_ptm_model_2_seed_000.pdb,31.16
7791,bbarrel/single_seq/colab/TMB2.55_unrelaxed_rank_001_alphafold2_ptm_model_4_seed_000.pdb,31.4
7792,bbarrel/single_seq/colab/TMB2.62_unrelaxed_rank_001_alphafold2_ptm_model_4_seed_000.pdb,78.76
7793,bbarrel/single_seq/colab/TMB2.37_unrelaxed_rank_004_alphafold2_ptm_model_1_seed_000.pdb,35.81
7794,bbarrel/single_seq/colab/TMB2.51_unrelaxed_rank_003_alphafold2_ptm_model_3_seed_000.pdb,30.23
7795,bbarrel/single_seq/colab/HBI_b_16_unrelaxed_rank_004_alphafold2_ptm_model_2_seed_000.pdb,75.62
7796,bbarrel/single_seq/colab/HBI_b_04_unrelaxed_rank_002_alphafold2_ptm_model_3_seed_000.pdb,73.97
7797,bbarrel/single_seq/colab/HBI_b_20_unrelaxed_rank_001_alphafold2_ptm_model_4_seed_000.pdb,84.1
7798,bbarrel/single_seq/colab/HBI_b_44_unrelaxed_rank_002_alphafold2_ptm_model_2_seed_000.pdb,83.82
7799,bbarrel/single_seq/colab/TMB2.20_unrelaxed_rank_003_alphafold2_ptm_model_1_seed_000.pdb,29.63
7800,bbarrel/single_seq/colab/TMB2.50_unrelaxed_rank_001_alphafold2_ptm_model_2_seed_000.pdb,38.42
7801,bbarrel/single_seq/colab/HBI_b_14_unrelaxed_rank_005_alphafold2_ptm_model_2_seed_000.pdb,61.98
7802,bbarrel/single_seq/colab/TMB2.49_unrelaxed_rank_005_alphafold2_ptm_model_1_seed_000.pdb,29.21
7803,bbarrel/single_seq/colab/HBI_b_23_unrelaxed_rank_003_alphafold2_ptm_model_4_seed_000.pdb,83.15
7804,bbarrel/single_seq/colab/TMB2.59_unrelaxed_rank_004_alphafold2_ptm_model_3_seed_000.pdb,40.15
7805,bbarrel/single_seq/colab/TMB2.36_unrelaxed_rank_002_alphafold2_ptm_model_2_seed_000.pdb,34.12
7806,bbarrel/single_seq/colab/HBI_b_03_unrelaxed_rank_001_alphafold2_ptm_model_5_seed_000.pdb,80.04
7807,bbarrel/single_seq/colab/TMB2.56_unrelaxed_rank_004_alphafold2_ptm_model_3_seed_000.pdb,31.27
7808,bbarrel/single_seq/colab/TMB2.42_unrelaxed_rank_003_alphafold2_ptm_model_5_seed_000.pdb,31.92
7809,bbarrel/single_seq/colab/TMB2.59_unrelaxed_rank_002_alphafold2_ptm_model_2_seed_000.pdb,68.4
7810,bbarrel/single_seq/colab/TMB2.66_unrelaxed_rank_001_alphafold2_ptm_model_4_seed_000.pdb,63.3
7811,bbarrel/single_seq/colab/TMB2.49_unrelaxed_rank_003_alphafold2_ptm_model_5_seed_000.pdb,31.71
7812,bbarrel/single_seq/colab/TMB2.34_unrelaxed_rank_004_alphafold2_ptm_model_1_seed_000.pdb,32.14
7813,bbarrel/single_seq/colab/TMB2.57_unrelaxed_rank_002_alphafold2_ptm_model_2_seed_000.pdb,40.46
7814,bbarrel/single_seq/colab/TMB2.66_unrelaxed_rank_003_alphafold2_ptm_model_1_seed_000.pdb,34.66
7815,bbarrel/single_seq/colab/TMB2.57_unrelaxed_rank_005_alphafold2_ptm_model_5_seed_000.pdb,28.18
7816,bbarrel/single_seq/colab/TMB2.79_unrelaxed_rank_004_alphafold2_ptm_model_3_seed_000.pdb,35.07
7817,bbarrel/single_seq/colab/TMB2.24_unrelaxed_rank_002_alphafold2_ptm_model_1_seed_000.pdb,46.87
7818,bbarrel/single_seq/colab/HBI_b_02_unrelaxed_rank_001_alphafold2_ptm_model_1_seed_000.pdb,83.52
7819,bbarrel/single_seq/colab/TMB2.7_unrelaxed_rank_004_alphafold2_ptm_model_1_seed_000.pdb,29.6
7820,bbarrel/single_seq/colab/TMB2.19_unrelaxed_rank_001_alphafold2_ptm_model_4_seed_000.pdb,79.26
7821,bbarrel/single_seq/colab/HBI_b_43_unrelaxed_rank_005_alphafold2_ptm_model_3_seed_000.pdb,57.07
7822,bbarrel/single_seq/colab/HBI_b_02_unrelaxed_rank_005_alphafold2_ptm_model_2_seed_000.pdb,35.77
7823,bbarrel/single_seq/colab/TMB2.44_unrelaxed_rank_002_alphafold2_ptm_model_2_seed_000.pdb,49.98
7824,bbarrel/single_seq/colab/HBI_b_32_unrelaxed_rank_004_alphafold2_ptm_model_3_seed_000.pdb,87.87
7825,bbarrel/single_seq/colab/TMB2.48_unrelaxed_rank_004_alphafold2_ptm_model_5_seed_000.pdb,29.49
7826,bbarrel/single_seq/colab/HBI_b_01_unrelaxed_rank_001_alphafold2_ptm_model_1_seed_000.pdb,86.91
7827,bbarrel/single_seq/colab/HBI_b_55_unrelaxed_rank_005_alphafold2_ptm_model_4_seed_000.pdb,72.43
7828,bbarrel/single_seq/colab/HBI_b_32_unrelaxed_rank_005_alphafold2_ptm_model_4_seed_000.pdb,87.55
7829,bbarrel/single_seq/colab/TMB2.38_unrelaxed_rank_005_alphafold2_ptm_model_3_seed_000.pdb,28.96
7830,bbarrel/single_seq/colab/TMB2.68_unrelaxed_rank_002_alphafold2_ptm_model_2_seed_000.pdb,40.8
7831,bbarrel/single_seq/colab/TMB2.89_unrelaxed_rank_003_alphafold2_ptm_model_5_seed_000.pdb,35.43
7832,bbarrel/single_seq/colab/TMB2.54_unrelaxed_rank_004_alphafold2_ptm_model_5_seed_000.pdb,34.59
7833,bbarrel/single_seq/colab/TMB2.81_unrelaxed_rank_005_alphafold2_ptm_model_3_seed_000.pdb,28.17
7834,bbarrel/single_seq/colab/TMB2.52_unrelaxed_rank_002_alphafold2_ptm_model_5_seed_000.pdb,47.32
7835,bbarrel/single_seq/colab/HBI_b_13_unrelaxed_rank_001_alphafold2_ptm_model_1_seed_000.pdb,83.25
7836,bbarrel/single_seq/colab/HBI_b_38_unrelaxed_rank_003_alphafold2_ptm_model_5_seed_000.pdb,83.89
7837,bbarrel/single_seq/colab/TMB2.80_unrelaxed_rank_003_alphafold2_ptm_model_5_seed_000.pdb,35.06
7838,bbarrel/single_seq/colab/HBI_b_26_unrelaxed_rank_003_alphafold2_ptm_model_3_seed_000.pdb,89.01
7839,bbarrel/single_seq/colab/TMB2.88_unrelaxed_rank_004_alphafold2_ptm_model_3_seed_000.pdb,37.13
7840,bbarrel/single_seq/colab/TMB2.30_unrelaxed_rank_005_alphafold2_ptm_model_3_seed_000.pdb,29.47
7841,bbarrel/single_seq/colab/TMB2.76_unrelaxed_rank_001_alphafold2_ptm_model_4_seed_000.pdb,89.54
7842,bbarrel/single_seq/colab/TMB2.26_unrelaxed_rank_002_alphafold2_ptm_model_5_seed_000.pdb,30.85
7843,bbarrel/single_seq/colab/TMB2.34_unrelaxed_rank_002_alphafold2_ptm_model_2_seed_000.pdb,38.18
7844,bbarrel/single_seq/colab/TMB2.49_unrelaxed_rank_002_alphafold2_ptm_model_2_seed_000.pdb,32.78
7845,bbarrel/single_seq/colab/TMB2.24_unrelaxed_rank_005_alphafold2_ptm_model_2_seed_000.pdb,42.1
7846,bbarrel/single_seq/colab/TMB2.11_unrelaxed_rank_001_alphafold2_ptm_model_4_seed_000.pdb,73.05
7847,bbarrel/single_seq/colab/TMB2.77_unrelaxed_rank_004_alphafold2_ptm_model_1_seed_000.pdb,31.93
7848,bbarrel/single_seq/colab/TMB2.23_unrelaxed_rank_001_alphafold2_ptm_model_4_seed_000.pdb,75.52
7849,bbarrel/single_seq/colab/TMB2.79_unrelaxed_rank_002_alphafold2_ptm_model_2_seed_000.pdb,67.56
7850,bbarrel/single_seq/colab/TMB2.37_unrelaxed_rank_003_alphafold2_ptm_model_2_seed_000.pdb,42.2
7851,bbarrel/single_seq/colab/HBI_b_49_unrelaxed_rank_002_alphafold2_ptm_model_4_seed_000.pdb,88.05
7852,bbarrel/single_seq/colab/HBI_b_21_unrelaxed_rank_004_alphafold2_ptm_model_3_seed_000.pdb,84.0
7853,bbarrel/single_seq/colab/TMB2.5_unrelaxed_rank_002_alphafold2_ptm_model_5_seed_000.pdb,37.09
7854,bbarrel/single_seq/colab/TMB2.60_unrelaxed_rank_001_alphafold2_ptm_model_4_seed_000.pdb,84.07
7855,bbarrel/single_seq/colab/TMB2.27_unrelaxed_rank_001_alphafold2_ptm_model_4_seed_000.pdb,36.94
7856,bbarrel/single_seq/colab/TMB2.37_unrelaxed_rank_001_alphafold2_ptm_model_4_seed_000.pdb,62.02
7857,bbarrel/single_seq/colab/HBI_b_23_unrelaxed_rank_001_alphafold2_ptm_model_1_seed_000.pdb,87.38
7858,bbarrel/single_seq/colab/TMB2.25_unrelaxed_rank_003_alphafold2_ptm_model_1_seed_000.pdb,30.44
7859,bbarrel/single_seq/colab/TMB2.23_unrelaxed_rank_004_alphafold2_ptm_model_1_seed_000.pdb,27.23
7860,bbarrel/single_seq/colab/TMB2.76_unrelaxed_rank_003_alphafold2_ptm_model_5_seed_000.pdb,33.44
7861,bbarrel/single_seq/colab/HBI_b_29_unrelaxed_rank_001_alphafold2_ptm_model_1_seed_000.pdb,83.54
7862,bbarrel/single_seq/colab/TMB2.11_unrelaxed_rank_003_alphafold2_ptm_model_3_seed_000.pdb,33.54
7863,bbarrel/single_seq/colab/TMB2.18_unrelaxed_rank_005_alphafold2_ptm_model_3_seed_000.pdb,32.98
7864,bbarrel/single_seq/colab/TMB2.62_unrelaxed_rank_002_alphafold2_ptm_model_2_seed_000.pdb,39.56
7865,bbarrel/single_seq/colab/HBI_b_34_unrelaxed_rank_001_alphafold2_ptm_model_4_seed_000.pdb,78.81
7866,bbarrel/single_seq/colab/TMB2.19_unrelaxed_rank_005_alphafold2_ptm_model_3_seed_000.pdb,30.5
7867,bbarrel/single_seq/colab/TMB2.59_unrelaxed_rank_001_alphafold2_ptm_model_4_seed_000.pdb,84.92
7868,bbarrel/single_seq/colab/HBI_b_40_unrelaxed_rank_005_alphafold2_ptm_model_3_seed_000.pdb,61.63
7869,bbarrel/single_seq/colab/HBI_b_08_unrelaxed_rank_005_alphafold2_ptm_model_2_seed_000.pdb,70.21
7870,bbarrel/single_seq/colab/HBI_b_38_unrelaxed_rank_001_alphafold2_ptm_model_1_seed_000.pdb,86.06
7871,bbarrel/single_seq/colab/HBI_b_21_unrelaxed_rank_005_alphafold2_ptm_model_2_seed_000.pdb,81.24
7872,bbarrel/single_seq/colab/TMB2.42_unrelaxed_rank_002_alphafold2_ptm_model_2_seed_000.pdb,33.47
7873,bbarrel/single_seq/colab/TMB2.7_unrelaxed_rank_003_alphafold2_ptm_model_3_seed_000.pdb,29.74
7874,bbarrel/single_seq/colab/TMB2.35_unrelaxed_rank_004_alphafold2_ptm_model_4_seed_000.pdb,34.77
7875,bbarrel/single_seq/colab/TMB2.36_unrelaxed_rank_004_alphafold2_ptm_model_5_seed_000.pdb,31.62
7876,bbarrel/single_seq/colab/TMB2.72_unrelaxed_rank_001_alphafold2_ptm_model_4_seed_000.pdb,69.26
7877,bbarrel/single_seq/colab/TMB2.73_unrelaxed_rank_002_alphafold2_ptm_model_1_seed_000.pdb,34.0
7878,bbarrel/single_seq/colab/HBI_b_23_unrelaxed_rank_005_alphafold2_ptm_model_3_seed_000.pdb,77.28
7879,bbarrel/single_seq/colab/TMB2.85_unrelaxed_rank_003_alphafold2_ptm_model_2_seed_000.pdb,34.32
7880,bbarrel/single_seq/colab/HBI_b_10_unrelaxed_rank_001_alphafold2_ptm_model_2_seed_000.pdb,89.17
7881,bbarrel/single_seq/colab/HBI_b_53_unrelaxed_rank_001_alphafold2_ptm_model_3_seed_000.pdb,86.79
7882,bbarrel/single_seq/colab/TMB2.31_unrelaxed_rank_001_alphafold2_ptm_model_4_seed_000.pdb,85.9
7883,bbarrel/single_seq/colab/HBI_b_13_unrelaxed_rank_004_alphafold2_ptm_model_3_seed_000.pdb,79.09
7884,bbarrel/single_seq/colab/TMB2.80_unrelaxed_rank_002_alphafold2_ptm_model_2_seed_000.pdb,40.12
7885,bbarrel/single_seq/colab/TMB2.50_unrelaxed_rank_002_alphafold2_ptm_model_4_seed_000.pdb,35.36
7886,bbarrel/single_seq/colab/TMB2.79_unrelaxed_rank_003_alphafold2_ptm_model_5_seed_000.pdb,45.62
7887,bbarrel/single_seq/colab/TMB2.87_unrelaxed_rank_005_alphafold2_ptm_model_3_seed_000.pdb,29.31
7888,bbarrel/single_seq/colab/TMB2.3_unrelaxed_rank_001_alphafold2_ptm_model_5_seed_000.pdb,44.69
7889,bbarrel/single_seq/colab/TMB2.42_unrelaxed_rank_005_alphafold2_ptm_model_3_seed_000.pdb,28.9
7890,bbarrel/single_seq/colab/HBI_b_41_unrelaxed_rank_003_alphafold2_ptm_model_3_seed_000.pdb,55.41
7891,bbarrel/single_seq/colab/TMB2.2_unrelaxed_rank_001_alphafold2_ptm_model_4_seed_000.pdb,66.67
7892,bbarrel/single_seq/colab/TMB2.71_unrelaxed_rank_003_alphafold2_ptm_model_1_seed_000.pdb,35.55
7893,bbarrel/single_seq/colab/TMB2.32_unrelaxed_rank_004_alphafold2_ptm_model_3_seed_000.pdb,31.65
7894,bbarrel/single_seq/colab/HBI_b_46_unrelaxed_rank_003_alphafold2_ptm_model_4_seed_000.pdb,66.55
7895,bbarrel/single_seq/colab/TMB2.48_unrelaxed_rank_001_alphafold2_ptm_model_4_seed_000.pdb,33.68
7896,bbarrel/single_seq/colab/TMB2.12_unrelaxed_rank_003_alphafold2_ptm_model_5_seed_000.pdb,32.44
7897,bbarrel/single_seq/colab/HBI_b_44_unrelaxed_rank_001_alphafold2_ptm_model_1_seed_000.pdb,85.78
7898,bbarrel/single_seq/colab/TMB2.30_unrelaxed_rank_002_alphafold2_ptm_model_2_seed_000.pdb,34.99
7899,bbarrel/single_seq/colab/HBI_b_39_unrelaxed_rank_001_alphafold2_ptm_model_4_seed_000.pdb,83.26
7900,bbarrel/single_seq/colab/HBI_b_53_unrelaxed_rank_003_alphafold2_ptm_model_4_seed_000.pdb,86.41
7901,bbarrel/single_seq/colab/HBI_b_15_unrelaxed_rank_002_alphafold2_ptm_model_5_seed_000.pdb,87.38
7902,bbarrel/single_seq/colab/TMB2.64_unrelaxed_rank_003_alphafold2_ptm_model_1_seed_000.pdb,31.88
7903,bbarrel/single_seq/colab/TMB2.39_unrelaxed_rank_002_alphafold2_ptm_model_2_seed_000.pdb,33.39
7904,bbarrel/single_seq/colab/TMB2.84_unrelaxed_rank_001_alphafold2_ptm_model_4_seed_000.pdb,59.99
7905,bbarrel/single_seq/colab/TMB2.2_unrelaxed_rank_003_alphafold2_ptm_model_5_seed_000.pdb,34.54
7906,bbarrel/single_seq/colab/HBI_b_17_unrelaxed_rank_003_alphafold2_ptm_model_3_seed_000.pdb,75.01
7907,bbarrel/single_seq/colab/HBI_b_08_unrelaxed_rank_001_alphafold2_ptm_model_4_seed_000.pdb,85.79
7908,bbarrel/single_seq/colab/HBI_b_04_unrelaxed_rank_004_alphafold2_ptm_model_1_seed_000.pdb,69.57
7909,bbarrel/single_seq/colab/HBI_b_08_unrelaxed_rank_002_alphafold2_ptm_model_1_seed_000.pdb,83.23
7910,bbarrel/single_seq/colab/HBI_b_07_unrelaxed_rank_002_alphafold2_ptm_model_2_seed_000.pdb,87.16
7911,bbarrel/single_seq/colab/TMB2.44_unrelaxed_rank_005_alphafold2_ptm_model_3_seed_000.pdb,29.43
7912,bbarrel/single_seq/colab/TMB2.67_unrelaxed_rank_003_alphafold2_ptm_model_3_seed_000.pdb,34.95
7913,bbarrel/single_seq/colab/TMB2.4_unrelaxed_rank_005_alphafold2_ptm_model_5_seed_000.pdb,28.66
7914,bbarrel/single_seq/colab/TMB2.58_unrelaxed_rank_002_alphafold2_ptm_model_2_seed_000.pdb,40.53
7915,bbarrel/single_seq/colab/HBI_b_35_unrelaxed_rank_004_alphafold2_ptm_model_4_seed_000.pdb,57.44
7916,bbarrel/single_seq/colab/TMB2.78_unrelaxed_rank_001_alphafold2_ptm_model_2_seed_000.pdb,38.37
7917,bbarrel/single_seq/colab/TMB2.47_unrelaxed_rank_002_alphafold2_ptm_model_2_seed_000.pdb,32.84
7918,bbarrel/single_seq/colab/TMB2.65_unrelaxed_rank_002_alphafold2_ptm_model_2_seed_000.pdb,40.26
7919,bbarrel/single_seq/colab/HBI_b_03_unrelaxed_rank_002_alphafold2_ptm_model_4_seed_000.pdb,76.65
7920,bbarrel/single_seq/colab/TMB2.29_unrelaxed_rank_005_alphafold2_ptm_model_1_seed_000.pdb,29.94
7921,bbarrel/single_seq/colab/TMB2.4_unrelaxed_rank_003_alphafold2_ptm_model_3_seed_000.pdb,29.94
7922,bbarrel/single_seq/colab/TMB2.73_unrelaxed_rank_004_alphafold2_ptm_model_4_seed_000.pdb,31.0
7923,bbarrel/single_seq/colab/TMB2.78_unrelaxed_rank_005_alphafold2_ptm_model_3_seed_000.pdb,28.72
7924,bbarrel/single_seq/colab/HBI_b_02_unrelaxed_rank_003_alphafold2_ptm_model_3_seed_000.pdb,82.68
7925,bbarrel/single_seq/colab/HBI_b_38_unrelaxed_rank_005_alphafold2_ptm_model_2_seed_000.pdb,81.3
7926,bbarrel/single_seq/colab/HBI_b_26_unrelaxed_rank_002_alphafold2_ptm_model_2_seed_000.pdb,89.09
7927,bbarrel/single_seq/colab/TMB2.79_unrelaxed_rank_005_alphafold2_ptm_model_1_seed_000.pdb,33.94
7928,bbarrel/single_seq/colab/TMB2.77_unrelaxed_rank_003_alphafold2_ptm_model_5_seed_000.pdb,33.47
7929,bbarrel/single_seq/colab/TMB2.8_unrelaxed_rank_003_alphafold2_ptm_model_4_seed_000.pdb,33.76
7930,bbarrel/single_seq/colab/TMB2.37_unrelaxed_rank_005_alphafold2_ptm_model_3_seed_000.pdb,34.83
7931,bbarrel/single_seq/colab/TMB2.33_unrelaxed_rank_005_alphafold2_ptm_model_5_seed_000.pdb,28.26
7932,bbarrel/single_seq/colab/HBI_b_19_unrelaxed_rank_005_alphafold2_ptm_model_5_seed_000.pdb,72.08
7933,bbarrel/single_seq/colab/TMB2.89_unrelaxed_rank_001_alphafold2_ptm_model_2_seed_000.pdb,42.64
7934,bbarrel/single_seq/colab/TMB2.42_unrelaxed_rank_001_alphafold2_ptm_model_4_seed_000.pdb,66.75
7935,bbarrel/single_seq/colab/HBI_b_41_unrelaxed_rank_001_alphafold2_ptm_model_1_seed_000.pdb,80.82
7936,bbarrel/single_seq/colab/TMB2.64_unrelaxed_rank_004_alphafold2_ptm_model_5_seed_000.pdb,30.53
7937,bbarrel/single_seq/colab/HBI_b_22_unrelaxed_rank_001_alphafold2_ptm_model_5_seed_000.pdb,90.58
7938,bbarrel/single_seq/colab/HBI_b_20_unrelaxed_rank_004_alphafold2_ptm_model_5_seed_000.pdb,80.19
7939,bbarrel/single_seq/colab/TMB2.6_unrelaxed_rank_005_alphafold2_ptm_model_1_seed_000.pdb,27.18
7940,bbarrel/single_seq/colab/TMB2.5_unrelaxed_rank_003_alphafold2_ptm_model_2_seed_000.pdb,35.85
7941,bbarrel/single_seq/colab/TMB2.66_unrelaxed_rank_002_alphafold2_ptm_model_2_seed_000.pdb,43.38
7942,bbarrel/single_seq/colab/TMB2.37_unrelaxed_rank_002_alphafold2_ptm_model_5_seed_000.pdb,53.38
7943,bbarrel/single_seq/colab/TMB2.83_unrelaxed_rank_004_alphafold2_ptm_model_5_seed_000.pdb,42.12
7944,bbarrel/single_seq/colab/HBI_b_04_unrelaxed_rank_003_alphafold2_ptm_model_5_seed_000.pdb,73.49
7945,bbarrel/single_seq/colab/TMB2.27_unrelaxed_rank_004_alphafold2_ptm_model_1_seed_000.pdb,30.09
7946,bbarrel/single_seq/colab/TMB2.87_unrelaxed_rank_002_alphafold2_ptm_model_4_seed_000.pdb,41.65
7947,bbarrel/single_seq/colab/HBI_b_34_unrelaxed_rank_003_alphafold2_ptm_model_1_seed_000.pdb,78.58
7948,bbarrel/single_seq/colab/HBI_b_27_unrelaxed_rank_005_alphafold2_ptm_model_2_seed_000.pdb,66.85
7949,bbarrel/single_seq/colab/TMB2.31_unrelaxed_rank_002_alphafold2_ptm_model_5_seed_000.pdb,61.57
7950,bbarrel/single_seq/colab/TMB2.47_unrelaxed_rank_005_alphafold2_ptm_model_1_seed_000.pdb,28.55
7951,bbarrel/single_seq/colab/TMB2.39_unrelaxed_rank_003_alphafold2_ptm_model_1_seed_000.pdb,31.42
7952,bbarrel/single_seq/colab/TMB2.52_unrelaxed_rank_004_alphafold2_ptm_model_1_seed_000.pdb,32.96
7953,bbarrel/single_seq/colab/HBI_b_14_unrelaxed_rank_002_alphafold2_ptm_model_5_seed_000.pdb,86.43
7954,bbarrel/single_seq/colab/HBI_b_46_unrelaxed_rank_002_alphafold2_ptm_model_3_seed_000.pdb,68.66
7955,bbarrel/single_seq/colab/TMB2.72_unrelaxed_rank_003_alphafold2_ptm_model_5_seed_000.pdb,30.91
7956,bbarrel/single_seq/colab/TMB2.33_unrelaxed_rank_004_alphafold2_ptm_model_3_seed_000.pdb,31.63
7957,bbarrel/single_seq/colab/TMB2.60_unrelaxed_rank_005_alphafold2_ptm_model_3_seed_000.pdb,31.0
7958,bbarrel/single_seq/colab/TMB2.21_unrelaxed_rank_004_alphafold2_ptm_model_1_seed_000.pdb,29.68
7959,bbarrel/single_seq/colab/TMB2.54_unrelaxed_rank_001_alphafold2_ptm_model_2_seed_000.pdb,42.21
7960,bbarrel/single_seq/colab/HBI_b_38_unrelaxed_rank_004_alphafold2_ptm_model_3_seed_000.pdb,82.94
7961,bbarrel/single_seq/colab/TMB2.67_unrelaxed_rank_002_alphafold2_ptm_model_2_seed_000.pdb,35.59
7962,bbarrel/single_seq/colab/TMB2.12_unrelaxed_rank_001_alphafold2_ptm_model_2_seed_000.pdb,34.43
7963,bbarrel/single_seq/colab/TMB2.15_unrelaxed_rank_003_alphafold2_ptm_model_5_seed_000.pdb,32.23
7964,bbarrel/single_seq/colab/HBI_b_49_unrelaxed_rank_004_alphafold2_ptm_model_5_seed_000.pdb,87.17
7965,bbarrel/single_seq/colab/TMB2.54_unrelaxed_rank_002_alphafold2_ptm_model_4_seed_000.pdb,41.2
7966,bbarrel/single_seq/colab/TMB2.80_unrelaxed_rank_001_alphafold2_ptm_model_4_seed_000.pdb,62.16
7967,bbarrel/single_seq/colab/HBI_b_49_unrelaxed_rank_005_alphafold2_ptm_model_3_seed_000.pdb,86.43
7968,bbarrel/single_seq/colab/TMB2.27_unrelaxed_rank_003_alphafold2_ptm_model_5_seed_000.pdb,31.44
7969,bbarrel/single_seq/colab/TMB2.35_unrelaxed_rank_002_alphafold2_ptm_model_2_seed_000.pdb,40.92
7970,bbarrel/single_seq/colab/HBI_b_34_unrelaxed_rank_005_alphafold2_ptm_model_5_seed_000.pdb,65.86
7971,bbarrel/single_seq/colab/TMB2.70_unrelaxed_rank_003_alphafold2_ptm_model_2_seed_000.pdb,32.1
7972,bbarrel/single_seq/colab/TMB2.82_unrelaxed_rank_001_alphafold2_ptm_model_4_seed_000.pdb,85.04
7973,bbarrel/single_seq/colab/TMB2.45_unrelaxed_rank_002_alphafold2_ptm_model_5_seed_000.pdb,63.83
7974,bbarrel/single_seq/colab/TMB2.22_unrelaxed_rank_002_alphafold2_ptm_model_5_seed_000.pdb,58.52
7975,bbarrel/single_seq/colab/TMB2.76_unrelaxed_rank_005_alphafold2_ptm_model_3_seed_000.pdb,30.66
7976,bbarrel/single_seq/colab/TMB2.12_unrelaxed_rank_004_alphafold2_ptm_model_1_seed_000.pdb,32.29
7977,bbarrel/single_seq/colab/TMB2.69_unrelaxed_rank_001_alphafold2_ptm_model_4_seed_000.pdb,67.78
7978,bbarrel/single_seq/colab/TMB2.81_unrelaxed_rank_003_alphafold2_ptm_model_5_seed_000.pdb,30.75
7979,bbarrel/single_seq/colab/TMB2.71_unrelaxed_rank_004_alphafold2_ptm_model_4_seed_000.pdb,35.49
7980,bbarrel/single_seq/colab/HBI_b_40_unrelaxed_rank_001_alphafold2_ptm_model_1_seed_000.pdb,87.14
7981,bbarrel/single_seq/colab/TMB2.85_unrelaxed_rank_002_alphafold2_ptm_model_5_seed_000.pdb,37.73
7982,bbarrel/single_seq/colab/TMB2.3_unrelaxed_rank_005_alphafold2_ptm_model_1_seed_000.pdb,29.42
7983,bbarrel/single_seq/colab/TMB2.30_unrelaxed_rank_004_alphafold2_ptm_model_1_seed_000.pdb,30.69
7984,bbarrel/single_seq/colab/HBI_b_46_unrelaxed_rank_001_alphafold2_ptm_model_1_seed_000.pdb,71.89
7985,bbarrel/single_seq/colab/TMB2.27_unrelaxed_rank_005_alphafold2_ptm_model_3_seed_000.pdb,28.62
7986,bbarrel/single_seq/colab/TMB2.45_unrelaxed_rank_003_alphafold2_ptm_model_2_seed_000.pdb,44.41
7987,bbarrel/single_seq/colab/TMB2.58_unrelaxed_rank_003_alphafold2_ptm_model_5_seed_000.pdb,37.95
7988,bbarrel/single_seq/colab/HBI_b_29_unrelaxed_rank_002_alphafold2_ptm_model_3_seed_000.pdb,82.2
7989,bbarrel/single_seq/colab/HBI_b_32_unrelaxed_rank_003_alphafold2_ptm_model_1_seed_000.pdb,88.4
7990,bbarrel/single_seq/colab/TMB2.6_unrelaxed_rank_001_alphafold2_ptm_model_4_seed_000.pdb,40.22
7991,bbarrel/single_seq/colab/TMB2.22_unrelaxed_rank_001_alphafold2_ptm_model_4_seed_000.pdb,84.44
7992,bbarrel/single_seq/colab/TMB2.28_unrelaxed_rank_001_alphafold2_ptm_model_4_seed_000.pdb,73.93
7993,bbarrel/single_seq/colab/HBI_b_31_unrelaxed_rank_004_alphafold2_ptm_model_2_seed_000.pdb,76.56
7994,bbarrel/single_seq/colab/TMB2.20_unrelaxed_rank_002_alphafold2_ptm_model_5_seed_000.pdb,36.8
7995,bbarrel/single_seq/colab/TMB2.77_unrelaxed_rank_001_alphafold2_ptm_model_4_seed_000.pdb,78.96
7996,bbarrel/single_seq/colab/TMB2.14_unrelaxed_rank_001_alphafold2_ptm_model_4_seed_000.pdb,58.01
7997,bbarrel/single_seq/colab/TMB2.72_unrelaxed_rank_004_alphafold2_ptm_model_1_seed_000.pdb,28.55
7998,bbarrel/single_seq/colab/HBI_b_07_unrelaxed_rank_005_alphafold2_ptm_model_3_seed_000.pdb,84.61
7999,bbarrel/single_seq/colab/HBI_b_20_unrelaxed_rank_005_alphafold2_ptm_model_2_seed_000.pdb,79.81
8000,bbarrel/single_seq/colab/HBI_b_43_unrelaxed_rank_004_alphafold2_ptm_model_5_seed_000.pdb,72.6
8001,bbarrel/single_seq/colab/TMB2.19_unrelaxed_rank_002_alphafold2_ptm_model_5_seed_000.pdb,47.9
8002,bbarrel/single_seq/colab/TMB2.50_unrelaxed_rank_005_alphafold2_ptm_model_3_seed_000.pdb,29.81
8003,bbarrel/single_seq/colab/TMB2.73_unrelaxed_rank_001_alphafold2_ptm_model_2_seed_000.pdb,35.79
8004,bbarrel/single_seq/colab/TMB2.27_unrelaxed_rank_002_alphafold2_ptm_model_2_seed_000.pdb,33.24
8005,bbarrel/single_seq/colab/HBI_b_28_unrelaxed_rank_003_alphafold2_ptm_model_4_seed_000.pdb,81.57
8006,bbarrel/single_seq/colab/TMB2.31_unrelaxed_rank_005_alphafold2_ptm_model_1_seed_000.pdb,29.48
8007,bbarrel/single_seq/colab/HBI_b_01_unrelaxed_rank_005_alphafold2_ptm_model_3_seed_000.pdb,58.44
8008,bbarrel/single_seq/colab/HBI_b_25_unrelaxed_rank_001_alphafold2_ptm_model_2_seed_000.pdb,88.7
8009,bbarrel/single_seq/colab/HBI_b_35_unrelaxed_rank_003_alphafold2_ptm_model_3_seed_000.pdb,62.09
8010,bbarrel/single_seq/colab/HBI_b_23_unrelaxed_rank_002_alphafold2_ptm_model_2_seed_000.pdb,85.52
8011,bbarrel/single_seq/colab/TMB2.54_unrelaxed_rank_005_alphafold2_ptm_model_3_seed_000.pdb,33.85
8012,bbarrel/single_seq/colab/HBI_b_45_unrelaxed_rank_005_alphafold2_ptm_model_2_seed_000.pdb,44.72
8013,bbarrel/single_seq/colab/TMB2.17_unrelaxed_rank_002_alphafold2_ptm_model_2_seed_000.pdb,40.57
8014,bbarrel/single_seq/colab/TMB2.22_unrelaxed_rank_003_alphafold2_ptm_model_3_seed_000.pdb,36.5
8015,bbarrel/single_seq/colab/HBI_b_26_unrelaxed_rank_004_alphafold2_ptm_model_4_seed_000.pdb,88.39
8016,bbarrel/single_seq/colab/HBI_b_55_unrelaxed_rank_003_alphafold2_ptm_model_3_seed_000.pdb,75.3
8017,bbarrel/single_seq/colab/TMB2.18_unrelaxed_rank_003_alphafold2_ptm_model_1_seed_000.pdb,36.13
8018,bbarrel/single_seq/colab/HBI_b_53_unrelaxed_rank_005_alphafold2_ptm_model_2_seed_000.pdb,86.0
8019,bbarrel/single_seq/colab/TMB2.56_unrelaxed_rank_002_alphafold2_ptm_model_4_seed_000.pdb,32.36
8020,bbarrel/single_seq/colab/TMB2.63_unrelaxed_rank_005_alphafold2_ptm_model_3_seed_000.pdb,31.67
8021,bbarrel/single_seq/colab/HBI_b_19_unrelaxed_rank_004_alphafold2_ptm_model_1_seed_000.pdb,84.05
8022,bbarrel/single_seq/colab/TMB2.64_unrelaxed_rank_001_alphafold2_ptm_model_4_seed_000.pdb,56.81
8023,bbarrel/single_seq/colab/TMB2.28_unrelaxed_rank_003_alphafold2_ptm_model_5_seed_000.pdb,33.8
8024,bbarrel/single_seq/colab/HBI_b_01_unrelaxed_rank_002_alphafold2_ptm_model_4_seed_000.pdb,79.71
8025,bbarrel/single_seq/colab/TMB2.19_unrelaxed_rank_004_alphafold2_ptm_model_2_seed_000.pdb,36.32
8026,bbarrel/single_seq/colab/TMB2.15_unrelaxed_rank_005_alphafold2_ptm_model_3_seed_000.pdb,27.75
8027,bbarrel/single_seq/colab/HBI_b_49_unrelaxed_rank_003_alphafold2_ptm_model_2_seed_000.pdb,87.93
8028,bbarrel/single_seq/colab/TMB2.2_unrelaxed_rank_005_alphafold2_ptm_model_1_seed_000.pdb,29.12
8029,bbarrel/single_seq/colab/HBI_b_22_unrelaxed_rank_002_alphafold2_ptm_model_4_seed_000.pdb,88.59
8030,bbarrel/single_seq/colab/TMB2.75_unrelaxed_rank_002_alphafold2_ptm_model_2_seed_000.pdb,52.94
8031,bbarrel/single_seq/colab/HBI_b_14_unrelaxed_rank_004_alphafold2_ptm_model_1_seed_000.pdb,85.6
8032,bbarrel/single_seq/colab/HBI_b_56_unrelaxed_rank_004_alphafold2_ptm_model_3_seed_000.pdb,83.75
8033,bbarrel/single_seq/colab/TMB2.29_unrelaxed_rank_001_alphafold2_ptm_model_4_seed_000.pdb,86.25
8034,bbarrel/single_seq/colab/TMB2.5_unrelaxed_rank_001_alphafold2_ptm_model_4_seed_000.pdb,81.9
8035,bbarrel/single_seq/colab/TMB2.77_unrelaxed_rank_005_alphafold2_ptm_model_3_seed_000.pdb,30.44
8036,bbarrel/single_seq/colab/TMB2.38_unrelaxed_rank_004_alphafold2_ptm_model_5_seed_000.pdb,29.25
8037,bbarrel/single_seq/colab/HBI_b_50_unrelaxed_rank_004_alphafold2_ptm_model_2_seed_000.pdb,72.92
8038,bbarrel/single_seq/colab/HBI_b_53_unrelaxed_rank_004_alphafold2_ptm_model_1_seed_000.pdb,86.25
8039,bbarrel/single_seq/colab/HBI_b_20_unrelaxed_rank_003_alphafold2_ptm_model_1_seed_000.pdb,81.43
8040,bbarrel/single_seq/colab/TMB2.17_unrelaxed_rank_005_alphafold2_ptm_model_3_seed_000.pdb,30.79
8041,bbarrel/single_seq/colab/TMB2.71_unrelaxed_rank_001_alphafold2_ptm_model_2_seed_000.pdb,36.66
8042,bbarrel/single_seq/colab/TMB2.15_unrelaxed_rank_004_alphafold2_ptm_model_1_seed_000.pdb,30.02
8043,bbarrel/single_seq/colab/HBI_b_19_unrelaxed_rank_003_alphafold2_ptm_model_4_seed_000.pdb,84.55
8044,bbarrel/single_seq/colab/TMB2.21_unrelaxed_rank_002_alphafold2_ptm_model_4_seed_000.pdb,41.17
8045,bbarrel/single_seq/colab/TMB2.82_unrelaxed_rank_002_alphafold2_ptm_model_2_seed_000.pdb,33.05
8046,bbarrel/single_seq/colab/HBI_b_31_unrelaxed_rank_002_alphafold2_ptm_model_1_seed_000.pdb,82.18
8047,bbarrel/single_seq/colab/TMB2.35_unrelaxed_rank_001_alphafold2_ptm_model_1_seed_000.pdb,43.48
8048,bbarrel/single_seq/colab/TMB2.3_unrelaxed_rank_004_alphafold2_ptm_model_3_seed_000.pdb,30.9
8049,bbarrel/single_seq/colab/TMB2.14_unrelaxed_rank_003_alphafold2_ptm_model_3_seed_000.pdb,32.62
8050,bbarrel/single_seq/colab/HBI_b_37_unrelaxed_rank_005_alphafold2_ptm_model_3_seed_000.pdb,73.67
8051,bbarrel/single_seq/colab/TMB2.88_unrelaxed_rank_003_alphafold2_ptm_model_2_seed_000.pdb,37.37
8052,bbarrel/single_seq/colab/HBI_b_20_unrelaxed_rank_002_alphafold2_ptm_model_3_seed_000.pdb,81.99
8053,bbarrel/single_seq/colab/TMB2.87_unrelaxed_rank_003_alphafold2_ptm_model_5_seed_000.pdb,33.41
8054,bbarrel/single_seq/colab/TMB2.63_unrelaxed_rank_004_alphafold2_ptm_model_1_seed_000.pdb,36.2
8055,bbarrel/single_seq/colab/TMB2.20_unrelaxed_rank_001_alphafold2_ptm_model_4_seed_000.pdb,37.62
8056,bbarrel/single_seq/colab/TMB2.20_unrelaxed_rank_005_alphafold2_ptm_model_3_seed_000.pdb,28.69
8057,bbarrel/single_seq/colab/TMB2.41_unrelaxed_rank_002_alphafold2_ptm_model_5_seed_000.pdb,48.3
8058,bbarrel/single_seq/colab/TMB2.36_unrelaxed_rank_003_alphafold2_ptm_model_3_seed_000.pdb,32.25
8059,bbarrel/single_seq/colab/TMB2.68_unrelaxed_rank_004_alphafold2_ptm_model_1_seed_000.pdb,36.7
8060,bbarrel/single_seq/colab/TMB2.34_unrelaxed_rank_003_alphafold2_ptm_model_5_seed_000.pdb,32.72
8061,bbarrel/single_seq/colab/TMB2.28_unrelaxed_rank_002_alphafold2_ptm_model_2_seed_000.pdb,38.39
8062,bbarrel/single_seq/colab/HBI_b_56_unrelaxed_rank_003_alphafold2_ptm_model_2_seed_000.pdb,85.2
8063,bbarrel/single_seq/colab/TMB2.72_unrelaxed_rank_002_alphafold2_ptm_model_2_seed_000.pdb,32.77
8064,bbarrel/single_seq/colab/HBI_b_43_unrelaxed_rank_003_alphafold2_ptm_model_2_seed_000.pdb,77.73
8065,bbarrel/single_seq/colab/HBI_b_33_unrelaxed_rank_001_alphafold2_ptm_model_1_seed_000.pdb,84.24
8066,bbarrel/single_seq/colab/TMB2.74_unrelaxed_rank_003_alphafold2_ptm_model_2_seed_000.pdb,35.82
8067,bbarrel/single_seq/colab/HBI_b_27_unrelaxed_rank_003_alphafold2_ptm_model_5_seed_000.pdb,78.53
8068,bbarrel/single_seq/colab/TMB2.64_unrelaxed_rank_002_alphafold2_ptm_model_2_seed_000.pdb,34.52
8069,bbarrel/single_seq/colab/HBI_b_16_unrelaxed_rank_001_alphafold2_ptm_model_5_seed_000.pdb,84.1
8070,bbarrel/single_seq/colab/TMB2.65_unrelaxed_rank_001_alphafold2_ptm_model_4_seed_000.pdb,80.61
8071,bbarrel/single_seq/colab/TMB2.29_unrelaxed_rank_003_alphafold2_ptm_model_5_seed_000.pdb,31.81
8072,bbarrel/single_seq/colab/TMB2.24_unrelaxed_rank_003_alphafold2_ptm_model_3_seed_000.pdb,43.19
8073,bbarrel/single_seq/colab/TMB2.39_unrelaxed_rank_001_alphafold2_ptm_model_4_seed_000.pdb,33.48
8074,bbarrel/single_seq/colab/HBI_b_08_unrelaxed_rank_003_alphafold2_ptm_model_3_seed_000.pdb,76.53
8075,bbarrel/single_seq/colab/TMB2.88_unrelaxed_rank_002_alphafold2_ptm_model_1_seed_000.pdb,42.68
8076,bbarrel/single_seq/colab/HBI_b_53_unrelaxed_rank_002_alphafold2_ptm_model_5_seed_000.pdb,86.63
8077,bbarrel/single_seq/colab/HBI_b_22_unrelaxed_rank_003_alphafold2_ptm_model_2_seed_000.pdb,87.09
8078,bbarrel/single_seq/colab/TMB2.66_unrelaxed_rank_004_alphafold2_ptm_model_5_seed_000.pdb,33.26
8079,bbarrel/single_seq/colab/TMB2.24_unrelaxed_rank_001_alphafold2_ptm_model_4_seed_000.pdb,77.14
8080,bbarrel/single_seq/colab/TMB2.12_unrelaxed_rank_002_alphafold2_ptm_model_4_seed_000.pdb,32.95
8081,bbarrel/single_seq/colab/TMB2.24_unrelaxed_rank_004_alphafold2_ptm_model_5_seed_000.pdb,43.03
8082,bbarrel/single_seq/colab/HBI_b_37_unrelaxed_rank_004_alphafold2_ptm_model_5_seed_000.pdb,80.82
8083,bbarrel/single_seq/colab/TMB2.1_unrelaxed_rank_003_alphafold2_ptm_model_1_seed_000.pdb,29.17
8084,bbarrel/single_seq/colab/TMB2.32_unrelaxed_rank_003_alphafold2_ptm_model_2_seed_000.pdb,32.31
8085,bbarrel/single_seq/colab/TMB2.58_unrelaxed_rank_004_alphafold2_ptm_model_3_seed_000.pdb,30.33
8086,bbarrel/single_seq/colab/TMB2.9_unrelaxed_rank_004_alphafold2_ptm_model_5_seed_000.pdb,29.82
8087,bbarrel/single_seq/colab/TMB2.85_unrelaxed_rank_004_alphafold2_ptm_model_1_seed_000.pdb,29.01
8088,bbarrel/single_seq/colab/HBI_b_44_unrelaxed_rank_003_alphafold2_ptm_model_5_seed_000.pdb,83.25
8089,bbarrel/single_seq/colab/TMB2.44_unrelaxed_rank_003_alphafold2_ptm_model_1_seed_000.pdb,32.36
8090,bbarrel/single_seq/colab/HBI_b_56_unrelaxed_rank_001_alphafold2_ptm_model_5_seed_000.pdb,86.42
8091,bbarrel/single_seq/colab/TMB2.87_unrelaxed_rank_001_alphafold2_ptm_model_2_seed_000.pdb,44.02
8092,bbarrel/single_seq/colab/TMB2.11_unrelaxed_rank_002_alphafold2_ptm_model_2_seed_000.pdb,42.93
8093,bbarrel/single_seq/colab/TMB2.73_unrelaxed_rank_003_alphafold2_ptm_model_5_seed_000.pdb,33.47
8094,bbarrel/single_seq/colab/HBI_b_46_unrelaxed_rank_004_alphafold2_ptm_model_2_seed_000.pdb,64.31
8095,bbarrel/single_seq/colab/TMB2.39_unrelaxed_rank_004_alphafold2_ptm_model_5_seed_000.pdb,31.23
8096,bbarrel/single_seq/colab/HBI_b_16_unrelaxed_rank_002_alphafold2_ptm_model_3_seed_000.pdb,79.31
8097,bbarrel/single_seq/colab/HBI_b_17_unrelaxed_rank_005_alphafold2_ptm_model_2_seed_000.pdb,74.04
8098,bbarrel/single_seq/colab/HBI_b_41_unrelaxed_rank_002_alphafold2_ptm_model_5_seed_000.pdb,75.18
8099,bbarrel/single_seq/colab/HBI_b_39_unrelaxed_rank_003_alphafold2_ptm_model_1_seed_000.pdb,83.17
8100,bbarrel/single_seq/colab/TMB2.3_unrelaxed_rank_003_alphafold2_ptm_model_2_seed_000.pdb,31.49
8101,bbarrel/single_seq/colab/TMB2.80_unrelaxed_rank_005_alphafold2_ptm_model_3_seed_000.pdb,32.54
8102,bbarrel/single_seq/colab/TMB2.48_unrelaxed_rank_005_alphafold2_ptm_model_3_seed_000.pdb,28.5
8103,bbarrel/single_seq/colab/HBI_b_27_unrelaxed_rank_001_alphafold2_ptm_model_1_seed_000.pdb,86.38
8104,bbarrel/single_seq/colab/HBI_b_23_unrelaxed_rank_004_alphafold2_ptm_model_5_seed_000.pdb,80.12
8105,bbarrel/single_seq/colab/TMB2.78_unrelaxed_rank_004_alphafold2_ptm_model_1_seed_000.pdb,29.31
8106,bbarrel/single_seq/colab/TMB2.18_unrelaxed_rank_004_alphafold2_ptm_model_2_seed_000.pdb,34.47
8107,bbarrel/single_seq/colab/HBI_b_39_unrelaxed_rank_005_alphafold2_ptm_model_2_seed_000.pdb,82.08
8108,bbarrel/single_seq/colab/HBI_b_10_unrelaxed_rank_003_alphafold2_ptm_model_5_seed_000.pdb,88.21
8109,bbarrel/single_seq/colab/TMB2.12_unrelaxed_rank_005_alphafold2_ptm_model_3_seed_000.pdb,28.81
8110,bbarrel/single_seq/colab/TMB2.74_unrelaxed_rank_002_alphafold2_ptm_model_5_seed_000.pdb,37.81
8111,bbarrel/single_seq/colab/TMB2.7_unrelaxed_rank_001_alphafold2_ptm_model_2_seed_000.pdb,34.35
8112,bbarrel/single_seq/colab/TMB2.74_unrelaxed_rank_005_alphafold2_ptm_model_3_seed_000.pdb,31.84
8113,bbarrel/single_seq/colab/HBI_b_34_unrelaxed_rank_002_alphafold2_ptm_model_3_seed_000.pdb,78.55
8114,bbarrel/single_seq/colab/TMB2.79_unrelaxed_rank_001_alphafold2_ptm_model_4_seed_000.pdb,84.42
8115,bbarrel/single_seq/colab/TMB2.4_unrelaxed_rank_001_alphafold2_ptm_model_2_seed_000.pdb,31.42
8116,bbarrel/single_seq/colab/TMB2.50_unrelaxed_rank_003_alphafold2_ptm_model_5_seed_000.pdb,32.32
8117,bbarrel/single_seq/colab/TMB2.25_unrelaxed_rank_004_alphafold2_ptm_model_3_seed_000.pdb,30.35
8118,bbarrel/esmfold/esmf/TMB2.41_sample_35.pdb,86.14
8119,bbarrel/esmfold/esmf/TMB2.50_sample_43.pdb,85.67
8120,bbarrel/esmfold/esmf/HBI_b_23_sample_98.pdb,86.78
8121,bbarrel/esmfold/esmf/TMB2.68_sample_59.pdb,84.92
8122,bbarrel/esmfold/esmf/TMB2.62_sample_53.pdb,85.5
8123,bbarrel/esmfold/esmf/HBI_b_35_sample_108.pdb,78.97
8124,bbarrel/esmfold/esmf/TMB2.26_sample_21.pdb,78.68
8125,bbarrel/esmfold/esmf/HBI_b_40_sample_112.pdb,81.55
8126,bbarrel/esmfold/esmf/TMB2.43_sample_37.pdb,84.52
8127,bbarrel/esmfold/esmf/TMB2.29_sample_24.pdb,85.76
8128,bbarrel/esmfold/esmf/TMB2.28_sample_23.pdb,86.14
8129,bbarrel/esmfold/esmf/TMB2.14_sample_10.pdb,87.06
8130,bbarrel/esmfold/esmf/HBI_b_43_sample_114.pdb,85.19
8131,bbarrel/esmfold/esmf/TMB2.64_sample_55.pdb,81.22
8132,bbarrel/esmfold/esmf/TMB2.63_sample_54.pdb,82.45
8133,bbarrel/esmfold/esmf/TMB2.76_sample_67.pdb,85.57
8134,bbarrel/esmfold/esmf/TMB2.24_sample_19.pdb,79.43
8135,bbarrel/esmfold/esmf/TMB2.60_sample_52.pdb,84.88
8136,bbarrel/esmfold/esmf/TMB2.6_sample_4.pdb,84.96
8137,bbarrel/esmfold/esmf/HBI_b_34_sample_107.pdb,86.35
8138,bbarrel/esmfold/esmf/HBI_b_08_sample_86.pdb,84.11
8139,bbarrel/esmfold/esmf/TMB2.56_sample_48.pdb,86.89
8140,bbarrel/esmfold/esmf/TMB2.78_sample_69.pdb,86.17
8141,bbarrel/esmfold/esmf/TMB2.20_sample_15.pdb,84.15
8142,bbarrel/esmfold/esmf/HBI_b_01_sample_81.pdb,90.74
8143,bbarrel/esmfold/esmf/TMB2.34_sample_29.pdb,81.09
8144,bbarrel/esmfold/esmf/TMB2.69_sample_60.pdb,85.17
8145,bbarrel/esmfold/esmf/TMB2.11_sample_8.pdb,77.82
8146,bbarrel/esmfold/esmf/HBI_b_07_sample_85.pdb,89.02
8147,bbarrel/esmfold/esmf/TMB2.2_sample_0.pdb,82.34
8148,bbarrel/esmfold/esmf/HBI_b_50_sample_119.pdb,91.45
8149,bbarrel/esmfold/esmf/HBI_b_53_sample_120.pdb,86.27
8150,bbarrel/esmfold/esmf/TMB2.27_sample_22.pdb,83.57
8151,bbarrel/esmfold/esmf/TMB2.17_sample_12.pdb,88.86
8152,bbarrel/esmfold/esmf/TMB2.39_sample_34.pdb,83.6
8153,bbarrel/esmfold/esmf/HBI_b_49_sample_118.pdb,90.85
8154,bbarrel/esmfold/esmf/HBI_b_13_sample_89.pdb,82.79
8155,bbarrel/esmfold/esmf/TMB2.65_sample_56.pdb,86.2
8156,bbarrel/esmfold/esmf/TMB2.31_sample_26.pdb,85.17
8157,bbarrel/esmfold/esmf/TMB2.12_sample_9.pdb,75.64
8158,bbarrel/esmfold/esmf/TMB2.59_sample_51.pdb,86.42
8159,bbarrel/esmfold/esmf/TMB2.83_sample_74.pdb,85.34
8160,bbarrel/esmfold/esmf/TMB2.82_sample_73.pdb,85.19
8161,bbarrel/esmfold/esmf/HBI_b_37_sample_109.pdb,86.57
8162,bbarrel/esmfold/esmf/TMB2.79_sample_70.pdb,81.47
8163,bbarrel/esmfold/esmf/TMB2.84_sample_75.pdb,87.55
8164,bbarrel/esmfold/esmf/HBI_b_46_sample_117.pdb,85.32
8165,bbarrel/esmfold/esmf/TMB2.58_sample_50.pdb,86.52
8166,bbarrel/esmfold/esmf/TMB2.71_sample_62.pdb,84.11
8167,bbarrel/esmfold/esmf/HBI_b_26_sample_100.pdb,89.59
8168,bbarrel/esmfold/esmf/TMB2.15_sample_11.pdb,85.92
8169,bbarrel/esmfold/esmf/TMB2.67_sample_58.pdb,86.73
8170,bbarrel/esmfold/esmf/TMB2.5_sample_3.pdb,83.7
8171,bbarrel/esmfold/esmf/TMB2.73_sample_64.pdb,77.4
8172,bbarrel/esmfold/esmf/TMB2.9_sample_7.pdb,80.72
8173,bbarrel/esmfold/esmf/HBI_b_15_sample_91.pdb,78.96
8174,bbarrel/esmfold/esmf/TMB2.35_sample_30.pdb,84.3
8175,bbarrel/esmfold/esmf/TMB2.30_sample_25.pdb,84.43
8176,bbarrel/esmfold/esmf/TMB2.8_sample_6.pdb,86.44
8177,bbarrel/esmfold/esmf/TMB2.45_sample_39.pdb,82.7
8178,bbarrel/esmfold/esmf/HBI_b_29_sample_103.pdb,84.99
8179,bbarrel/esmfold/esmf/HBI_b_44_sample_115.pdb,87.92
8180,bbarrel/esmfold/esmf/HBI_b_04_sample_84.pdb,85.76
8181,bbarrel/esmfold/esmf/HBI_b_10_sample_88.pdb,87.42
8182,bbarrel/esmfold/esmf/HBI_b_38_sample_110.pdb,81.66
8183,bbarrel/esmfold/esmf/HBI_b_09_sample_87.pdb,80.1
8184,bbarrel/esmfold/esmf/TMB2.36_sample_31.pdb,85.44
8185,bbarrel/esmfold/esmf/TMB2.25_sample_20.pdb,86.72
8186,bbarrel/esmfold/esmf/TMB2.85_sample_76.pdb,86.88
8187,bbarrel/esmfold/esmf/HBI_b_39_sample_111.pdb,90.22
8188,bbarrel/esmfold/esmf/TMB2.86_sample_77.pdb,80.51
8189,bbarrel/esmfold/esmf/TMB2.51_sample_44.pdb,83.44
8190,bbarrel/esmfold/esmf/TMB2.81_sample_72.pdb,82.52
8191,bbarrel/esmfold/esmf/HBI_b_33_sample_106.pdb,84.6
8192,bbarrel/esmfold/esmf/HBI_b_21_sample_96.pdb,84.9
8193,bbarrel/esmfold/esmf/HBI_b_32_sample_105.pdb,88.23
8194,bbarrel/esmfold/esmf/HBI_b_16_sample_92.pdb,81.28
8195,bbarrel/esmfold/esmf/TMB2.49_sample_42.pdb,84.88
8196,bbarrel/esmfold/esmf/TMB2.89_sample_80.pdb,82.75
8197,bbarrel/esmfold/esmf/HBI_b_19_sample_94.pdb,81.24
8198,bbarrel/esmfold/esmf/HBI_b_22_sample_97.pdb,89.8
8199,bbarrel/esmfold/esmf/TMB2.57_sample_49.pdb,86.9
8200,bbarrel/esmfold/esmf/HBI_b_03_sample_83.pdb,87.56
8201,bbarrel/esmfold/esmf/TMB2.18_sample_13.pdb,83.7
8202,bbarrel/esmfold/esmf/TMB2.42_sample_36.pdb,86.05
8203,bbarrel/esmfold/esmf/HBI_b_41_sample_113.pdb,85.42
8204,bbarrel/esmfold/esmf/TMB2.77_sample_68.pdb,82.4
8205,bbarrel/esmfold/esmf/HBI_b_14_sample_90.pdb,85.38
8206,bbarrel/esmfold/esmf/TMB2.70_sample_61.pdb,85.11
8207,bbarrel/esmfold/esmf/HBI_b_20_sample_95.pdb,86.74
8208,bbarrel/esmfold/esmf/TMB2.32_sample_27.pdb,85.6
8209,bbarrel/esmfold/esmf/TMB2.72_sample_63.pdb,78.83
8210,bbarrel/esmfold/esmf/TMB2.1_sample_1.pdb,84.39
8211,bbarrel/esmfold/esmf/HBI_b_28_sample_102.pdb,85.24
8212,bbarrel/esmfold/esmf/HBI_b_27_sample_101.pdb,84.28
8213,bbarrel/esmfold/esmf/TMB2.75_sample_66.pdb,82.09
8214,bbarrel/esmfold/esmf/TMB2.21_sample_16.pdb,85.4
8215,bbarrel/esmfold/esmf/TMB2.37_sample_32.pdb,81.96
8216,bbarrel/esmfold/esmf/TMB2.4_sample_2.pdb,81.9
8217,bbarrel/esmfold/esmf/HBI_b_17_sample_93.pdb,90.88
8218,bbarrel/esmfold/esmf/TMB2.38_sample_33.pdb,82.5
8219,bbarrel/esmfold/esmf/TMB2.33_sample_28.pdb,85.4
8220,bbarrel/esmfold/esmf/HBI_b_56_sample_122.pdb,83.21
8221,bbarrel/esmfold/esmf/TMB2.54_sample_46.pdb,85.51
8222,bbarrel/esmfold/esmf/TMB2.80_sample_71.pdb,81.18
8223,bbarrel/esmfold/esmf/TMB2.48_sample_41.pdb,86.71
8224,bbarrel/esmfold/esmf/TMB2.19_sample_14.pdb,83.46
8225,bbarrel/esmfold/esmf/HBI_b_25_sample_99.pdb,81.52
8226,bbarrel/esmfold/esmf/TMB2.3_sample_1.pdb,85.22
8227,bbarrel/esmfold/esmf/TMB2.22_sample_17.pdb,85.53
8228,bbarrel/esmfold/esmf/HBI_b_02_sample_82.pdb,81.78
8229,bbarrel/esmfold/esmf/HBI_b_45_sample_116.pdb,88.57
8230,bbarrel/esmfold/esmf/TMB2.88_sample_79.pdb,78.85
8231,bbarrel/esmfold/esmf/TMB2.44_sample_38.pdb,85.85
8232,bbarrel/esmfold/esmf/TMB2.7_sample_5.pdb,83.14
8233,bbarrel/esmfold/esmf/TMB2.87_sample_78.pdb,76.68
8234,bbarrel/esmfold/esmf/HBI_b_55_sample_121.pdb,88.91
8235,bbarrel/esmfold/esmf/TMB2.74_sample_65.pdb,77.02
8236,bbarrel/esmfold/esmf/TMB2.55_sample_47.pdb,84.85
8237,bbarrel/esmfold/esmf/TMB2.47_sample_40.pdb,86.38
8238,bbarrel/esmfold/esmf/TMB2.23_sample_18.pdb,83.63
8239,bbarrel/esmfold/esmf/HBI_b_31_sample_104.pdb,77.79
8240,bbarrel/esmfold/esmf/TMB2.52_sample_45.pdb,64.72
8241,bbarrel/esmfold/esmf/TMB2.66_sample_57.pdb,83.65
8242,bbarrel/esmfold/esmf_att/TMB2.41_sample_35.pdb,86.4
8243,bbarrel/esmfold/esmf_att/TMB2.50_sample_43.pdb,85.9
8244,bbarrel/esmfold/esmf_att/HBI_b_23_sample_98.pdb,87.59
8245,bbarrel/esmfold/esmf_att/TMB2.68_sample_59.pdb,85.18
8246,bbarrel/esmfold/esmf_att/TMB2.62_sample_53.pdb,85.69
8247,bbarrel/esmfold/esmf_att/HBI_b_35_sample_108.pdb,79.64
8248,bbarrel/esmfold/esmf_att/TMB2.26_sample_21.pdb,78.89
8249,bbarrel/esmfold/esmf_att/HBI_b_40_sample_112.pdb,82.1
8250,bbarrel/esmfold/esmf_att/TMB2.43_sample_37.pdb,84.79
8251,bbarrel/esmfold/esmf_att/TMB2.29_sample_24.pdb,86.0
8252,bbarrel/esmfold/esmf_att/TMB2.28_sample_23.pdb,86.44
8253,bbarrel/esmfold/esmf_att/TMB2.14_sample_10.pdb,87.27
8254,bbarrel/esmfold/esmf_att/HBI_b_43_sample_114.pdb,85.88
8255,bbarrel/esmfold/esmf_att/TMB2.64_sample_55.pdb,81.53
8256,bbarrel/esmfold/esmf_att/TMB2.63_sample_54.pdb,82.68
8257,bbarrel/esmfold/esmf_att/TMB2.76_sample_67.pdb,85.85
8258,bbarrel/esmfold/esmf_att/TMB2.24_sample_19.pdb,79.74
8259,bbarrel/esmfold/esmf_att/TMB2.60_sample_52.pdb,85.08
8260,bbarrel/esmfold/esmf_att/TMB2.6_sample_4.pdb,85.2
8261,bbarrel/esmfold/esmf_att/HBI_b_34_sample_107.pdb,87.17
8262,bbarrel/esmfold/esmf_att/HBI_b_08_sample_86.pdb,84.86
8263,bbarrel/esmfold/esmf_att/TMB2.56_sample_48.pdb,87.16
8264,bbarrel/esmfold/esmf_att/TMB2.78_sample_69.pdb,86.39
8265,bbarrel/esmfold/esmf_att/TMB2.20_sample_15.pdb,84.39
8266,bbarrel/esmfold/esmf_att/HBI_b_01_sample_81.pdb,91.63
8267,bbarrel/esmfold/esmf_att/TMB2.34_sample_29.pdb,81.38
8268,bbarrel/esmfold/esmf_att/TMB2.69_sample_60.pdb,85.39
8269,bbarrel/esmfold/esmf_att/TMB2.11_sample_8.pdb,78.05
8270,bbarrel/esmfold/esmf_att/HBI_b_07_sample_85.pdb,89.76
8271,bbarrel/esmfold/esmf_att/TMB2.2_sample_0.pdb,82.56
8272,bbarrel/esmfold/esmf_att/HBI_b_50_sample_119.pdb,92.03
8273,bbarrel/esmfold/esmf_att/HBI_b_53_sample_120.pdb,86.98
8274,bbarrel/esmfold/esmf_att/TMB2.27_sample_22.pdb,83.86
8275,bbarrel/esmfold/esmf_att/TMB2.17_sample_12.pdb,89.21
8276,bbarrel/esmfold/esmf_att/TMB2.39_sample_34.pdb,83.87
8277,bbarrel/esmfold/esmf_att/HBI_b_49_sample_118.pdb,91.57
8278,bbarrel/esmfold/esmf_att/HBI_b_13_sample_89.pdb,83.26
8279,bbarrel/esmfold/esmf_att/TMB2.65_sample_56.pdb,86.49
8280,bbarrel/esmfold/esmf_att/TMB2.31_sample_26.pdb,85.37
8281,bbarrel/esmfold/esmf_att/TMB2.12_sample_9.pdb,75.78
8282,bbarrel/esmfold/esmf_att/TMB2.59_sample_51.pdb,86.56
8283,bbarrel/esmfold/esmf_att/TMB2.83_sample_74.pdb,85.71
8284,bbarrel/esmfold/esmf_att/TMB2.82_sample_73.pdb,85.55
8285,bbarrel/esmfold/esmf_att/HBI_b_37_sample_109.pdb,87.26
8286,bbarrel/esmfold/esmf_att/TMB2.79_sample_70.pdb,81.75
8287,bbarrel/esmfold/esmf_att/TMB2.84_sample_75.pdb,87.76
8288,bbarrel/esmfold/esmf_att/HBI_b_46_sample_117.pdb,86.14
8289,bbarrel/esmfold/esmf_att/TMB2.58_sample_50.pdb,86.89
8290,bbarrel/esmfold/esmf_att/TMB2.71_sample_62.pdb,84.38
8291,bbarrel/esmfold/esmf_att/HBI_b_26_sample_100.pdb,90.26
8292,bbarrel/esmfold/esmf_att/TMB2.15_sample_11.pdb,86.22
8293,bbarrel/esmfold/esmf_att/TMB2.67_sample_58.pdb,87.0
8294,bbarrel/esmfold/esmf_att/TMB2.5_sample_3.pdb,83.9
8295,bbarrel/esmfold/esmf_att/TMB2.73_sample_64.pdb,77.57
8296,bbarrel/esmfold/esmf_att/TMB2.9_sample_7.pdb,81.05
8297,bbarrel/esmfold/esmf_att/HBI_b_15_sample_91.pdb,79.67
8298,bbarrel/esmfold/esmf_att/TMB2.35_sample_30.pdb,84.56
8299,bbarrel/esmfold/esmf_att/TMB2.30_sample_25.pdb,84.65
8300,bbarrel/esmfold/esmf_att/TMB2.8_sample_6.pdb,86.7
8301,bbarrel/esmfold/esmf_att/TMB2.45_sample_39.pdb,83.01
8302,bbarrel/esmfold/esmf_att/HBI_b_29_sample_103.pdb,85.61
8303,bbarrel/esmfold/esmf_att/HBI_b_44_sample_115.pdb,88.63
8304,bbarrel/esmfold/esmf_att/HBI_b_04_sample_84.pdb,86.44
8305,bbarrel/esmfold/esmf_att/HBI_b_10_sample_88.pdb,88.15
8306,bbarrel/esmfold/esmf_att/HBI_b_38_sample_110.pdb,82.38
8307,bbarrel/esmfold/esmf_att/HBI_b_09_sample_87.pdb,80.83
8308,bbarrel/esmfold/esmf_att/TMB2.36_sample_31.pdb,85.7
8309,bbarrel/esmfold/esmf_att/TMB2.25_sample_20.pdb,86.95
8310,bbarrel/esmfold/esmf_att/TMB2.85_sample_76.pdb,87.11
8311,bbarrel/esmfold/esmf_att/HBI_b_39_sample_111.pdb,90.98
8312,bbarrel/esmfold/esmf_att/TMB2.86_sample_77.pdb,80.77
8313,bbarrel/esmfold/esmf_att/TMB2.51_sample_44.pdb,83.74
8314,bbarrel/esmfold/esmf_att/TMB2.81_sample_72.pdb,82.79
8315,bbarrel/esmfold/esmf_att/HBI_b_33_sample_106.pdb,85.44
8316,bbarrel/esmfold/esmf_att/HBI_b_21_sample_96.pdb,85.77
8317,bbarrel/esmfold/esmf_att/HBI_b_32_sample_105.pdb,89.01
8318,bbarrel/esmfold/esmf_att/HBI_b_16_sample_92.pdb,82.09
8319,bbarrel/esmfold/esmf_att/TMB2.49_sample_42.pdb,85.21
8320,bbarrel/esmfold/esmf_att/TMB2.89_sample_80.pdb,82.9
8321,bbarrel/esmfold/esmf_att/HBI_b_19_sample_94.pdb,81.98
8322,bbarrel/esmfold/esmf_att/HBI_b_22_sample_97.pdb,90.44
8323,bbarrel/esmfold/esmf_att/TMB2.57_sample_49.pdb,87.21
8324,bbarrel/esmfold/esmf_att/HBI_b_03_sample_83.pdb,88.11
8325,bbarrel/esmfold/esmf_att/TMB2.18_sample_13.pdb,83.88
8326,bbarrel/esmfold/esmf_att/TMB2.42_sample_36.pdb,86.23
8327,bbarrel/esmfold/esmf_att/HBI_b_41_sample_113.pdb,86.09
8328,bbarrel/esmfold/esmf_att/TMB2.77_sample_68.pdb,82.64
8329,bbarrel/esmfold/esmf_att/HBI_b_14_sample_90.pdb,86.0
8330,bbarrel/esmfold/esmf_att/TMB2.70_sample_61.pdb,85.35
8331,bbarrel/esmfold/esmf_att/HBI_b_20_sample_95.pdb,87.48
8332,bbarrel/esmfold/esmf_att/TMB2.32_sample_27.pdb,85.83
8333,bbarrel/esmfold/esmf_att/TMB2.72_sample_63.pdb,79.12
8334,bbarrel/esmfold/esmf_att/TMB2.1_sample_1.pdb,84.75
8335,bbarrel/esmfold/esmf_att/HBI_b_28_sample_102.pdb,85.7
8336,bbarrel/esmfold/esmf_att/HBI_b_27_sample_101.pdb,85.03
8337,bbarrel/esmfold/esmf_att/TMB2.75_sample_66.pdb,82.29
8338,bbarrel/esmfold/esmf_att/TMB2.21_sample_16.pdb,85.71
8339,bbarrel/esmfold/esmf_att/TMB2.37_sample_32.pdb,82.18
8340,bbarrel/esmfold/esmf_att/TMB2.4_sample_2.pdb,82.17
8341,bbarrel/esmfold/esmf_att/HBI_b_17_sample_93.pdb,91.41
8342,bbarrel/esmfold/esmf_att/TMB2.38_sample_33.pdb,82.73
8343,bbarrel/esmfold/esmf_att/TMB2.33_sample_28.pdb,85.68
8344,bbarrel/esmfold/esmf_att/HBI_b_56_sample_122.pdb,83.95
8345,bbarrel/esmfold/esmf_att/TMB2.54_sample_46.pdb,85.78
8346,bbarrel/esmfold/esmf_att/TMB2.80_sample_71.pdb,81.51
8347,bbarrel/esmfold/esmf_att/TMB2.48_sample_41.pdb,86.93
8348,bbarrel/esmfold/esmf_att/TMB2.19_sample_14.pdb,83.64
8349,bbarrel/esmfold/esmf_att/HBI_b_25_sample_99.pdb,82.27
8350,bbarrel/esmfold/esmf_att/TMB2.3_sample_1.pdb,85.55
8351,bbarrel/esmfold/esmf_att/TMB2.22_sample_17.pdb,85.86
8352,bbarrel/esmfold/esmf_att/HBI_b_02_sample_82.pdb,82.47
8353,bbarrel/esmfold/esmf_att/HBI_b_45_sample_116.pdb,89.28
8354,bbarrel/esmfold/esmf_att/TMB2.88_sample_79.pdb,79.05
8355,bbarrel/esmfold/esmf_att/TMB2.44_sample_38.pdb,86.08
8356,bbarrel/esmfold/esmf_att/TMB2.7_sample_5.pdb,83.35
8357,bbarrel/esmfold/esmf_att/TMB2.87_sample_78.pdb,76.9
8358,bbarrel/esmfold/esmf_att/HBI_b_55_sample_121.pdb,89.6
8359,bbarrel/esmfold/esmf_att/TMB2.74_sample_65.pdb,77.19
8360,bbarrel/esmfold/esmf_att/TMB2.55_sample_47.pdb,85.1
8361,bbarrel/esmfold/esmf_att/TMB2.47_sample_40.pdb,86.56
8362,bbarrel/esmfold/esmf_att/TMB2.23_sample_18.pdb,83.86
8363,bbarrel/esmfold/esmf_att/HBI_b_31_sample_104.pdb,78.41
8364,bbarrel/esmfold/esmf_att/TMB2.52_sample_45.pdb,64.83
8365,bbarrel/esmfold/esmf_att/TMB2.66_sample_57.pdb,83.94
8366,bbarrel/temps_masked/tm39/tm39.pdb,0.0
8367,bbarrel/temps_masked/hb15/hb15.pdb,0.0
8368,bbarrel/temps_masked/hb44/hb44.pdb,0.0
8369,bbarrel/temps_masked/tm09/tm09.pdb,0.0
8370,bbarrel/temps_masked/hb43/hb43.pdb,0.0
8371,bbarrel/temps_masked/tm67/tm67.pdb,0.0
8372,bbarrel/temps_masked/tm34/tm34.pdb,0.0
8373,bbarrel/temps_masked/tm60/tm60.pdb,0.0
8374,bbarrel/temps_masked/tm42/tm42.pdb,0.0
8375,bbarrel/temps_masked/tm72/tm72.pdb,0.0
8376,bbarrel/temps_masked/tm22/tm22.pdb,0.0
8377,bbarrel/temps_masked/tm88/tm88.pdb,0.0
8378,bbarrel/temps_masked/tm68/tm68.pdb,0.0
8379,bbarrel/temps_masked/hb10/hb10.pdb,0.0
8380,bbarrel/temps_masked/tm71/tm71.pdb,0.0
8381,bbarrel/temps_masked/hb21/hb21.pdb,0.0
8382,bbarrel/temps_masked/tm06/tm06.pdb,0.0
8383,bbarrel/temps_masked/tm75/tm75.pdb,0.0
8384,bbarrel/temps_masked/tm32/tm32.pdb,0.0
8385,bbarrel/temps_masked/tm36/tm36.pdb,0.0
8386,bbarrel/temps_masked/tm43/tm43.pdb,0.0
8387,bbarrel/temps_masked/hb27/hb27.pdb,0.0
8388,bbarrel/temps_masked/hb49/hb49.pdb,0.0
8389,bbarrel/temps_masked/hb55/hb55.pdb,0.0
8390,bbarrel/temps_masked/tm87/tm87.pdb,0.0
8391,bbarrel/temps_masked/hb31/hb31.pdb,0.0
8392,bbarrel/temps_masked/tm74/tm74.pdb,0.0
8393,bbarrel/temps_masked/tm35/tm35.pdb,0.0
8394,bbarrel/temps_masked/tm70/tm70.pdb,0.0
8395,bbarrel/temps_masked/tm56/tm56.pdb,0.0
8396,bbarrel/temps_masked/tm76/tm76.pdb,0.0
8397,bbarrel/temps_masked/hb13/hb13.pdb,0.0
8398,bbarrel/temps_masked/tm02/tm02.pdb,0.0
8399,bbarrel/temps_masked/tm73/tm73.pdb,0.0
8400,bbarrel/temps_masked/hb08/hb08.pdb,0.0
8401,bbarrel/temps_masked/tm89/tm89.pdb,0.0
8402,bbarrel/temps_masked/tm54/tm54.pdb,0.0
8403,bbarrel/temps_masked/tm14/tm14.pdb,0.0
8404,bbarrel/temps_masked/tm84/tm84.pdb,0.0
8405,bbarrel/temps_masked/tm29/tm29.pdb,0.0
8406,bbarrel/temps_masked/tm79/tm79.pdb,0.0
8407,bbarrel/temps_masked/tm30/tm30.pdb,0.0
8408,bbarrel/temps_masked/tm80/tm80.pdb,0.0
8409,bbarrel/temps_masked/tm17/tm17.pdb,0.0
8410,bbarrel/temps_masked/hb25/hb25.pdb,0.0
8411,bbarrel/temps_masked/hb29/hb29.pdb,0.0
8412,bbarrel/temps_masked/hb03/hb03.pdb,0.0
8413,bbarrel/temps_masked/tm51/tm51.pdb,0.0
8414,bbarrel/temps_masked/hb23/hb23.pdb,0.0
8415,bbarrel/temps_masked/hb16/hb16.pdb,0.0
8416,bbarrel/temps_masked/tm38/tm38.pdb,0.0
8417,bbarrel/temps_masked/tm21/tm21.pdb,0.0
8418,bbarrel/temps_masked/tm45/tm45.pdb,0.0
8419,bbarrel/temps_masked/tm15/tm15.pdb,0.0
8420,bbarrel/temps_masked/tm12/tm12.pdb,0.0
8421,bbarrel/temps_masked/tm78/tm78.pdb,0.0
8422,bbarrel/temps_masked/hb32/hb32.pdb,0.0
8423,bbarrel/temps_masked/tm04/tm04.pdb,0.0
8424,bbarrel/temps_masked/tm28/tm28.pdb,0.0
8425,bbarrel/temps_masked/tm37/tm37.pdb,0.0
8426,bbarrel/temps_masked/tm57/tm57.pdb,0.0
8427,bbarrel/temps_masked/tm31/tm31.pdb,0.0
8428,bbarrel/temps_masked/tm01/tm01.pdb,0.0
8429,bbarrel/temps_masked/tm05/tm05.pdb,0.0
8430,bbarrel/temps_masked/tm55/tm55.pdb,0.0
8431,bbarrel/temps_masked/tm49/tm49.pdb,0.0
8432,bbarrel/temps_masked/hb33/hb33.pdb,0.0
8433,bbarrel/temps_masked/tm59/tm59.pdb,0.0
8434,bbarrel/temps_masked/tm82/tm82.pdb,0.0
8435,bbarrel/temps_masked/hb19/hb19.pdb,0.0
8436,bbarrel/temps_masked/tm41/tm41.pdb,0.0
8437,bbarrel/temps_masked/hb53/hb53.pdb,0.0
8438,bbarrel/temps_masked/hb34/hb34.pdb,0.0
8439,bbarrel/temps_masked/tm77/tm77.pdb,0.0
8440,bbarrel/temps_masked/tm58/tm58.pdb,0.0
8441,bbarrel/temps_masked/tm85/tm85.pdb,0.0
8442,bbarrel/temps_masked/hb09/hb09.pdb,0.0
8443,bbarrel/temps_masked/hb17/hb17.pdb,0.0
8444,bbarrel/temps_masked/hb50/hb50.pdb,0.0
8445,bbarrel/temps_masked/tm63/tm63.pdb,0.0
8446,bbarrel/temps_masked/tm64/tm64.pdb,0.0
8447,bbarrel/temps_masked/hb04/hb04.pdb,0.0
8448,bbarrel/temps_masked/tm27/tm27.pdb,0.0
8449,bbarrel/temps_masked/hb39/hb39.pdb,0.0
8450,bbarrel/temps_masked/tm19/tm19.pdb,0.0
8451,bbarrel/temps_masked/hb07/hb07.pdb,0.0
8452,bbarrel/temps_masked/tm86/tm86.pdb,0.0
8453,bbarrel/temps_masked/hb01/hb01.pdb,0.0
8454,bbarrel/temps_masked/tm07/tm07.pdb,0.0
8455,bbarrel/temps_masked/tm26/tm26.pdb,0.0
8456,bbarrel/temps_masked/tm44/tm44.pdb,0.0
8457,bbarrel/temps_masked/tm48/tm48.pdb,0.0
8458,bbarrel/temps_masked/tm08/tm08.pdb,0.0
8459,bbarrel/temps_masked/hb46/hb46.pdb,0.0
8460,bbarrel/temps_masked/tm33/tm33.pdb,0.0
8461,bbarrel/temps_masked/tm52/tm52.pdb,0.0
8462,bbarrel/temps_masked/hb14/hb14.pdb,0.0
8463,bbarrel/temps_masked/tm25/tm25.pdb,0.0
8464,bbarrel/temps_masked/tm83/tm83.pdb,0.0
8465,bbarrel/temps_masked/hb38/hb38.pdb,0.0
8466,bbarrel/temps_masked/tm03/tm03.pdb,0.0
8467,bbarrel/temps_masked/tm18/tm18.pdb,0.0
8468,bbarrel/temps_masked/tm20/tm20.pdb,0.0
8469,bbarrel/temps_masked/tm24/tm24.pdb,0.0
8470,bbarrel/temps_masked/hb41/hb41.pdb,0.0
8471,bbarrel/temps_masked/tm66/tm66.pdb,0.0
8472,bbarrel/temps_masked/tm23/tm23.pdb,0.0
8473,bbarrel/temps_masked/hb56/hb56.pdb,0.0
8474,bbarrel/temps_masked/tm81/tm81.pdb,0.0
8475,bbarrel/temps_masked/hb45/hb45.pdb,0.0
8476,bbarrel/temps_masked/hb37/hb37.pdb,0.0
8477,bbarrel/temps_masked/tm69/tm69.pdb,0.0
8478,bbarrel/temps_masked/tm11/tm11.pdb,0.0
8479,bbarrel/temps_masked/hb28/hb28.pdb,0.0
8480,bbarrel/temps_masked/tm62/tm62.pdb,0.0
8481,bbarrel/temps_masked/hb22/hb22.pdb,0.0
8482,bbarrel/temps_masked/hb26/hb26.pdb,0.0
8483,bbarrel/temps_masked/tm50/tm50.pdb,0.0
8484,bbarrel/temps_masked/hb35/hb35.pdb,0.0
8485,bbarrel/temps_masked/hb40/hb40.pdb,0.0
8486,bbarrel/temps_masked/hb20/hb20.pdb,0.0
8487,bbarrel/temps_masked/tm47/tm47.pdb,0.0
8488,bbarrel/temps_masked/hb02/hb02.pdb,0.0
8489,bbarrel/temps_masked/tm65/tm65.pdb,0.0
