,path,plddt
0,foldit_recycles/recyc_48/colab/2003245_S385_unrelaxed_rank_002_alphafold2_ptm_model_4_seed_000.pdb,86.01
1,foldit_recycles/recyc_48/colab/2002089_0001_unrelaxed_rank_003_alphafold2_ptm_model_5_seed_000.pdb,66.95
2,foldit_recycles/recyc_48/colab/2003414_1018_unrelaxed_rank_002_alphafold2_ptm_model_5_seed_000.pdb,85.14
3,foldit_recycles/recyc_48/colab/2003265_S714_unrelaxed_rank_003_alphafold2_ptm_model_1_seed_000.pdb,80.52
4,foldit_recycles/recyc_48/colab/2000518_0003_unrelaxed_rank_002_alphafold2_ptm_model_4_seed_000.pdb,83.68
5,foldit_recycles/recyc_48/colab/2003382_0009_unrelaxed_rank_002_alphafold2_ptm_model_4_seed_000.pdb,63.76
6,foldit_recycles/recyc_48/colab/2002290_S122_unrelaxed_rank_005_alphafold2_ptm_model_5_seed_000.pdb,83.73
7,foldit_recycles/recyc_48/colab/2002334_0005_unrelaxed_rank_003_alphafold2_ptm_model_5_seed_000.pdb,83.22
8,foldit_recycles/recyc_48/colab/997791_1027_unrelaxed_rank_003_alphafold2_ptm_model_1_seed_000.pdb,89.14
9,foldit_recycles/recyc_48/colab/2002766_0003_unrelaxed_rank_001_alphafold2_ptm_model_3_seed_000.pdb,86.47
10,foldit_recycles/recyc_48/colab/2003333_0000_unrelaxed_rank_005_alphafold2_ptm_model_5_seed_000.pdb,87.59
11,foldit_recycles/recyc_48/colab/2002990_1031_unrelaxed_rank_005_alphafold2_ptm_model_2_seed_000.pdb,77.34
12,foldit_recycles/recyc_48/colab/2003205_1035_unrelaxed_rank_002_alphafold2_ptm_model_2_seed_000.pdb,78.84
13,foldit_recycles/recyc_48/colab/2002613_0004_unrelaxed_rank_002_alphafold2_ptm_model_3_seed_000.pdb,80.66
14,foldit_recycles/recyc_48/colab/2002766_0002_unrelaxed_rank_002_alphafold2_ptm_model_3_seed_000.pdb,86.93
15,foldit_recycles/recyc_48/colab/2003532_0000_unrelaxed_rank_005_alphafold2_ptm_model_4_seed_000.pdb,85.32
16,foldit_recycles/recyc_48/colab/2002766_0001_unrelaxed_rank_005_alphafold2_ptm_model_4_seed_000.pdb,90.56
17,foldit_recycles/recyc_48/colab/2003532_1022_unrelaxed_rank_005_alphafold2_ptm_model_4_seed_000.pdb,74.47
18,foldit_recycles/recyc_48/colab/2003205_0006_unrelaxed_rank_001_alphafold2_ptm_model_5_seed_000.pdb,79.98
19,foldit_recycles/recyc_48/colab/2002877_s005_unrelaxed_rank_005_alphafold2_ptm_model_5_seed_000.pdb,74.4
20,foldit_recycles/recyc_48/colab/2002922_s004_unrelaxed_rank_005_alphafold2_ptm_model_2_seed_000.pdb,87.46
21,foldit_recycles/recyc_48/colab/997523_0003_unrelaxed_rank_005_alphafold2_ptm_model_4_seed_000.pdb,81.58
22,foldit_recycles/recyc_48/colab/2003308_0009_unrelaxed_rank_004_alphafold2_ptm_model_3_seed_000.pdb,74.88
23,foldit_recycles/recyc_48/colab/2002745_0003_unrelaxed_rank_004_alphafold2_ptm_model_1_seed_000.pdb,87.97
24,foldit_recycles/recyc_48/colab/2002308_0000_unrelaxed_rank_004_alphafold2_ptm_model_3_seed_000.pdb,71.27
25,foldit_recycles/recyc_48/colab/2000485_1070_unrelaxed_rank_001_alphafold2_ptm_model_3_seed_000.pdb,63.58
26,foldit_recycles/recyc_48/colab/2003205_S722_unrelaxed_rank_005_alphafold2_ptm_model_2_seed_000.pdb,73.5
27,foldit_recycles/recyc_48/colab/2003360_s000_unrelaxed_rank_001_alphafold2_ptm_model_1_seed_000.pdb,85.81
28,foldit_recycles/recyc_48/colab/2003169_S953_unrelaxed_rank_001_alphafold2_ptm_model_2_seed_000.pdb,90.57
29,foldit_recycles/recyc_48/colab/2002922_1013_unrelaxed_rank_004_alphafold2_ptm_model_1_seed_000.pdb,84.7
30,foldit_recycles/recyc_48/colab/2003333_1013_unrelaxed_rank_003_alphafold2_ptm_model_3_seed_000.pdb,58.77
31,foldit_recycles/recyc_48/colab/2003048_1024_unrelaxed_rank_004_alphafold2_ptm_model_3_seed_000.pdb,67.62
32,foldit_recycles/recyc_48/colab/2003048_1050_unrelaxed_rank_003_alphafold2_ptm_model_2_seed_000.pdb,85.72
33,foldit_recycles/recyc_48/colab/2003285_0000_unrelaxed_rank_001_alphafold2_ptm_model_2_seed_000.pdb,93.78
34,foldit_recycles/recyc_48/colab/2003414_1018_unrelaxed_rank_003_alphafold2_ptm_model_1_seed_000.pdb,84.93
35,foldit_recycles/recyc_48/colab/2003245_0004_unrelaxed_rank_005_alphafold2_ptm_model_1_seed_000.pdb,89.96
36,foldit_recycles/recyc_48/colab/2003265_s003_unrelaxed_rank_001_alphafold2_ptm_model_2_seed_000.pdb,88.09
37,foldit_recycles/recyc_48/colab/997791_1027_unrelaxed_rank_005_alphafold2_ptm_model_4_seed_000.pdb,88.55
38,foldit_recycles/recyc_48/colab/2002089_0001_unrelaxed_rank_001_alphafold2_ptm_model_3_seed_000.pdb,89.88
39,foldit_recycles/recyc_48/colab/2002745_0008_unrelaxed_rank_003_alphafold2_ptm_model_1_seed_000.pdb,89.37
40,foldit_recycles/recyc_48/colab/1998520_0002_unrelaxed_rank_001_alphafold2_ptm_model_4_seed_000.pdb,90.51
41,foldit_recycles/recyc_48/colab/2003333_1006_unrelaxed_rank_002_alphafold2_ptm_model_4_seed_000.pdb,85.57
42,foldit_recycles/recyc_48/colab/1998925_s005_unrelaxed_rank_004_alphafold2_ptm_model_1_seed_000.pdb,72.43
43,foldit_recycles/recyc_48/colab/2003485_1036_unrelaxed_rank_004_alphafold2_ptm_model_5_seed_000.pdb,78.74
44,foldit_recycles/recyc_48/colab/2003285_0000_unrelaxed_rank_002_alphafold2_ptm_model_3_seed_000.pdb,92.29
45,foldit_recycles/recyc_48/colab/2003048_S697_unrelaxed_rank_005_alphafold2_ptm_model_4_seed_000.pdb,81.43
46,foldit_recycles/recyc_48/colab/2003308_1010_unrelaxed_rank_002_alphafold2_ptm_model_4_seed_000.pdb,89.2
47,foldit_recycles/recyc_48/colab/2002089_1029_unrelaxed_rank_004_alphafold2_ptm_model_4_seed_000.pdb,78.67
48,foldit_recycles/recyc_48/colab/997523_0008_unrelaxed_rank_003_alphafold2_ptm_model_5_seed_000.pdb,90.41
49,foldit_recycles/recyc_48/colab/2003532_0000_unrelaxed_rank_003_alphafold2_ptm_model_2_seed_000.pdb,85.62
50,foldit_recycles/recyc_48/colab/2003594_0000_unrelaxed_rank_005_alphafold2_ptm_model_4_seed_000.pdb,91.85
51,foldit_recycles/recyc_48/colab/2003308_1010_unrelaxed_rank_003_alphafold2_ptm_model_3_seed_000.pdb,88.57
52,foldit_recycles/recyc_48/colab/2003360_s004_unrelaxed_rank_005_alphafold2_ptm_model_4_seed_000.pdb,88.49
53,foldit_recycles/recyc_48/colab/997915_0000_unrelaxed_rank_005_alphafold2_ptm_model_4_seed_000.pdb,84.6
54,foldit_recycles/recyc_48/colab/2002590_S567_unrelaxed_rank_003_alphafold2_ptm_model_5_seed_000.pdb,81.58
55,foldit_recycles/recyc_48/colab/2003360_s003_unrelaxed_rank_001_alphafold2_ptm_model_2_seed_000.pdb,87.88
56,foldit_recycles/recyc_48/colab/997523_0003_unrelaxed_rank_004_alphafold2_ptm_model_1_seed_000.pdb,82.87
57,foldit_recycles/recyc_48/colab/997523_1003_unrelaxed_rank_004_alphafold2_ptm_model_5_seed_000.pdb,75.78
58,foldit_recycles/recyc_48/colab/2002922_1018_unrelaxed_rank_002_alphafold2_ptm_model_3_seed_000.pdb,83.93
59,foldit_recycles/recyc_48/colab/2003285_s005_unrelaxed_rank_004_alphafold2_ptm_model_4_seed_000.pdb,83.6
60,foldit_recycles/recyc_48/colab/2003285_s008_unrelaxed_rank_001_alphafold2_ptm_model_2_seed_000.pdb,89.71
61,foldit_recycles/recyc_48/colab/2003414_1018_unrelaxed_rank_001_alphafold2_ptm_model_3_seed_000.pdb,85.45
62,foldit_recycles/recyc_48/colab/2002308_0000_unrelaxed_rank_001_alphafold2_ptm_model_2_seed_000.pdb,84.57
63,foldit_recycles/recyc_48/colab/2002376_0003_unrelaxed_rank_001_alphafold2_ptm_model_2_seed_000.pdb,77.66
64,foldit_recycles/recyc_48/colab/2002376_0003_unrelaxed_rank_004_alphafold2_ptm_model_4_seed_000.pdb,69.05
65,foldit_recycles/recyc_48/colab/2003382_0002_unrelaxed_rank_001_alphafold2_ptm_model_2_seed_000.pdb,91.47
66,foldit_recycles/recyc_48/colab/2002766_0006_unrelaxed_rank_005_alphafold2_ptm_model_4_seed_000.pdb,86.49
67,foldit_recycles/recyc_48/colab/2003360_s003_unrelaxed_rank_002_alphafold2_ptm_model_1_seed_000.pdb,86.95
68,foldit_recycles/recyc_48/colab/2003265_0007_unrelaxed_rank_005_alphafold2_ptm_model_4_seed_000.pdb,88.59
69,foldit_recycles/recyc_48/colab/2002613_0004_unrelaxed_rank_005_alphafold2_ptm_model_2_seed_000.pdb,78.88
70,foldit_recycles/recyc_48/colab/2002290_S122_unrelaxed_rank_001_alphafold2_ptm_model_2_seed_000.pdb,93.37
71,foldit_recycles/recyc_48/colab/2000518_0000_unrelaxed_rank_003_alphafold2_ptm_model_4_seed_000.pdb,75.83
72,foldit_recycles/recyc_48/colab/2003048_S697_unrelaxed_rank_001_alphafold2_ptm_model_1_seed_000.pdb,87.91
73,foldit_recycles/recyc_48/colab/2003245_S383_unrelaxed_rank_005_alphafold2_ptm_model_4_seed_000.pdb,90.49
74,foldit_recycles/recyc_48/colab/997523_0003_unrelaxed_rank_002_alphafold2_ptm_model_5_seed_000.pdb,85.51
75,foldit_recycles/recyc_48/colab/2002745_0000_unrelaxed_rank_003_alphafold2_ptm_model_2_seed_000.pdb,90.61
76,foldit_recycles/recyc_48/colab/2003333_1013_unrelaxed_rank_001_alphafold2_ptm_model_1_seed_000.pdb,77.58
77,foldit_recycles/recyc_48/colab/1998469_0000_unrelaxed_rank_003_alphafold2_ptm_model_5_seed_000.pdb,82.0
78,foldit_recycles/recyc_48/colab/2000518_0000_unrelaxed_rank_005_alphafold2_ptm_model_3_seed_000.pdb,55.11
79,foldit_recycles/recyc_48/colab/2003382_0009_unrelaxed_rank_003_alphafold2_ptm_model_1_seed_000.pdb,60.74
80,foldit_recycles/recyc_48/colab/2002745_0000_unrelaxed_rank_001_alphafold2_ptm_model_3_seed_000.pdb,92.36
81,foldit_recycles/recyc_48/colab/2003455_s008_unrelaxed_rank_004_alphafold2_ptm_model_1_seed_000.pdb,61.96
82,foldit_recycles/recyc_48/colab/2002553_0000_unrelaxed_rank_005_alphafold2_ptm_model_1_seed_000.pdb,74.19
83,foldit_recycles/recyc_48/colab/2003485_S412_unrelaxed_rank_004_alphafold2_ptm_model_1_seed_000.pdb,78.6
84,foldit_recycles/recyc_48/colab/2003455_s008_unrelaxed_rank_001_alphafold2_ptm_model_4_seed_000.pdb,68.32
85,foldit_recycles/recyc_48/colab/2003205_0003_unrelaxed_rank_005_alphafold2_ptm_model_2_seed_000.pdb,81.66
86,foldit_recycles/recyc_48/colab/2003205_0008_unrelaxed_rank_005_alphafold2_ptm_model_4_seed_000.pdb,80.46
87,foldit_recycles/recyc_48/colab/2002766_0002_unrelaxed_rank_001_alphafold2_ptm_model_1_seed_000.pdb,87.89
88,foldit_recycles/recyc_48/colab/2002553_0000_unrelaxed_rank_001_alphafold2_ptm_model_5_seed_000.pdb,85.44
89,foldit_recycles/recyc_48/colab/1998925_s005_unrelaxed_rank_001_alphafold2_ptm_model_5_seed_000.pdb,80.56
90,foldit_recycles/recyc_48/colab/2002544_0000_unrelaxed_rank_002_alphafold2_ptm_model_2_seed_000.pdb,87.97
91,foldit_recycles/recyc_48/colab/2003382_0004_unrelaxed_rank_004_alphafold2_ptm_model_2_seed_000.pdb,79.14
92,foldit_recycles/recyc_48/colab/2003205_0002_unrelaxed_rank_005_alphafold2_ptm_model_3_seed_000.pdb,88.39
93,foldit_recycles/recyc_48/colab/2003169_s001_unrelaxed_rank_004_alphafold2_ptm_model_1_seed_000.pdb,82.22
94,foldit_recycles/recyc_48/colab/2002469_0001_unrelaxed_rank_001_alphafold2_ptm_model_5_seed_000.pdb,88.75
95,foldit_recycles/recyc_48/colab/2002376_0003_unrelaxed_rank_003_alphafold2_ptm_model_3_seed_000.pdb,74.56
96,foldit_recycles/recyc_48/colab/997523_0005_unrelaxed_rank_003_alphafold2_ptm_model_2_seed_000.pdb,85.33
97,foldit_recycles/recyc_48/colab/2003205_1035_unrelaxed_rank_004_alphafold2_ptm_model_5_seed_000.pdb,72.14
98,foldit_recycles/recyc_48/colab/2003308_1010_unrelaxed_rank_004_alphafold2_ptm_model_1_seed_000.pdb,86.35
99,foldit_recycles/recyc_48/colab/2002089_0001_unrelaxed_rank_004_alphafold2_ptm_model_1_seed_000.pdb,66.72
100,foldit_recycles/recyc_48/colab/997523_0006_unrelaxed_rank_001_alphafold2_ptm_model_5_seed_000.pdb,92.38
101,foldit_recycles/recyc_48/colab/2003333_0005_unrelaxed_rank_002_alphafold2_ptm_model_4_seed_000.pdb,84.79
102,foldit_recycles/recyc_48/colab/2003333_s001_unrelaxed_rank_003_alphafold2_ptm_model_1_seed_000.pdb,75.07
103,foldit_recycles/recyc_48/colab/2003308_0005_unrelaxed_rank_004_alphafold2_ptm_model_5_seed_000.pdb,76.79
104,foldit_recycles/recyc_48/colab/2002745_0004_unrelaxed_rank_003_alphafold2_ptm_model_5_seed_000.pdb,89.17
105,foldit_recycles/recyc_48/colab/2001044_0000_unrelaxed_rank_003_alphafold2_ptm_model_3_seed_000.pdb,87.65
106,foldit_recycles/recyc_48/colab/2003285_s005_unrelaxed_rank_001_alphafold2_ptm_model_1_seed_000.pdb,87.06
107,foldit_recycles/recyc_48/colab/2003455_0002_unrelaxed_rank_004_alphafold2_ptm_model_5_seed_000.pdb,68.7
108,foldit_recycles/recyc_48/colab/2002308_S695_unrelaxed_rank_005_alphafold2_ptm_model_3_seed_000.pdb,57.41
109,foldit_recycles/recyc_48/colab/2003308_1010_unrelaxed_rank_001_alphafold2_ptm_model_2_seed_000.pdb,92.5
110,foldit_recycles/recyc_48/colab/2002922_1018_unrelaxed_rank_001_alphafold2_ptm_model_2_seed_000.pdb,84.2
111,foldit_recycles/recyc_48/colab/2003265_1034_unrelaxed_rank_004_alphafold2_ptm_model_4_seed_000.pdb,89.77
112,foldit_recycles/recyc_48/colab/2003205_0000_unrelaxed_rank_005_alphafold2_ptm_model_1_seed_000.pdb,86.82
113,foldit_recycles/recyc_48/colab/2003205_0006_unrelaxed_rank_004_alphafold2_ptm_model_2_seed_000.pdb,68.89
114,foldit_recycles/recyc_48/colab/2002877_s005_unrelaxed_rank_004_alphafold2_ptm_model_2_seed_000.pdb,77.14
115,foldit_recycles/recyc_48/colab/2003485_0000_unrelaxed_rank_005_alphafold2_ptm_model_2_seed_000.pdb,79.96
116,foldit_recycles/recyc_48/colab/2000518_0000_unrelaxed_rank_002_alphafold2_ptm_model_2_seed_000.pdb,77.73
117,foldit_recycles/recyc_48/colab/2003333_s003_unrelaxed_rank_005_alphafold2_ptm_model_5_seed_000.pdb,82.76
118,foldit_recycles/recyc_48/colab/2002990_1031_unrelaxed_rank_004_alphafold2_ptm_model_4_seed_000.pdb,79.81
119,foldit_recycles/recyc_48/colab/2003205_0000_unrelaxed_rank_002_alphafold2_ptm_model_2_seed_000.pdb,90.19
120,foldit_recycles/recyc_48/colab/2000665_1003_unrelaxed_rank_004_alphafold2_ptm_model_3_seed_000.pdb,53.13
121,foldit_recycles/recyc_48/colab/2000240_0002_unrelaxed_rank_004_alphafold2_ptm_model_4_seed_000.pdb,82.91
122,foldit_recycles/recyc_48/colab/1998925_s005_unrelaxed_rank_005_alphafold2_ptm_model_2_seed_000.pdb,71.35
123,foldit_recycles/recyc_48/colab/2003048_1024_unrelaxed_rank_002_alphafold2_ptm_model_5_seed_000.pdb,71.83
124,foldit_recycles/recyc_48/colab/2003265_1034_unrelaxed_rank_001_alphafold2_ptm_model_3_seed_000.pdb,90.79
125,foldit_recycles/recyc_48/colab/2003333_1006_unrelaxed_rank_003_alphafold2_ptm_model_1_seed_000.pdb,85.4
126,foldit_recycles/recyc_48/colab/2003532_1022_unrelaxed_rank_003_alphafold2_ptm_model_5_seed_000.pdb,81.28
127,foldit_recycles/recyc_48/colab/2002766_0006_unrelaxed_rank_003_alphafold2_ptm_model_2_seed_000.pdb,88.14
128,foldit_recycles/recyc_48/colab/2003205_S506_unrelaxed_rank_002_alphafold2_ptm_model_1_seed_000.pdb,86.08
129,foldit_recycles/recyc_48/colab/2003360_s000_unrelaxed_rank_005_alphafold2_ptm_model_4_seed_000.pdb,83.89
130,foldit_recycles/recyc_48/colab/2002713_1006_unrelaxed_rank_005_alphafold2_ptm_model_4_seed_000.pdb,90.18
131,foldit_recycles/recyc_48/colab/1998555_1041_unrelaxed_rank_004_alphafold2_ptm_model_1_seed_000.pdb,73.62
132,foldit_recycles/recyc_48/colab/2003594_s008_unrelaxed_rank_001_alphafold2_ptm_model_1_seed_000.pdb,76.55
133,foldit_recycles/recyc_48/colab/2003382_0009_unrelaxed_rank_001_alphafold2_ptm_model_2_seed_000.pdb,71.96
134,foldit_recycles/recyc_48/colab/2003455_s008_unrelaxed_rank_003_alphafold2_ptm_model_2_seed_000.pdb,63.27
135,foldit_recycles/recyc_48/colab/2002486_1012_unrelaxed_rank_003_alphafold2_ptm_model_1_seed_000.pdb,83.7
136,foldit_recycles/recyc_48/colab/1998469_0000_unrelaxed_rank_001_alphafold2_ptm_model_4_seed_000.pdb,84.07
137,foldit_recycles/recyc_48/colab/997523_0008_unrelaxed_rank_001_alphafold2_ptm_model_3_seed_000.pdb,91.43
138,foldit_recycles/recyc_48/colab/2002376_0000_unrelaxed_rank_002_alphafold2_ptm_model_4_seed_000.pdb,76.37
139,foldit_recycles/recyc_48/colab/2002745_0003_unrelaxed_rank_005_alphafold2_ptm_model_4_seed_000.pdb,87.88
140,foldit_recycles/recyc_48/colab/2003048_1050_unrelaxed_rank_002_alphafold2_ptm_model_1_seed_000.pdb,86.11
141,foldit_recycles/recyc_48/colab/2003382_s008_unrelaxed_rank_004_alphafold2_ptm_model_3_seed_000.pdb,77.68
142,foldit_recycles/recyc_48/colab/2003285_s005_unrelaxed_rank_005_alphafold2_ptm_model_3_seed_000.pdb,78.4
143,foldit_recycles/recyc_48/colab/2002713_0004_unrelaxed_rank_001_alphafold2_ptm_model_3_seed_000.pdb,86.57
144,foldit_recycles/recyc_48/colab/2002745_0001_unrelaxed_rank_005_alphafold2_ptm_model_4_seed_000.pdb,84.99
145,foldit_recycles/recyc_48/colab/2003245_0004_unrelaxed_rank_001_alphafold2_ptm_model_5_seed_000.pdb,91.03
146,foldit_recycles/recyc_48/colab/997523_0005_unrelaxed_rank_001_alphafold2_ptm_model_1_seed_000.pdb,86.14
147,foldit_recycles/recyc_48/colab/2002949_0007_unrelaxed_rank_001_alphafold2_ptm_model_2_seed_000.pdb,85.24
148,foldit_recycles/recyc_48/colab/2003048_0005_unrelaxed_rank_001_alphafold2_ptm_model_5_seed_000.pdb,90.08
149,foldit_recycles/recyc_48/colab/1998555_1041_unrelaxed_rank_003_alphafold2_ptm_model_3_seed_000.pdb,74.67
150,foldit_recycles/recyc_48/colab/2003308_0004_unrelaxed_rank_005_alphafold2_ptm_model_3_seed_000.pdb,84.67
151,foldit_recycles/recyc_48/colab/2003265_S714_unrelaxed_rank_005_alphafold2_ptm_model_5_seed_000.pdb,75.2
152,foldit_recycles/recyc_48/colab/997523_0000_unrelaxed_rank_004_alphafold2_ptm_model_1_seed_000.pdb,78.36
153,foldit_recycles/recyc_48/colab/2002949_0007_unrelaxed_rank_004_alphafold2_ptm_model_5_seed_000.pdb,79.13
154,foldit_recycles/recyc_48/colab/2002243_1016_unrelaxed_rank_004_alphafold2_ptm_model_4_seed_000.pdb,86.44
155,foldit_recycles/recyc_48/colab/2003265_s008_unrelaxed_rank_004_alphafold2_ptm_model_2_seed_000.pdb,81.94
156,foldit_recycles/recyc_48/colab/2003382_0002_unrelaxed_rank_003_alphafold2_ptm_model_5_seed_000.pdb,79.28
157,foldit_recycles/recyc_48/colab/2003265_s008_unrelaxed_rank_005_alphafold2_ptm_model_1_seed_000.pdb,81.72
158,foldit_recycles/recyc_48/colab/997523_0000_unrelaxed_rank_002_alphafold2_ptm_model_5_seed_000.pdb,80.19
159,foldit_recycles/recyc_48/colab/1998520_0002_unrelaxed_rank_004_alphafold2_ptm_model_5_seed_000.pdb,59.64
160,foldit_recycles/recyc_48/colab/2002922_1013_unrelaxed_rank_003_alphafold2_ptm_model_5_seed_000.pdb,84.71
161,foldit_recycles/recyc_48/colab/2001044_0000_unrelaxed_rank_002_alphafold2_ptm_model_2_seed_000.pdb,88.44
162,foldit_recycles/recyc_48/colab/2003455_0002_unrelaxed_rank_003_alphafold2_ptm_model_1_seed_000.pdb,71.1
163,foldit_recycles/recyc_48/colab/2002949_0000_unrelaxed_rank_005_alphafold2_ptm_model_4_seed_000.pdb,85.68
164,foldit_recycles/recyc_48/colab/2002766_0000_unrelaxed_rank_005_alphafold2_ptm_model_3_seed_000.pdb,84.35
165,foldit_recycles/recyc_48/colab/2003382_1021_unrelaxed_rank_004_alphafold2_ptm_model_1_seed_000.pdb,83.41
166,foldit_recycles/recyc_48/colab/997258_0004_unrelaxed_rank_001_alphafold2_ptm_model_1_seed_000.pdb,87.38
167,foldit_recycles/recyc_48/colab/2003360_0005_unrelaxed_rank_005_alphafold2_ptm_model_4_seed_000.pdb,89.9
168,foldit_recycles/recyc_48/colab/2002334_0005_unrelaxed_rank_004_alphafold2_ptm_model_4_seed_000.pdb,80.19
169,foldit_recycles/recyc_48/colab/2003532_1022_unrelaxed_rank_001_alphafold2_ptm_model_1_seed_000.pdb,87.3
170,foldit_recycles/recyc_48/colab/2003333_1013_unrelaxed_rank_004_alphafold2_ptm_model_4_seed_000.pdb,55.46
171,foldit_recycles/recyc_48/colab/2002243_1016_unrelaxed_rank_005_alphafold2_ptm_model_1_seed_000.pdb,86.32
172,foldit_recycles/recyc_48/colab/2003360_1013_unrelaxed_rank_004_alphafold2_ptm_model_4_seed_000.pdb,80.69
173,foldit_recycles/recyc_48/colab/2003594_0000_unrelaxed_rank_003_alphafold2_ptm_model_3_seed_000.pdb,92.75
174,foldit_recycles/recyc_48/colab/2003455_0002_unrelaxed_rank_005_alphafold2_ptm_model_4_seed_000.pdb,67.45
175,foldit_recycles/recyc_48/colab/2003594_0000_unrelaxed_rank_004_alphafold2_ptm_model_5_seed_000.pdb,92.66
176,foldit_recycles/recyc_48/colab/2003048_1050_unrelaxed_rank_004_alphafold2_ptm_model_4_seed_000.pdb,85.15
177,foldit_recycles/recyc_48/colab/2003265_S115_unrelaxed_rank_001_alphafold2_ptm_model_2_seed_000.pdb,89.77
178,foldit_recycles/recyc_48/colab/2003285_s008_unrelaxed_rank_003_alphafold2_ptm_model_3_seed_000.pdb,89.21
179,foldit_recycles/recyc_48/colab/2000518_S468_unrelaxed_rank_005_alphafold2_ptm_model_2_seed_000.pdb,55.96
180,foldit_recycles/recyc_48/colab/2003360_s000_unrelaxed_rank_002_alphafold2_ptm_model_2_seed_000.pdb,85.55
181,foldit_recycles/recyc_48/colab/2002308_0000_unrelaxed_rank_002_alphafold2_ptm_model_4_seed_000.pdb,81.77
182,foldit_recycles/recyc_48/colab/2000485_1070_unrelaxed_rank_004_alphafold2_ptm_model_5_seed_000.pdb,45.32
183,foldit_recycles/recyc_48/colab/2003169_S953_unrelaxed_rank_005_alphafold2_ptm_model_5_seed_000.pdb,88.47
184,foldit_recycles/recyc_48/colab/2002308_0005_unrelaxed_rank_003_alphafold2_ptm_model_2_seed_000.pdb,78.48
185,foldit_recycles/recyc_48/colab/997523_1003_unrelaxed_rank_002_alphafold2_ptm_model_4_seed_000.pdb,80.12
186,foldit_recycles/recyc_48/colab/997523_1040_unrelaxed_rank_001_alphafold2_ptm_model_2_seed_000.pdb,94.27
187,foldit_recycles/recyc_48/colab/2003455_0009_unrelaxed_rank_002_alphafold2_ptm_model_5_seed_000.pdb,74.67
188,foldit_recycles/recyc_48/colab/2002990_0006_unrelaxed_rank_004_alphafold2_ptm_model_4_seed_000.pdb,85.38
189,foldit_recycles/recyc_48/colab/2003308_0009_unrelaxed_rank_001_alphafold2_ptm_model_4_seed_000.pdb,76.79
190,foldit_recycles/recyc_48/colab/2002745_0000_unrelaxed_rank_004_alphafold2_ptm_model_1_seed_000.pdb,90.64
191,foldit_recycles/recyc_48/colab/2003333_0000_unrelaxed_rank_003_alphafold2_ptm_model_3_seed_000.pdb,89.01
192,foldit_recycles/recyc_48/colab/2003594_S028_unrelaxed_rank_004_alphafold2_ptm_model_1_seed_000.pdb,86.95
193,foldit_recycles/recyc_48/colab/2003455_S943_unrelaxed_rank_004_alphafold2_ptm_model_1_seed_000.pdb,82.47
194,foldit_recycles/recyc_48/colab/2003485_0002_unrelaxed_rank_004_alphafold2_ptm_model_5_seed_000.pdb,90.07
195,foldit_recycles/recyc_48/colab/2003455_S943_unrelaxed_rank_003_alphafold2_ptm_model_2_seed_000.pdb,83.12
196,foldit_recycles/recyc_48/colab/2003333_1006_unrelaxed_rank_005_alphafold2_ptm_model_5_seed_000.pdb,76.31
197,foldit_recycles/recyc_48/colab/2002486_1012_unrelaxed_rank_002_alphafold2_ptm_model_4_seed_000.pdb,84.09
198,foldit_recycles/recyc_48/colab/2003532_0000_unrelaxed_rank_004_alphafold2_ptm_model_5_seed_000.pdb,85.58
199,foldit_recycles/recyc_48/colab/997383_s346_unrelaxed_rank_001_alphafold2_ptm_model_1_seed_000.pdb,85.62
200,foldit_recycles/recyc_48/colab/2003455_S943_unrelaxed_rank_001_alphafold2_ptm_model_5_seed_000.pdb,84.38
201,foldit_recycles/recyc_48/colab/2003594_S603_unrelaxed_rank_002_alphafold2_ptm_model_4_seed_000.pdb,86.46
202,foldit_recycles/recyc_48/colab/2000665_1003_unrelaxed_rank_002_alphafold2_ptm_model_1_seed_000.pdb,64.23
203,foldit_recycles/recyc_48/colab/2003205_S722_unrelaxed_rank_004_alphafold2_ptm_model_5_seed_000.pdb,73.6
204,foldit_recycles/recyc_48/colab/2003048_0005_unrelaxed_rank_005_alphafold2_ptm_model_2_seed_000.pdb,76.12
205,foldit_recycles/recyc_48/colab/997523_0006_unrelaxed_rank_005_alphafold2_ptm_model_4_seed_000.pdb,76.41
206,foldit_recycles/recyc_48/colab/2002990_1039_unrelaxed_rank_004_alphafold2_ptm_model_4_seed_000.pdb,83.58
207,foldit_recycles/recyc_48/colab/2003205_1035_unrelaxed_rank_005_alphafold2_ptm_model_3_seed_000.pdb,71.98
208,foldit_recycles/recyc_48/colab/2003455_0001_unrelaxed_rank_005_alphafold2_ptm_model_2_seed_000.pdb,84.13
209,foldit_recycles/recyc_48/colab/2003265_1034_unrelaxed_rank_003_alphafold2_ptm_model_2_seed_000.pdb,89.99
210,foldit_recycles/recyc_48/colab/997258_0001_unrelaxed_rank_002_alphafold2_ptm_model_5_seed_000.pdb,85.8
211,foldit_recycles/recyc_48/colab/2003360_s000_unrelaxed_rank_004_alphafold2_ptm_model_5_seed_000.pdb,84.93
212,foldit_recycles/recyc_48/colab/2002486_1012_unrelaxed_rank_001_alphafold2_ptm_model_3_seed_000.pdb,85.9
213,foldit_recycles/recyc_48/colab/2002486_1048_unrelaxed_rank_004_alphafold2_ptm_model_2_seed_000.pdb,62.71
214,foldit_recycles/recyc_48/colab/2003205_1035_unrelaxed_rank_001_alphafold2_ptm_model_4_seed_000.pdb,81.82
215,foldit_recycles/recyc_48/colab/2003382_0002_unrelaxed_rank_005_alphafold2_ptm_model_1_seed_000.pdb,75.88
216,foldit_recycles/recyc_48/colab/2003455_1023_unrelaxed_rank_003_alphafold2_ptm_model_5_seed_000.pdb,88.41
217,foldit_recycles/recyc_48/colab/997523_1040_unrelaxed_rank_003_alphafold2_ptm_model_5_seed_000.pdb,91.46
218,foldit_recycles/recyc_48/colab/2002766_0004_unrelaxed_rank_001_alphafold2_ptm_model_5_seed_000.pdb,81.84
219,foldit_recycles/recyc_48/colab/2003285_s000_unrelaxed_rank_004_alphafold2_ptm_model_4_seed_000.pdb,91.12
220,foldit_recycles/recyc_48/colab/2002469_S848_unrelaxed_rank_004_alphafold2_ptm_model_5_seed_000.pdb,70.48
221,foldit_recycles/recyc_48/colab/2002990_s006_unrelaxed_rank_001_alphafold2_ptm_model_2_seed_000.pdb,92.13
222,foldit_recycles/recyc_48/colab/2002766_0003_unrelaxed_rank_003_alphafold2_ptm_model_2_seed_000.pdb,84.24
223,foldit_recycles/recyc_48/colab/2003265_S714_unrelaxed_rank_001_alphafold2_ptm_model_3_seed_000.pdb,82.02
224,foldit_recycles/recyc_48/colab/2003382_s008_unrelaxed_rank_003_alphafold2_ptm_model_2_seed_000.pdb,80.34
225,foldit_recycles/recyc_48/colab/2002089_1029_unrelaxed_rank_005_alphafold2_ptm_model_3_seed_000.pdb,75.49
226,foldit_recycles/recyc_48/colab/2003382_0004_unrelaxed_rank_003_alphafold2_ptm_model_5_seed_000.pdb,80.09
227,foldit_recycles/recyc_48/colab/2003205_s002_unrelaxed_rank_001_alphafold2_ptm_model_3_seed_000.pdb,91.83
228,foldit_recycles/recyc_48/colab/2003205_s002_unrelaxed_rank_005_alphafold2_ptm_model_4_seed_000.pdb,87.84
229,foldit_recycles/recyc_48/colab/2003048_S697_unrelaxed_rank_003_alphafold2_ptm_model_5_seed_000.pdb,82.24
230,foldit_recycles/recyc_48/colab/2002565_0002_unrelaxed_rank_001_alphafold2_ptm_model_3_seed_000.pdb,86.48
231,foldit_recycles/recyc_48/colab/2003333_0005_unrelaxed_rank_001_alphafold2_ptm_model_1_seed_000.pdb,87.71
232,foldit_recycles/recyc_48/colab/2002745_0001_unrelaxed_rank_001_alphafold2_ptm_model_3_seed_000.pdb,97.17
233,foldit_recycles/recyc_48/colab/2003382_s005_unrelaxed_rank_001_alphafold2_ptm_model_3_seed_000.pdb,80.98
234,foldit_recycles/recyc_48/colab/2002745_0003_unrelaxed_rank_001_alphafold2_ptm_model_3_seed_000.pdb,90.99
235,foldit_recycles/recyc_48/colab/2003205_0003_unrelaxed_rank_003_alphafold2_ptm_model_5_seed_000.pdb,84.0
236,foldit_recycles/recyc_48/colab/2003382_s005_unrelaxed_rank_004_alphafold2_ptm_model_1_seed_000.pdb,74.72
237,foldit_recycles/recyc_48/colab/2003532_1020_unrelaxed_rank_003_alphafold2_ptm_model_5_seed_000.pdb,83.52
238,foldit_recycles/recyc_48/colab/2003485_1017_unrelaxed_rank_004_alphafold2_ptm_model_3_seed_000.pdb,71.09
239,foldit_recycles/recyc_48/colab/2003205_0000_unrelaxed_rank_004_alphafold2_ptm_model_3_seed_000.pdb,88.44
240,foldit_recycles/recyc_48/colab/2002766_0006_unrelaxed_rank_002_alphafold2_ptm_model_5_seed_000.pdb,88.11
241,foldit_recycles/recyc_48/colab/2000518_0003_unrelaxed_rank_004_alphafold2_ptm_model_3_seed_000.pdb,81.26
242,foldit_recycles/recyc_48/colab/2003285_0000_unrelaxed_rank_005_alphafold2_ptm_model_1_seed_000.pdb,91.31
243,foldit_recycles/recyc_48/colab/2003360_s003_unrelaxed_rank_003_alphafold2_ptm_model_3_seed_000.pdb,86.21
244,foldit_recycles/recyc_48/colab/2002308_S695_unrelaxed_rank_004_alphafold2_ptm_model_5_seed_000.pdb,59.46
245,foldit_recycles/recyc_48/colab/2003594_S028_unrelaxed_rank_001_alphafold2_ptm_model_2_seed_000.pdb,92.2
246,foldit_recycles/recyc_48/colab/2003455_0009_unrelaxed_rank_005_alphafold2_ptm_model_3_seed_000.pdb,68.53
247,foldit_recycles/recyc_48/colab/2003048_0003_unrelaxed_rank_002_alphafold2_ptm_model_2_seed_000.pdb,85.43
248,foldit_recycles/recyc_48/colab/2002990_1039_unrelaxed_rank_003_alphafold2_ptm_model_5_seed_000.pdb,86.31
249,foldit_recycles/recyc_48/colab/2002990_s006_unrelaxed_rank_004_alphafold2_ptm_model_3_seed_000.pdb,81.9
250,foldit_recycles/recyc_48/colab/2002766_0000_unrelaxed_rank_004_alphafold2_ptm_model_4_seed_000.pdb,87.39
251,foldit_recycles/recyc_48/colab/2003265_S714_unrelaxed_rank_004_alphafold2_ptm_model_4_seed_000.pdb,76.11
252,foldit_recycles/recyc_48/colab/2003265_0007_unrelaxed_rank_003_alphafold2_ptm_model_5_seed_000.pdb,91.08
253,foldit_recycles/recyc_48/colab/1998469_0000_unrelaxed_rank_002_alphafold2_ptm_model_3_seed_000.pdb,82.88
254,foldit_recycles/recyc_48/colab/2003048_0003_unrelaxed_rank_001_alphafold2_ptm_model_3_seed_000.pdb,85.78
255,foldit_recycles/recyc_48/colab/2002766_0002_unrelaxed_rank_003_alphafold2_ptm_model_5_seed_000.pdb,86.62
256,foldit_recycles/recyc_48/colab/2002766_0006_unrelaxed_rank_001_alphafold2_ptm_model_3_seed_000.pdb,90.72
257,foldit_recycles/recyc_48/colab/2002376_0000_unrelaxed_rank_003_alphafold2_ptm_model_1_seed_000.pdb,75.82
258,foldit_recycles/recyc_48/colab/2002745_0008_unrelaxed_rank_004_alphafold2_ptm_model_4_seed_000.pdb,88.61
259,foldit_recycles/recyc_48/colab/2003265_S115_unrelaxed_rank_005_alphafold2_ptm_model_4_seed_000.pdb,87.25
260,foldit_recycles/recyc_48/colab/2002486_0006_unrelaxed_rank_004_alphafold2_ptm_model_2_seed_000.pdb,70.68
261,foldit_recycles/recyc_48/colab/2003333_s001_unrelaxed_rank_001_alphafold2_ptm_model_2_seed_000.pdb,84.25
262,foldit_recycles/recyc_48/colab/997915_0000_unrelaxed_rank_004_alphafold2_ptm_model_2_seed_000.pdb,84.75
263,foldit_recycles/recyc_48/colab/2003308_1010_unrelaxed_rank_005_alphafold2_ptm_model_5_seed_000.pdb,85.34
264,foldit_recycles/recyc_48/colab/2002486_0006_unrelaxed_rank_001_alphafold2_ptm_model_5_seed_000.pdb,75.41
265,foldit_recycles/recyc_48/colab/2003205_S506_unrelaxed_rank_004_alphafold2_ptm_model_2_seed_000.pdb,83.35
266,foldit_recycles/recyc_48/colab/2002469_S848_unrelaxed_rank_005_alphafold2_ptm_model_3_seed_000.pdb,66.94
267,foldit_recycles/recyc_48/colab/997523_0005_unrelaxed_rank_005_alphafold2_ptm_model_5_seed_000.pdb,82.96
268,foldit_recycles/recyc_48/colab/2003308_0004_unrelaxed_rank_004_alphafold2_ptm_model_5_seed_000.pdb,85.7
269,foldit_recycles/recyc_48/colab/2003285_s008_unrelaxed_rank_004_alphafold2_ptm_model_5_seed_000.pdb,88.85
270,foldit_recycles/recyc_48/colab/2003285_0000_unrelaxed_rank_003_alphafold2_ptm_model_4_seed_000.pdb,91.69
271,foldit_recycles/recyc_48/colab/2003360_s004_unrelaxed_rank_001_alphafold2_ptm_model_3_seed_000.pdb,90.45
272,foldit_recycles/recyc_48/colab/2000240_s003_unrelaxed_rank_005_alphafold2_ptm_model_3_seed_000.pdb,64.57
273,foldit_recycles/recyc_48/colab/2003048_1024_unrelaxed_rank_005_alphafold2_ptm_model_2_seed_000.pdb,66.53
274,foldit_recycles/recyc_48/colab/2002590_S567_unrelaxed_rank_005_alphafold2_ptm_model_3_seed_000.pdb,78.93
275,foldit_recycles/recyc_48/colab/2003265_s005_unrelaxed_rank_002_alphafold2_ptm_model_3_seed_000.pdb,88.59
276,foldit_recycles/recyc_48/colab/2002766_0000_unrelaxed_rank_001_alphafold2_ptm_model_1_seed_000.pdb,89.04
277,foldit_recycles/recyc_48/colab/2003360_s002_unrelaxed_rank_003_alphafold2_ptm_model_3_seed_000.pdb,86.5
278,foldit_recycles/recyc_48/colab/2003265_s005_unrelaxed_rank_003_alphafold2_ptm_model_2_seed_000.pdb,88.25
279,foldit_recycles/recyc_48/colab/997915_0000_unrelaxed_rank_001_alphafold2_ptm_model_3_seed_000.pdb,87.68
280,foldit_recycles/recyc_48/colab/2003485_0002_unrelaxed_rank_001_alphafold2_ptm_model_2_seed_000.pdb,91.52
281,foldit_recycles/recyc_48/colab/2003308_0004_unrelaxed_rank_003_alphafold2_ptm_model_1_seed_000.pdb,86.71
282,foldit_recycles/recyc_48/colab/1998520_0002_unrelaxed_rank_005_alphafold2_ptm_model_1_seed_000.pdb,57.54
283,foldit_recycles/recyc_48/colab/2003333_0000_unrelaxed_rank_002_alphafold2_ptm_model_1_seed_000.pdb,90.89
284,foldit_recycles/recyc_48/colab/2003360_s002_unrelaxed_rank_004_alphafold2_ptm_model_5_seed_000.pdb,84.32
285,foldit_recycles/recyc_48/colab/2003205_0008_unrelaxed_rank_003_alphafold2_ptm_model_5_seed_000.pdb,85.29
286,foldit_recycles/recyc_48/colab/997523_1040_unrelaxed_rank_005_alphafold2_ptm_model_4_seed_000.pdb,79.13
287,foldit_recycles/recyc_48/colab/2002376_0000_unrelaxed_rank_001_alphafold2_ptm_model_3_seed_000.pdb,77.88
288,foldit_recycles/recyc_48/colab/2003048_0003_unrelaxed_rank_004_alphafold2_ptm_model_4_seed_000.pdb,84.27
289,foldit_recycles/recyc_48/colab/2000518_0000_unrelaxed_rank_004_alphafold2_ptm_model_1_seed_000.pdb,70.26
290,foldit_recycles/recyc_48/colab/2002544_0000_unrelaxed_rank_004_alphafold2_ptm_model_5_seed_000.pdb,86.42
291,foldit_recycles/recyc_48/colab/2002089_1029_unrelaxed_rank_001_alphafold2_ptm_model_5_seed_000.pdb,83.68
292,foldit_recycles/recyc_48/colab/2003485_1017_unrelaxed_rank_005_alphafold2_ptm_model_4_seed_000.pdb,68.5
293,foldit_recycles/recyc_48/colab/2002486_1048_unrelaxed_rank_003_alphafold2_ptm_model_4_seed_000.pdb,66.7
294,foldit_recycles/recyc_48/colab/2002553_s003_unrelaxed_rank_004_alphafold2_ptm_model_4_seed_000.pdb,84.04
295,foldit_recycles/recyc_48/colab/2002745_0003_unrelaxed_rank_002_alphafold2_ptm_model_5_seed_000.pdb,89.95
296,foldit_recycles/recyc_48/colab/2000518_S468_unrelaxed_rank_002_alphafold2_ptm_model_5_seed_000.pdb,73.87
297,foldit_recycles/recyc_48/colab/2003285_s000_unrelaxed_rank_005_alphafold2_ptm_model_1_seed_000.pdb,90.79
298,foldit_recycles/recyc_48/colab/2002590_0001_unrelaxed_rank_003_alphafold2_ptm_model_4_seed_000.pdb,79.46
299,foldit_recycles/recyc_48/colab/2002766_0001_unrelaxed_rank_002_alphafold2_ptm_model_3_seed_000.pdb,92.84
300,foldit_recycles/recyc_48/colab/997383_s346_unrelaxed_rank_003_alphafold2_ptm_model_5_seed_000.pdb,83.78
301,foldit_recycles/recyc_48/colab/2000485_1070_unrelaxed_rank_003_alphafold2_ptm_model_2_seed_000.pdb,47.21
302,foldit_recycles/recyc_48/colab/2002334_0005_unrelaxed_rank_002_alphafold2_ptm_model_2_seed_000.pdb,85.41
303,foldit_recycles/recyc_48/colab/997523_0000_unrelaxed_rank_001_alphafold2_ptm_model_4_seed_000.pdb,82.02
304,foldit_recycles/recyc_48/colab/2003455_S943_unrelaxed_rank_005_alphafold2_ptm_model_4_seed_000.pdb,82.05
305,foldit_recycles/recyc_48/colab/2003333_s003_unrelaxed_rank_002_alphafold2_ptm_model_4_seed_000.pdb,84.47
306,foldit_recycles/recyc_48/colab/997915_0000_unrelaxed_rank_003_alphafold2_ptm_model_5_seed_000.pdb,86.09
307,foldit_recycles/recyc_48/colab/2003360_1013_unrelaxed_rank_002_alphafold2_ptm_model_1_seed_000.pdb,85.56
308,foldit_recycles/recyc_48/colab/2001044_0000_unrelaxed_rank_001_alphafold2_ptm_model_1_seed_000.pdb,88.65
309,foldit_recycles/recyc_48/colab/2003485_1036_unrelaxed_rank_002_alphafold2_ptm_model_1_seed_000.pdb,79.58
310,foldit_recycles/recyc_48/colab/1998469_0000_unrelaxed_rank_005_alphafold2_ptm_model_2_seed_000.pdb,79.98
311,foldit_recycles/recyc_48/colab/2002486_1048_unrelaxed_rank_002_alphafold2_ptm_model_5_seed_000.pdb,71.12
312,foldit_recycles/recyc_48/colab/2003205_0008_unrelaxed_rank_002_alphafold2_ptm_model_1_seed_000.pdb,87.0
313,foldit_recycles/recyc_48/colab/2003169_s008_unrelaxed_rank_003_alphafold2_ptm_model_2_seed_000.pdb,78.37
314,foldit_recycles/recyc_48/colab/2003594_S603_unrelaxed_rank_004_alphafold2_ptm_model_5_seed_000.pdb,69.93
315,foldit_recycles/recyc_48/colab/2003333_0006_unrelaxed_rank_003_alphafold2_ptm_model_3_seed_000.pdb,93.38
316,foldit_recycles/recyc_48/colab/2003485_S412_unrelaxed_rank_001_alphafold2_ptm_model_3_seed_000.pdb,83.42
317,foldit_recycles/recyc_48/colab/1998520_0002_unrelaxed_rank_003_alphafold2_ptm_model_3_seed_000.pdb,63.34
318,foldit_recycles/recyc_48/colab/2003308_0005_unrelaxed_rank_005_alphafold2_ptm_model_2_seed_000.pdb,75.46
319,foldit_recycles/recyc_48/colab/2002766_0006_unrelaxed_rank_004_alphafold2_ptm_model_1_seed_000.pdb,87.88
320,foldit_recycles/recyc_48/colab/2002922_s004_unrelaxed_rank_002_alphafold2_ptm_model_5_seed_000.pdb,88.69
321,foldit_recycles/recyc_48/colab/2002713_0004_unrelaxed_rank_002_alphafold2_ptm_model_5_seed_000.pdb,86.15
322,foldit_recycles/recyc_48/colab/997258_0001_unrelaxed_rank_004_alphafold2_ptm_model_1_seed_000.pdb,77.24
323,foldit_recycles/recyc_48/colab/2003333_0005_unrelaxed_rank_004_alphafold2_ptm_model_5_seed_000.pdb,81.71
324,foldit_recycles/recyc_48/colab/2002787_0005_unrelaxed_rank_005_alphafold2_ptm_model_3_seed_000.pdb,84.4
325,foldit_recycles/recyc_48/colab/2003169_s008_unrelaxed_rank_002_alphafold2_ptm_model_3_seed_000.pdb,78.47
326,foldit_recycles/recyc_48/colab/2002713_0000_unrelaxed_rank_003_alphafold2_ptm_model_2_seed_000.pdb,80.49
327,foldit_recycles/recyc_48/colab/2003205_S506_unrelaxed_rank_003_alphafold2_ptm_model_5_seed_000.pdb,85.14
328,foldit_recycles/recyc_48/colab/2003205_0008_unrelaxed_rank_001_alphafold2_ptm_model_3_seed_000.pdb,88.68
329,foldit_recycles/recyc_48/colab/2002787_0005_unrelaxed_rank_002_alphafold2_ptm_model_1_seed_000.pdb,90.71
330,foldit_recycles/recyc_48/colab/2003205_0002_unrelaxed_rank_001_alphafold2_ptm_model_2_seed_000.pdb,91.1
331,foldit_recycles/recyc_48/colab/2003594_0000_unrelaxed_rank_002_alphafold2_ptm_model_1_seed_000.pdb,93.0
332,foldit_recycles/recyc_48/colab/2002990_0006_unrelaxed_rank_002_alphafold2_ptm_model_5_seed_000.pdb,87.34
333,foldit_recycles/recyc_48/colab/2002922_1013_unrelaxed_rank_002_alphafold2_ptm_model_2_seed_000.pdb,86.08
334,foldit_recycles/recyc_48/colab/997523_1040_unrelaxed_rank_002_alphafold2_ptm_model_3_seed_000.pdb,93.83
335,foldit_recycles/recyc_48/colab/2002990_1031_unrelaxed_rank_003_alphafold2_ptm_model_5_seed_000.pdb,79.81
336,foldit_recycles/recyc_48/colab/2002553_s003_unrelaxed_rank_001_alphafold2_ptm_model_5_seed_000.pdb,87.64
337,foldit_recycles/recyc_48/colab/2003594_S603_unrelaxed_rank_005_alphafold2_ptm_model_3_seed_000.pdb,69.24
338,foldit_recycles/recyc_48/colab/2003333_1013_unrelaxed_rank_005_alphafold2_ptm_model_2_seed_000.pdb,51.53
339,foldit_recycles/recyc_48/colab/2002877_s005_unrelaxed_rank_003_alphafold2_ptm_model_1_seed_000.pdb,79.39
340,foldit_recycles/recyc_48/colab/2003048_1024_unrelaxed_rank_003_alphafold2_ptm_model_1_seed_000.pdb,69.11
341,foldit_recycles/recyc_48/colab/2003594_0000_unrelaxed_rank_001_alphafold2_ptm_model_2_seed_000.pdb,94.38
342,foldit_recycles/recyc_48/colab/997523_0005_unrelaxed_rank_002_alphafold2_ptm_model_4_seed_000.pdb,85.3
343,foldit_recycles/recyc_48/colab/2003414_1018_unrelaxed_rank_004_alphafold2_ptm_model_4_seed_000.pdb,84.58
344,foldit_recycles/recyc_48/colab/2003169_S953_unrelaxed_rank_004_alphafold2_ptm_model_4_seed_000.pdb,88.85
345,foldit_recycles/recyc_48/colab/2003048_s009_unrelaxed_rank_004_alphafold2_ptm_model_3_seed_000.pdb,79.78
346,foldit_recycles/recyc_48/colab/2000240_s003_unrelaxed_rank_002_alphafold2_ptm_model_1_seed_000.pdb,70.13
347,foldit_recycles/recyc_48/colab/2003360_1013_unrelaxed_rank_005_alphafold2_ptm_model_3_seed_000.pdb,79.29
348,foldit_recycles/recyc_48/colab/2000665_1003_unrelaxed_rank_005_alphafold2_ptm_model_4_seed_000.pdb,49.99
349,foldit_recycles/recyc_48/colab/2002469_S848_unrelaxed_rank_002_alphafold2_ptm_model_2_seed_000.pdb,76.57
350,foldit_recycles/recyc_48/colab/2003285_s005_unrelaxed_rank_002_alphafold2_ptm_model_2_seed_000.pdb,85.77
351,foldit_recycles/recyc_48/colab/2002949_0000_unrelaxed_rank_003_alphafold2_ptm_model_1_seed_000.pdb,87.47
352,foldit_recycles/recyc_48/colab/997523_0006_unrelaxed_rank_002_alphafold2_ptm_model_3_seed_000.pdb,88.56
353,foldit_recycles/recyc_48/colab/2003308_0009_unrelaxed_rank_003_alphafold2_ptm_model_1_seed_000.pdb,74.99
354,foldit_recycles/recyc_48/colab/2003265_s008_unrelaxed_rank_003_alphafold2_ptm_model_3_seed_000.pdb,83.72
355,foldit_recycles/recyc_48/colab/2003455_s008_unrelaxed_rank_002_alphafold2_ptm_model_5_seed_000.pdb,63.54
356,foldit_recycles/recyc_48/colab/2003205_0000_unrelaxed_rank_003_alphafold2_ptm_model_4_seed_000.pdb,90.14
357,foldit_recycles/recyc_48/colab/2000518_S468_unrelaxed_rank_001_alphafold2_ptm_model_4_seed_000.pdb,78.3
358,foldit_recycles/recyc_48/colab/2003532_1020_unrelaxed_rank_005_alphafold2_ptm_model_4_seed_000.pdb,82.08
359,foldit_recycles/recyc_48/colab/997258_0001_unrelaxed_rank_003_alphafold2_ptm_model_4_seed_000.pdb,78.36
360,foldit_recycles/recyc_48/colab/2003048_1050_unrelaxed_rank_005_alphafold2_ptm_model_3_seed_000.pdb,83.16
361,foldit_recycles/recyc_48/colab/2000240_s003_unrelaxed_rank_003_alphafold2_ptm_model_5_seed_000.pdb,69.95
362,foldit_recycles/recyc_48/colab/2000240_s003_unrelaxed_rank_001_alphafold2_ptm_model_2_seed_000.pdb,73.01
363,foldit_recycles/recyc_48/colab/2002745_0000_unrelaxed_rank_002_alphafold2_ptm_model_5_seed_000.pdb,91.83
364,foldit_recycles/recyc_48/colab/2003169_s001_unrelaxed_rank_003_alphafold2_ptm_model_5_seed_000.pdb,82.67
365,foldit_recycles/recyc_48/colab/2003594_s008_unrelaxed_rank_004_alphafold2_ptm_model_4_seed_000.pdb,69.5
366,foldit_recycles/recyc_48/colab/997523_0003_unrelaxed_rank_003_alphafold2_ptm_model_3_seed_000.pdb,85.01
367,foldit_recycles/recyc_48/colab/2003532_1020_unrelaxed_rank_002_alphafold2_ptm_model_1_seed_000.pdb,84.1
368,foldit_recycles/recyc_48/colab/2003382_0009_unrelaxed_rank_004_alphafold2_ptm_model_5_seed_000.pdb,58.44
369,foldit_recycles/recyc_48/colab/2002922_s004_unrelaxed_rank_003_alphafold2_ptm_model_1_seed_000.pdb,87.58
370,foldit_recycles/recyc_48/colab/2003205_S722_unrelaxed_rank_001_alphafold2_ptm_model_1_seed_000.pdb,78.96
371,foldit_recycles/recyc_48/colab/2003594_s008_unrelaxed_rank_002_alphafold2_ptm_model_2_seed_000.pdb,75.88
372,foldit_recycles/recyc_48/colab/2002877_s005_unrelaxed_rank_002_alphafold2_ptm_model_3_seed_000.pdb,80.69
373,foldit_recycles/recyc_48/colab/2002990_1039_unrelaxed_rank_001_alphafold2_ptm_model_3_seed_000.pdb,87.53
374,foldit_recycles/recyc_48/colab/2003205_0000_unrelaxed_rank_001_alphafold2_ptm_model_5_seed_000.pdb,90.32
375,foldit_recycles/recyc_48/colab/997523_0006_unrelaxed_rank_004_alphafold2_ptm_model_1_seed_000.pdb,84.48
376,foldit_recycles/recyc_48/colab/997523_0000_unrelaxed_rank_003_alphafold2_ptm_model_3_seed_000.pdb,78.42
377,foldit_recycles/recyc_48/colab/2003265_S714_unrelaxed_rank_002_alphafold2_ptm_model_2_seed_000.pdb,81.75
378,foldit_recycles/recyc_48/colab/2000665_1003_unrelaxed_rank_003_alphafold2_ptm_model_5_seed_000.pdb,54.2
379,foldit_recycles/recyc_48/colab/2002290_S122_unrelaxed_rank_003_alphafold2_ptm_model_1_seed_000.pdb,92.71
380,foldit_recycles/recyc_48/colab/2002990_0006_unrelaxed_rank_005_alphafold2_ptm_model_2_seed_000.pdb,83.91
381,foldit_recycles/recyc_48/colab/2000518_0003_unrelaxed_rank_003_alphafold2_ptm_model_1_seed_000.pdb,83.45
382,foldit_recycles/recyc_48/colab/2002613_0004_unrelaxed_rank_004_alphafold2_ptm_model_4_seed_000.pdb,78.91
383,foldit_recycles/recyc_48/colab/2003455_0009_unrelaxed_rank_001_alphafold2_ptm_model_1_seed_000.pdb,82.0
384,foldit_recycles/recyc_48/colab/2003532_1020_unrelaxed_rank_001_alphafold2_ptm_model_2_seed_000.pdb,84.83
385,foldit_recycles/recyc_48/colab/2002949_0000_unrelaxed_rank_002_alphafold2_ptm_model_2_seed_000.pdb,87.72
386,foldit_recycles/recyc_48/colab/2003455_1023_unrelaxed_rank_001_alphafold2_ptm_model_2_seed_000.pdb,90.99
387,foldit_recycles/recyc_48/colab/2003414_1018_unrelaxed_rank_005_alphafold2_ptm_model_2_seed_000.pdb,83.05
388,foldit_recycles/recyc_48/colab/2003594_S028_unrelaxed_rank_005_alphafold2_ptm_model_5_seed_000.pdb,80.86
389,foldit_recycles/recyc_48/colab/2002553_s003_unrelaxed_rank_005_alphafold2_ptm_model_3_seed_000.pdb,82.21
390,foldit_recycles/recyc_48/colab/2003485_1036_unrelaxed_rank_005_alphafold2_ptm_model_2_seed_000.pdb,78.58
391,foldit_recycles/recyc_48/colab/2002308_S695_unrelaxed_rank_002_alphafold2_ptm_model_4_seed_000.pdb,62.52
392,foldit_recycles/recyc_48/colab/2003455_S886_unrelaxed_rank_001_alphafold2_ptm_model_2_seed_000.pdb,88.51
393,foldit_recycles/recyc_48/colab/2002553_0000_unrelaxed_rank_003_alphafold2_ptm_model_4_seed_000.pdb,81.63
394,foldit_recycles/recyc_48/colab/1998925_s008_unrelaxed_rank_004_alphafold2_ptm_model_5_seed_000.pdb,78.46
395,foldit_recycles/recyc_48/colab/2003333_0006_unrelaxed_rank_001_alphafold2_ptm_model_2_seed_000.pdb,94.68
396,foldit_recycles/recyc_48/colab/2002990_1039_unrelaxed_rank_002_alphafold2_ptm_model_1_seed_000.pdb,86.62
397,foldit_recycles/recyc_48/colab/2003285_s000_unrelaxed_rank_003_alphafold2_ptm_model_2_seed_000.pdb,91.49
398,foldit_recycles/recyc_48/colab/2002713_0000_unrelaxed_rank_001_alphafold2_ptm_model_5_seed_000.pdb,88.63
399,foldit_recycles/recyc_48/colab/2003382_1021_unrelaxed_rank_005_alphafold2_ptm_model_5_seed_000.pdb,82.48
400,foldit_recycles/recyc_48/colab/2002553_0000_unrelaxed_rank_004_alphafold2_ptm_model_3_seed_000.pdb,76.14
401,foldit_recycles/recyc_48/colab/2003360_s002_unrelaxed_rank_002_alphafold2_ptm_model_1_seed_000.pdb,87.86
402,foldit_recycles/recyc_48/colab/2003265_S115_unrelaxed_rank_002_alphafold2_ptm_model_5_seed_000.pdb,89.36
403,foldit_recycles/recyc_48/colab/2002990_s006_unrelaxed_rank_005_alphafold2_ptm_model_5_seed_000.pdb,73.77
404,foldit_recycles/recyc_48/colab/2002089_1029_unrelaxed_rank_003_alphafold2_ptm_model_1_seed_000.pdb,78.97
405,foldit_recycles/recyc_48/colab/2003485_1029_unrelaxed_rank_003_alphafold2_ptm_model_3_seed_000.pdb,73.66
406,foldit_recycles/recyc_48/colab/2003360_0005_unrelaxed_rank_003_alphafold2_ptm_model_2_seed_000.pdb,90.74
407,foldit_recycles/recyc_48/colab/2002334_0005_unrelaxed_rank_005_alphafold2_ptm_model_3_seed_000.pdb,76.47
408,foldit_recycles/recyc_48/colab/2003308_0009_unrelaxed_rank_005_alphafold2_ptm_model_2_seed_000.pdb,70.08
409,foldit_recycles/recyc_48/colab/2003360_0005_unrelaxed_rank_002_alphafold2_ptm_model_3_seed_000.pdb,90.92
410,foldit_recycles/recyc_48/colab/997523_0005_unrelaxed_rank_004_alphafold2_ptm_model_3_seed_000.pdb,84.93
411,foldit_recycles/recyc_48/colab/2003455_S943_unrelaxed_rank_002_alphafold2_ptm_model_3_seed_000.pdb,83.99
412,foldit_recycles/recyc_48/colab/2003048_1024_unrelaxed_rank_001_alphafold2_ptm_model_4_seed_000.pdb,73.95
413,foldit_recycles/recyc_48/colab/2003205_s002_unrelaxed_rank_002_alphafold2_ptm_model_2_seed_000.pdb,91.62
414,foldit_recycles/recyc_48/colab/2002949_0007_unrelaxed_rank_002_alphafold2_ptm_model_1_seed_000.pdb,80.84
415,foldit_recycles/recyc_48/colab/2003594_s008_unrelaxed_rank_003_alphafold2_ptm_model_3_seed_000.pdb,73.92
416,foldit_recycles/recyc_48/colab/2000240_s003_unrelaxed_rank_004_alphafold2_ptm_model_4_seed_000.pdb,65.21
417,foldit_recycles/recyc_48/colab/2003382_0004_unrelaxed_rank_002_alphafold2_ptm_model_3_seed_000.pdb,80.14
418,foldit_recycles/recyc_48/colab/2002469_0001_unrelaxed_rank_003_alphafold2_ptm_model_4_seed_000.pdb,78.51
419,foldit_recycles/recyc_48/colab/2002949_0007_unrelaxed_rank_005_alphafold2_ptm_model_4_seed_000.pdb,76.57
420,foldit_recycles/recyc_48/colab/2003455_S886_unrelaxed_rank_003_alphafold2_ptm_model_5_seed_000.pdb,80.09
421,foldit_recycles/recyc_48/colab/2003169_S953_unrelaxed_rank_002_alphafold2_ptm_model_3_seed_000.pdb,89.81
422,foldit_recycles/recyc_48/colab/2002990_s006_unrelaxed_rank_002_alphafold2_ptm_model_1_seed_000.pdb,89.74
423,foldit_recycles/recyc_48/colab/2003360_s003_unrelaxed_rank_005_alphafold2_ptm_model_4_seed_000.pdb,82.0
424,foldit_recycles/recyc_48/colab/2003455_S886_unrelaxed_rank_005_alphafold2_ptm_model_4_seed_000.pdb,66.32
425,foldit_recycles/recyc_48/colab/2002308_0005_unrelaxed_rank_002_alphafold2_ptm_model_1_seed_000.pdb,79.66
426,foldit_recycles/recyc_48/colab/2003382_0004_unrelaxed_rank_001_alphafold2_ptm_model_1_seed_000.pdb,81.0
427,foldit_recycles/recyc_48/colab/997383_s346_unrelaxed_rank_005_alphafold2_ptm_model_2_seed_000.pdb,74.61
428,foldit_recycles/recyc_48/colab/2002949_0000_unrelaxed_rank_001_alphafold2_ptm_model_3_seed_000.pdb,88.48
429,foldit_recycles/recyc_48/colab/2003205_0003_unrelaxed_rank_001_alphafold2_ptm_model_1_seed_000.pdb,90.25
430,foldit_recycles/recyc_48/colab/997523_1003_unrelaxed_rank_001_alphafold2_ptm_model_1_seed_000.pdb,82.07
431,foldit_recycles/recyc_48/colab/2003265_s008_unrelaxed_rank_001_alphafold2_ptm_model_5_seed_000.pdb,84.87
432,foldit_recycles/recyc_48/colab/2002544_0000_unrelaxed_rank_001_alphafold2_ptm_model_3_seed_000.pdb,88.45
433,foldit_recycles/recyc_48/colab/997523_0008_unrelaxed_rank_004_alphafold2_ptm_model_1_seed_000.pdb,89.28
434,foldit_recycles/recyc_48/colab/2003485_1036_unrelaxed_rank_003_alphafold2_ptm_model_4_seed_000.pdb,79.31
435,foldit_recycles/recyc_48/colab/2002766_0001_unrelaxed_rank_001_alphafold2_ptm_model_2_seed_000.pdb,93.87
436,foldit_recycles/recyc_48/colab/2003360_s004_unrelaxed_rank_003_alphafold2_ptm_model_1_seed_000.pdb,89.01
437,foldit_recycles/recyc_48/colab/2003455_0009_unrelaxed_rank_004_alphafold2_ptm_model_4_seed_000.pdb,70.46
438,foldit_recycles/recyc_48/colab/2002745_0008_unrelaxed_rank_002_alphafold2_ptm_model_2_seed_000.pdb,92.22
439,foldit_recycles/recyc_48/colab/1998469_0000_unrelaxed_rank_004_alphafold2_ptm_model_1_seed_000.pdb,80.83
440,foldit_recycles/recyc_48/colab/2002745_0004_unrelaxed_rank_001_alphafold2_ptm_model_3_seed_000.pdb,90.14
441,foldit_recycles/recyc_48/colab/2003169_s008_unrelaxed_rank_004_alphafold2_ptm_model_4_seed_000.pdb,76.81
442,foldit_recycles/recyc_48/colab/1998925_s008_unrelaxed_rank_002_alphafold2_ptm_model_2_seed_000.pdb,82.67
443,foldit_recycles/recyc_48/colab/2003485_1029_unrelaxed_rank_002_alphafold2_ptm_model_4_seed_000.pdb,77.06
444,foldit_recycles/recyc_48/colab/2000518_0000_unrelaxed_rank_001_alphafold2_ptm_model_5_seed_000.pdb,84.26
445,foldit_recycles/recyc_48/colab/2002469_S848_unrelaxed_rank_003_alphafold2_ptm_model_4_seed_000.pdb,71.15
446,foldit_recycles/recyc_48/colab/2002243_1016_unrelaxed_rank_001_alphafold2_ptm_model_3_seed_000.pdb,87.78
447,foldit_recycles/recyc_48/colab/2002243_1016_unrelaxed_rank_002_alphafold2_ptm_model_5_seed_000.pdb,87.09
448,foldit_recycles/recyc_48/colab/997523_0006_unrelaxed_rank_003_alphafold2_ptm_model_2_seed_000.pdb,87.06
449,foldit_recycles/recyc_48/colab/2002766_0003_unrelaxed_rank_005_alphafold2_ptm_model_4_seed_000.pdb,75.56
450,foldit_recycles/recyc_48/colab/2003245_S385_unrelaxed_rank_004_alphafold2_ptm_model_5_seed_000.pdb,85.49
451,foldit_recycles/recyc_48/colab/2003360_s004_unrelaxed_rank_004_alphafold2_ptm_model_5_seed_000.pdb,88.73
452,foldit_recycles/recyc_48/colab/2003169_s008_unrelaxed_rank_001_alphafold2_ptm_model_1_seed_000.pdb,87.33
453,foldit_recycles/recyc_48/colab/2003048_1050_unrelaxed_rank_001_alphafold2_ptm_model_5_seed_000.pdb,86.18
454,foldit_recycles/recyc_48/colab/2003485_1017_unrelaxed_rank_001_alphafold2_ptm_model_1_seed_000.pdb,79.93
455,foldit_recycles/recyc_48/colab/2002745_0001_unrelaxed_rank_004_alphafold2_ptm_model_1_seed_000.pdb,86.92
456,foldit_recycles/recyc_48/colab/2003455_S886_unrelaxed_rank_004_alphafold2_ptm_model_1_seed_000.pdb,77.57
457,foldit_recycles/recyc_48/colab/2003308_0004_unrelaxed_rank_001_alphafold2_ptm_model_2_seed_000.pdb,89.37
458,foldit_recycles/recyc_48/colab/2002713_0004_unrelaxed_rank_005_alphafold2_ptm_model_2_seed_000.pdb,82.99
459,foldit_recycles/recyc_48/colab/2003360_1013_unrelaxed_rank_003_alphafold2_ptm_model_5_seed_000.pdb,81.17
460,foldit_recycles/recyc_48/colab/2002486_0006_unrelaxed_rank_005_alphafold2_ptm_model_4_seed_000.pdb,69.85
461,foldit_recycles/recyc_48/colab/2003333_1013_unrelaxed_rank_002_alphafold2_ptm_model_5_seed_000.pdb,68.22
462,foldit_recycles/recyc_48/colab/2003205_0003_unrelaxed_rank_002_alphafold2_ptm_model_4_seed_000.pdb,86.46
463,foldit_recycles/recyc_48/colab/2003308_0009_unrelaxed_rank_002_alphafold2_ptm_model_5_seed_000.pdb,76.28
464,foldit_recycles/recyc_48/colab/2003245_0004_unrelaxed_rank_003_alphafold2_ptm_model_2_seed_000.pdb,90.29
465,foldit_recycles/recyc_48/colab/2003360_s002_unrelaxed_rank_005_alphafold2_ptm_model_4_seed_000.pdb,82.26
466,foldit_recycles/recyc_48/colab/2003285_s000_unrelaxed_rank_001_alphafold2_ptm_model_3_seed_000.pdb,92.8
467,foldit_recycles/recyc_48/colab/2002308_0005_unrelaxed_rank_001_alphafold2_ptm_model_4_seed_000.pdb,84.72
468,foldit_recycles/recyc_48/colab/2002787_0005_unrelaxed_rank_004_alphafold2_ptm_model_4_seed_000.pdb,86.59
469,foldit_recycles/recyc_48/colab/2002486_1048_unrelaxed_rank_005_alphafold2_ptm_model_3_seed_000.pdb,61.91
470,foldit_recycles/recyc_48/colab/2003333_0006_unrelaxed_rank_005_alphafold2_ptm_model_4_seed_000.pdb,92.52
471,foldit_recycles/recyc_48/colab/2003245_S383_unrelaxed_rank_003_alphafold2_ptm_model_5_seed_000.pdb,91.06
472,foldit_recycles/recyc_48/colab/2002922_1018_unrelaxed_rank_003_alphafold2_ptm_model_5_seed_000.pdb,83.34
473,foldit_recycles/recyc_48/colab/2002766_0004_unrelaxed_rank_003_alphafold2_ptm_model_3_seed_000.pdb,80.45
474,foldit_recycles/recyc_48/colab/2003333_1006_unrelaxed_rank_001_alphafold2_ptm_model_2_seed_000.pdb,86.87
475,foldit_recycles/recyc_48/colab/2002613_0004_unrelaxed_rank_001_alphafold2_ptm_model_1_seed_000.pdb,81.82
476,foldit_recycles/recyc_48/colab/2002486_1012_unrelaxed_rank_004_alphafold2_ptm_model_2_seed_000.pdb,82.91
477,foldit_recycles/recyc_48/colab/997523_0008_unrelaxed_rank_002_alphafold2_ptm_model_2_seed_000.pdb,90.77
478,foldit_recycles/recyc_48/colab/2003485_0000_unrelaxed_rank_003_alphafold2_ptm_model_4_seed_000.pdb,82.74
479,foldit_recycles/recyc_48/colab/2001044_0000_unrelaxed_rank_004_alphafold2_ptm_model_5_seed_000.pdb,87.41
480,foldit_recycles/recyc_48/colab/1998925_s008_unrelaxed_rank_003_alphafold2_ptm_model_3_seed_000.pdb,80.12
481,foldit_recycles/recyc_48/colab/2003485_0002_unrelaxed_rank_003_alphafold2_ptm_model_1_seed_000.pdb,90.69
482,foldit_recycles/recyc_48/colab/2003594_s008_unrelaxed_rank_005_alphafold2_ptm_model_5_seed_000.pdb,69.01
483,foldit_recycles/recyc_48/colab/2002787_0005_unrelaxed_rank_003_alphafold2_ptm_model_5_seed_000.pdb,89.56
484,foldit_recycles/recyc_48/colab/2002590_S567_unrelaxed_rank_002_alphafold2_ptm_model_4_seed_000.pdb,81.62
485,foldit_recycles/recyc_48/colab/2003532_1022_unrelaxed_rank_002_alphafold2_ptm_model_2_seed_000.pdb,86.36
486,foldit_recycles/recyc_48/colab/2003382_0004_unrelaxed_rank_005_alphafold2_ptm_model_4_seed_000.pdb,76.13
487,foldit_recycles/recyc_48/colab/2003169_s001_unrelaxed_rank_005_alphafold2_ptm_model_4_seed_000.pdb,80.17
488,foldit_recycles/recyc_48/colab/2002308_S695_unrelaxed_rank_003_alphafold2_ptm_model_2_seed_000.pdb,60.61
489,foldit_recycles/recyc_48/colab/2003265_s003_unrelaxed_rank_002_alphafold2_ptm_model_3_seed_000.pdb,87.62
490,foldit_recycles/recyc_48/colab/2003308_0005_unrelaxed_rank_001_alphafold2_ptm_model_1_seed_000.pdb,81.73
491,foldit_recycles/recyc_48/colab/2002713_0004_unrelaxed_rank_003_alphafold2_ptm_model_1_seed_000.pdb,85.12
492,foldit_recycles/recyc_48/colab/2003455_1023_unrelaxed_rank_005_alphafold2_ptm_model_3_seed_000.pdb,87.49
493,foldit_recycles/recyc_48/colab/2002590_0001_unrelaxed_rank_001_alphafold2_ptm_model_3_seed_000.pdb,83.51
494,foldit_recycles/recyc_48/colab/2002990_s006_unrelaxed_rank_003_alphafold2_ptm_model_4_seed_000.pdb,84.6
495,foldit_recycles/recyc_48/colab/2003532_1022_unrelaxed_rank_004_alphafold2_ptm_model_3_seed_000.pdb,80.09
496,foldit_recycles/recyc_48/colab/2002766_0004_unrelaxed_rank_005_alphafold2_ptm_model_4_seed_000.pdb,79.76
497,foldit_recycles/recyc_48/colab/2002922_1013_unrelaxed_rank_005_alphafold2_ptm_model_4_seed_000.pdb,83.92
498,foldit_recycles/recyc_48/colab/2003360_s003_unrelaxed_rank_004_alphafold2_ptm_model_5_seed_000.pdb,84.61
499,foldit_recycles/recyc_48/colab/997258_0004_unrelaxed_rank_003_alphafold2_ptm_model_3_seed_000.pdb,84.76
500,foldit_recycles/recyc_48/colab/997258_0001_unrelaxed_rank_005_alphafold2_ptm_model_2_seed_000.pdb,76.36
501,foldit_recycles/recyc_48/colab/2000240_0002_unrelaxed_rank_001_alphafold2_ptm_model_2_seed_000.pdb,84.27
502,foldit_recycles/recyc_48/colab/2002949_0007_unrelaxed_rank_003_alphafold2_ptm_model_3_seed_000.pdb,79.75
503,foldit_recycles/recyc_48/colab/2000665_1003_unrelaxed_rank_001_alphafold2_ptm_model_2_seed_000.pdb,66.68
504,foldit_recycles/recyc_48/colab/2003485_1029_unrelaxed_rank_004_alphafold2_ptm_model_1_seed_000.pdb,71.72
505,foldit_recycles/recyc_48/colab/2002745_0003_unrelaxed_rank_003_alphafold2_ptm_model_2_seed_000.pdb,88.55
506,foldit_recycles/recyc_48/colab/2003360_s004_unrelaxed_rank_002_alphafold2_ptm_model_2_seed_000.pdb,90.42
507,foldit_recycles/recyc_48/colab/2003265_s008_unrelaxed_rank_002_alphafold2_ptm_model_4_seed_000.pdb,84.31
508,foldit_recycles/recyc_48/colab/2002787_0005_unrelaxed_rank_001_alphafold2_ptm_model_2_seed_000.pdb,91.24
509,foldit_recycles/recyc_48/colab/2002290_S122_unrelaxed_rank_004_alphafold2_ptm_model_3_seed_000.pdb,86.64
510,foldit_recycles/recyc_48/colab/997791_1027_unrelaxed_rank_002_alphafold2_ptm_model_5_seed_000.pdb,90.37
511,foldit_recycles/recyc_48/colab/2003205_s002_unrelaxed_rank_003_alphafold2_ptm_model_5_seed_000.pdb,89.47
512,foldit_recycles/recyc_48/colab/2003455_0002_unrelaxed_rank_002_alphafold2_ptm_model_3_seed_000.pdb,76.44
513,foldit_recycles/recyc_48/colab/2002990_1031_unrelaxed_rank_002_alphafold2_ptm_model_3_seed_000.pdb,80.22
514,foldit_recycles/recyc_48/colab/2003485_0000_unrelaxed_rank_002_alphafold2_ptm_model_5_seed_000.pdb,83.13
515,foldit_recycles/recyc_48/colab/2002713_0000_unrelaxed_rank_004_alphafold2_ptm_model_1_seed_000.pdb,80.52
516,foldit_recycles/recyc_48/colab/2003205_0006_unrelaxed_rank_003_alphafold2_ptm_model_3_seed_000.pdb,69.19
517,foldit_recycles/recyc_48/colab/2002590_0001_unrelaxed_rank_002_alphafold2_ptm_model_1_seed_000.pdb,82.08
518,foldit_recycles/recyc_48/colab/2003485_1017_unrelaxed_rank_002_alphafold2_ptm_model_5_seed_000.pdb,73.03
519,foldit_recycles/recyc_48/colab/2003048_0003_unrelaxed_rank_003_alphafold2_ptm_model_1_seed_000.pdb,85.44
520,foldit_recycles/recyc_48/colab/2003265_s005_unrelaxed_rank_004_alphafold2_ptm_model_5_seed_000.pdb,88.04
521,foldit_recycles/recyc_48/colab/1998925_s008_unrelaxed_rank_001_alphafold2_ptm_model_4_seed_000.pdb,84.14
522,foldit_recycles/recyc_48/colab/2002089_1029_unrelaxed_rank_002_alphafold2_ptm_model_2_seed_000.pdb,79.26
523,foldit_recycles/recyc_48/colab/2002990_0006_unrelaxed_rank_003_alphafold2_ptm_model_1_seed_000.pdb,85.79
524,foldit_recycles/recyc_48/colab/2003169_S953_unrelaxed_rank_003_alphafold2_ptm_model_1_seed_000.pdb,89.13
525,foldit_recycles/recyc_48/colab/1998555_1041_unrelaxed_rank_001_alphafold2_ptm_model_5_seed_000.pdb,76.68
526,foldit_recycles/recyc_48/colab/2003048_0005_unrelaxed_rank_004_alphafold2_ptm_model_4_seed_000.pdb,77.04
527,foldit_recycles/recyc_48/colab/2003048_S697_unrelaxed_rank_004_alphafold2_ptm_model_2_seed_000.pdb,81.71
528,foldit_recycles/recyc_48/colab/2002713_1006_unrelaxed_rank_003_alphafold2_ptm_model_1_seed_000.pdb,90.77
529,foldit_recycles/recyc_48/colab/2003048_0003_unrelaxed_rank_005_alphafold2_ptm_model_5_seed_000.pdb,84.15
530,foldit_recycles/recyc_48/colab/2003265_s003_unrelaxed_rank_004_alphafold2_ptm_model_4_seed_000.pdb,87.22
531,foldit_recycles/recyc_48/colab/2003382_s005_unrelaxed_rank_003_alphafold2_ptm_model_4_seed_000.pdb,74.66
532,foldit_recycles/recyc_48/colab/2003455_0001_unrelaxed_rank_004_alphafold2_ptm_model_5_seed_000.pdb,84.77
533,foldit_recycles/recyc_48/colab/2003333_s003_unrelaxed_rank_004_alphafold2_ptm_model_2_seed_000.pdb,83.23
534,foldit_recycles/recyc_48/colab/997258_0004_unrelaxed_rank_005_alphafold2_ptm_model_2_seed_000.pdb,82.59
535,foldit_recycles/recyc_48/colab/2002766_0000_unrelaxed_rank_002_alphafold2_ptm_model_5_seed_000.pdb,88.83
536,foldit_recycles/recyc_48/colab/2002486_1048_unrelaxed_rank_001_alphafold2_ptm_model_1_seed_000.pdb,77.83
537,foldit_recycles/recyc_48/colab/2000518_S468_unrelaxed_rank_004_alphafold2_ptm_model_3_seed_000.pdb,73.27
538,foldit_recycles/recyc_48/colab/2003382_1021_unrelaxed_rank_001_alphafold2_ptm_model_2_seed_000.pdb,83.83
539,foldit_recycles/recyc_48/colab/2002922_1013_unrelaxed_rank_001_alphafold2_ptm_model_3_seed_000.pdb,86.59
540,foldit_recycles/recyc_48/colab/2003594_S603_unrelaxed_rank_003_alphafold2_ptm_model_2_seed_000.pdb,71.24
541,foldit_recycles/recyc_48/colab/2002553_0000_unrelaxed_rank_002_alphafold2_ptm_model_2_seed_000.pdb,83.53
542,foldit_recycles/recyc_48/colab/2002713_0004_unrelaxed_rank_004_alphafold2_ptm_model_4_seed_000.pdb,83.42
543,foldit_recycles/recyc_48/colab/2003205_0002_unrelaxed_rank_002_alphafold2_ptm_model_1_seed_000.pdb,90.6
544,foldit_recycles/recyc_48/colab/2003265_S115_unrelaxed_rank_004_alphafold2_ptm_model_3_seed_000.pdb,88.21
545,foldit_recycles/recyc_48/colab/2003265_1034_unrelaxed_rank_005_alphafold2_ptm_model_1_seed_000.pdb,89.69
546,foldit_recycles/recyc_48/colab/2003245_S385_unrelaxed_rank_005_alphafold2_ptm_model_2_seed_000.pdb,85.17
547,foldit_recycles/recyc_48/colab/2003205_0008_unrelaxed_rank_004_alphafold2_ptm_model_2_seed_000.pdb,81.29
548,foldit_recycles/recyc_48/colab/2002590_S567_unrelaxed_rank_004_alphafold2_ptm_model_2_seed_000.pdb,80.41
549,foldit_recycles/recyc_48/colab/2003205_0002_unrelaxed_rank_003_alphafold2_ptm_model_5_seed_000.pdb,90.22
550,foldit_recycles/recyc_48/colab/2003048_0005_unrelaxed_rank_003_alphafold2_ptm_model_1_seed_000.pdb,77.38
551,foldit_recycles/recyc_48/colab/2002469_0001_unrelaxed_rank_002_alphafold2_ptm_model_2_seed_000.pdb,88.3
552,foldit_recycles/recyc_48/colab/2000240_0002_unrelaxed_rank_003_alphafold2_ptm_model_5_seed_000.pdb,83.14
553,foldit_recycles/recyc_48/colab/2002922_1018_unrelaxed_rank_004_alphafold2_ptm_model_1_seed_000.pdb,82.84
554,foldit_recycles/recyc_48/colab/2003485_0002_unrelaxed_rank_002_alphafold2_ptm_model_3_seed_000.pdb,91.2
555,foldit_recycles/recyc_48/colab/2003205_0006_unrelaxed_rank_005_alphafold2_ptm_model_4_seed_000.pdb,68.81
556,foldit_recycles/recyc_48/colab/2003455_1023_unrelaxed_rank_004_alphafold2_ptm_model_4_seed_000.pdb,88.28
557,foldit_recycles/recyc_48/colab/2003382_0009_unrelaxed_rank_005_alphafold2_ptm_model_3_seed_000.pdb,57.36
558,foldit_recycles/recyc_48/colab/2000240_0002_unrelaxed_rank_005_alphafold2_ptm_model_1_seed_000.pdb,82.66
559,foldit_recycles/recyc_48/colab/2003333_0006_unrelaxed_rank_004_alphafold2_ptm_model_1_seed_000.pdb,93.0
560,foldit_recycles/recyc_48/colab/2003455_0009_unrelaxed_rank_003_alphafold2_ptm_model_2_seed_000.pdb,73.93
561,foldit_recycles/recyc_48/colab/2002486_0006_unrelaxed_rank_003_alphafold2_ptm_model_3_seed_000.pdb,73.18
562,foldit_recycles/recyc_48/colab/2003485_1029_unrelaxed_rank_005_alphafold2_ptm_model_2_seed_000.pdb,66.48
563,foldit_recycles/recyc_48/colab/2002922_s004_unrelaxed_rank_001_alphafold2_ptm_model_3_seed_000.pdb,88.93
564,foldit_recycles/recyc_48/colab/997258_0001_unrelaxed_rank_001_alphafold2_ptm_model_3_seed_000.pdb,86.75
565,foldit_recycles/recyc_48/colab/997523_0003_unrelaxed_rank_001_alphafold2_ptm_model_2_seed_000.pdb,89.29
566,foldit_recycles/recyc_48/colab/2003265_s003_unrelaxed_rank_005_alphafold2_ptm_model_5_seed_000.pdb,82.39
567,foldit_recycles/recyc_48/colab/2003333_s001_unrelaxed_rank_002_alphafold2_ptm_model_3_seed_000.pdb,79.53
568,foldit_recycles/recyc_48/colab/2003308_0005_unrelaxed_rank_003_alphafold2_ptm_model_3_seed_000.pdb,78.97
569,foldit_recycles/recyc_48/colab/2003265_1034_unrelaxed_rank_002_alphafold2_ptm_model_5_seed_000.pdb,90.58
570,foldit_recycles/recyc_48/colab/2002376_0003_unrelaxed_rank_005_alphafold2_ptm_model_5_seed_000.pdb,68.93
571,foldit_recycles/recyc_48/colab/2003205_0003_unrelaxed_rank_004_alphafold2_ptm_model_3_seed_000.pdb,83.74
572,foldit_recycles/recyc_48/colab/2002766_0003_unrelaxed_rank_004_alphafold2_ptm_model_1_seed_000.pdb,75.73
573,foldit_recycles/recyc_48/colab/2003308_0005_unrelaxed_rank_002_alphafold2_ptm_model_4_seed_000.pdb,81.61
574,foldit_recycles/recyc_48/colab/2003245_S383_unrelaxed_rank_001_alphafold2_ptm_model_3_seed_000.pdb,92.76
575,foldit_recycles/recyc_48/colab/2003594_S028_unrelaxed_rank_002_alphafold2_ptm_model_3_seed_000.pdb,91.38
576,foldit_recycles/recyc_48/colab/2003048_S697_unrelaxed_rank_002_alphafold2_ptm_model_3_seed_000.pdb,85.32
577,foldit_recycles/recyc_48/colab/2002590_0001_unrelaxed_rank_005_alphafold2_ptm_model_2_seed_000.pdb,77.51
578,foldit_recycles/recyc_48/colab/2003048_s009_unrelaxed_rank_003_alphafold2_ptm_model_2_seed_000.pdb,80.09
579,foldit_recycles/recyc_48/colab/2002766_0000_unrelaxed_rank_003_alphafold2_ptm_model_2_seed_000.pdb,88.46
580,foldit_recycles/recyc_48/colab/2002469_0001_unrelaxed_rank_005_alphafold2_ptm_model_1_seed_000.pdb,76.04
581,foldit_recycles/recyc_48/colab/2002713_1006_unrelaxed_rank_002_alphafold2_ptm_model_2_seed_000.pdb,90.76
582,foldit_recycles/recyc_48/colab/2003360_0005_unrelaxed_rank_004_alphafold2_ptm_model_1_seed_000.pdb,90.46
583,foldit_recycles/recyc_48/colab/2002766_0004_unrelaxed_rank_002_alphafold2_ptm_model_1_seed_000.pdb,81.64
584,foldit_recycles/recyc_48/colab/2003485_0000_unrelaxed_rank_004_alphafold2_ptm_model_3_seed_000.pdb,81.94
585,foldit_recycles/recyc_48/colab/2003333_0000_unrelaxed_rank_004_alphafold2_ptm_model_4_seed_000.pdb,88.18
586,foldit_recycles/recyc_48/colab/2003169_s001_unrelaxed_rank_001_alphafold2_ptm_model_3_seed_000.pdb,84.65
587,foldit_recycles/recyc_48/colab/2002877_s005_unrelaxed_rank_001_alphafold2_ptm_model_4_seed_000.pdb,81.01
588,foldit_recycles/recyc_48/colab/2003205_S722_unrelaxed_rank_003_alphafold2_ptm_model_4_seed_000.pdb,78.22
589,foldit_recycles/recyc_48/colab/2002766_0002_unrelaxed_rank_004_alphafold2_ptm_model_2_seed_000.pdb,86.33
590,foldit_recycles/recyc_48/colab/2000518_0003_unrelaxed_rank_005_alphafold2_ptm_model_2_seed_000.pdb,78.11
591,foldit_recycles/recyc_48/colab/2002766_0003_unrelaxed_rank_002_alphafold2_ptm_model_5_seed_000.pdb,84.66
592,foldit_recycles/recyc_48/colab/2003265_s005_unrelaxed_rank_005_alphafold2_ptm_model_4_seed_000.pdb,87.28
593,foldit_recycles/recyc_48/colab/2002766_0001_unrelaxed_rank_003_alphafold2_ptm_model_5_seed_000.pdb,92.29
594,foldit_recycles/recyc_48/colab/2003333_s001_unrelaxed_rank_005_alphafold2_ptm_model_4_seed_000.pdb,71.09
595,foldit_recycles/recyc_48/colab/2002553_s003_unrelaxed_rank_002_alphafold2_ptm_model_1_seed_000.pdb,86.32
596,foldit_recycles/recyc_48/colab/2003532_0000_unrelaxed_rank_002_alphafold2_ptm_model_1_seed_000.pdb,86.91
597,foldit_recycles/recyc_48/colab/2003382_1021_unrelaxed_rank_003_alphafold2_ptm_model_3_seed_000.pdb,83.48
598,foldit_recycles/recyc_48/colab/2003455_S886_unrelaxed_rank_002_alphafold2_ptm_model_3_seed_000.pdb,81.11
599,foldit_recycles/recyc_48/colab/2003455_0001_unrelaxed_rank_001_alphafold2_ptm_model_3_seed_000.pdb,86.53
600,foldit_recycles/recyc_48/colab/2003333_0000_unrelaxed_rank_001_alphafold2_ptm_model_2_seed_000.pdb,92.02
601,foldit_recycles/recyc_48/colab/2003455_s008_unrelaxed_rank_005_alphafold2_ptm_model_3_seed_000.pdb,58.05
602,foldit_recycles/recyc_48/colab/2003485_S412_unrelaxed_rank_003_alphafold2_ptm_model_5_seed_000.pdb,79.47
603,foldit_recycles/recyc_48/colab/2003308_0004_unrelaxed_rank_002_alphafold2_ptm_model_4_seed_000.pdb,86.87
604,foldit_recycles/recyc_48/colab/2002469_0001_unrelaxed_rank_004_alphafold2_ptm_model_3_seed_000.pdb,78.28
605,foldit_recycles/recyc_48/colab/2003455_0002_unrelaxed_rank_001_alphafold2_ptm_model_2_seed_000.pdb,79.58
606,foldit_recycles/recyc_48/colab/2002613_0004_unrelaxed_rank_003_alphafold2_ptm_model_5_seed_000.pdb,79.3
607,foldit_recycles/recyc_48/colab/2003285_s008_unrelaxed_rank_005_alphafold2_ptm_model_4_seed_000.pdb,87.46
608,foldit_recycles/recyc_48/colab/2003048_s009_unrelaxed_rank_005_alphafold2_ptm_model_5_seed_000.pdb,77.67
609,foldit_recycles/recyc_48/colab/2003333_0005_unrelaxed_rank_003_alphafold2_ptm_model_2_seed_000.pdb,82.37
610,foldit_recycles/recyc_48/colab/1998925_s008_unrelaxed_rank_005_alphafold2_ptm_model_1_seed_000.pdb,76.71
611,foldit_recycles/recyc_48/colab/997791_1027_unrelaxed_rank_001_alphafold2_ptm_model_3_seed_000.pdb,90.97
612,foldit_recycles/recyc_48/colab/2003265_S115_unrelaxed_rank_003_alphafold2_ptm_model_1_seed_000.pdb,89.26
613,foldit_recycles/recyc_48/colab/2003048_s009_unrelaxed_rank_001_alphafold2_ptm_model_1_seed_000.pdb,86.12
614,foldit_recycles/recyc_48/colab/2003382_s008_unrelaxed_rank_002_alphafold2_ptm_model_4_seed_000.pdb,80.88
615,foldit_recycles/recyc_48/colab/2002308_0005_unrelaxed_rank_004_alphafold2_ptm_model_3_seed_000.pdb,71.87
616,foldit_recycles/recyc_48/colab/2003285_s008_unrelaxed_rank_002_alphafold2_ptm_model_1_seed_000.pdb,89.41
617,foldit_recycles/recyc_48/colab/2003485_1036_unrelaxed_rank_001_alphafold2_ptm_model_3_seed_000.pdb,79.98
618,foldit_recycles/recyc_48/colab/2003333_1006_unrelaxed_rank_004_alphafold2_ptm_model_3_seed_000.pdb,81.29
619,foldit_recycles/recyc_48/colab/997523_1040_unrelaxed_rank_004_alphafold2_ptm_model_1_seed_000.pdb,90.89
620,foldit_recycles/recyc_48/colab/2002766_0004_unrelaxed_rank_004_alphafold2_ptm_model_2_seed_000.pdb,80.03
621,foldit_recycles/recyc_48/colab/2003285_s005_unrelaxed_rank_003_alphafold2_ptm_model_5_seed_000.pdb,84.7
622,foldit_recycles/recyc_48/colab/997523_1003_unrelaxed_rank_003_alphafold2_ptm_model_3_seed_000.pdb,76.16
623,foldit_recycles/recyc_48/colab/2002544_0000_unrelaxed_rank_005_alphafold2_ptm_model_4_seed_000.pdb,84.28
624,foldit_recycles/recyc_48/colab/2003245_0004_unrelaxed_rank_002_alphafold2_ptm_model_3_seed_000.pdb,90.99
625,foldit_recycles/recyc_48/colab/2003455_0001_unrelaxed_rank_002_alphafold2_ptm_model_1_seed_000.pdb,85.39
626,foldit_recycles/recyc_48/colab/2003485_S412_unrelaxed_rank_002_alphafold2_ptm_model_4_seed_000.pdb,81.85
627,foldit_recycles/recyc_48/colab/2003245_S383_unrelaxed_rank_004_alphafold2_ptm_model_1_seed_000.pdb,91.04
628,foldit_recycles/recyc_48/colab/2003245_S385_unrelaxed_rank_003_alphafold2_ptm_model_1_seed_000.pdb,85.63
629,foldit_recycles/recyc_48/colab/2002376_0000_unrelaxed_rank_004_alphafold2_ptm_model_2_seed_000.pdb,74.06
630,foldit_recycles/recyc_48/colab/2002713_0000_unrelaxed_rank_002_alphafold2_ptm_model_3_seed_000.pdb,82.77
631,foldit_recycles/recyc_48/colab/2003382_0002_unrelaxed_rank_002_alphafold2_ptm_model_3_seed_000.pdb,83.32
632,foldit_recycles/recyc_48/colab/2002544_0000_unrelaxed_rank_003_alphafold2_ptm_model_1_seed_000.pdb,86.96
633,foldit_recycles/recyc_48/colab/997791_1027_unrelaxed_rank_004_alphafold2_ptm_model_2_seed_000.pdb,88.59
634,foldit_recycles/recyc_48/colab/2002766_0002_unrelaxed_rank_005_alphafold2_ptm_model_4_seed_000.pdb,86.27
635,foldit_recycles/recyc_48/colab/2000240_0002_unrelaxed_rank_002_alphafold2_ptm_model_3_seed_000.pdb,83.42
636,foldit_recycles/recyc_48/colab/2003265_0007_unrelaxed_rank_001_alphafold2_ptm_model_3_seed_000.pdb,91.28
637,foldit_recycles/recyc_48/colab/2003360_s000_unrelaxed_rank_003_alphafold2_ptm_model_3_seed_000.pdb,85.23
638,foldit_recycles/recyc_48/colab/2002590_0001_unrelaxed_rank_004_alphafold2_ptm_model_5_seed_000.pdb,79.39
639,foldit_recycles/recyc_48/colab/1998555_1041_unrelaxed_rank_005_alphafold2_ptm_model_2_seed_000.pdb,71.05
640,foldit_recycles/recyc_48/colab/2003485_0002_unrelaxed_rank_005_alphafold2_ptm_model_4_seed_000.pdb,87.5
641,foldit_recycles/recyc_48/colab/2003382_s008_unrelaxed_rank_001_alphafold2_ptm_model_1_seed_000.pdb,83.26
642,foldit_recycles/recyc_48/colab/2002745_0004_unrelaxed_rank_002_alphafold2_ptm_model_2_seed_000.pdb,89.89
643,foldit_recycles/recyc_48/colab/2003333_0006_unrelaxed_rank_002_alphafold2_ptm_model_5_seed_000.pdb,93.5
644,foldit_recycles/recyc_48/colab/997383_s346_unrelaxed_rank_002_alphafold2_ptm_model_4_seed_000.pdb,84.2
645,foldit_recycles/recyc_48/colab/2002565_0002_unrelaxed_rank_002_alphafold2_ptm_model_5_seed_000.pdb,86.46
646,foldit_recycles/recyc_48/colab/2003205_1035_unrelaxed_rank_003_alphafold2_ptm_model_1_seed_000.pdb,76.68
647,foldit_recycles/recyc_48/colab/2002308_0005_unrelaxed_rank_005_alphafold2_ptm_model_5_seed_000.pdb,69.85
648,foldit_recycles/recyc_48/colab/2002565_0002_unrelaxed_rank_004_alphafold2_ptm_model_1_seed_000.pdb,84.1
649,foldit_recycles/recyc_48/colab/2003265_s003_unrelaxed_rank_003_alphafold2_ptm_model_1_seed_000.pdb,87.65
650,foldit_recycles/recyc_48/colab/2002990_1031_unrelaxed_rank_001_alphafold2_ptm_model_1_seed_000.pdb,83.57
651,foldit_recycles/recyc_48/colab/997915_0000_unrelaxed_rank_002_alphafold2_ptm_model_1_seed_000.pdb,86.55
652,foldit_recycles/recyc_48/colab/2003532_1020_unrelaxed_rank_004_alphafold2_ptm_model_3_seed_000.pdb,83.46
653,foldit_recycles/recyc_48/colab/2002745_0004_unrelaxed_rank_004_alphafold2_ptm_model_1_seed_000.pdb,88.37
654,foldit_recycles/recyc_48/colab/2002290_S122_unrelaxed_rank_002_alphafold2_ptm_model_4_seed_000.pdb,93.32
655,foldit_recycles/recyc_48/colab/1998520_0002_unrelaxed_rank_002_alphafold2_ptm_model_2_seed_000.pdb,84.06
656,foldit_recycles/recyc_48/colab/2002745_0008_unrelaxed_rank_001_alphafold2_ptm_model_3_seed_000.pdb,93.63
657,foldit_recycles/recyc_48/colab/2003485_S412_unrelaxed_rank_005_alphafold2_ptm_model_2_seed_000.pdb,77.75
658,foldit_recycles/recyc_48/colab/997523_1003_unrelaxed_rank_005_alphafold2_ptm_model_2_seed_000.pdb,73.61
659,foldit_recycles/recyc_48/colab/2002334_0005_unrelaxed_rank_001_alphafold2_ptm_model_1_seed_000.pdb,92.4
660,foldit_recycles/recyc_48/colab/2000518_S468_unrelaxed_rank_003_alphafold2_ptm_model_1_seed_000.pdb,73.38
661,foldit_recycles/recyc_48/colab/2003485_1029_unrelaxed_rank_001_alphafold2_ptm_model_5_seed_000.pdb,79.71
662,foldit_recycles/recyc_48/colab/2003285_0000_unrelaxed_rank_004_alphafold2_ptm_model_5_seed_000.pdb,91.54
663,foldit_recycles/recyc_48/colab/2003594_S603_unrelaxed_rank_001_alphafold2_ptm_model_1_seed_000.pdb,88.47
664,foldit_recycles/recyc_48/colab/2003265_0007_unrelaxed_rank_002_alphafold2_ptm_model_2_seed_000.pdb,91.18
665,foldit_recycles/recyc_48/colab/2003169_s008_unrelaxed_rank_005_alphafold2_ptm_model_5_seed_000.pdb,75.54
666,foldit_recycles/recyc_48/colab/2002766_0001_unrelaxed_rank_004_alphafold2_ptm_model_1_seed_000.pdb,91.35
667,foldit_recycles/recyc_48/colab/2002308_0000_unrelaxed_rank_005_alphafold2_ptm_model_5_seed_000.pdb,69.08
668,foldit_recycles/recyc_48/colab/2001044_0000_unrelaxed_rank_005_alphafold2_ptm_model_4_seed_000.pdb,86.95
669,foldit_recycles/recyc_48/colab/2002713_1006_unrelaxed_rank_004_alphafold2_ptm_model_5_seed_000.pdb,90.43
670,foldit_recycles/recyc_48/colab/1998925_s005_unrelaxed_rank_003_alphafold2_ptm_model_4_seed_000.pdb,72.71
671,foldit_recycles/recyc_48/colab/2000485_1070_unrelaxed_rank_002_alphafold2_ptm_model_1_seed_000.pdb,55.47
672,foldit_recycles/recyc_48/colab/997258_0004_unrelaxed_rank_004_alphafold2_ptm_model_5_seed_000.pdb,84.12
673,foldit_recycles/recyc_48/colab/2002089_0001_unrelaxed_rank_005_alphafold2_ptm_model_4_seed_000.pdb,65.07
674,foldit_recycles/recyc_48/colab/2002553_s003_unrelaxed_rank_003_alphafold2_ptm_model_2_seed_000.pdb,84.23
675,foldit_recycles/recyc_48/colab/2002990_0006_unrelaxed_rank_001_alphafold2_ptm_model_3_seed_000.pdb,87.74
676,foldit_recycles/recyc_48/colab/2002745_0001_unrelaxed_rank_003_alphafold2_ptm_model_2_seed_000.pdb,88.27
677,foldit_recycles/recyc_48/colab/2003382_0002_unrelaxed_rank_004_alphafold2_ptm_model_4_seed_000.pdb,79.21
678,foldit_recycles/recyc_48/colab/2003205_S722_unrelaxed_rank_002_alphafold2_ptm_model_3_seed_000.pdb,78.85
679,foldit_recycles/recyc_48/colab/2003333_0005_unrelaxed_rank_005_alphafold2_ptm_model_3_seed_000.pdb,80.71
680,foldit_recycles/recyc_48/colab/2002376_0000_unrelaxed_rank_005_alphafold2_ptm_model_5_seed_000.pdb,73.65
681,foldit_recycles/recyc_48/colab/2002590_S567_unrelaxed_rank_001_alphafold2_ptm_model_1_seed_000.pdb,84.11
682,foldit_recycles/recyc_48/colab/2003485_0000_unrelaxed_rank_001_alphafold2_ptm_model_1_seed_000.pdb,84.15
683,foldit_recycles/recyc_48/colab/2003382_s005_unrelaxed_rank_005_alphafold2_ptm_model_2_seed_000.pdb,71.86
684,foldit_recycles/recyc_48/colab/2002745_0000_unrelaxed_rank_005_alphafold2_ptm_model_4_seed_000.pdb,84.84
685,foldit_recycles/recyc_48/colab/2000485_1070_unrelaxed_rank_005_alphafold2_ptm_model_4_seed_000.pdb,44.11
686,foldit_recycles/recyc_48/colab/997383_s346_unrelaxed_rank_004_alphafold2_ptm_model_3_seed_000.pdb,77.22
687,foldit_recycles/recyc_48/colab/2002949_0000_unrelaxed_rank_004_alphafold2_ptm_model_5_seed_000.pdb,86.11
688,foldit_recycles/recyc_48/colab/2003245_S385_unrelaxed_rank_001_alphafold2_ptm_model_3_seed_000.pdb,86.19
689,foldit_recycles/recyc_48/colab/2002308_S695_unrelaxed_rank_001_alphafold2_ptm_model_1_seed_000.pdb,65.59
690,foldit_recycles/recyc_48/colab/2003205_0006_unrelaxed_rank_002_alphafold2_ptm_model_1_seed_000.pdb,76.39
691,foldit_recycles/recyc_48/colab/2002745_0004_unrelaxed_rank_005_alphafold2_ptm_model_4_seed_000.pdb,87.15
692,foldit_recycles/recyc_48/colab/1998555_1041_unrelaxed_rank_002_alphafold2_ptm_model_4_seed_000.pdb,75.02
693,foldit_recycles/recyc_48/colab/2003285_s000_unrelaxed_rank_002_alphafold2_ptm_model_5_seed_000.pdb,91.86
694,foldit_recycles/recyc_48/colab/2003169_s001_unrelaxed_rank_002_alphafold2_ptm_model_2_seed_000.pdb,83.42
695,foldit_recycles/recyc_48/colab/2003265_s005_unrelaxed_rank_001_alphafold2_ptm_model_1_seed_000.pdb,88.74
696,foldit_recycles/recyc_48/colab/2003532_0000_unrelaxed_rank_001_alphafold2_ptm_model_3_seed_000.pdb,88.77
697,foldit_recycles/recyc_48/colab/2003485_1017_unrelaxed_rank_003_alphafold2_ptm_model_2_seed_000.pdb,71.2
698,foldit_recycles/recyc_48/colab/2003455_1023_unrelaxed_rank_002_alphafold2_ptm_model_1_seed_000.pdb,89.85
699,foldit_recycles/recyc_48/colab/2002243_1016_unrelaxed_rank_003_alphafold2_ptm_model_2_seed_000.pdb,86.55
700,foldit_recycles/recyc_48/colab/2003333_s001_unrelaxed_rank_004_alphafold2_ptm_model_5_seed_000.pdb,72.32
701,foldit_recycles/recyc_48/colab/2003382_s008_unrelaxed_rank_005_alphafold2_ptm_model_5_seed_000.pdb,68.31
702,foldit_recycles/recyc_48/colab/2002745_0008_unrelaxed_rank_005_alphafold2_ptm_model_5_seed_000.pdb,88.12
703,foldit_recycles/recyc_48/colab/2002376_0003_unrelaxed_rank_002_alphafold2_ptm_model_1_seed_000.pdb,75.52
704,foldit_recycles/recyc_48/colab/2003205_S506_unrelaxed_rank_001_alphafold2_ptm_model_3_seed_000.pdb,86.67
705,foldit_recycles/recyc_48/colab/2002990_1039_unrelaxed_rank_005_alphafold2_ptm_model_2_seed_000.pdb,83.38
706,foldit_recycles/recyc_48/colab/2002713_1006_unrelaxed_rank_001_alphafold2_ptm_model_3_seed_000.pdb,91.81
707,foldit_recycles/recyc_48/colab/2003360_1013_unrelaxed_rank_001_alphafold2_ptm_model_2_seed_000.pdb,85.97
708,foldit_recycles/recyc_48/colab/2003360_s002_unrelaxed_rank_001_alphafold2_ptm_model_2_seed_000.pdb,89.59
709,foldit_recycles/recyc_48/colab/2003333_s003_unrelaxed_rank_001_alphafold2_ptm_model_3_seed_000.pdb,86.12
710,foldit_recycles/recyc_48/colab/2002565_0002_unrelaxed_rank_003_alphafold2_ptm_model_4_seed_000.pdb,85.6
711,foldit_recycles/recyc_48/colab/2003594_S028_unrelaxed_rank_003_alphafold2_ptm_model_4_seed_000.pdb,90.47
712,foldit_recycles/recyc_48/colab/1998925_s005_unrelaxed_rank_002_alphafold2_ptm_model_3_seed_000.pdb,73.22
713,foldit_recycles/recyc_48/colab/2003455_0001_unrelaxed_rank_003_alphafold2_ptm_model_4_seed_000.pdb,85.03
714,foldit_recycles/recyc_48/colab/2002745_0001_unrelaxed_rank_002_alphafold2_ptm_model_5_seed_000.pdb,88.62
715,foldit_recycles/recyc_48/colab/2002922_1018_unrelaxed_rank_005_alphafold2_ptm_model_4_seed_000.pdb,81.12
716,foldit_recycles/recyc_48/colab/997523_0008_unrelaxed_rank_005_alphafold2_ptm_model_4_seed_000.pdb,88.54
717,foldit_recycles/recyc_48/colab/2003245_0004_unrelaxed_rank_004_alphafold2_ptm_model_4_seed_000.pdb,90.08
718,foldit_recycles/recyc_48/colab/2003333_s003_unrelaxed_rank_003_alphafold2_ptm_model_1_seed_000.pdb,84.01
719,foldit_recycles/recyc_48/colab/2003205_s002_unrelaxed_rank_004_alphafold2_ptm_model_1_seed_000.pdb,87.99
720,foldit_recycles/recyc_48/colab/2003382_1021_unrelaxed_rank_002_alphafold2_ptm_model_4_seed_000.pdb,83.61
721,foldit_recycles/recyc_48/colab/997258_0004_unrelaxed_rank_002_alphafold2_ptm_model_4_seed_000.pdb,86.09
722,foldit_recycles/recyc_48/colab/2002486_1012_unrelaxed_rank_005_alphafold2_ptm_model_5_seed_000.pdb,81.79
723,foldit_recycles/recyc_48/colab/2003048_s009_unrelaxed_rank_002_alphafold2_ptm_model_4_seed_000.pdb,80.85
724,foldit_recycles/recyc_48/colab/2003360_0005_unrelaxed_rank_001_alphafold2_ptm_model_5_seed_000.pdb,91.9
725,foldit_recycles/recyc_48/colab/2003265_0007_unrelaxed_rank_004_alphafold2_ptm_model_1_seed_000.pdb,89.21
726,foldit_recycles/recyc_48/colab/2003382_s005_unrelaxed_rank_002_alphafold2_ptm_model_5_seed_000.pdb,76.47
727,foldit_recycles/recyc_48/colab/2003245_S383_unrelaxed_rank_002_alphafold2_ptm_model_2_seed_000.pdb,91.71
728,foldit_recycles/recyc_48/colab/2002308_0000_unrelaxed_rank_003_alphafold2_ptm_model_1_seed_000.pdb,80.66
729,foldit_recycles/recyc_48/colab/2002713_0000_unrelaxed_rank_005_alphafold2_ptm_model_4_seed_000.pdb,77.47
730,foldit_recycles/recyc_48/colab/2003205_S506_unrelaxed_rank_005_alphafold2_ptm_model_4_seed_000.pdb,82.33
731,foldit_recycles/recyc_48/colab/2000518_0003_unrelaxed_rank_001_alphafold2_ptm_model_5_seed_000.pdb,85.84
732,foldit_recycles/recyc_48/colab/2002922_s004_unrelaxed_rank_004_alphafold2_ptm_model_4_seed_000.pdb,87.52
733,foldit_recycles/recyc_48/colab/2003048_0005_unrelaxed_rank_002_alphafold2_ptm_model_3_seed_000.pdb,79.11
734,foldit_recycles/recyc_48/colab/2002089_0001_unrelaxed_rank_002_alphafold2_ptm_model_2_seed_000.pdb,78.1
735,foldit_recycles/recyc_48/colab/2003205_0002_unrelaxed_rank_004_alphafold2_ptm_model_4_seed_000.pdb,89.47
736,foldit_recycles/recyc_48/colab/2002565_0002_unrelaxed_rank_005_alphafold2_ptm_model_2_seed_000.pdb,77.84
737,foldit_recycles/recyc_48/colab/997523_0000_unrelaxed_rank_005_alphafold2_ptm_model_2_seed_000.pdb,74.75
738,foldit_recycles/recyc_48/colab/2002469_S848_unrelaxed_rank_001_alphafold2_ptm_model_1_seed_000.pdb,92.68
739,foldit_recycles/recyc_48/colab/2002486_0006_unrelaxed_rank_002_alphafold2_ptm_model_1_seed_000.pdb,73.93
740,foldit_recycles/recyc_12/colab/2003308_0004_unrelaxed_rank_004_alphafold2_ptm_model_3_seed_000.pdb,86.0
741,foldit_recycles/recyc_12/colab/2003265_S714_unrelaxed_rank_003_alphafold2_ptm_model_1_seed_000.pdb,81.13
742,foldit_recycles/recyc_12/colab/997791_1027_unrelaxed_rank_004_alphafold2_ptm_model_1_seed_000.pdb,88.74
743,foldit_recycles/recyc_12/colab/2000518_0003_unrelaxed_rank_002_alphafold2_ptm_model_4_seed_000.pdb,83.99
744,foldit_recycles/recyc_12/colab/2003382_0009_unrelaxed_rank_002_alphafold2_ptm_model_4_seed_000.pdb,63.63
745,foldit_recycles/recyc_12/colab/2003360_s003_unrelaxed_rank_003_alphafold2_ptm_model_5_seed_000.pdb,84.84
746,foldit_recycles/recyc_12/colab/2002290_S122_unrelaxed_rank_005_alphafold2_ptm_model_5_seed_000.pdb,86.01
747,foldit_recycles/recyc_12/colab/2003360_s002_unrelaxed_rank_004_alphafold2_ptm_model_4_seed_000.pdb,83.97
748,foldit_recycles/recyc_12/colab/2002766_0003_unrelaxed_rank_001_alphafold2_ptm_model_3_seed_000.pdb,85.43
749,foldit_recycles/recyc_12/colab/2003333_0000_unrelaxed_rank_001_alphafold2_ptm_model_1_seed_000.pdb,90.81
750,foldit_recycles/recyc_12/colab/2003333_0000_unrelaxed_rank_005_alphafold2_ptm_model_5_seed_000.pdb,87.35
751,foldit_recycles/recyc_12/colab/2002990_1031_unrelaxed_rank_005_alphafold2_ptm_model_2_seed_000.pdb,77.38
752,foldit_recycles/recyc_12/colab/2003205_1035_unrelaxed_rank_002_alphafold2_ptm_model_2_seed_000.pdb,78.08
753,foldit_recycles/recyc_12/colab/2003169_S953_unrelaxed_rank_003_alphafold2_ptm_model_4_seed_000.pdb,89.45
754,foldit_recycles/recyc_12/colab/2002590_0001_unrelaxed_rank_004_alphafold2_ptm_model_4_seed_000.pdb,79.29
755,foldit_recycles/recyc_12/colab/2002613_0004_unrelaxed_rank_002_alphafold2_ptm_model_3_seed_000.pdb,80.73
756,foldit_recycles/recyc_12/colab/2002766_0002_unrelaxed_rank_002_alphafold2_ptm_model_3_seed_000.pdb,86.74
757,foldit_recycles/recyc_12/colab/2002766_0001_unrelaxed_rank_005_alphafold2_ptm_model_4_seed_000.pdb,90.5
758,foldit_recycles/recyc_12/colab/2003532_1022_unrelaxed_rank_005_alphafold2_ptm_model_4_seed_000.pdb,74.29
759,foldit_recycles/recyc_12/colab/2003205_0006_unrelaxed_rank_001_alphafold2_ptm_model_5_seed_000.pdb,78.68
760,foldit_recycles/recyc_12/colab/2003245_S385_unrelaxed_rank_001_alphafold2_ptm_model_4_seed_000.pdb,85.99
761,foldit_recycles/recyc_12/colab/2002877_s005_unrelaxed_rank_005_alphafold2_ptm_model_5_seed_000.pdb,74.4
762,foldit_recycles/recyc_12/colab/2003285_s008_unrelaxed_rank_001_alphafold2_ptm_model_3_seed_000.pdb,89.61
763,foldit_recycles/recyc_12/colab/2002922_s004_unrelaxed_rank_005_alphafold2_ptm_model_2_seed_000.pdb,87.59
764,foldit_recycles/recyc_12/colab/2002745_0003_unrelaxed_rank_004_alphafold2_ptm_model_1_seed_000.pdb,87.95
765,foldit_recycles/recyc_12/colab/2002308_0000_unrelaxed_rank_004_alphafold2_ptm_model_3_seed_000.pdb,71.61
766,foldit_recycles/recyc_12/colab/2000485_1070_unrelaxed_rank_001_alphafold2_ptm_model_3_seed_000.pdb,52.1
767,foldit_recycles/recyc_12/colab/1998520_0002_unrelaxed_rank_005_alphafold2_ptm_model_5_seed_000.pdb,59.78
768,foldit_recycles/recyc_12/colab/1998520_0002_unrelaxed_rank_004_alphafold2_ptm_model_1_seed_000.pdb,60.15
769,foldit_recycles/recyc_12/colab/2003360_s000_unrelaxed_rank_001_alphafold2_ptm_model_1_seed_000.pdb,85.85
770,foldit_recycles/recyc_12/colab/2002922_1013_unrelaxed_rank_004_alphafold2_ptm_model_1_seed_000.pdb,84.3
771,foldit_recycles/recyc_12/colab/2003333_1013_unrelaxed_rank_003_alphafold2_ptm_model_3_seed_000.pdb,56.28
772,foldit_recycles/recyc_12/colab/2003048_1024_unrelaxed_rank_004_alphafold2_ptm_model_3_seed_000.pdb,68.51
773,foldit_recycles/recyc_12/colab/2003048_0003_unrelaxed_rank_005_alphafold2_ptm_model_4_seed_000.pdb,84.25
774,foldit_recycles/recyc_12/colab/2003048_1050_unrelaxed_rank_003_alphafold2_ptm_model_2_seed_000.pdb,85.95
775,foldit_recycles/recyc_12/colab/2003285_0000_unrelaxed_rank_001_alphafold2_ptm_model_2_seed_000.pdb,93.84
776,foldit_recycles/recyc_12/colab/2003532_0000_unrelaxed_rank_004_alphafold2_ptm_model_4_seed_000.pdb,85.38
777,foldit_recycles/recyc_12/colab/2002334_0005_unrelaxed_rank_004_alphafold2_ptm_model_5_seed_000.pdb,79.3
778,foldit_recycles/recyc_12/colab/2003265_s003_unrelaxed_rank_001_alphafold2_ptm_model_2_seed_000.pdb,87.73
779,foldit_recycles/recyc_12/colab/2002089_0001_unrelaxed_rank_003_alphafold2_ptm_model_1_seed_000.pdb,67.35
780,foldit_recycles/recyc_12/colab/2003382_s005_unrelaxed_rank_003_alphafold2_ptm_model_1_seed_000.pdb,74.98
781,foldit_recycles/recyc_12/colab/2003205_0000_unrelaxed_rank_003_alphafold2_ptm_model_2_seed_000.pdb,88.8
782,foldit_recycles/recyc_12/colab/997791_1027_unrelaxed_rank_005_alphafold2_ptm_model_4_seed_000.pdb,88.62
783,foldit_recycles/recyc_12/colab/2002089_0001_unrelaxed_rank_001_alphafold2_ptm_model_3_seed_000.pdb,76.77
784,foldit_recycles/recyc_12/colab/2002745_0008_unrelaxed_rank_003_alphafold2_ptm_model_1_seed_000.pdb,88.96
785,foldit_recycles/recyc_12/colab/1998520_0002_unrelaxed_rank_001_alphafold2_ptm_model_4_seed_000.pdb,90.35
786,foldit_recycles/recyc_12/colab/2003333_1006_unrelaxed_rank_002_alphafold2_ptm_model_4_seed_000.pdb,85.42
787,foldit_recycles/recyc_12/colab/2003485_1036_unrelaxed_rank_004_alphafold2_ptm_model_5_seed_000.pdb,78.72
788,foldit_recycles/recyc_12/colab/2000518_0000_unrelaxed_rank_001_alphafold2_ptm_model_2_seed_000.pdb,77.0
789,foldit_recycles/recyc_12/colab/2003285_0000_unrelaxed_rank_002_alphafold2_ptm_model_3_seed_000.pdb,92.16
790,foldit_recycles/recyc_12/colab/2003308_1010_unrelaxed_rank_002_alphafold2_ptm_model_4_seed_000.pdb,89.22
791,foldit_recycles/recyc_12/colab/997523_0008_unrelaxed_rank_003_alphafold2_ptm_model_5_seed_000.pdb,90.05
792,foldit_recycles/recyc_12/colab/2002469_0001_unrelaxed_rank_002_alphafold2_ptm_model_5_seed_000.pdb,79.46
793,foldit_recycles/recyc_12/colab/2003594_0000_unrelaxed_rank_005_alphafold2_ptm_model_4_seed_000.pdb,91.97
794,foldit_recycles/recyc_12/colab/2003382_0004_unrelaxed_rank_002_alphafold2_ptm_model_5_seed_000.pdb,80.19
795,foldit_recycles/recyc_12/colab/2003485_1029_unrelaxed_rank_002_alphafold2_ptm_model_3_seed_000.pdb,76.25
796,foldit_recycles/recyc_12/colab/2003308_1010_unrelaxed_rank_003_alphafold2_ptm_model_3_seed_000.pdb,88.32
797,foldit_recycles/recyc_12/colab/2003360_s004_unrelaxed_rank_005_alphafold2_ptm_model_4_seed_000.pdb,88.55
798,foldit_recycles/recyc_12/colab/997915_0000_unrelaxed_rank_005_alphafold2_ptm_model_4_seed_000.pdb,84.32
799,foldit_recycles/recyc_12/colab/2003333_0005_unrelaxed_rank_001_alphafold2_ptm_model_4_seed_000.pdb,84.78
800,foldit_recycles/recyc_12/colab/2003245_0004_unrelaxed_rank_005_alphafold2_ptm_model_4_seed_000.pdb,89.89
801,foldit_recycles/recyc_12/colab/2002922_1018_unrelaxed_rank_002_alphafold2_ptm_model_3_seed_000.pdb,84.04
802,foldit_recycles/recyc_12/colab/2003285_s005_unrelaxed_rank_004_alphafold2_ptm_model_4_seed_000.pdb,83.6
803,foldit_recycles/recyc_12/colab/2003414_1018_unrelaxed_rank_001_alphafold2_ptm_model_3_seed_000.pdb,85.21
804,foldit_recycles/recyc_12/colab/2002308_0000_unrelaxed_rank_001_alphafold2_ptm_model_2_seed_000.pdb,84.67
805,foldit_recycles/recyc_12/colab/2002376_0003_unrelaxed_rank_001_alphafold2_ptm_model_2_seed_000.pdb,78.4
806,foldit_recycles/recyc_12/colab/2000240_s003_unrelaxed_rank_004_alphafold2_ptm_model_3_seed_000.pdb,64.48
807,foldit_recycles/recyc_12/colab/2002922_1018_unrelaxed_rank_003_alphafold2_ptm_model_1_seed_000.pdb,82.69
808,foldit_recycles/recyc_12/colab/2003594_S603_unrelaxed_rank_002_alphafold2_ptm_model_2_seed_000.pdb,72.0
809,foldit_recycles/recyc_12/colab/2003382_0002_unrelaxed_rank_001_alphafold2_ptm_model_2_seed_000.pdb,85.8
810,foldit_recycles/recyc_12/colab/2002766_0006_unrelaxed_rank_005_alphafold2_ptm_model_4_seed_000.pdb,86.5
811,foldit_recycles/recyc_12/colab/2003265_0007_unrelaxed_rank_005_alphafold2_ptm_model_4_seed_000.pdb,88.49
812,foldit_recycles/recyc_12/colab/2003485_1017_unrelaxed_rank_005_alphafold2_ptm_model_3_seed_000.pdb,66.55
813,foldit_recycles/recyc_12/colab/2000518_0000_unrelaxed_rank_003_alphafold2_ptm_model_4_seed_000.pdb,75.61
814,foldit_recycles/recyc_12/colab/2003048_S697_unrelaxed_rank_001_alphafold2_ptm_model_1_seed_000.pdb,87.86
815,foldit_recycles/recyc_12/colab/2003245_S383_unrelaxed_rank_005_alphafold2_ptm_model_4_seed_000.pdb,90.48
816,foldit_recycles/recyc_12/colab/2003485_S412_unrelaxed_rank_004_alphafold2_ptm_model_2_seed_000.pdb,77.93
817,foldit_recycles/recyc_12/colab/2003594_S603_unrelaxed_rank_005_alphafold2_ptm_model_4_seed_000.pdb,67.01
818,foldit_recycles/recyc_12/colab/2003455_0009_unrelaxed_rank_004_alphafold2_ptm_model_5_seed_000.pdb,73.96
819,foldit_recycles/recyc_12/colab/2003333_1013_unrelaxed_rank_001_alphafold2_ptm_model_1_seed_000.pdb,74.92
820,foldit_recycles/recyc_12/colab/2000518_0000_unrelaxed_rank_005_alphafold2_ptm_model_3_seed_000.pdb,68.82
821,foldit_recycles/recyc_12/colab/2003382_0009_unrelaxed_rank_003_alphafold2_ptm_model_1_seed_000.pdb,59.29
822,foldit_recycles/recyc_12/colab/2002553_0000_unrelaxed_rank_005_alphafold2_ptm_model_1_seed_000.pdb,74.52
823,foldit_recycles/recyc_12/colab/2003382_1021_unrelaxed_rank_002_alphafold2_ptm_model_3_seed_000.pdb,83.82
824,foldit_recycles/recyc_12/colab/2003382_0004_unrelaxed_rank_003_alphafold2_ptm_model_2_seed_000.pdb,79.15
825,foldit_recycles/recyc_12/colab/997523_0005_unrelaxed_rank_004_alphafold2_ptm_model_2_seed_000.pdb,85.36
826,foldit_recycles/recyc_12/colab/2003205_0003_unrelaxed_rank_005_alphafold2_ptm_model_2_seed_000.pdb,82.07
827,foldit_recycles/recyc_12/colab/2003205_0008_unrelaxed_rank_005_alphafold2_ptm_model_4_seed_000.pdb,72.31
828,foldit_recycles/recyc_12/colab/2002766_0002_unrelaxed_rank_001_alphafold2_ptm_model_1_seed_000.pdb,87.74
829,foldit_recycles/recyc_12/colab/2002553_0000_unrelaxed_rank_001_alphafold2_ptm_model_5_seed_000.pdb,89.99
830,foldit_recycles/recyc_12/colab/2003455_s008_unrelaxed_rank_001_alphafold2_ptm_model_2_seed_000.pdb,63.38
831,foldit_recycles/recyc_12/colab/1998925_s005_unrelaxed_rank_001_alphafold2_ptm_model_5_seed_000.pdb,78.16
832,foldit_recycles/recyc_12/colab/2002544_0000_unrelaxed_rank_002_alphafold2_ptm_model_2_seed_000.pdb,87.97
833,foldit_recycles/recyc_12/colab/2003205_0002_unrelaxed_rank_005_alphafold2_ptm_model_3_seed_000.pdb,89.3
834,foldit_recycles/recyc_12/colab/2003169_s001_unrelaxed_rank_004_alphafold2_ptm_model_1_seed_000.pdb,81.86
835,foldit_recycles/recyc_12/colab/2002376_0003_unrelaxed_rank_003_alphafold2_ptm_model_3_seed_000.pdb,74.04
836,foldit_recycles/recyc_12/colab/2002376_0000_unrelaxed_rank_005_alphafold2_ptm_model_2_seed_000.pdb,73.12
837,foldit_recycles/recyc_12/colab/2003205_1035_unrelaxed_rank_004_alphafold2_ptm_model_5_seed_000.pdb,71.84
838,foldit_recycles/recyc_12/colab/2003308_1010_unrelaxed_rank_004_alphafold2_ptm_model_1_seed_000.pdb,86.39
839,foldit_recycles/recyc_12/colab/997523_0006_unrelaxed_rank_001_alphafold2_ptm_model_5_seed_000.pdb,92.33
840,foldit_recycles/recyc_12/colab/2003333_s001_unrelaxed_rank_003_alphafold2_ptm_model_1_seed_000.pdb,75.13
841,foldit_recycles/recyc_12/colab/2003308_0005_unrelaxed_rank_004_alphafold2_ptm_model_5_seed_000.pdb,76.76
842,foldit_recycles/recyc_12/colab/2002745_0004_unrelaxed_rank_003_alphafold2_ptm_model_5_seed_000.pdb,89.77
843,foldit_recycles/recyc_12/colab/2001044_0000_unrelaxed_rank_003_alphafold2_ptm_model_3_seed_000.pdb,87.8
844,foldit_recycles/recyc_12/colab/2003285_s005_unrelaxed_rank_001_alphafold2_ptm_model_1_seed_000.pdb,86.87
845,foldit_recycles/recyc_12/colab/2003455_0002_unrelaxed_rank_004_alphafold2_ptm_model_5_seed_000.pdb,68.28
846,foldit_recycles/recyc_12/colab/2002308_S695_unrelaxed_rank_005_alphafold2_ptm_model_3_seed_000.pdb,57.36
847,foldit_recycles/recyc_12/colab/2003308_1010_unrelaxed_rank_001_alphafold2_ptm_model_2_seed_000.pdb,92.6
848,foldit_recycles/recyc_12/colab/2002922_1018_unrelaxed_rank_001_alphafold2_ptm_model_2_seed_000.pdb,84.19
849,foldit_recycles/recyc_12/colab/997523_0005_unrelaxed_rank_003_alphafold2_ptm_model_4_seed_000.pdb,85.39
850,foldit_recycles/recyc_12/colab/2003265_1034_unrelaxed_rank_004_alphafold2_ptm_model_4_seed_000.pdb,89.93
851,foldit_recycles/recyc_12/colab/2003205_0000_unrelaxed_rank_005_alphafold2_ptm_model_1_seed_000.pdb,86.22
852,foldit_recycles/recyc_12/colab/2002990_1039_unrelaxed_rank_005_alphafold2_ptm_model_4_seed_000.pdb,83.55
853,foldit_recycles/recyc_12/colab/2003205_0006_unrelaxed_rank_004_alphafold2_ptm_model_2_seed_000.pdb,69.04
854,foldit_recycles/recyc_12/colab/2003048_s009_unrelaxed_rank_003_alphafold2_ptm_model_3_seed_000.pdb,80.12
855,foldit_recycles/recyc_12/colab/2002877_s005_unrelaxed_rank_004_alphafold2_ptm_model_2_seed_000.pdb,75.08
856,foldit_recycles/recyc_12/colab/2002787_0005_unrelaxed_rank_005_alphafold2_ptm_model_4_seed_000.pdb,86.11
857,foldit_recycles/recyc_12/colab/2003205_S722_unrelaxed_rank_003_alphafold2_ptm_model_1_seed_000.pdb,75.64
858,foldit_recycles/recyc_12/colab/2003485_0000_unrelaxed_rank_005_alphafold2_ptm_model_2_seed_000.pdb,79.88
859,foldit_recycles/recyc_12/colab/2002376_0003_unrelaxed_rank_004_alphafold2_ptm_model_5_seed_000.pdb,69.2
860,foldit_recycles/recyc_12/colab/2003333_s003_unrelaxed_rank_005_alphafold2_ptm_model_5_seed_000.pdb,82.88
861,foldit_recycles/recyc_12/colab/2002990_1031_unrelaxed_rank_004_alphafold2_ptm_model_4_seed_000.pdb,79.92
862,foldit_recycles/recyc_12/colab/2000665_1003_unrelaxed_rank_004_alphafold2_ptm_model_3_seed_000.pdb,53.15
863,foldit_recycles/recyc_12/colab/2000240_0002_unrelaxed_rank_004_alphafold2_ptm_model_4_seed_000.pdb,82.95
864,foldit_recycles/recyc_12/colab/2003048_1024_unrelaxed_rank_002_alphafold2_ptm_model_5_seed_000.pdb,71.76
865,foldit_recycles/recyc_12/colab/2003265_1034_unrelaxed_rank_001_alphafold2_ptm_model_3_seed_000.pdb,90.94
866,foldit_recycles/recyc_12/colab/2003333_1006_unrelaxed_rank_003_alphafold2_ptm_model_1_seed_000.pdb,85.33
867,foldit_recycles/recyc_12/colab/2003532_1022_unrelaxed_rank_003_alphafold2_ptm_model_5_seed_000.pdb,81.26
868,foldit_recycles/recyc_12/colab/2002766_0006_unrelaxed_rank_003_alphafold2_ptm_model_2_seed_000.pdb,88.08
869,foldit_recycles/recyc_12/colab/2003205_S506_unrelaxed_rank_002_alphafold2_ptm_model_1_seed_000.pdb,85.89
870,foldit_recycles/recyc_12/colab/2003245_S385_unrelaxed_rank_002_alphafold2_ptm_model_3_seed_000.pdb,85.85
871,foldit_recycles/recyc_12/colab/2003360_s000_unrelaxed_rank_005_alphafold2_ptm_model_4_seed_000.pdb,83.82
872,foldit_recycles/recyc_12/colab/2002713_1006_unrelaxed_rank_005_alphafold2_ptm_model_4_seed_000.pdb,90.19
873,foldit_recycles/recyc_12/colab/2002469_S848_unrelaxed_rank_003_alphafold2_ptm_model_5_seed_000.pdb,71.78
874,foldit_recycles/recyc_12/colab/2003594_s008_unrelaxed_rank_001_alphafold2_ptm_model_1_seed_000.pdb,76.78
875,foldit_recycles/recyc_12/colab/2003382_0009_unrelaxed_rank_001_alphafold2_ptm_model_2_seed_000.pdb,71.91
876,foldit_recycles/recyc_12/colab/2002486_1012_unrelaxed_rank_003_alphafold2_ptm_model_1_seed_000.pdb,83.97
877,foldit_recycles/recyc_12/colab/2002486_1048_unrelaxed_rank_001_alphafold2_ptm_model_5_seed_000.pdb,69.95
878,foldit_recycles/recyc_12/colab/2003308_0004_unrelaxed_rank_005_alphafold2_ptm_model_5_seed_000.pdb,85.58
879,foldit_recycles/recyc_12/colab/1998469_0000_unrelaxed_rank_001_alphafold2_ptm_model_4_seed_000.pdb,83.89
880,foldit_recycles/recyc_12/colab/2002089_1029_unrelaxed_rank_004_alphafold2_ptm_model_2_seed_000.pdb,77.72
881,foldit_recycles/recyc_12/colab/997523_0008_unrelaxed_rank_001_alphafold2_ptm_model_3_seed_000.pdb,90.83
882,foldit_recycles/recyc_12/colab/2002745_0003_unrelaxed_rank_005_alphafold2_ptm_model_4_seed_000.pdb,87.84
883,foldit_recycles/recyc_12/colab/2003382_s008_unrelaxed_rank_004_alphafold2_ptm_model_3_seed_000.pdb,70.73
884,foldit_recycles/recyc_12/colab/2003285_s005_unrelaxed_rank_005_alphafold2_ptm_model_3_seed_000.pdb,80.52
885,foldit_recycles/recyc_12/colab/2002745_0001_unrelaxed_rank_005_alphafold2_ptm_model_4_seed_000.pdb,85.92
886,foldit_recycles/recyc_12/colab/2002745_0000_unrelaxed_rank_002_alphafold2_ptm_model_2_seed_000.pdb,90.5
887,foldit_recycles/recyc_12/colab/2003245_0004_unrelaxed_rank_001_alphafold2_ptm_model_5_seed_000.pdb,91.1
888,foldit_recycles/recyc_12/colab/2002949_0007_unrelaxed_rank_001_alphafold2_ptm_model_2_seed_000.pdb,85.32
889,foldit_recycles/recyc_12/colab/2003048_0005_unrelaxed_rank_001_alphafold2_ptm_model_5_seed_000.pdb,90.51
890,foldit_recycles/recyc_12/colab/2003455_1023_unrelaxed_rank_003_alphafold2_ptm_model_4_seed_000.pdb,88.4
891,foldit_recycles/recyc_12/colab/997523_0000_unrelaxed_rank_004_alphafold2_ptm_model_1_seed_000.pdb,77.98
892,foldit_recycles/recyc_12/colab/2002949_0007_unrelaxed_rank_004_alphafold2_ptm_model_5_seed_000.pdb,78.58
893,foldit_recycles/recyc_12/colab/2002243_1016_unrelaxed_rank_004_alphafold2_ptm_model_4_seed_000.pdb,86.43
894,foldit_recycles/recyc_12/colab/2003265_s008_unrelaxed_rank_004_alphafold2_ptm_model_2_seed_000.pdb,83.15
895,foldit_recycles/recyc_12/colab/2003382_0002_unrelaxed_rank_003_alphafold2_ptm_model_5_seed_000.pdb,79.38
896,foldit_recycles/recyc_12/colab/2003265_s008_unrelaxed_rank_005_alphafold2_ptm_model_1_seed_000.pdb,81.91
897,foldit_recycles/recyc_12/colab/997523_0000_unrelaxed_rank_002_alphafold2_ptm_model_5_seed_000.pdb,79.75
898,foldit_recycles/recyc_12/colab/2003048_1050_unrelaxed_rank_001_alphafold2_ptm_model_1_seed_000.pdb,86.21
899,foldit_recycles/recyc_12/colab/2002922_1013_unrelaxed_rank_003_alphafold2_ptm_model_5_seed_000.pdb,84.31
900,foldit_recycles/recyc_12/colab/2001044_0000_unrelaxed_rank_002_alphafold2_ptm_model_2_seed_000.pdb,88.43
901,foldit_recycles/recyc_12/colab/2003455_0002_unrelaxed_rank_003_alphafold2_ptm_model_1_seed_000.pdb,70.37
902,foldit_recycles/recyc_12/colab/2002949_0000_unrelaxed_rank_005_alphafold2_ptm_model_4_seed_000.pdb,85.76
903,foldit_recycles/recyc_12/colab/2002745_0000_unrelaxed_rank_004_alphafold2_ptm_model_4_seed_000.pdb,87.34
904,foldit_recycles/recyc_12/colab/2002766_0000_unrelaxed_rank_005_alphafold2_ptm_model_3_seed_000.pdb,84.96
905,foldit_recycles/recyc_12/colab/2003382_1021_unrelaxed_rank_004_alphafold2_ptm_model_1_seed_000.pdb,83.62
906,foldit_recycles/recyc_12/colab/997258_0004_unrelaxed_rank_001_alphafold2_ptm_model_1_seed_000.pdb,87.36
907,foldit_recycles/recyc_12/colab/2003360_0005_unrelaxed_rank_005_alphafold2_ptm_model_4_seed_000.pdb,89.96
908,foldit_recycles/recyc_12/colab/2003532_1022_unrelaxed_rank_001_alphafold2_ptm_model_1_seed_000.pdb,83.53
909,foldit_recycles/recyc_12/colab/2003333_1013_unrelaxed_rank_004_alphafold2_ptm_model_4_seed_000.pdb,55.89
910,foldit_recycles/recyc_12/colab/2002243_1016_unrelaxed_rank_005_alphafold2_ptm_model_1_seed_000.pdb,86.31
911,foldit_recycles/recyc_12/colab/2003360_1013_unrelaxed_rank_004_alphafold2_ptm_model_4_seed_000.pdb,80.85
912,foldit_recycles/recyc_12/colab/2003594_0000_unrelaxed_rank_003_alphafold2_ptm_model_3_seed_000.pdb,92.88
913,foldit_recycles/recyc_12/colab/2003455_0002_unrelaxed_rank_005_alphafold2_ptm_model_4_seed_000.pdb,67.89
914,foldit_recycles/recyc_12/colab/2003594_0000_unrelaxed_rank_004_alphafold2_ptm_model_5_seed_000.pdb,92.73
915,foldit_recycles/recyc_12/colab/2003048_1050_unrelaxed_rank_004_alphafold2_ptm_model_4_seed_000.pdb,85.2
916,foldit_recycles/recyc_12/colab/2003265_S115_unrelaxed_rank_001_alphafold2_ptm_model_2_seed_000.pdb,89.75
917,foldit_recycles/recyc_12/colab/2002290_S122_unrelaxed_rank_001_alphafold2_ptm_model_4_seed_000.pdb,93.86
918,foldit_recycles/recyc_12/colab/2000518_S468_unrelaxed_rank_005_alphafold2_ptm_model_2_seed_000.pdb,55.99
919,foldit_recycles/recyc_12/colab/2003308_0005_unrelaxed_rank_001_alphafold2_ptm_model_4_seed_000.pdb,81.44
920,foldit_recycles/recyc_12/colab/2003360_s000_unrelaxed_rank_002_alphafold2_ptm_model_2_seed_000.pdb,85.3
921,foldit_recycles/recyc_12/colab/2003382_0004_unrelaxed_rank_005_alphafold2_ptm_model_3_seed_000.pdb,73.46
922,foldit_recycles/recyc_12/colab/2002089_0001_unrelaxed_rank_004_alphafold2_ptm_model_5_seed_000.pdb,65.67
923,foldit_recycles/recyc_12/colab/2002308_0000_unrelaxed_rank_002_alphafold2_ptm_model_4_seed_000.pdb,82.14
924,foldit_recycles/recyc_12/colab/2000485_1070_unrelaxed_rank_004_alphafold2_ptm_model_5_seed_000.pdb,44.94
925,foldit_recycles/recyc_12/colab/2003169_S953_unrelaxed_rank_005_alphafold2_ptm_model_5_seed_000.pdb,88.47
926,foldit_recycles/recyc_12/colab/997523_0005_unrelaxed_rank_001_alphafold2_ptm_model_3_seed_000.pdb,86.01
927,foldit_recycles/recyc_12/colab/2002308_0005_unrelaxed_rank_003_alphafold2_ptm_model_2_seed_000.pdb,78.53
928,foldit_recycles/recyc_12/colab/997523_1040_unrelaxed_rank_001_alphafold2_ptm_model_2_seed_000.pdb,94.23
929,foldit_recycles/recyc_12/colab/2002990_0006_unrelaxed_rank_004_alphafold2_ptm_model_4_seed_000.pdb,85.22
930,foldit_recycles/recyc_12/colab/2003308_0009_unrelaxed_rank_001_alphafold2_ptm_model_4_seed_000.pdb,76.74
931,foldit_recycles/recyc_12/colab/2003333_0000_unrelaxed_rank_003_alphafold2_ptm_model_3_seed_000.pdb,88.96
932,foldit_recycles/recyc_12/colab/2003594_S028_unrelaxed_rank_004_alphafold2_ptm_model_1_seed_000.pdb,86.38
933,foldit_recycles/recyc_12/colab/2003455_S943_unrelaxed_rank_004_alphafold2_ptm_model_1_seed_000.pdb,82.2
934,foldit_recycles/recyc_12/colab/2003485_0002_unrelaxed_rank_004_alphafold2_ptm_model_5_seed_000.pdb,90.08
935,foldit_recycles/recyc_12/colab/2003455_S943_unrelaxed_rank_003_alphafold2_ptm_model_2_seed_000.pdb,82.85
936,foldit_recycles/recyc_12/colab/2003333_1006_unrelaxed_rank_005_alphafold2_ptm_model_5_seed_000.pdb,75.68
937,foldit_recycles/recyc_12/colab/2002486_1012_unrelaxed_rank_002_alphafold2_ptm_model_4_seed_000.pdb,84.11
938,foldit_recycles/recyc_12/colab/997383_s346_unrelaxed_rank_001_alphafold2_ptm_model_1_seed_000.pdb,85.1
939,foldit_recycles/recyc_12/colab/2003455_S943_unrelaxed_rank_001_alphafold2_ptm_model_5_seed_000.pdb,84.26
940,foldit_recycles/recyc_12/colab/2000665_1003_unrelaxed_rank_002_alphafold2_ptm_model_1_seed_000.pdb,55.52
941,foldit_recycles/recyc_12/colab/2003205_S722_unrelaxed_rank_005_alphafold2_ptm_model_5_seed_000.pdb,73.05
942,foldit_recycles/recyc_12/colab/2003048_0005_unrelaxed_rank_005_alphafold2_ptm_model_2_seed_000.pdb,76.65
943,foldit_recycles/recyc_12/colab/997523_0006_unrelaxed_rank_005_alphafold2_ptm_model_4_seed_000.pdb,76.37
944,foldit_recycles/recyc_12/colab/2003205_1035_unrelaxed_rank_005_alphafold2_ptm_model_3_seed_000.pdb,69.65
945,foldit_recycles/recyc_12/colab/997523_0006_unrelaxed_rank_002_alphafold2_ptm_model_2_seed_000.pdb,86.93
946,foldit_recycles/recyc_12/colab/2003455_0001_unrelaxed_rank_005_alphafold2_ptm_model_2_seed_000.pdb,83.99
947,foldit_recycles/recyc_12/colab/2003265_1034_unrelaxed_rank_003_alphafold2_ptm_model_2_seed_000.pdb,90.11
948,foldit_recycles/recyc_12/colab/997258_0001_unrelaxed_rank_002_alphafold2_ptm_model_5_seed_000.pdb,84.83
949,foldit_recycles/recyc_12/colab/2002486_1012_unrelaxed_rank_001_alphafold2_ptm_model_3_seed_000.pdb,85.65
950,foldit_recycles/recyc_12/colab/2002486_1048_unrelaxed_rank_004_alphafold2_ptm_model_2_seed_000.pdb,62.08
951,foldit_recycles/recyc_12/colab/2003205_S722_unrelaxed_rank_004_alphafold2_ptm_model_2_seed_000.pdb,73.7
952,foldit_recycles/recyc_12/colab/2003205_1035_unrelaxed_rank_001_alphafold2_ptm_model_4_seed_000.pdb,82.07
953,foldit_recycles/recyc_12/colab/2003382_0002_unrelaxed_rank_005_alphafold2_ptm_model_1_seed_000.pdb,75.97
954,foldit_recycles/recyc_12/colab/997523_1040_unrelaxed_rank_003_alphafold2_ptm_model_5_seed_000.pdb,91.42
955,foldit_recycles/recyc_12/colab/2003285_s000_unrelaxed_rank_004_alphafold2_ptm_model_4_seed_000.pdb,91.13
956,foldit_recycles/recyc_12/colab/2003455_s008_unrelaxed_rank_005_alphafold2_ptm_model_4_seed_000.pdb,49.7
957,foldit_recycles/recyc_12/colab/2003485_1017_unrelaxed_rank_001_alphafold2_ptm_model_2_seed_000.pdb,78.03
958,foldit_recycles/recyc_12/colab/2002745_0004_unrelaxed_rank_002_alphafold2_ptm_model_3_seed_000.pdb,89.83
959,foldit_recycles/recyc_12/colab/2002990_s006_unrelaxed_rank_001_alphafold2_ptm_model_2_seed_000.pdb,92.25
960,foldit_recycles/recyc_12/colab/2002766_0003_unrelaxed_rank_003_alphafold2_ptm_model_2_seed_000.pdb,83.92
961,foldit_recycles/recyc_12/colab/2003205_0000_unrelaxed_rank_002_alphafold2_ptm_model_4_seed_000.pdb,90.13
962,foldit_recycles/recyc_12/colab/2003265_S714_unrelaxed_rank_001_alphafold2_ptm_model_3_seed_000.pdb,81.88
963,foldit_recycles/recyc_12/colab/2003382_s008_unrelaxed_rank_003_alphafold2_ptm_model_2_seed_000.pdb,80.57
964,foldit_recycles/recyc_12/colab/2002089_1029_unrelaxed_rank_005_alphafold2_ptm_model_3_seed_000.pdb,73.99
965,foldit_recycles/recyc_12/colab/2003205_s002_unrelaxed_rank_001_alphafold2_ptm_model_3_seed_000.pdb,91.97
966,foldit_recycles/recyc_12/colab/2003205_s002_unrelaxed_rank_005_alphafold2_ptm_model_4_seed_000.pdb,87.73
967,foldit_recycles/recyc_12/colab/2003048_S697_unrelaxed_rank_003_alphafold2_ptm_model_5_seed_000.pdb,82.05
968,foldit_recycles/recyc_12/colab/2002565_0002_unrelaxed_rank_001_alphafold2_ptm_model_3_seed_000.pdb,86.3
969,foldit_recycles/recyc_12/colab/2002745_0001_unrelaxed_rank_001_alphafold2_ptm_model_3_seed_000.pdb,97.0
970,foldit_recycles/recyc_12/colab/2003265_S115_unrelaxed_rank_003_alphafold2_ptm_model_3_seed_000.pdb,89.3
971,foldit_recycles/recyc_12/colab/2003382_s005_unrelaxed_rank_001_alphafold2_ptm_model_3_seed_000.pdb,78.47
972,foldit_recycles/recyc_12/colab/2002745_0003_unrelaxed_rank_001_alphafold2_ptm_model_3_seed_000.pdb,90.64
973,foldit_recycles/recyc_12/colab/2003205_0003_unrelaxed_rank_003_alphafold2_ptm_model_5_seed_000.pdb,84.14
974,foldit_recycles/recyc_12/colab/2003532_1020_unrelaxed_rank_003_alphafold2_ptm_model_5_seed_000.pdb,83.73
975,foldit_recycles/recyc_12/colab/2003205_0000_unrelaxed_rank_004_alphafold2_ptm_model_3_seed_000.pdb,87.71
976,foldit_recycles/recyc_12/colab/2003265_0007_unrelaxed_rank_001_alphafold2_ptm_model_2_seed_000.pdb,91.18
977,foldit_recycles/recyc_12/colab/2002766_0006_unrelaxed_rank_002_alphafold2_ptm_model_5_seed_000.pdb,89.15
978,foldit_recycles/recyc_12/colab/2000518_0003_unrelaxed_rank_004_alphafold2_ptm_model_3_seed_000.pdb,82.53
979,foldit_recycles/recyc_12/colab/2003285_0000_unrelaxed_rank_005_alphafold2_ptm_model_1_seed_000.pdb,91.18
980,foldit_recycles/recyc_12/colab/2002308_S695_unrelaxed_rank_004_alphafold2_ptm_model_5_seed_000.pdb,59.99
981,foldit_recycles/recyc_12/colab/2003594_S028_unrelaxed_rank_001_alphafold2_ptm_model_2_seed_000.pdb,92.07
982,foldit_recycles/recyc_12/colab/2003048_0003_unrelaxed_rank_002_alphafold2_ptm_model_2_seed_000.pdb,85.52
983,foldit_recycles/recyc_12/colab/2002990_1039_unrelaxed_rank_003_alphafold2_ptm_model_5_seed_000.pdb,86.35
984,foldit_recycles/recyc_12/colab/2002990_s006_unrelaxed_rank_004_alphafold2_ptm_model_3_seed_000.pdb,81.87
985,foldit_recycles/recyc_12/colab/2002766_0000_unrelaxed_rank_004_alphafold2_ptm_model_4_seed_000.pdb,87.37
986,foldit_recycles/recyc_12/colab/2003048_0003_unrelaxed_rank_001_alphafold2_ptm_model_3_seed_000.pdb,85.71
987,foldit_recycles/recyc_12/colab/2002766_0002_unrelaxed_rank_003_alphafold2_ptm_model_5_seed_000.pdb,86.67
988,foldit_recycles/recyc_12/colab/2002766_0006_unrelaxed_rank_001_alphafold2_ptm_model_3_seed_000.pdb,90.08
989,foldit_recycles/recyc_12/colab/2002745_0008_unrelaxed_rank_004_alphafold2_ptm_model_4_seed_000.pdb,88.61
990,foldit_recycles/recyc_12/colab/2003265_S115_unrelaxed_rank_005_alphafold2_ptm_model_4_seed_000.pdb,87.41
991,foldit_recycles/recyc_12/colab/2002486_0006_unrelaxed_rank_004_alphafold2_ptm_model_2_seed_000.pdb,70.54
992,foldit_recycles/recyc_12/colab/2002713_0004_unrelaxed_rank_002_alphafold2_ptm_model_3_seed_000.pdb,86.0
993,foldit_recycles/recyc_12/colab/2003333_s001_unrelaxed_rank_001_alphafold2_ptm_model_2_seed_000.pdb,84.4
994,foldit_recycles/recyc_12/colab/997523_1003_unrelaxed_rank_004_alphafold2_ptm_model_2_seed_000.pdb,73.88
995,foldit_recycles/recyc_12/colab/997915_0000_unrelaxed_rank_004_alphafold2_ptm_model_2_seed_000.pdb,84.81
996,foldit_recycles/recyc_12/colab/1998555_1041_unrelaxed_rank_002_alphafold2_ptm_model_3_seed_000.pdb,74.41
997,foldit_recycles/recyc_12/colab/2003308_1010_unrelaxed_rank_005_alphafold2_ptm_model_5_seed_000.pdb,84.57
998,foldit_recycles/recyc_12/colab/2002486_0006_unrelaxed_rank_001_alphafold2_ptm_model_5_seed_000.pdb,75.48
999,foldit_recycles/recyc_12/colab/2003205_S506_unrelaxed_rank_004_alphafold2_ptm_model_2_seed_000.pdb,83.22
1000,foldit_recycles/recyc_12/colab/2002469_S848_unrelaxed_rank_005_alphafold2_ptm_model_3_seed_000.pdb,69.85
1001,foldit_recycles/recyc_12/colab/997523_0005_unrelaxed_rank_005_alphafold2_ptm_model_5_seed_000.pdb,81.63
1002,foldit_recycles/recyc_12/colab/2003285_s008_unrelaxed_rank_004_alphafold2_ptm_model_5_seed_000.pdb,88.83
1003,foldit_recycles/recyc_12/colab/2003285_0000_unrelaxed_rank_003_alphafold2_ptm_model_4_seed_000.pdb,91.64
1004,foldit_recycles/recyc_12/colab/2003360_s004_unrelaxed_rank_001_alphafold2_ptm_model_3_seed_000.pdb,90.48
1005,foldit_recycles/recyc_12/colab/2003048_1024_unrelaxed_rank_005_alphafold2_ptm_model_2_seed_000.pdb,66.53
1006,foldit_recycles/recyc_12/colab/2003265_s005_unrelaxed_rank_002_alphafold2_ptm_model_3_seed_000.pdb,88.48
1007,foldit_recycles/recyc_12/colab/2002766_0000_unrelaxed_rank_001_alphafold2_ptm_model_1_seed_000.pdb,89.14
1008,foldit_recycles/recyc_12/colab/2002766_0002_unrelaxed_rank_004_alphafold2_ptm_model_4_seed_000.pdb,86.36
1009,foldit_recycles/recyc_12/colab/2003265_s005_unrelaxed_rank_003_alphafold2_ptm_model_2_seed_000.pdb,88.22
1010,foldit_recycles/recyc_12/colab/997915_0000_unrelaxed_rank_001_alphafold2_ptm_model_3_seed_000.pdb,87.74
1011,foldit_recycles/recyc_12/colab/2003485_0002_unrelaxed_rank_001_alphafold2_ptm_model_2_seed_000.pdb,91.61
1012,foldit_recycles/recyc_12/colab/2003308_0004_unrelaxed_rank_003_alphafold2_ptm_model_1_seed_000.pdb,86.87
1013,foldit_recycles/recyc_12/colab/2003485_S412_unrelaxed_rank_002_alphafold2_ptm_model_3_seed_000.pdb,81.64
1014,foldit_recycles/recyc_12/colab/2003265_0007_unrelaxed_rank_003_alphafold2_ptm_model_3_seed_000.pdb,90.81
1015,foldit_recycles/recyc_12/colab/2003245_0004_unrelaxed_rank_004_alphafold2_ptm_model_1_seed_000.pdb,89.99
1016,foldit_recycles/recyc_12/colab/2002590_S567_unrelaxed_rank_004_alphafold2_ptm_model_3_seed_000.pdb,79.98
1017,foldit_recycles/recyc_12/colab/2003205_0008_unrelaxed_rank_003_alphafold2_ptm_model_5_seed_000.pdb,84.17
1018,foldit_recycles/recyc_12/colab/2002590_0001_unrelaxed_rank_003_alphafold2_ptm_model_5_seed_000.pdb,79.28
1019,foldit_recycles/recyc_12/colab/997523_1040_unrelaxed_rank_005_alphafold2_ptm_model_4_seed_000.pdb,79.62
1020,foldit_recycles/recyc_12/colab/2002376_0000_unrelaxed_rank_001_alphafold2_ptm_model_3_seed_000.pdb,78.16
1021,foldit_recycles/recyc_12/colab/2000518_0000_unrelaxed_rank_004_alphafold2_ptm_model_1_seed_000.pdb,70.4
1022,foldit_recycles/recyc_12/colab/2003265_s003_unrelaxed_rank_002_alphafold2_ptm_model_1_seed_000.pdb,87.58
1023,foldit_recycles/recyc_12/colab/2002544_0000_unrelaxed_rank_004_alphafold2_ptm_model_5_seed_000.pdb,86.39
1024,foldit_recycles/recyc_12/colab/2003414_1018_unrelaxed_rank_002_alphafold2_ptm_model_1_seed_000.pdb,85.14
1025,foldit_recycles/recyc_12/colab/2002486_1048_unrelaxed_rank_003_alphafold2_ptm_model_4_seed_000.pdb,64.67
1026,foldit_recycles/recyc_12/colab/2003169_S953_unrelaxed_rank_002_alphafold2_ptm_model_2_seed_000.pdb,90.33
1027,foldit_recycles/recyc_12/colab/2002553_s003_unrelaxed_rank_004_alphafold2_ptm_model_4_seed_000.pdb,83.98
1028,foldit_recycles/recyc_12/colab/2002469_S848_unrelaxed_rank_004_alphafold2_ptm_model_4_seed_000.pdb,70.93
1029,foldit_recycles/recyc_12/colab/2002745_0003_unrelaxed_rank_002_alphafold2_ptm_model_5_seed_000.pdb,89.99
1030,foldit_recycles/recyc_12/colab/2000518_S468_unrelaxed_rank_002_alphafold2_ptm_model_5_seed_000.pdb,73.52
1031,foldit_recycles/recyc_12/colab/2003285_s000_unrelaxed_rank_005_alphafold2_ptm_model_1_seed_000.pdb,90.75
1032,foldit_recycles/recyc_12/colab/2002766_0001_unrelaxed_rank_002_alphafold2_ptm_model_3_seed_000.pdb,92.68
1033,foldit_recycles/recyc_12/colab/997383_s346_unrelaxed_rank_003_alphafold2_ptm_model_5_seed_000.pdb,79.93
1034,foldit_recycles/recyc_12/colab/2000485_1070_unrelaxed_rank_003_alphafold2_ptm_model_2_seed_000.pdb,46.82
1035,foldit_recycles/recyc_12/colab/2002334_0005_unrelaxed_rank_002_alphafold2_ptm_model_2_seed_000.pdb,81.38
1036,foldit_recycles/recyc_12/colab/997523_0000_unrelaxed_rank_001_alphafold2_ptm_model_4_seed_000.pdb,82.25
1037,foldit_recycles/recyc_12/colab/2003455_S943_unrelaxed_rank_005_alphafold2_ptm_model_4_seed_000.pdb,82.03
1038,foldit_recycles/recyc_12/colab/2003333_s003_unrelaxed_rank_002_alphafold2_ptm_model_4_seed_000.pdb,84.47
1039,foldit_recycles/recyc_12/colab/997915_0000_unrelaxed_rank_003_alphafold2_ptm_model_5_seed_000.pdb,86.21
1040,foldit_recycles/recyc_12/colab/2003360_1013_unrelaxed_rank_002_alphafold2_ptm_model_1_seed_000.pdb,85.82
1041,foldit_recycles/recyc_12/colab/2003485_1017_unrelaxed_rank_003_alphafold2_ptm_model_1_seed_000.pdb,72.49
1042,foldit_recycles/recyc_12/colab/2001044_0000_unrelaxed_rank_001_alphafold2_ptm_model_1_seed_000.pdb,88.7
1043,foldit_recycles/recyc_12/colab/2003205_0002_unrelaxed_rank_003_alphafold2_ptm_model_1_seed_000.pdb,90.13
1044,foldit_recycles/recyc_12/colab/2003205_0008_unrelaxed_rank_002_alphafold2_ptm_model_1_seed_000.pdb,86.75
1045,foldit_recycles/recyc_12/colab/2003169_s008_unrelaxed_rank_003_alphafold2_ptm_model_2_seed_000.pdb,77.51
1046,foldit_recycles/recyc_12/colab/1998469_0000_unrelaxed_rank_003_alphafold2_ptm_model_3_seed_000.pdb,80.27
1047,foldit_recycles/recyc_12/colab/2002590_S567_unrelaxed_rank_003_alphafold2_ptm_model_2_seed_000.pdb,80.17
1048,foldit_recycles/recyc_12/colab/2003455_0009_unrelaxed_rank_005_alphafold2_ptm_model_4_seed_000.pdb,71.56
1049,foldit_recycles/recyc_12/colab/2003360_s003_unrelaxed_rank_002_alphafold2_ptm_model_2_seed_000.pdb,86.35
1050,foldit_recycles/recyc_12/colab/2002376_0000_unrelaxed_rank_003_alphafold2_ptm_model_4_seed_000.pdb,75.39
1051,foldit_recycles/recyc_12/colab/2003308_0005_unrelaxed_rank_003_alphafold2_ptm_model_1_seed_000.pdb,79.14
1052,foldit_recycles/recyc_12/colab/2003265_s003_unrelaxed_rank_003_alphafold2_ptm_model_3_seed_000.pdb,87.37
1053,foldit_recycles/recyc_12/colab/2003594_S603_unrelaxed_rank_004_alphafold2_ptm_model_5_seed_000.pdb,69.94
1054,foldit_recycles/recyc_12/colab/2003048_0003_unrelaxed_rank_004_alphafold2_ptm_model_5_seed_000.pdb,84.57
1055,foldit_recycles/recyc_12/colab/2002089_1029_unrelaxed_rank_003_alphafold2_ptm_model_4_seed_000.pdb,78.63
1056,foldit_recycles/recyc_12/colab/1998555_1041_unrelaxed_rank_003_alphafold2_ptm_model_1_seed_000.pdb,74.09
1057,foldit_recycles/recyc_12/colab/2003285_s008_unrelaxed_rank_002_alphafold2_ptm_model_2_seed_000.pdb,89.54
1058,foldit_recycles/recyc_12/colab/1998520_0002_unrelaxed_rank_003_alphafold2_ptm_model_3_seed_000.pdb,64.05
1059,foldit_recycles/recyc_12/colab/2003594_S603_unrelaxed_rank_003_alphafold2_ptm_model_3_seed_000.pdb,70.18
1060,foldit_recycles/recyc_12/colab/2003308_0005_unrelaxed_rank_005_alphafold2_ptm_model_2_seed_000.pdb,76.5
1061,foldit_recycles/recyc_12/colab/2002766_0006_unrelaxed_rank_004_alphafold2_ptm_model_1_seed_000.pdb,87.94
1062,foldit_recycles/recyc_12/colab/2003205_0002_unrelaxed_rank_002_alphafold2_ptm_model_5_seed_000.pdb,90.38
1063,foldit_recycles/recyc_12/colab/2002922_s004_unrelaxed_rank_002_alphafold2_ptm_model_5_seed_000.pdb,88.61
1064,foldit_recycles/recyc_12/colab/997258_0001_unrelaxed_rank_004_alphafold2_ptm_model_1_seed_000.pdb,76.88
1065,foldit_recycles/recyc_12/colab/2003333_0005_unrelaxed_rank_004_alphafold2_ptm_model_5_seed_000.pdb,81.53
1066,foldit_recycles/recyc_12/colab/2003169_s008_unrelaxed_rank_002_alphafold2_ptm_model_3_seed_000.pdb,78.07
1067,foldit_recycles/recyc_12/colab/2002713_0000_unrelaxed_rank_003_alphafold2_ptm_model_2_seed_000.pdb,80.71
1068,foldit_recycles/recyc_12/colab/2003205_S506_unrelaxed_rank_003_alphafold2_ptm_model_5_seed_000.pdb,84.93
1069,foldit_recycles/recyc_12/colab/2003205_0008_unrelaxed_rank_001_alphafold2_ptm_model_3_seed_000.pdb,87.89
1070,foldit_recycles/recyc_12/colab/2002787_0005_unrelaxed_rank_002_alphafold2_ptm_model_1_seed_000.pdb,90.62
1071,foldit_recycles/recyc_12/colab/2003205_0002_unrelaxed_rank_001_alphafold2_ptm_model_2_seed_000.pdb,91.21
1072,foldit_recycles/recyc_12/colab/2003594_0000_unrelaxed_rank_002_alphafold2_ptm_model_1_seed_000.pdb,93.17
1073,foldit_recycles/recyc_12/colab/2002990_0006_unrelaxed_rank_002_alphafold2_ptm_model_5_seed_000.pdb,87.35
1074,foldit_recycles/recyc_12/colab/2003382_1021_unrelaxed_rank_003_alphafold2_ptm_model_4_seed_000.pdb,83.63
1075,foldit_recycles/recyc_12/colab/2002922_1013_unrelaxed_rank_002_alphafold2_ptm_model_2_seed_000.pdb,85.7
1076,foldit_recycles/recyc_12/colab/997523_1040_unrelaxed_rank_002_alphafold2_ptm_model_3_seed_000.pdb,93.38
1077,foldit_recycles/recyc_12/colab/2003360_s003_unrelaxed_rank_001_alphafold2_ptm_model_1_seed_000.pdb,86.59
1078,foldit_recycles/recyc_12/colab/2002990_1031_unrelaxed_rank_003_alphafold2_ptm_model_5_seed_000.pdb,80.3
1079,foldit_recycles/recyc_12/colab/2002553_s003_unrelaxed_rank_001_alphafold2_ptm_model_5_seed_000.pdb,87.45
1080,foldit_recycles/recyc_12/colab/2003333_1013_unrelaxed_rank_005_alphafold2_ptm_model_2_seed_000.pdb,52.31
1081,foldit_recycles/recyc_12/colab/2003048_1024_unrelaxed_rank_003_alphafold2_ptm_model_1_seed_000.pdb,69.62
1082,foldit_recycles/recyc_12/colab/2003594_0000_unrelaxed_rank_001_alphafold2_ptm_model_2_seed_000.pdb,94.5
1083,foldit_recycles/recyc_12/colab/2003414_1018_unrelaxed_rank_004_alphafold2_ptm_model_4_seed_000.pdb,84.79
1084,foldit_recycles/recyc_12/colab/2002486_1048_unrelaxed_rank_002_alphafold2_ptm_model_1_seed_000.pdb,66.18
1085,foldit_recycles/recyc_12/colab/2000240_s003_unrelaxed_rank_002_alphafold2_ptm_model_1_seed_000.pdb,70.17
1086,foldit_recycles/recyc_12/colab/2003360_1013_unrelaxed_rank_005_alphafold2_ptm_model_3_seed_000.pdb,80.38
1087,foldit_recycles/recyc_12/colab/2000665_1003_unrelaxed_rank_005_alphafold2_ptm_model_4_seed_000.pdb,47.94
1088,foldit_recycles/recyc_12/colab/2002469_S848_unrelaxed_rank_002_alphafold2_ptm_model_2_seed_000.pdb,76.96
1089,foldit_recycles/recyc_12/colab/2003285_s005_unrelaxed_rank_002_alphafold2_ptm_model_2_seed_000.pdb,85.71
1090,foldit_recycles/recyc_12/colab/2002949_0000_unrelaxed_rank_003_alphafold2_ptm_model_1_seed_000.pdb,87.57
1091,foldit_recycles/recyc_12/colab/2002877_s005_unrelaxed_rank_002_alphafold2_ptm_model_4_seed_000.pdb,79.6
1092,foldit_recycles/recyc_12/colab/2003265_s008_unrelaxed_rank_003_alphafold2_ptm_model_3_seed_000.pdb,83.98
1093,foldit_recycles/recyc_12/colab/2000518_S468_unrelaxed_rank_001_alphafold2_ptm_model_4_seed_000.pdb,73.86
1094,foldit_recycles/recyc_12/colab/2003532_1020_unrelaxed_rank_005_alphafold2_ptm_model_4_seed_000.pdb,82.13
1095,foldit_recycles/recyc_12/colab/997258_0001_unrelaxed_rank_003_alphafold2_ptm_model_4_seed_000.pdb,78.07
1096,foldit_recycles/recyc_12/colab/2003048_1050_unrelaxed_rank_005_alphafold2_ptm_model_3_seed_000.pdb,83.4
1097,foldit_recycles/recyc_12/colab/2000240_s003_unrelaxed_rank_003_alphafold2_ptm_model_5_seed_000.pdb,69.2
1098,foldit_recycles/recyc_12/colab/2000240_s003_unrelaxed_rank_001_alphafold2_ptm_model_2_seed_000.pdb,72.51
1099,foldit_recycles/recyc_12/colab/2003169_s001_unrelaxed_rank_003_alphafold2_ptm_model_5_seed_000.pdb,82.75
1100,foldit_recycles/recyc_12/colab/2003594_s008_unrelaxed_rank_004_alphafold2_ptm_model_4_seed_000.pdb,70.38
1101,foldit_recycles/recyc_12/colab/2003532_1020_unrelaxed_rank_002_alphafold2_ptm_model_1_seed_000.pdb,83.84
1102,foldit_recycles/recyc_12/colab/997791_1027_unrelaxed_rank_003_alphafold2_ptm_model_2_seed_000.pdb,88.72
1103,foldit_recycles/recyc_12/colab/2002922_s004_unrelaxed_rank_003_alphafold2_ptm_model_1_seed_000.pdb,87.65
1104,foldit_recycles/recyc_12/colab/2003594_s008_unrelaxed_rank_002_alphafold2_ptm_model_2_seed_000.pdb,75.45
1105,foldit_recycles/recyc_12/colab/2002990_1039_unrelaxed_rank_001_alphafold2_ptm_model_3_seed_000.pdb,87.47
1106,foldit_recycles/recyc_12/colab/2003205_0000_unrelaxed_rank_001_alphafold2_ptm_model_5_seed_000.pdb,90.32
1107,foldit_recycles/recyc_12/colab/2003048_s009_unrelaxed_rank_004_alphafold2_ptm_model_2_seed_000.pdb,80.01
1108,foldit_recycles/recyc_12/colab/997523_0006_unrelaxed_rank_004_alphafold2_ptm_model_1_seed_000.pdb,84.5
1109,foldit_recycles/recyc_12/colab/997523_0000_unrelaxed_rank_003_alphafold2_ptm_model_3_seed_000.pdb,79.2
1110,foldit_recycles/recyc_12/colab/2003265_S714_unrelaxed_rank_002_alphafold2_ptm_model_2_seed_000.pdb,81.5
1111,foldit_recycles/recyc_12/colab/2002089_1029_unrelaxed_rank_001_alphafold2_ptm_model_1_seed_000.pdb,83.83
1112,foldit_recycles/recyc_12/colab/2000665_1003_unrelaxed_rank_003_alphafold2_ptm_model_5_seed_000.pdb,54.44
1113,foldit_recycles/recyc_12/colab/2002766_0003_unrelaxed_rank_005_alphafold2_ptm_model_1_seed_000.pdb,75.61
1114,foldit_recycles/recyc_12/colab/2002290_S122_unrelaxed_rank_003_alphafold2_ptm_model_1_seed_000.pdb,93.07
1115,foldit_recycles/recyc_12/colab/2002990_0006_unrelaxed_rank_005_alphafold2_ptm_model_2_seed_000.pdb,83.88
1116,foldit_recycles/recyc_12/colab/2000518_0003_unrelaxed_rank_003_alphafold2_ptm_model_1_seed_000.pdb,83.51
1117,foldit_recycles/recyc_12/colab/2003455_0009_unrelaxed_rank_001_alphafold2_ptm_model_1_seed_000.pdb,81.81
1118,foldit_recycles/recyc_12/colab/2003532_1020_unrelaxed_rank_001_alphafold2_ptm_model_2_seed_000.pdb,84.87
1119,foldit_recycles/recyc_12/colab/2002949_0000_unrelaxed_rank_002_alphafold2_ptm_model_2_seed_000.pdb,87.79
1120,foldit_recycles/recyc_12/colab/2003308_0009_unrelaxed_rank_003_alphafold2_ptm_model_3_seed_000.pdb,75.12
1121,foldit_recycles/recyc_12/colab/2003455_1023_unrelaxed_rank_001_alphafold2_ptm_model_2_seed_000.pdb,91.07
1122,foldit_recycles/recyc_12/colab/2003414_1018_unrelaxed_rank_005_alphafold2_ptm_model_2_seed_000.pdb,83.48
1123,foldit_recycles/recyc_12/colab/2003594_S028_unrelaxed_rank_005_alphafold2_ptm_model_5_seed_000.pdb,79.61
1124,foldit_recycles/recyc_12/colab/2002553_s003_unrelaxed_rank_005_alphafold2_ptm_model_3_seed_000.pdb,80.91
1125,foldit_recycles/recyc_12/colab/2003485_1036_unrelaxed_rank_005_alphafold2_ptm_model_2_seed_000.pdb,78.63
1126,foldit_recycles/recyc_12/colab/2002308_S695_unrelaxed_rank_002_alphafold2_ptm_model_4_seed_000.pdb,62.66
1127,foldit_recycles/recyc_12/colab/2003455_S886_unrelaxed_rank_001_alphafold2_ptm_model_2_seed_000.pdb,88.01
1128,foldit_recycles/recyc_12/colab/2002553_0000_unrelaxed_rank_003_alphafold2_ptm_model_4_seed_000.pdb,81.34
1129,foldit_recycles/recyc_12/colab/2002334_0005_unrelaxed_rank_003_alphafold2_ptm_model_4_seed_000.pdb,80.64
1130,foldit_recycles/recyc_12/colab/2003455_0009_unrelaxed_rank_002_alphafold2_ptm_model_3_seed_000.pdb,75.23
1131,foldit_recycles/recyc_12/colab/1998925_s008_unrelaxed_rank_004_alphafold2_ptm_model_5_seed_000.pdb,77.17
1132,foldit_recycles/recyc_12/colab/2003333_0006_unrelaxed_rank_001_alphafold2_ptm_model_2_seed_000.pdb,94.72
1133,foldit_recycles/recyc_12/colab/2002990_1039_unrelaxed_rank_002_alphafold2_ptm_model_1_seed_000.pdb,86.44
1134,foldit_recycles/recyc_12/colab/2003285_s000_unrelaxed_rank_003_alphafold2_ptm_model_2_seed_000.pdb,91.44
1135,foldit_recycles/recyc_12/colab/2002713_0000_unrelaxed_rank_001_alphafold2_ptm_model_5_seed_000.pdb,87.69
1136,foldit_recycles/recyc_12/colab/2002922_1018_unrelaxed_rank_004_alphafold2_ptm_model_5_seed_000.pdb,82.16
1137,foldit_recycles/recyc_12/colab/2003382_1021_unrelaxed_rank_005_alphafold2_ptm_model_5_seed_000.pdb,81.37
1138,foldit_recycles/recyc_12/colab/2002553_0000_unrelaxed_rank_004_alphafold2_ptm_model_3_seed_000.pdb,74.89
1139,foldit_recycles/recyc_12/colab/2003333_0000_unrelaxed_rank_002_alphafold2_ptm_model_2_seed_000.pdb,90.66
1140,foldit_recycles/recyc_12/colab/997523_0003_unrelaxed_rank_004_alphafold2_ptm_model_3_seed_000.pdb,82.69
1141,foldit_recycles/recyc_12/colab/2003360_s002_unrelaxed_rank_002_alphafold2_ptm_model_1_seed_000.pdb,87.51
1142,foldit_recycles/recyc_12/colab/2003265_S115_unrelaxed_rank_002_alphafold2_ptm_model_5_seed_000.pdb,89.67
1143,foldit_recycles/recyc_12/colab/2002990_s006_unrelaxed_rank_005_alphafold2_ptm_model_5_seed_000.pdb,74.01
1144,foldit_recycles/recyc_12/colab/2002787_0005_unrelaxed_rank_003_alphafold2_ptm_model_3_seed_000.pdb,89.75
1145,foldit_recycles/recyc_12/colab/997523_0003_unrelaxed_rank_003_alphafold2_ptm_model_5_seed_000.pdb,84.84
1146,foldit_recycles/recyc_12/colab/2003360_0005_unrelaxed_rank_003_alphafold2_ptm_model_2_seed_000.pdb,90.78
1147,foldit_recycles/recyc_12/colab/2002766_0003_unrelaxed_rank_004_alphafold2_ptm_model_4_seed_000.pdb,75.89
1148,foldit_recycles/recyc_12/colab/2002334_0005_unrelaxed_rank_005_alphafold2_ptm_model_3_seed_000.pdb,77.95
1149,foldit_recycles/recyc_12/colab/2003485_1029_unrelaxed_rank_003_alphafold2_ptm_model_5_seed_000.pdb,76.15
1150,foldit_recycles/recyc_12/colab/2003308_0009_unrelaxed_rank_005_alphafold2_ptm_model_2_seed_000.pdb,70.14
1151,foldit_recycles/recyc_12/colab/2003360_0005_unrelaxed_rank_002_alphafold2_ptm_model_3_seed_000.pdb,90.87
1152,foldit_recycles/recyc_12/colab/2003265_S714_unrelaxed_rank_005_alphafold2_ptm_model_4_seed_000.pdb,75.21
1153,foldit_recycles/recyc_12/colab/2003455_S943_unrelaxed_rank_002_alphafold2_ptm_model_3_seed_000.pdb,83.69
1154,foldit_recycles/recyc_12/colab/2003048_1024_unrelaxed_rank_001_alphafold2_ptm_model_4_seed_000.pdb,73.81
1155,foldit_recycles/recyc_12/colab/2003205_s002_unrelaxed_rank_002_alphafold2_ptm_model_2_seed_000.pdb,91.56
1156,foldit_recycles/recyc_12/colab/2002745_0000_unrelaxed_rank_001_alphafold2_ptm_model_5_seed_000.pdb,91.55
1157,foldit_recycles/recyc_12/colab/2002949_0007_unrelaxed_rank_002_alphafold2_ptm_model_1_seed_000.pdb,80.99
1158,foldit_recycles/recyc_12/colab/2003594_s008_unrelaxed_rank_003_alphafold2_ptm_model_3_seed_000.pdb,75.32
1159,foldit_recycles/recyc_12/colab/2002469_0001_unrelaxed_rank_003_alphafold2_ptm_model_4_seed_000.pdb,78.27
1160,foldit_recycles/recyc_12/colab/2002949_0007_unrelaxed_rank_005_alphafold2_ptm_model_4_seed_000.pdb,77.36
1161,foldit_recycles/recyc_12/colab/2002990_s006_unrelaxed_rank_002_alphafold2_ptm_model_1_seed_000.pdb,89.71
1162,foldit_recycles/recyc_12/colab/2003360_s003_unrelaxed_rank_005_alphafold2_ptm_model_4_seed_000.pdb,82.57
1163,foldit_recycles/recyc_12/colab/2003360_s000_unrelaxed_rank_003_alphafold2_ptm_model_5_seed_000.pdb,84.99
1164,foldit_recycles/recyc_12/colab/2003455_S886_unrelaxed_rank_005_alphafold2_ptm_model_4_seed_000.pdb,65.93
1165,foldit_recycles/recyc_12/colab/2002308_0005_unrelaxed_rank_002_alphafold2_ptm_model_1_seed_000.pdb,80.59
1166,foldit_recycles/recyc_12/colab/2003360_s000_unrelaxed_rank_004_alphafold2_ptm_model_3_seed_000.pdb,84.7
1167,foldit_recycles/recyc_12/colab/2003382_0004_unrelaxed_rank_001_alphafold2_ptm_model_1_seed_000.pdb,81.14
1168,foldit_recycles/recyc_12/colab/997383_s346_unrelaxed_rank_005_alphafold2_ptm_model_2_seed_000.pdb,75.04
1169,foldit_recycles/recyc_12/colab/2002949_0000_unrelaxed_rank_001_alphafold2_ptm_model_3_seed_000.pdb,88.78
1170,foldit_recycles/recyc_12/colab/2003205_0003_unrelaxed_rank_001_alphafold2_ptm_model_1_seed_000.pdb,90.23
1171,foldit_recycles/recyc_12/colab/2003485_1036_unrelaxed_rank_001_alphafold2_ptm_model_1_seed_000.pdb,80.08
1172,foldit_recycles/recyc_12/colab/997523_1003_unrelaxed_rank_001_alphafold2_ptm_model_1_seed_000.pdb,81.73
1173,foldit_recycles/recyc_12/colab/2003265_s008_unrelaxed_rank_001_alphafold2_ptm_model_5_seed_000.pdb,84.75
1174,foldit_recycles/recyc_12/colab/2002544_0000_unrelaxed_rank_001_alphafold2_ptm_model_3_seed_000.pdb,88.0
1175,foldit_recycles/recyc_12/colab/997523_0008_unrelaxed_rank_004_alphafold2_ptm_model_1_seed_000.pdb,89.31
1176,foldit_recycles/recyc_12/colab/2003485_1036_unrelaxed_rank_003_alphafold2_ptm_model_4_seed_000.pdb,79.67
1177,foldit_recycles/recyc_12/colab/2002766_0001_unrelaxed_rank_001_alphafold2_ptm_model_2_seed_000.pdb,93.76
1178,foldit_recycles/recyc_12/colab/2003360_s004_unrelaxed_rank_003_alphafold2_ptm_model_1_seed_000.pdb,89.06
1179,foldit_recycles/recyc_12/colab/2002745_0008_unrelaxed_rank_002_alphafold2_ptm_model_2_seed_000.pdb,92.18
1180,foldit_recycles/recyc_12/colab/2003169_s008_unrelaxed_rank_004_alphafold2_ptm_model_4_seed_000.pdb,76.88
1181,foldit_recycles/recyc_12/colab/1998925_s008_unrelaxed_rank_002_alphafold2_ptm_model_2_seed_000.pdb,82.32
1182,foldit_recycles/recyc_12/colab/2002243_1016_unrelaxed_rank_001_alphafold2_ptm_model_3_seed_000.pdb,87.72
1183,foldit_recycles/recyc_12/colab/2002243_1016_unrelaxed_rank_002_alphafold2_ptm_model_5_seed_000.pdb,87.1
1184,foldit_recycles/recyc_12/colab/2003382_0004_unrelaxed_rank_004_alphafold2_ptm_model_4_seed_000.pdb,76.4
1185,foldit_recycles/recyc_12/colab/2003360_s004_unrelaxed_rank_004_alphafold2_ptm_model_5_seed_000.pdb,88.9
1186,foldit_recycles/recyc_12/colab/2003169_s008_unrelaxed_rank_001_alphafold2_ptm_model_1_seed_000.pdb,84.19
1187,foldit_recycles/recyc_12/colab/2003382_s005_unrelaxed_rank_004_alphafold2_ptm_model_4_seed_000.pdb,74.44
1188,foldit_recycles/recyc_12/colab/2002745_0001_unrelaxed_rank_004_alphafold2_ptm_model_1_seed_000.pdb,86.62
1189,foldit_recycles/recyc_12/colab/2003308_0004_unrelaxed_rank_001_alphafold2_ptm_model_2_seed_000.pdb,89.55
1190,foldit_recycles/recyc_12/colab/2002376_0000_unrelaxed_rank_004_alphafold2_ptm_model_5_seed_000.pdb,74.23
1191,foldit_recycles/recyc_12/colab/2003485_1017_unrelaxed_rank_004_alphafold2_ptm_model_4_seed_000.pdb,68.23
1192,foldit_recycles/recyc_12/colab/2002713_0004_unrelaxed_rank_005_alphafold2_ptm_model_2_seed_000.pdb,83.16
1193,foldit_recycles/recyc_12/colab/2003360_1013_unrelaxed_rank_003_alphafold2_ptm_model_5_seed_000.pdb,81.43
1194,foldit_recycles/recyc_12/colab/997523_0006_unrelaxed_rank_003_alphafold2_ptm_model_3_seed_000.pdb,85.75
1195,foldit_recycles/recyc_12/colab/2002486_0006_unrelaxed_rank_005_alphafold2_ptm_model_4_seed_000.pdb,69.48
1196,foldit_recycles/recyc_12/colab/2003333_1013_unrelaxed_rank_002_alphafold2_ptm_model_5_seed_000.pdb,68.22
1197,foldit_recycles/recyc_12/colab/2003205_0003_unrelaxed_rank_002_alphafold2_ptm_model_4_seed_000.pdb,86.43
1198,foldit_recycles/recyc_12/colab/2003308_0009_unrelaxed_rank_002_alphafold2_ptm_model_5_seed_000.pdb,75.81
1199,foldit_recycles/recyc_12/colab/2003245_0004_unrelaxed_rank_003_alphafold2_ptm_model_2_seed_000.pdb,90.36
1200,foldit_recycles/recyc_12/colab/2003285_s000_unrelaxed_rank_001_alphafold2_ptm_model_3_seed_000.pdb,92.72
1201,foldit_recycles/recyc_12/colab/2002308_0005_unrelaxed_rank_001_alphafold2_ptm_model_4_seed_000.pdb,84.85
1202,foldit_recycles/recyc_12/colab/2002486_1048_unrelaxed_rank_005_alphafold2_ptm_model_3_seed_000.pdb,62.03
1203,foldit_recycles/recyc_12/colab/2003333_0006_unrelaxed_rank_005_alphafold2_ptm_model_4_seed_000.pdb,92.61
1204,foldit_recycles/recyc_12/colab/2003245_S383_unrelaxed_rank_003_alphafold2_ptm_model_5_seed_000.pdb,91.25
1205,foldit_recycles/recyc_12/colab/2003455_s008_unrelaxed_rank_002_alphafold2_ptm_model_1_seed_000.pdb,61.48
1206,foldit_recycles/recyc_12/colab/2002766_0004_unrelaxed_rank_003_alphafold2_ptm_model_3_seed_000.pdb,80.41
1207,foldit_recycles/recyc_12/colab/2003333_1006_unrelaxed_rank_001_alphafold2_ptm_model_2_seed_000.pdb,86.69
1208,foldit_recycles/recyc_12/colab/2003532_0000_unrelaxed_rank_003_alphafold2_ptm_model_5_seed_000.pdb,85.64
1209,foldit_recycles/recyc_12/colab/2002613_0004_unrelaxed_rank_001_alphafold2_ptm_model_1_seed_000.pdb,81.13
1210,foldit_recycles/recyc_12/colab/2002486_1012_unrelaxed_rank_004_alphafold2_ptm_model_2_seed_000.pdb,83.06
1211,foldit_recycles/recyc_12/colab/997523_0008_unrelaxed_rank_002_alphafold2_ptm_model_2_seed_000.pdb,90.78
1212,foldit_recycles/recyc_12/colab/2003485_0000_unrelaxed_rank_003_alphafold2_ptm_model_4_seed_000.pdb,82.6
1213,foldit_recycles/recyc_12/colab/2002745_0004_unrelaxed_rank_001_alphafold2_ptm_model_2_seed_000.pdb,89.88
1214,foldit_recycles/recyc_12/colab/2001044_0000_unrelaxed_rank_004_alphafold2_ptm_model_5_seed_000.pdb,87.49
1215,foldit_recycles/recyc_12/colab/1998925_s008_unrelaxed_rank_003_alphafold2_ptm_model_3_seed_000.pdb,79.49
1216,foldit_recycles/recyc_12/colab/2003485_0002_unrelaxed_rank_003_alphafold2_ptm_model_1_seed_000.pdb,90.68
1217,foldit_recycles/recyc_12/colab/2003594_s008_unrelaxed_rank_005_alphafold2_ptm_model_5_seed_000.pdb,69.19
1218,foldit_recycles/recyc_12/colab/2003455_s008_unrelaxed_rank_004_alphafold2_ptm_model_5_seed_000.pdb,50.74
1219,foldit_recycles/recyc_12/colab/2002590_S567_unrelaxed_rank_005_alphafold2_ptm_model_5_seed_000.pdb,78.64
1220,foldit_recycles/recyc_12/colab/2002590_S567_unrelaxed_rank_002_alphafold2_ptm_model_4_seed_000.pdb,81.31
1221,foldit_recycles/recyc_12/colab/2003532_1022_unrelaxed_rank_002_alphafold2_ptm_model_2_seed_000.pdb,83.3
1222,foldit_recycles/recyc_12/colab/2003169_S953_unrelaxed_rank_001_alphafold2_ptm_model_3_seed_000.pdb,91.08
1223,foldit_recycles/recyc_12/colab/1998925_s005_unrelaxed_rank_002_alphafold2_ptm_model_4_seed_000.pdb,72.88
1224,foldit_recycles/recyc_12/colab/2003169_s001_unrelaxed_rank_005_alphafold2_ptm_model_4_seed_000.pdb,80.08
1225,foldit_recycles/recyc_12/colab/1998925_s005_unrelaxed_rank_005_alphafold2_ptm_model_3_seed_000.pdb,69.87
1226,foldit_recycles/recyc_12/colab/2002308_S695_unrelaxed_rank_003_alphafold2_ptm_model_2_seed_000.pdb,60.56
1227,foldit_recycles/recyc_12/colab/2003245_S385_unrelaxed_rank_005_alphafold2_ptm_model_5_seed_000.pdb,84.94
1228,foldit_recycles/recyc_12/colab/2003485_1029_unrelaxed_rank_001_alphafold2_ptm_model_4_seed_000.pdb,76.79
1229,foldit_recycles/recyc_12/colab/2002713_0004_unrelaxed_rank_003_alphafold2_ptm_model_1_seed_000.pdb,85.43
1230,foldit_recycles/recyc_12/colab/2003455_1023_unrelaxed_rank_005_alphafold2_ptm_model_3_seed_000.pdb,87.81
1231,foldit_recycles/recyc_12/colab/2002590_0001_unrelaxed_rank_001_alphafold2_ptm_model_3_seed_000.pdb,82.48
1232,foldit_recycles/recyc_12/colab/2002990_s006_unrelaxed_rank_003_alphafold2_ptm_model_4_seed_000.pdb,84.99
1233,foldit_recycles/recyc_12/colab/1998469_0000_unrelaxed_rank_004_alphafold2_ptm_model_2_seed_000.pdb,79.84
1234,foldit_recycles/recyc_12/colab/2003245_S385_unrelaxed_rank_004_alphafold2_ptm_model_2_seed_000.pdb,85.32
1235,foldit_recycles/recyc_12/colab/2003532_1022_unrelaxed_rank_004_alphafold2_ptm_model_3_seed_000.pdb,80.33
1236,foldit_recycles/recyc_12/colab/2003360_s002_unrelaxed_rank_005_alphafold2_ptm_model_3_seed_000.pdb,83.05
1237,foldit_recycles/recyc_12/colab/2002766_0004_unrelaxed_rank_005_alphafold2_ptm_model_4_seed_000.pdb,80.04
1238,foldit_recycles/recyc_12/colab/2002922_1013_unrelaxed_rank_005_alphafold2_ptm_model_4_seed_000.pdb,83.7
1239,foldit_recycles/recyc_12/colab/997258_0004_unrelaxed_rank_003_alphafold2_ptm_model_3_seed_000.pdb,85.62
1240,foldit_recycles/recyc_12/colab/997258_0001_unrelaxed_rank_005_alphafold2_ptm_model_2_seed_000.pdb,76.1
1241,foldit_recycles/recyc_12/colab/2000240_0002_unrelaxed_rank_001_alphafold2_ptm_model_2_seed_000.pdb,84.29
1242,foldit_recycles/recyc_12/colab/2002949_0007_unrelaxed_rank_003_alphafold2_ptm_model_3_seed_000.pdb,80.19
1243,foldit_recycles/recyc_12/colab/997523_0003_unrelaxed_rank_002_alphafold2_ptm_model_4_seed_000.pdb,85.28
1244,foldit_recycles/recyc_12/colab/2000665_1003_unrelaxed_rank_001_alphafold2_ptm_model_2_seed_000.pdb,57.59
1245,foldit_recycles/recyc_12/colab/2003485_S412_unrelaxed_rank_005_alphafold2_ptm_model_1_seed_000.pdb,76.96
1246,foldit_recycles/recyc_12/colab/2003485_1029_unrelaxed_rank_004_alphafold2_ptm_model_1_seed_000.pdb,72.09
1247,foldit_recycles/recyc_12/colab/2002745_0003_unrelaxed_rank_003_alphafold2_ptm_model_2_seed_000.pdb,88.57
1248,foldit_recycles/recyc_12/colab/997523_1003_unrelaxed_rank_002_alphafold2_ptm_model_5_seed_000.pdb,76.78
1249,foldit_recycles/recyc_12/colab/2003360_s004_unrelaxed_rank_002_alphafold2_ptm_model_2_seed_000.pdb,90.33
1250,foldit_recycles/recyc_12/colab/2002713_1006_unrelaxed_rank_001_alphafold2_ptm_model_2_seed_000.pdb,91.68
1251,foldit_recycles/recyc_12/colab/2003265_s008_unrelaxed_rank_002_alphafold2_ptm_model_4_seed_000.pdb,84.2
1252,foldit_recycles/recyc_12/colab/2002787_0005_unrelaxed_rank_001_alphafold2_ptm_model_2_seed_000.pdb,91.19
1253,foldit_recycles/recyc_12/colab/2002290_S122_unrelaxed_rank_004_alphafold2_ptm_model_3_seed_000.pdb,87.52
1254,foldit_recycles/recyc_12/colab/997791_1027_unrelaxed_rank_002_alphafold2_ptm_model_5_seed_000.pdb,90.34
1255,foldit_recycles/recyc_12/colab/2003205_s002_unrelaxed_rank_003_alphafold2_ptm_model_5_seed_000.pdb,89.3
1256,foldit_recycles/recyc_12/colab/2003455_0002_unrelaxed_rank_002_alphafold2_ptm_model_3_seed_000.pdb,76.16
1257,foldit_recycles/recyc_12/colab/2002990_1031_unrelaxed_rank_002_alphafold2_ptm_model_3_seed_000.pdb,81.7
1258,foldit_recycles/recyc_12/colab/2003205_S722_unrelaxed_rank_001_alphafold2_ptm_model_4_seed_000.pdb,78.12
1259,foldit_recycles/recyc_12/colab/2003485_0000_unrelaxed_rank_002_alphafold2_ptm_model_5_seed_000.pdb,82.95
1260,foldit_recycles/recyc_12/colab/2003048_S697_unrelaxed_rank_004_alphafold2_ptm_model_4_seed_000.pdb,81.21
1261,foldit_recycles/recyc_12/colab/2002713_0000_unrelaxed_rank_004_alphafold2_ptm_model_1_seed_000.pdb,80.41
1262,foldit_recycles/recyc_12/colab/2003205_0006_unrelaxed_rank_003_alphafold2_ptm_model_3_seed_000.pdb,69.58
1263,foldit_recycles/recyc_12/colab/2002590_0001_unrelaxed_rank_002_alphafold2_ptm_model_1_seed_000.pdb,80.64
1264,foldit_recycles/recyc_12/colab/2002089_1029_unrelaxed_rank_002_alphafold2_ptm_model_5_seed_000.pdb,79.08
1265,foldit_recycles/recyc_12/colab/2003485_1017_unrelaxed_rank_002_alphafold2_ptm_model_5_seed_000.pdb,72.91
1266,foldit_recycles/recyc_12/colab/2003048_0003_unrelaxed_rank_003_alphafold2_ptm_model_1_seed_000.pdb,85.21
1267,foldit_recycles/recyc_12/colab/2003265_s005_unrelaxed_rank_004_alphafold2_ptm_model_5_seed_000.pdb,87.97
1268,foldit_recycles/recyc_12/colab/1998925_s008_unrelaxed_rank_001_alphafold2_ptm_model_4_seed_000.pdb,84.29
1269,foldit_recycles/recyc_12/colab/2002290_S122_unrelaxed_rank_002_alphafold2_ptm_model_2_seed_000.pdb,93.53
1270,foldit_recycles/recyc_12/colab/2002990_0006_unrelaxed_rank_003_alphafold2_ptm_model_1_seed_000.pdb,86.38
1271,foldit_recycles/recyc_12/colab/2003382_0009_unrelaxed_rank_005_alphafold2_ptm_model_5_seed_000.pdb,55.88
1272,foldit_recycles/recyc_12/colab/1998555_1041_unrelaxed_rank_001_alphafold2_ptm_model_5_seed_000.pdb,76.57
1273,foldit_recycles/recyc_12/colab/2003048_0005_unrelaxed_rank_004_alphafold2_ptm_model_4_seed_000.pdb,76.84
1274,foldit_recycles/recyc_12/colab/2002713_1006_unrelaxed_rank_003_alphafold2_ptm_model_1_seed_000.pdb,90.85
1275,foldit_recycles/recyc_12/colab/2003265_s003_unrelaxed_rank_004_alphafold2_ptm_model_4_seed_000.pdb,87.14
1276,foldit_recycles/recyc_12/colab/2002787_0005_unrelaxed_rank_004_alphafold2_ptm_model_5_seed_000.pdb,89.43
1277,foldit_recycles/recyc_12/colab/2003455_0001_unrelaxed_rank_004_alphafold2_ptm_model_5_seed_000.pdb,84.63
1278,foldit_recycles/recyc_12/colab/2003333_s003_unrelaxed_rank_004_alphafold2_ptm_model_2_seed_000.pdb,83.37
1279,foldit_recycles/recyc_12/colab/997258_0004_unrelaxed_rank_005_alphafold2_ptm_model_2_seed_000.pdb,82.88
1280,foldit_recycles/recyc_12/colab/2002766_0000_unrelaxed_rank_002_alphafold2_ptm_model_5_seed_000.pdb,88.9
1281,foldit_recycles/recyc_12/colab/2002613_0004_unrelaxed_rank_005_alphafold2_ptm_model_4_seed_000.pdb,79.09
1282,foldit_recycles/recyc_12/colab/2002766_0002_unrelaxed_rank_005_alphafold2_ptm_model_2_seed_000.pdb,86.28
1283,foldit_recycles/recyc_12/colab/2000518_S468_unrelaxed_rank_004_alphafold2_ptm_model_3_seed_000.pdb,71.43
1284,foldit_recycles/recyc_12/colab/2003485_1036_unrelaxed_rank_002_alphafold2_ptm_model_3_seed_000.pdb,79.93
1285,foldit_recycles/recyc_12/colab/2003382_1021_unrelaxed_rank_001_alphafold2_ptm_model_2_seed_000.pdb,83.94
1286,foldit_recycles/recyc_12/colab/2002922_1013_unrelaxed_rank_001_alphafold2_ptm_model_3_seed_000.pdb,86.48
1287,foldit_recycles/recyc_12/colab/2002553_0000_unrelaxed_rank_002_alphafold2_ptm_model_2_seed_000.pdb,83.63
1288,foldit_recycles/recyc_12/colab/2002713_0004_unrelaxed_rank_004_alphafold2_ptm_model_4_seed_000.pdb,83.38
1289,foldit_recycles/recyc_12/colab/2003265_1034_unrelaxed_rank_005_alphafold2_ptm_model_1_seed_000.pdb,89.8
1290,foldit_recycles/recyc_12/colab/2002376_0003_unrelaxed_rank_005_alphafold2_ptm_model_4_seed_000.pdb,68.94
1291,foldit_recycles/recyc_12/colab/2002766_0004_unrelaxed_rank_002_alphafold2_ptm_model_5_seed_000.pdb,81.8
1292,foldit_recycles/recyc_12/colab/2003532_0000_unrelaxed_rank_005_alphafold2_ptm_model_2_seed_000.pdb,84.84
1293,foldit_recycles/recyc_12/colab/2003205_0008_unrelaxed_rank_004_alphafold2_ptm_model_2_seed_000.pdb,81.26
1294,foldit_recycles/recyc_12/colab/2003048_0005_unrelaxed_rank_003_alphafold2_ptm_model_1_seed_000.pdb,77.52
1295,foldit_recycles/recyc_12/colab/2000240_0002_unrelaxed_rank_003_alphafold2_ptm_model_5_seed_000.pdb,83.12
1296,foldit_recycles/recyc_12/colab/2003485_0002_unrelaxed_rank_002_alphafold2_ptm_model_3_seed_000.pdb,91.34
1297,foldit_recycles/recyc_12/colab/2003205_0006_unrelaxed_rank_005_alphafold2_ptm_model_4_seed_000.pdb,68.55
1298,foldit_recycles/recyc_12/colab/2000240_0002_unrelaxed_rank_005_alphafold2_ptm_model_1_seed_000.pdb,82.48
1299,foldit_recycles/recyc_12/colab/2003333_0006_unrelaxed_rank_004_alphafold2_ptm_model_1_seed_000.pdb,92.98
1300,foldit_recycles/recyc_12/colab/2003455_0009_unrelaxed_rank_003_alphafold2_ptm_model_2_seed_000.pdb,74.65
1301,foldit_recycles/recyc_12/colab/2000518_0000_unrelaxed_rank_002_alphafold2_ptm_model_5_seed_000.pdb,76.4
1302,foldit_recycles/recyc_12/colab/2002486_0006_unrelaxed_rank_003_alphafold2_ptm_model_3_seed_000.pdb,72.87
1303,foldit_recycles/recyc_12/colab/2003485_1029_unrelaxed_rank_005_alphafold2_ptm_model_2_seed_000.pdb,67.27
1304,foldit_recycles/recyc_12/colab/2002922_s004_unrelaxed_rank_001_alphafold2_ptm_model_3_seed_000.pdb,88.79
1305,foldit_recycles/recyc_12/colab/1998555_1041_unrelaxed_rank_004_alphafold2_ptm_model_4_seed_000.pdb,73.54
1306,foldit_recycles/recyc_12/colab/997258_0001_unrelaxed_rank_001_alphafold2_ptm_model_3_seed_000.pdb,87.48
1307,foldit_recycles/recyc_12/colab/997523_0003_unrelaxed_rank_001_alphafold2_ptm_model_2_seed_000.pdb,89.27
1308,foldit_recycles/recyc_12/colab/2003265_s003_unrelaxed_rank_005_alphafold2_ptm_model_5_seed_000.pdb,82.66
1309,foldit_recycles/recyc_12/colab/2002877_s005_unrelaxed_rank_001_alphafold2_ptm_model_1_seed_000.pdb,79.66
1310,foldit_recycles/recyc_12/colab/2003048_1050_unrelaxed_rank_002_alphafold2_ptm_model_5_seed_000.pdb,86.14
1311,foldit_recycles/recyc_12/colab/2003333_s001_unrelaxed_rank_002_alphafold2_ptm_model_3_seed_000.pdb,80.69
1312,foldit_recycles/recyc_12/colab/2003265_1034_unrelaxed_rank_002_alphafold2_ptm_model_5_seed_000.pdb,90.81
1313,foldit_recycles/recyc_12/colab/2003205_0003_unrelaxed_rank_004_alphafold2_ptm_model_3_seed_000.pdb,83.92
1314,foldit_recycles/recyc_12/colab/2003245_S383_unrelaxed_rank_001_alphafold2_ptm_model_3_seed_000.pdb,92.88
1315,foldit_recycles/recyc_12/colab/2003594_S028_unrelaxed_rank_002_alphafold2_ptm_model_3_seed_000.pdb,91.63
1316,foldit_recycles/recyc_12/colab/2003048_S697_unrelaxed_rank_002_alphafold2_ptm_model_3_seed_000.pdb,83.79
1317,foldit_recycles/recyc_12/colab/2002590_0001_unrelaxed_rank_005_alphafold2_ptm_model_2_seed_000.pdb,78.01
1318,foldit_recycles/recyc_12/colab/2002766_0000_unrelaxed_rank_003_alphafold2_ptm_model_2_seed_000.pdb,88.19
1319,foldit_recycles/recyc_12/colab/2002469_0001_unrelaxed_rank_005_alphafold2_ptm_model_1_seed_000.pdb,76.19
1320,foldit_recycles/recyc_12/colab/2003360_0005_unrelaxed_rank_004_alphafold2_ptm_model_1_seed_000.pdb,90.46
1321,foldit_recycles/recyc_12/colab/2003485_0000_unrelaxed_rank_004_alphafold2_ptm_model_3_seed_000.pdb,82.17
1322,foldit_recycles/recyc_12/colab/2003455_1023_unrelaxed_rank_004_alphafold2_ptm_model_5_seed_000.pdb,87.97
1323,foldit_recycles/recyc_12/colab/2003333_0000_unrelaxed_rank_004_alphafold2_ptm_model_4_seed_000.pdb,88.24
1324,foldit_recycles/recyc_12/colab/2003169_s001_unrelaxed_rank_001_alphafold2_ptm_model_3_seed_000.pdb,84.84
1325,foldit_recycles/recyc_12/colab/2003285_s008_unrelaxed_rank_003_alphafold2_ptm_model_1_seed_000.pdb,89.34
1326,foldit_recycles/recyc_12/colab/2000518_0003_unrelaxed_rank_005_alphafold2_ptm_model_2_seed_000.pdb,78.19
1327,foldit_recycles/recyc_12/colab/2002766_0003_unrelaxed_rank_002_alphafold2_ptm_model_5_seed_000.pdb,84.79
1328,foldit_recycles/recyc_12/colab/2003333_0006_unrelaxed_rank_003_alphafold2_ptm_model_5_seed_000.pdb,93.5
1329,foldit_recycles/recyc_12/colab/2003265_s005_unrelaxed_rank_005_alphafold2_ptm_model_4_seed_000.pdb,87.25
1330,foldit_recycles/recyc_12/colab/2002713_0004_unrelaxed_rank_001_alphafold2_ptm_model_5_seed_000.pdb,86.01
1331,foldit_recycles/recyc_12/colab/2003333_0006_unrelaxed_rank_002_alphafold2_ptm_model_3_seed_000.pdb,93.59
1332,foldit_recycles/recyc_12/colab/2002766_0001_unrelaxed_rank_003_alphafold2_ptm_model_5_seed_000.pdb,92.2
1333,foldit_recycles/recyc_12/colab/2003333_s001_unrelaxed_rank_005_alphafold2_ptm_model_4_seed_000.pdb,71.14
1334,foldit_recycles/recyc_12/colab/2003308_0009_unrelaxed_rank_004_alphafold2_ptm_model_1_seed_000.pdb,74.75
1335,foldit_recycles/recyc_12/colab/2002553_s003_unrelaxed_rank_002_alphafold2_ptm_model_1_seed_000.pdb,85.16
1336,foldit_recycles/recyc_12/colab/1998925_s005_unrelaxed_rank_004_alphafold2_ptm_model_2_seed_000.pdb,71.17
1337,foldit_recycles/recyc_12/colab/2003532_0000_unrelaxed_rank_002_alphafold2_ptm_model_1_seed_000.pdb,86.9
1338,foldit_recycles/recyc_12/colab/2003455_S886_unrelaxed_rank_002_alphafold2_ptm_model_3_seed_000.pdb,80.35
1339,foldit_recycles/recyc_12/colab/2003455_0001_unrelaxed_rank_001_alphafold2_ptm_model_3_seed_000.pdb,86.57
1340,foldit_recycles/recyc_12/colab/2002613_0004_unrelaxed_rank_004_alphafold2_ptm_model_2_seed_000.pdb,79.31
1341,foldit_recycles/recyc_12/colab/2003485_S412_unrelaxed_rank_003_alphafold2_ptm_model_5_seed_000.pdb,79.74
1342,foldit_recycles/recyc_12/colab/2003308_0004_unrelaxed_rank_002_alphafold2_ptm_model_4_seed_000.pdb,86.88
1343,foldit_recycles/recyc_12/colab/2002469_0001_unrelaxed_rank_004_alphafold2_ptm_model_3_seed_000.pdb,77.95
1344,foldit_recycles/recyc_12/colab/2003414_1018_unrelaxed_rank_003_alphafold2_ptm_model_5_seed_000.pdb,84.89
1345,foldit_recycles/recyc_12/colab/2003455_0002_unrelaxed_rank_001_alphafold2_ptm_model_2_seed_000.pdb,79.79
1346,foldit_recycles/recyc_12/colab/2002613_0004_unrelaxed_rank_003_alphafold2_ptm_model_5_seed_000.pdb,79.74
1347,foldit_recycles/recyc_12/colab/2003285_s008_unrelaxed_rank_005_alphafold2_ptm_model_4_seed_000.pdb,87.45
1348,foldit_recycles/recyc_12/colab/2003048_s009_unrelaxed_rank_005_alphafold2_ptm_model_5_seed_000.pdb,77.66
1349,foldit_recycles/recyc_12/colab/2003333_0005_unrelaxed_rank_003_alphafold2_ptm_model_2_seed_000.pdb,82.47
1350,foldit_recycles/recyc_12/colab/1998925_s008_unrelaxed_rank_005_alphafold2_ptm_model_1_seed_000.pdb,76.55
1351,foldit_recycles/recyc_12/colab/997791_1027_unrelaxed_rank_001_alphafold2_ptm_model_3_seed_000.pdb,90.8
1352,foldit_recycles/recyc_12/colab/2002990_1039_unrelaxed_rank_004_alphafold2_ptm_model_2_seed_000.pdb,83.67
1353,foldit_recycles/recyc_12/colab/2003048_s009_unrelaxed_rank_001_alphafold2_ptm_model_1_seed_000.pdb,86.06
1354,foldit_recycles/recyc_12/colab/2002745_0000_unrelaxed_rank_005_alphafold2_ptm_model_1_seed_000.pdb,86.33
1355,foldit_recycles/recyc_12/colab/2003382_s008_unrelaxed_rank_002_alphafold2_ptm_model_4_seed_000.pdb,81.2
1356,foldit_recycles/recyc_12/colab/2002308_0005_unrelaxed_rank_004_alphafold2_ptm_model_3_seed_000.pdb,70.82
1357,foldit_recycles/recyc_12/colab/2003333_1006_unrelaxed_rank_004_alphafold2_ptm_model_3_seed_000.pdb,81.39
1358,foldit_recycles/recyc_12/colab/997523_1040_unrelaxed_rank_004_alphafold2_ptm_model_1_seed_000.pdb,90.65
1359,foldit_recycles/recyc_12/colab/2002766_0004_unrelaxed_rank_004_alphafold2_ptm_model_2_seed_000.pdb,80.1
1360,foldit_recycles/recyc_12/colab/2003285_s005_unrelaxed_rank_003_alphafold2_ptm_model_5_seed_000.pdb,84.76
1361,foldit_recycles/recyc_12/colab/997523_1003_unrelaxed_rank_003_alphafold2_ptm_model_3_seed_000.pdb,75.51
1362,foldit_recycles/recyc_12/colab/2002544_0000_unrelaxed_rank_005_alphafold2_ptm_model_4_seed_000.pdb,84.29
1363,foldit_recycles/recyc_12/colab/2003265_S115_unrelaxed_rank_004_alphafold2_ptm_model_1_seed_000.pdb,89.31
1364,foldit_recycles/recyc_12/colab/2003245_0004_unrelaxed_rank_002_alphafold2_ptm_model_3_seed_000.pdb,90.97
1365,foldit_recycles/recyc_12/colab/2003382_0009_unrelaxed_rank_004_alphafold2_ptm_model_3_seed_000.pdb,56.5
1366,foldit_recycles/recyc_12/colab/1998469_0000_unrelaxed_rank_005_alphafold2_ptm_model_1_seed_000.pdb,79.65
1367,foldit_recycles/recyc_12/colab/2003455_0001_unrelaxed_rank_002_alphafold2_ptm_model_1_seed_000.pdb,85.28
1368,foldit_recycles/recyc_12/colab/2003245_S383_unrelaxed_rank_004_alphafold2_ptm_model_1_seed_000.pdb,91.02
1369,foldit_recycles/recyc_12/colab/2003245_S385_unrelaxed_rank_003_alphafold2_ptm_model_1_seed_000.pdb,85.63
1370,foldit_recycles/recyc_12/colab/2002713_0000_unrelaxed_rank_002_alphafold2_ptm_model_3_seed_000.pdb,83.05
1371,foldit_recycles/recyc_12/colab/2003382_0002_unrelaxed_rank_002_alphafold2_ptm_model_3_seed_000.pdb,83.42
1372,foldit_recycles/recyc_12/colab/2002544_0000_unrelaxed_rank_003_alphafold2_ptm_model_1_seed_000.pdb,86.83
1373,foldit_recycles/recyc_12/colab/2000240_0002_unrelaxed_rank_002_alphafold2_ptm_model_3_seed_000.pdb,83.79
1374,foldit_recycles/recyc_12/colab/2003265_0007_unrelaxed_rank_002_alphafold2_ptm_model_5_seed_000.pdb,91.15
1375,foldit_recycles/recyc_12/colab/2002469_0001_unrelaxed_rank_001_alphafold2_ptm_model_2_seed_000.pdb,88.24
1376,foldit_recycles/recyc_12/colab/2003265_S714_unrelaxed_rank_004_alphafold2_ptm_model_5_seed_000.pdb,76.03
1377,foldit_recycles/recyc_12/colab/1998555_1041_unrelaxed_rank_005_alphafold2_ptm_model_2_seed_000.pdb,70.93
1378,foldit_recycles/recyc_12/colab/2003485_0002_unrelaxed_rank_005_alphafold2_ptm_model_4_seed_000.pdb,87.69
1379,foldit_recycles/recyc_12/colab/2003382_s008_unrelaxed_rank_001_alphafold2_ptm_model_1_seed_000.pdb,83.01
1380,foldit_recycles/recyc_12/colab/997383_s346_unrelaxed_rank_002_alphafold2_ptm_model_4_seed_000.pdb,82.08
1381,foldit_recycles/recyc_12/colab/2002565_0002_unrelaxed_rank_002_alphafold2_ptm_model_5_seed_000.pdb,85.98
1382,foldit_recycles/recyc_12/colab/2003205_1035_unrelaxed_rank_003_alphafold2_ptm_model_1_seed_000.pdb,75.04
1383,foldit_recycles/recyc_12/colab/2003455_S886_unrelaxed_rank_004_alphafold2_ptm_model_5_seed_000.pdb,80.01
1384,foldit_recycles/recyc_12/colab/2002308_0005_unrelaxed_rank_005_alphafold2_ptm_model_5_seed_000.pdb,70.49
1385,foldit_recycles/recyc_12/colab/2002565_0002_unrelaxed_rank_004_alphafold2_ptm_model_1_seed_000.pdb,83.93
1386,foldit_recycles/recyc_12/colab/2003455_s008_unrelaxed_rank_003_alphafold2_ptm_model_3_seed_000.pdb,58.87
1387,foldit_recycles/recyc_12/colab/997523_1003_unrelaxed_rank_005_alphafold2_ptm_model_4_seed_000.pdb,73.5
1388,foldit_recycles/recyc_12/colab/2002877_s005_unrelaxed_rank_003_alphafold2_ptm_model_3_seed_000.pdb,76.01
1389,foldit_recycles/recyc_12/colab/2002990_1031_unrelaxed_rank_001_alphafold2_ptm_model_1_seed_000.pdb,83.75
1390,foldit_recycles/recyc_12/colab/997915_0000_unrelaxed_rank_002_alphafold2_ptm_model_1_seed_000.pdb,86.44
1391,foldit_recycles/recyc_12/colab/2003532_1020_unrelaxed_rank_004_alphafold2_ptm_model_3_seed_000.pdb,83.28
1392,foldit_recycles/recyc_12/colab/2002376_0000_unrelaxed_rank_002_alphafold2_ptm_model_1_seed_000.pdb,76.14
1393,foldit_recycles/recyc_12/colab/2002745_0004_unrelaxed_rank_004_alphafold2_ptm_model_1_seed_000.pdb,88.37
1394,foldit_recycles/recyc_12/colab/1998520_0002_unrelaxed_rank_002_alphafold2_ptm_model_2_seed_000.pdb,76.21
1395,foldit_recycles/recyc_12/colab/997523_0005_unrelaxed_rank_002_alphafold2_ptm_model_1_seed_000.pdb,85.7
1396,foldit_recycles/recyc_12/colab/2003360_s002_unrelaxed_rank_003_alphafold2_ptm_model_5_seed_000.pdb,84.41
1397,foldit_recycles/recyc_12/colab/2002745_0008_unrelaxed_rank_001_alphafold2_ptm_model_3_seed_000.pdb,93.18
1398,foldit_recycles/recyc_12/colab/2002766_0004_unrelaxed_rank_001_alphafold2_ptm_model_1_seed_000.pdb,81.93
1399,foldit_recycles/recyc_12/colab/2002334_0005_unrelaxed_rank_001_alphafold2_ptm_model_1_seed_000.pdb,92.22
1400,foldit_recycles/recyc_12/colab/2000518_S468_unrelaxed_rank_003_alphafold2_ptm_model_1_seed_000.pdb,73.36
1401,foldit_recycles/recyc_12/colab/2003285_0000_unrelaxed_rank_004_alphafold2_ptm_model_5_seed_000.pdb,91.55
1402,foldit_recycles/recyc_12/colab/2003594_S603_unrelaxed_rank_001_alphafold2_ptm_model_1_seed_000.pdb,89.22
1403,foldit_recycles/recyc_12/colab/2003169_s008_unrelaxed_rank_005_alphafold2_ptm_model_5_seed_000.pdb,76.34
1404,foldit_recycles/recyc_12/colab/2002766_0001_unrelaxed_rank_004_alphafold2_ptm_model_1_seed_000.pdb,91.31
1405,foldit_recycles/recyc_12/colab/2002308_0000_unrelaxed_rank_005_alphafold2_ptm_model_5_seed_000.pdb,68.96
1406,foldit_recycles/recyc_12/colab/1998469_0000_unrelaxed_rank_002_alphafold2_ptm_model_5_seed_000.pdb,81.8
1407,foldit_recycles/recyc_12/colab/2001044_0000_unrelaxed_rank_005_alphafold2_ptm_model_4_seed_000.pdb,86.91
1408,foldit_recycles/recyc_12/colab/2003048_S697_unrelaxed_rank_005_alphafold2_ptm_model_2_seed_000.pdb,80.62
1409,foldit_recycles/recyc_12/colab/1998925_s005_unrelaxed_rank_003_alphafold2_ptm_model_1_seed_000.pdb,72.08
1410,foldit_recycles/recyc_12/colab/2003485_S412_unrelaxed_rank_001_alphafold2_ptm_model_4_seed_000.pdb,82.06
1411,foldit_recycles/recyc_12/colab/2002713_1006_unrelaxed_rank_004_alphafold2_ptm_model_5_seed_000.pdb,90.3
1412,foldit_recycles/recyc_12/colab/2002745_0000_unrelaxed_rank_003_alphafold2_ptm_model_3_seed_000.pdb,88.35
1413,foldit_recycles/recyc_12/colab/2000485_1070_unrelaxed_rank_002_alphafold2_ptm_model_1_seed_000.pdb,50.66
1414,foldit_recycles/recyc_12/colab/997258_0004_unrelaxed_rank_004_alphafold2_ptm_model_5_seed_000.pdb,84.34
1415,foldit_recycles/recyc_12/colab/2002089_0001_unrelaxed_rank_005_alphafold2_ptm_model_4_seed_000.pdb,65.48
1416,foldit_recycles/recyc_12/colab/2002553_s003_unrelaxed_rank_003_alphafold2_ptm_model_2_seed_000.pdb,84.41
1417,foldit_recycles/recyc_12/colab/2002990_0006_unrelaxed_rank_001_alphafold2_ptm_model_3_seed_000.pdb,87.98
1418,foldit_recycles/recyc_12/colab/2002745_0001_unrelaxed_rank_003_alphafold2_ptm_model_2_seed_000.pdb,87.85
1419,foldit_recycles/recyc_12/colab/2003382_0002_unrelaxed_rank_004_alphafold2_ptm_model_4_seed_000.pdb,79.16
1420,foldit_recycles/recyc_12/colab/2003455_S886_unrelaxed_rank_003_alphafold2_ptm_model_1_seed_000.pdb,80.07
1421,foldit_recycles/recyc_12/colab/2003205_S722_unrelaxed_rank_002_alphafold2_ptm_model_3_seed_000.pdb,76.67
1422,foldit_recycles/recyc_12/colab/2003333_0005_unrelaxed_rank_005_alphafold2_ptm_model_3_seed_000.pdb,79.49
1423,foldit_recycles/recyc_12/colab/2002590_S567_unrelaxed_rank_001_alphafold2_ptm_model_1_seed_000.pdb,83.71
1424,foldit_recycles/recyc_12/colab/2003485_0000_unrelaxed_rank_001_alphafold2_ptm_model_1_seed_000.pdb,84.24
1425,foldit_recycles/recyc_12/colab/2003382_s005_unrelaxed_rank_005_alphafold2_ptm_model_2_seed_000.pdb,71.86
1426,foldit_recycles/recyc_12/colab/2000485_1070_unrelaxed_rank_005_alphafold2_ptm_model_4_seed_000.pdb,42.24
1427,foldit_recycles/recyc_12/colab/997383_s346_unrelaxed_rank_004_alphafold2_ptm_model_3_seed_000.pdb,76.85
1428,foldit_recycles/recyc_12/colab/2002949_0000_unrelaxed_rank_004_alphafold2_ptm_model_5_seed_000.pdb,86.01
1429,foldit_recycles/recyc_12/colab/2002308_S695_unrelaxed_rank_001_alphafold2_ptm_model_1_seed_000.pdb,65.26
1430,foldit_recycles/recyc_12/colab/2003205_0006_unrelaxed_rank_002_alphafold2_ptm_model_1_seed_000.pdb,75.87
1431,foldit_recycles/recyc_12/colab/2002745_0004_unrelaxed_rank_005_alphafold2_ptm_model_4_seed_000.pdb,87.23
1432,foldit_recycles/recyc_12/colab/2003285_s000_unrelaxed_rank_002_alphafold2_ptm_model_5_seed_000.pdb,91.73
1433,foldit_recycles/recyc_12/colab/2003169_s001_unrelaxed_rank_002_alphafold2_ptm_model_2_seed_000.pdb,83.38
1434,foldit_recycles/recyc_12/colab/2003265_s005_unrelaxed_rank_001_alphafold2_ptm_model_1_seed_000.pdb,88.77
1435,foldit_recycles/recyc_12/colab/2003532_0000_unrelaxed_rank_001_alphafold2_ptm_model_3_seed_000.pdb,87.72
1436,foldit_recycles/recyc_12/colab/2003455_1023_unrelaxed_rank_002_alphafold2_ptm_model_1_seed_000.pdb,89.93
1437,foldit_recycles/recyc_12/colab/2003333_0005_unrelaxed_rank_002_alphafold2_ptm_model_1_seed_000.pdb,83.66
1438,foldit_recycles/recyc_12/colab/2002713_1006_unrelaxed_rank_002_alphafold2_ptm_model_3_seed_000.pdb,91.59
1439,foldit_recycles/recyc_12/colab/2002243_1016_unrelaxed_rank_003_alphafold2_ptm_model_2_seed_000.pdb,86.65
1440,foldit_recycles/recyc_12/colab/2003333_s001_unrelaxed_rank_004_alphafold2_ptm_model_5_seed_000.pdb,73.1
1441,foldit_recycles/recyc_12/colab/2003382_s008_unrelaxed_rank_005_alphafold2_ptm_model_5_seed_000.pdb,69.49
1442,foldit_recycles/recyc_12/colab/2002745_0008_unrelaxed_rank_005_alphafold2_ptm_model_5_seed_000.pdb,88.29
1443,foldit_recycles/recyc_12/colab/2002376_0003_unrelaxed_rank_002_alphafold2_ptm_model_1_seed_000.pdb,76.01
1444,foldit_recycles/recyc_12/colab/2003205_S506_unrelaxed_rank_001_alphafold2_ptm_model_3_seed_000.pdb,86.2
1445,foldit_recycles/recyc_12/colab/2003360_1013_unrelaxed_rank_001_alphafold2_ptm_model_2_seed_000.pdb,86.1
1446,foldit_recycles/recyc_12/colab/2003360_s002_unrelaxed_rank_001_alphafold2_ptm_model_2_seed_000.pdb,89.54
1447,foldit_recycles/recyc_12/colab/2003333_s003_unrelaxed_rank_001_alphafold2_ptm_model_3_seed_000.pdb,86.2
1448,foldit_recycles/recyc_12/colab/2002565_0002_unrelaxed_rank_003_alphafold2_ptm_model_4_seed_000.pdb,85.3
1449,foldit_recycles/recyc_12/colab/2003594_S028_unrelaxed_rank_003_alphafold2_ptm_model_4_seed_000.pdb,90.52
1450,foldit_recycles/recyc_12/colab/2003169_S953_unrelaxed_rank_004_alphafold2_ptm_model_1_seed_000.pdb,89.09
1451,foldit_recycles/recyc_12/colab/2003455_0001_unrelaxed_rank_003_alphafold2_ptm_model_4_seed_000.pdb,84.96
1452,foldit_recycles/recyc_12/colab/2002745_0001_unrelaxed_rank_002_alphafold2_ptm_model_5_seed_000.pdb,88.45
1453,foldit_recycles/recyc_12/colab/2002922_1018_unrelaxed_rank_005_alphafold2_ptm_model_4_seed_000.pdb,81.21
1454,foldit_recycles/recyc_12/colab/997523_0008_unrelaxed_rank_005_alphafold2_ptm_model_4_seed_000.pdb,88.72
1455,foldit_recycles/recyc_12/colab/2003333_s003_unrelaxed_rank_003_alphafold2_ptm_model_1_seed_000.pdb,83.96
1456,foldit_recycles/recyc_12/colab/2003205_s002_unrelaxed_rank_004_alphafold2_ptm_model_1_seed_000.pdb,87.9
1457,foldit_recycles/recyc_12/colab/997258_0004_unrelaxed_rank_002_alphafold2_ptm_model_4_seed_000.pdb,86.0
1458,foldit_recycles/recyc_12/colab/2002486_1012_unrelaxed_rank_005_alphafold2_ptm_model_5_seed_000.pdb,81.32
1459,foldit_recycles/recyc_12/colab/2003048_s009_unrelaxed_rank_002_alphafold2_ptm_model_4_seed_000.pdb,80.87
1460,foldit_recycles/recyc_12/colab/2003360_0005_unrelaxed_rank_001_alphafold2_ptm_model_5_seed_000.pdb,91.73
1461,foldit_recycles/recyc_12/colab/2003265_0007_unrelaxed_rank_004_alphafold2_ptm_model_1_seed_000.pdb,89.31
1462,foldit_recycles/recyc_12/colab/2003382_s005_unrelaxed_rank_002_alphafold2_ptm_model_5_seed_000.pdb,76.64
1463,foldit_recycles/recyc_12/colab/2003245_S383_unrelaxed_rank_002_alphafold2_ptm_model_2_seed_000.pdb,91.66
1464,foldit_recycles/recyc_12/colab/2002308_0000_unrelaxed_rank_003_alphafold2_ptm_model_1_seed_000.pdb,80.68
1465,foldit_recycles/recyc_12/colab/2002713_0000_unrelaxed_rank_005_alphafold2_ptm_model_4_seed_000.pdb,77.64
1466,foldit_recycles/recyc_12/colab/2003205_S506_unrelaxed_rank_005_alphafold2_ptm_model_4_seed_000.pdb,82.35
1467,foldit_recycles/recyc_12/colab/2000518_0003_unrelaxed_rank_001_alphafold2_ptm_model_5_seed_000.pdb,86.0
1468,foldit_recycles/recyc_12/colab/2002922_s004_unrelaxed_rank_004_alphafold2_ptm_model_4_seed_000.pdb,87.59
1469,foldit_recycles/recyc_12/colab/2003048_0005_unrelaxed_rank_002_alphafold2_ptm_model_3_seed_000.pdb,79.62
1470,foldit_recycles/recyc_12/colab/2000240_s003_unrelaxed_rank_005_alphafold2_ptm_model_4_seed_000.pdb,62.46
1471,foldit_recycles/recyc_12/colab/2002089_0001_unrelaxed_rank_002_alphafold2_ptm_model_2_seed_000.pdb,67.55
1472,foldit_recycles/recyc_12/colab/997523_0003_unrelaxed_rank_005_alphafold2_ptm_model_1_seed_000.pdb,82.68
1473,foldit_recycles/recyc_12/colab/2003205_0002_unrelaxed_rank_004_alphafold2_ptm_model_4_seed_000.pdb,89.88
1474,foldit_recycles/recyc_12/colab/2002565_0002_unrelaxed_rank_005_alphafold2_ptm_model_2_seed_000.pdb,77.64
1475,foldit_recycles/recyc_12/colab/2003308_0005_unrelaxed_rank_002_alphafold2_ptm_model_3_seed_000.pdb,79.97
1476,foldit_recycles/recyc_12/colab/997523_0000_unrelaxed_rank_005_alphafold2_ptm_model_2_seed_000.pdb,75.29
1477,foldit_recycles/recyc_12/colab/2002469_S848_unrelaxed_rank_001_alphafold2_ptm_model_1_seed_000.pdb,84.83
1478,foldit_recycles/recyc_12/colab/2002486_0006_unrelaxed_rank_002_alphafold2_ptm_model_1_seed_000.pdb,73.72
1479,foldit_recycles/recyc_12/colab/2003360_s003_unrelaxed_rank_004_alphafold2_ptm_model_3_seed_000.pdb,83.78
1480,foldit_recycles/recyc_24/colab/2003265_S714_unrelaxed_rank_003_alphafold2_ptm_model_1_seed_000.pdb,80.18
1481,foldit_recycles/recyc_24/colab/2003594_s008_unrelaxed_rank_005_alphafold2_ptm_model_4_seed_000.pdb,67.91
1482,foldit_recycles/recyc_24/colab/2000518_0003_unrelaxed_rank_002_alphafold2_ptm_model_4_seed_000.pdb,83.66
1483,foldit_recycles/recyc_24/colab/2003382_0009_unrelaxed_rank_002_alphafold2_ptm_model_4_seed_000.pdb,63.69
1484,foldit_recycles/recyc_24/colab/2002290_S122_unrelaxed_rank_005_alphafold2_ptm_model_5_seed_000.pdb,84.67
1485,foldit_recycles/recyc_24/colab/2003360_s002_unrelaxed_rank_004_alphafold2_ptm_model_4_seed_000.pdb,83.88
1486,foldit_recycles/recyc_24/colab/997791_1027_unrelaxed_rank_003_alphafold2_ptm_model_1_seed_000.pdb,88.99
1487,foldit_recycles/recyc_24/colab/2002766_0003_unrelaxed_rank_001_alphafold2_ptm_model_3_seed_000.pdb,86.6
1488,foldit_recycles/recyc_24/colab/2003333_0000_unrelaxed_rank_005_alphafold2_ptm_model_5_seed_000.pdb,87.39
1489,foldit_recycles/recyc_24/colab/2002990_1031_unrelaxed_rank_005_alphafold2_ptm_model_2_seed_000.pdb,77.37
1490,foldit_recycles/recyc_24/colab/2003205_1035_unrelaxed_rank_002_alphafold2_ptm_model_2_seed_000.pdb,78.1
1491,foldit_recycles/recyc_24/colab/2002590_0001_unrelaxed_rank_004_alphafold2_ptm_model_4_seed_000.pdb,79.2
1492,foldit_recycles/recyc_24/colab/2002613_0004_unrelaxed_rank_002_alphafold2_ptm_model_3_seed_000.pdb,80.56
1493,foldit_recycles/recyc_24/colab/2002766_0002_unrelaxed_rank_002_alphafold2_ptm_model_3_seed_000.pdb,86.78
1494,foldit_recycles/recyc_24/colab/2002766_0001_unrelaxed_rank_005_alphafold2_ptm_model_4_seed_000.pdb,90.53
1495,foldit_recycles/recyc_24/colab/2003532_1022_unrelaxed_rank_005_alphafold2_ptm_model_4_seed_000.pdb,74.35
1496,foldit_recycles/recyc_24/colab/2003205_0006_unrelaxed_rank_001_alphafold2_ptm_model_5_seed_000.pdb,79.91
1497,foldit_recycles/recyc_24/colab/2003245_S385_unrelaxed_rank_001_alphafold2_ptm_model_4_seed_000.pdb,86.06
1498,foldit_recycles/recyc_24/colab/2002877_s005_unrelaxed_rank_005_alphafold2_ptm_model_5_seed_000.pdb,74.05
1499,foldit_recycles/recyc_24/colab/2003285_s008_unrelaxed_rank_001_alphafold2_ptm_model_3_seed_000.pdb,89.54
1500,foldit_recycles/recyc_24/colab/2002922_s004_unrelaxed_rank_005_alphafold2_ptm_model_2_seed_000.pdb,87.68
1501,foldit_recycles/recyc_24/colab/2002308_0000_unrelaxed_rank_004_alphafold2_ptm_model_3_seed_000.pdb,71.17
1502,foldit_recycles/recyc_24/colab/2000485_1070_unrelaxed_rank_001_alphafold2_ptm_model_3_seed_000.pdb,61.82
1503,foldit_recycles/recyc_24/colab/2003205_S722_unrelaxed_rank_005_alphafold2_ptm_model_2_seed_000.pdb,73.47
1504,foldit_recycles/recyc_24/colab/1998520_0002_unrelaxed_rank_005_alphafold2_ptm_model_5_seed_000.pdb,59.42
1505,foldit_recycles/recyc_24/colab/1998520_0002_unrelaxed_rank_004_alphafold2_ptm_model_1_seed_000.pdb,59.69
1506,foldit_recycles/recyc_24/colab/2003360_s000_unrelaxed_rank_001_alphafold2_ptm_model_1_seed_000.pdb,85.74
1507,foldit_recycles/recyc_24/colab/2002922_1013_unrelaxed_rank_004_alphafold2_ptm_model_1_seed_000.pdb,84.52
1508,foldit_recycles/recyc_24/colab/2003333_1013_unrelaxed_rank_003_alphafold2_ptm_model_3_seed_000.pdb,58.6
1509,foldit_recycles/recyc_24/colab/2003048_1024_unrelaxed_rank_004_alphafold2_ptm_model_3_seed_000.pdb,67.72
1510,foldit_recycles/recyc_24/colab/2003048_0003_unrelaxed_rank_005_alphafold2_ptm_model_4_seed_000.pdb,84.34
1511,foldit_recycles/recyc_24/colab/2003048_1050_unrelaxed_rank_003_alphafold2_ptm_model_2_seed_000.pdb,85.83
1512,foldit_recycles/recyc_24/colab/2003285_0000_unrelaxed_rank_001_alphafold2_ptm_model_2_seed_000.pdb,93.91
1513,foldit_recycles/recyc_24/colab/2003532_0000_unrelaxed_rank_004_alphafold2_ptm_model_4_seed_000.pdb,85.38
1514,foldit_recycles/recyc_24/colab/2003245_0004_unrelaxed_rank_005_alphafold2_ptm_model_1_seed_000.pdb,89.96
1515,foldit_recycles/recyc_24/colab/2003265_s003_unrelaxed_rank_001_alphafold2_ptm_model_2_seed_000.pdb,88.04
1516,foldit_recycles/recyc_24/colab/2002089_0001_unrelaxed_rank_003_alphafold2_ptm_model_1_seed_000.pdb,67.51
1517,foldit_recycles/recyc_24/colab/2003382_s005_unrelaxed_rank_003_alphafold2_ptm_model_1_seed_000.pdb,75.05
1518,foldit_recycles/recyc_24/colab/2003205_0000_unrelaxed_rank_003_alphafold2_ptm_model_2_seed_000.pdb,90.03
1519,foldit_recycles/recyc_24/colab/997791_1027_unrelaxed_rank_005_alphafold2_ptm_model_4_seed_000.pdb,88.53
1520,foldit_recycles/recyc_24/colab/2002089_0001_unrelaxed_rank_001_alphafold2_ptm_model_3_seed_000.pdb,90.2
1521,foldit_recycles/recyc_24/colab/2002745_0008_unrelaxed_rank_003_alphafold2_ptm_model_1_seed_000.pdb,89.37
1522,foldit_recycles/recyc_24/colab/1998520_0002_unrelaxed_rank_001_alphafold2_ptm_model_4_seed_000.pdb,90.49
1523,foldit_recycles/recyc_24/colab/2003333_1006_unrelaxed_rank_002_alphafold2_ptm_model_4_seed_000.pdb,85.56
1524,foldit_recycles/recyc_24/colab/1998925_s005_unrelaxed_rank_004_alphafold2_ptm_model_1_seed_000.pdb,71.82
1525,foldit_recycles/recyc_24/colab/2003485_1036_unrelaxed_rank_004_alphafold2_ptm_model_5_seed_000.pdb,78.86
1526,foldit_recycles/recyc_24/colab/2000518_0000_unrelaxed_rank_001_alphafold2_ptm_model_2_seed_000.pdb,77.64
1527,foldit_recycles/recyc_24/colab/2003285_0000_unrelaxed_rank_002_alphafold2_ptm_model_3_seed_000.pdb,92.17
1528,foldit_recycles/recyc_24/colab/2003048_S697_unrelaxed_rank_005_alphafold2_ptm_model_4_seed_000.pdb,81.08
1529,foldit_recycles/recyc_24/colab/2003308_1010_unrelaxed_rank_002_alphafold2_ptm_model_4_seed_000.pdb,89.14
1530,foldit_recycles/recyc_24/colab/2002089_1029_unrelaxed_rank_004_alphafold2_ptm_model_4_seed_000.pdb,78.97
1531,foldit_recycles/recyc_24/colab/997523_0008_unrelaxed_rank_003_alphafold2_ptm_model_5_seed_000.pdb,90.35
1532,foldit_recycles/recyc_24/colab/2003594_0000_unrelaxed_rank_005_alphafold2_ptm_model_4_seed_000.pdb,91.86
1533,foldit_recycles/recyc_24/colab/2003382_0004_unrelaxed_rank_002_alphafold2_ptm_model_5_seed_000.pdb,80.2
1534,foldit_recycles/recyc_24/colab/2003308_1010_unrelaxed_rank_003_alphafold2_ptm_model_3_seed_000.pdb,88.59
1535,foldit_recycles/recyc_24/colab/2003360_s004_unrelaxed_rank_005_alphafold2_ptm_model_4_seed_000.pdb,88.47
1536,foldit_recycles/recyc_24/colab/997915_0000_unrelaxed_rank_005_alphafold2_ptm_model_4_seed_000.pdb,84.44
1537,foldit_recycles/recyc_24/colab/2002590_S567_unrelaxed_rank_003_alphafold2_ptm_model_5_seed_000.pdb,80.54
1538,foldit_recycles/recyc_24/colab/2003333_0005_unrelaxed_rank_001_alphafold2_ptm_model_4_seed_000.pdb,84.69
1539,foldit_recycles/recyc_24/colab/2003360_s003_unrelaxed_rank_001_alphafold2_ptm_model_2_seed_000.pdb,87.08
1540,foldit_recycles/recyc_24/colab/2003285_s005_unrelaxed_rank_004_alphafold2_ptm_model_4_seed_000.pdb,83.69
1541,foldit_recycles/recyc_24/colab/2003414_1018_unrelaxed_rank_001_alphafold2_ptm_model_3_seed_000.pdb,85.34
1542,foldit_recycles/recyc_24/colab/2002308_0000_unrelaxed_rank_001_alphafold2_ptm_model_2_seed_000.pdb,84.67
1543,foldit_recycles/recyc_24/colab/2002376_0003_unrelaxed_rank_001_alphafold2_ptm_model_2_seed_000.pdb,78.32
1544,foldit_recycles/recyc_24/colab/2002376_0003_unrelaxed_rank_004_alphafold2_ptm_model_4_seed_000.pdb,68.9
1545,foldit_recycles/recyc_24/colab/2003382_0002_unrelaxed_rank_001_alphafold2_ptm_model_2_seed_000.pdb,89.45
1546,foldit_recycles/recyc_24/colab/2002766_0006_unrelaxed_rank_005_alphafold2_ptm_model_4_seed_000.pdb,86.38
1547,foldit_recycles/recyc_24/colab/2002713_1006_unrelaxed_rank_002_alphafold2_ptm_model_1_seed_000.pdb,90.79
1548,foldit_recycles/recyc_24/colab/2003360_s003_unrelaxed_rank_002_alphafold2_ptm_model_1_seed_000.pdb,86.78
1549,foldit_recycles/recyc_24/colab/2003265_0007_unrelaxed_rank_005_alphafold2_ptm_model_4_seed_000.pdb,88.57
1550,foldit_recycles/recyc_24/colab/2003485_1017_unrelaxed_rank_005_alphafold2_ptm_model_3_seed_000.pdb,67.85
1551,foldit_recycles/recyc_24/colab/2002613_0004_unrelaxed_rank_005_alphafold2_ptm_model_2_seed_000.pdb,78.72
1552,foldit_recycles/recyc_24/colab/2002290_S122_unrelaxed_rank_001_alphafold2_ptm_model_2_seed_000.pdb,93.48
1553,foldit_recycles/recyc_24/colab/2000518_0000_unrelaxed_rank_003_alphafold2_ptm_model_4_seed_000.pdb,71.56
1554,foldit_recycles/recyc_24/colab/2003048_S697_unrelaxed_rank_001_alphafold2_ptm_model_1_seed_000.pdb,87.92
1555,foldit_recycles/recyc_24/colab/2003245_S383_unrelaxed_rank_005_alphafold2_ptm_model_4_seed_000.pdb,90.5
1556,foldit_recycles/recyc_24/colab/2003485_S412_unrelaxed_rank_004_alphafold2_ptm_model_2_seed_000.pdb,78.31
1557,foldit_recycles/recyc_24/colab/997523_0003_unrelaxed_rank_002_alphafold2_ptm_model_5_seed_000.pdb,85.1
1558,foldit_recycles/recyc_24/colab/2002745_0000_unrelaxed_rank_003_alphafold2_ptm_model_2_seed_000.pdb,90.4
1559,foldit_recycles/recyc_24/colab/2003048_0005_unrelaxed_rank_003_alphafold2_ptm_model_4_seed_000.pdb,77.67
1560,foldit_recycles/recyc_24/colab/2003455_0009_unrelaxed_rank_004_alphafold2_ptm_model_5_seed_000.pdb,73.88
1561,foldit_recycles/recyc_24/colab/2003333_1013_unrelaxed_rank_001_alphafold2_ptm_model_1_seed_000.pdb,77.13
1562,foldit_recycles/recyc_24/colab/1998469_0000_unrelaxed_rank_003_alphafold2_ptm_model_5_seed_000.pdb,81.87
1563,foldit_recycles/recyc_24/colab/2000518_0000_unrelaxed_rank_005_alphafold2_ptm_model_3_seed_000.pdb,69.47
1564,foldit_recycles/recyc_24/colab/2003382_0009_unrelaxed_rank_003_alphafold2_ptm_model_1_seed_000.pdb,60.78
1565,foldit_recycles/recyc_24/colab/2002745_0000_unrelaxed_rank_001_alphafold2_ptm_model_3_seed_000.pdb,92.67
1566,foldit_recycles/recyc_24/colab/2003455_s008_unrelaxed_rank_004_alphafold2_ptm_model_1_seed_000.pdb,61.57
1567,foldit_recycles/recyc_24/colab/2002553_0000_unrelaxed_rank_005_alphafold2_ptm_model_1_seed_000.pdb,74.51
1568,foldit_recycles/recyc_24/colab/2003455_s008_unrelaxed_rank_001_alphafold2_ptm_model_4_seed_000.pdb,67.92
1569,foldit_recycles/recyc_24/colab/2003382_0004_unrelaxed_rank_003_alphafold2_ptm_model_2_seed_000.pdb,79.33
1570,foldit_recycles/recyc_24/colab/2003205_0003_unrelaxed_rank_005_alphafold2_ptm_model_2_seed_000.pdb,82.31
1571,foldit_recycles/recyc_24/colab/2003205_0008_unrelaxed_rank_005_alphafold2_ptm_model_4_seed_000.pdb,80.34
1572,foldit_recycles/recyc_24/colab/2002766_0002_unrelaxed_rank_001_alphafold2_ptm_model_1_seed_000.pdb,87.93
1573,foldit_recycles/recyc_24/colab/2002553_0000_unrelaxed_rank_001_alphafold2_ptm_model_5_seed_000.pdb,84.72
1574,foldit_recycles/recyc_24/colab/1998925_s005_unrelaxed_rank_001_alphafold2_ptm_model_5_seed_000.pdb,80.04
1575,foldit_recycles/recyc_24/colab/2002544_0000_unrelaxed_rank_002_alphafold2_ptm_model_2_seed_000.pdb,88.03
1576,foldit_recycles/recyc_24/colab/2003205_0002_unrelaxed_rank_005_alphafold2_ptm_model_3_seed_000.pdb,88.59
1577,foldit_recycles/recyc_24/colab/2003169_s001_unrelaxed_rank_004_alphafold2_ptm_model_1_seed_000.pdb,81.92
1578,foldit_recycles/recyc_24/colab/2002469_0001_unrelaxed_rank_001_alphafold2_ptm_model_5_seed_000.pdb,88.59
1579,foldit_recycles/recyc_24/colab/2002376_0003_unrelaxed_rank_003_alphafold2_ptm_model_3_seed_000.pdb,74.29
1580,foldit_recycles/recyc_24/colab/2002376_0000_unrelaxed_rank_005_alphafold2_ptm_model_2_seed_000.pdb,73.38
1581,foldit_recycles/recyc_24/colab/997523_0005_unrelaxed_rank_003_alphafold2_ptm_model_2_seed_000.pdb,85.33
1582,foldit_recycles/recyc_24/colab/2003205_1035_unrelaxed_rank_004_alphafold2_ptm_model_5_seed_000.pdb,72.12
1583,foldit_recycles/recyc_24/colab/2003308_1010_unrelaxed_rank_004_alphafold2_ptm_model_1_seed_000.pdb,86.28
1584,foldit_recycles/recyc_24/colab/997523_0006_unrelaxed_rank_001_alphafold2_ptm_model_5_seed_000.pdb,92.03
1585,foldit_recycles/recyc_24/colab/2003333_s001_unrelaxed_rank_003_alphafold2_ptm_model_1_seed_000.pdb,74.99
1586,foldit_recycles/recyc_24/colab/2003308_0005_unrelaxed_rank_004_alphafold2_ptm_model_5_seed_000.pdb,76.98
1587,foldit_recycles/recyc_24/colab/2002745_0004_unrelaxed_rank_003_alphafold2_ptm_model_5_seed_000.pdb,89.69
1588,foldit_recycles/recyc_24/colab/2001044_0000_unrelaxed_rank_003_alphafold2_ptm_model_3_seed_000.pdb,87.67
1589,foldit_recycles/recyc_24/colab/2003285_s005_unrelaxed_rank_001_alphafold2_ptm_model_1_seed_000.pdb,87.04
1590,foldit_recycles/recyc_24/colab/2003455_0002_unrelaxed_rank_004_alphafold2_ptm_model_5_seed_000.pdb,68.79
1591,foldit_recycles/recyc_24/colab/2002308_S695_unrelaxed_rank_005_alphafold2_ptm_model_3_seed_000.pdb,57.06
1592,foldit_recycles/recyc_24/colab/2003308_1010_unrelaxed_rank_001_alphafold2_ptm_model_2_seed_000.pdb,92.53
1593,foldit_recycles/recyc_24/colab/2003265_1034_unrelaxed_rank_004_alphafold2_ptm_model_4_seed_000.pdb,89.82
1594,foldit_recycles/recyc_24/colab/2003205_0000_unrelaxed_rank_005_alphafold2_ptm_model_1_seed_000.pdb,86.57
1595,foldit_recycles/recyc_24/colab/2002990_1039_unrelaxed_rank_005_alphafold2_ptm_model_4_seed_000.pdb,83.52
1596,foldit_recycles/recyc_24/colab/2003048_s009_unrelaxed_rank_003_alphafold2_ptm_model_3_seed_000.pdb,79.9
1597,foldit_recycles/recyc_24/colab/2002877_s005_unrelaxed_rank_004_alphafold2_ptm_model_2_seed_000.pdb,76.64
1598,foldit_recycles/recyc_24/colab/2002787_0005_unrelaxed_rank_005_alphafold2_ptm_model_4_seed_000.pdb,88.9
1599,foldit_recycles/recyc_24/colab/2003205_S722_unrelaxed_rank_003_alphafold2_ptm_model_1_seed_000.pdb,75.77
1600,foldit_recycles/recyc_24/colab/2003485_0000_unrelaxed_rank_005_alphafold2_ptm_model_2_seed_000.pdb,80.2
1601,foldit_recycles/recyc_24/colab/2003333_s003_unrelaxed_rank_005_alphafold2_ptm_model_5_seed_000.pdb,82.54
1602,foldit_recycles/recyc_24/colab/2000665_1003_unrelaxed_rank_004_alphafold2_ptm_model_3_seed_000.pdb,53.27
1603,foldit_recycles/recyc_24/colab/2000240_0002_unrelaxed_rank_004_alphafold2_ptm_model_4_seed_000.pdb,82.95
1604,foldit_recycles/recyc_24/colab/1998925_s005_unrelaxed_rank_005_alphafold2_ptm_model_2_seed_000.pdb,71.29
1605,foldit_recycles/recyc_24/colab/2003048_1024_unrelaxed_rank_002_alphafold2_ptm_model_5_seed_000.pdb,72.09
1606,foldit_recycles/recyc_24/colab/2003265_1034_unrelaxed_rank_001_alphafold2_ptm_model_3_seed_000.pdb,90.78
1607,foldit_recycles/recyc_24/colab/2003333_1006_unrelaxed_rank_003_alphafold2_ptm_model_1_seed_000.pdb,85.5
1608,foldit_recycles/recyc_24/colab/2003532_1022_unrelaxed_rank_003_alphafold2_ptm_model_5_seed_000.pdb,81.39
1609,foldit_recycles/recyc_24/colab/2002766_0006_unrelaxed_rank_003_alphafold2_ptm_model_2_seed_000.pdb,88.03
1610,foldit_recycles/recyc_24/colab/2003205_S506_unrelaxed_rank_002_alphafold2_ptm_model_1_seed_000.pdb,86.05
1611,foldit_recycles/recyc_24/colab/2003245_S385_unrelaxed_rank_002_alphafold2_ptm_model_3_seed_000.pdb,86.03
1612,foldit_recycles/recyc_24/colab/2003360_s000_unrelaxed_rank_005_alphafold2_ptm_model_4_seed_000.pdb,83.81
1613,foldit_recycles/recyc_24/colab/2002713_1006_unrelaxed_rank_005_alphafold2_ptm_model_4_seed_000.pdb,90.24
1614,foldit_recycles/recyc_24/colab/1998555_1041_unrelaxed_rank_004_alphafold2_ptm_model_1_seed_000.pdb,73.95
1615,foldit_recycles/recyc_24/colab/2003594_s008_unrelaxed_rank_001_alphafold2_ptm_model_1_seed_000.pdb,76.84
1616,foldit_recycles/recyc_24/colab/2003594_0000_unrelaxed_rank_004_alphafold2_ptm_model_3_seed_000.pdb,92.75
1617,foldit_recycles/recyc_24/colab/2003382_0009_unrelaxed_rank_001_alphafold2_ptm_model_2_seed_000.pdb,71.99
1618,foldit_recycles/recyc_24/colab/2002486_1012_unrelaxed_rank_003_alphafold2_ptm_model_1_seed_000.pdb,83.69
1619,foldit_recycles/recyc_24/colab/2002334_0005_unrelaxed_rank_002_alphafold2_ptm_model_5_seed_000.pdb,82.95
1620,foldit_recycles/recyc_24/colab/1998469_0000_unrelaxed_rank_001_alphafold2_ptm_model_4_seed_000.pdb,84.1
1621,foldit_recycles/recyc_24/colab/997523_0008_unrelaxed_rank_001_alphafold2_ptm_model_3_seed_000.pdb,91.09
1622,foldit_recycles/recyc_24/colab/2002376_0000_unrelaxed_rank_002_alphafold2_ptm_model_4_seed_000.pdb,76.28
1623,foldit_recycles/recyc_24/colab/2003048_1050_unrelaxed_rank_002_alphafold2_ptm_model_1_seed_000.pdb,86.05
1624,foldit_recycles/recyc_24/colab/2003382_s008_unrelaxed_rank_004_alphafold2_ptm_model_3_seed_000.pdb,71.84
1625,foldit_recycles/recyc_24/colab/2003285_s005_unrelaxed_rank_005_alphafold2_ptm_model_3_seed_000.pdb,79.46
1626,foldit_recycles/recyc_24/colab/2002713_0004_unrelaxed_rank_001_alphafold2_ptm_model_3_seed_000.pdb,86.48
1627,foldit_recycles/recyc_24/colab/2002745_0001_unrelaxed_rank_005_alphafold2_ptm_model_4_seed_000.pdb,85.4
1628,foldit_recycles/recyc_24/colab/2003245_0004_unrelaxed_rank_001_alphafold2_ptm_model_5_seed_000.pdb,91.08
1629,foldit_recycles/recyc_24/colab/997523_0005_unrelaxed_rank_001_alphafold2_ptm_model_1_seed_000.pdb,86.11
1630,foldit_recycles/recyc_24/colab/2002949_0007_unrelaxed_rank_001_alphafold2_ptm_model_2_seed_000.pdb,85.33
1631,foldit_recycles/recyc_24/colab/2003205_0003_unrelaxed_rank_003_alphafold2_ptm_model_3_seed_000.pdb,84.26
1632,foldit_recycles/recyc_24/colab/2003048_0005_unrelaxed_rank_001_alphafold2_ptm_model_5_seed_000.pdb,90.33
1633,foldit_recycles/recyc_24/colab/1998555_1041_unrelaxed_rank_003_alphafold2_ptm_model_3_seed_000.pdb,74.27
1634,foldit_recycles/recyc_24/colab/2003455_1023_unrelaxed_rank_003_alphafold2_ptm_model_4_seed_000.pdb,88.36
1635,foldit_recycles/recyc_24/colab/2003308_0004_unrelaxed_rank_005_alphafold2_ptm_model_3_seed_000.pdb,85.15
1636,foldit_recycles/recyc_24/colab/2003265_S714_unrelaxed_rank_005_alphafold2_ptm_model_5_seed_000.pdb,74.21
1637,foldit_recycles/recyc_24/colab/997523_0000_unrelaxed_rank_004_alphafold2_ptm_model_1_seed_000.pdb,78.1
1638,foldit_recycles/recyc_24/colab/2002949_0007_unrelaxed_rank_004_alphafold2_ptm_model_5_seed_000.pdb,79.16
1639,foldit_recycles/recyc_24/colab/2002243_1016_unrelaxed_rank_004_alphafold2_ptm_model_4_seed_000.pdb,86.32
1640,foldit_recycles/recyc_24/colab/2003485_1017_unrelaxed_rank_003_alphafold2_ptm_model_5_seed_000.pdb,73.29
1641,foldit_recycles/recyc_24/colab/2003265_s008_unrelaxed_rank_004_alphafold2_ptm_model_2_seed_000.pdb,82.47
1642,foldit_recycles/recyc_24/colab/2003382_0002_unrelaxed_rank_003_alphafold2_ptm_model_5_seed_000.pdb,79.14
1643,foldit_recycles/recyc_24/colab/2003265_s008_unrelaxed_rank_005_alphafold2_ptm_model_1_seed_000.pdb,81.49
1644,foldit_recycles/recyc_24/colab/997523_0000_unrelaxed_rank_002_alphafold2_ptm_model_5_seed_000.pdb,80.05
1645,foldit_recycles/recyc_24/colab/2002922_1013_unrelaxed_rank_003_alphafold2_ptm_model_5_seed_000.pdb,84.76
1646,foldit_recycles/recyc_24/colab/2001044_0000_unrelaxed_rank_002_alphafold2_ptm_model_2_seed_000.pdb,88.38
1647,foldit_recycles/recyc_24/colab/2003455_0002_unrelaxed_rank_003_alphafold2_ptm_model_1_seed_000.pdb,71.45
1648,foldit_recycles/recyc_24/colab/2002949_0000_unrelaxed_rank_005_alphafold2_ptm_model_4_seed_000.pdb,85.76
1649,foldit_recycles/recyc_24/colab/2002745_0000_unrelaxed_rank_004_alphafold2_ptm_model_4_seed_000.pdb,86.59
1650,foldit_recycles/recyc_24/colab/2002766_0000_unrelaxed_rank_005_alphafold2_ptm_model_3_seed_000.pdb,84.03
1651,foldit_recycles/recyc_24/colab/2002990_1031_unrelaxed_rank_003_alphafold2_ptm_model_4_seed_000.pdb,79.97
1652,foldit_recycles/recyc_24/colab/2002486_1048_unrelaxed_rank_004_alphafold2_ptm_model_3_seed_000.pdb,62.59
1653,foldit_recycles/recyc_24/colab/2003382_1021_unrelaxed_rank_004_alphafold2_ptm_model_1_seed_000.pdb,83.64
1654,foldit_recycles/recyc_24/colab/997258_0004_unrelaxed_rank_001_alphafold2_ptm_model_1_seed_000.pdb,87.33
1655,foldit_recycles/recyc_24/colab/2003360_0005_unrelaxed_rank_005_alphafold2_ptm_model_4_seed_000.pdb,89.91
1656,foldit_recycles/recyc_24/colab/2002334_0005_unrelaxed_rank_004_alphafold2_ptm_model_4_seed_000.pdb,80.21
1657,foldit_recycles/recyc_24/colab/2003333_1013_unrelaxed_rank_004_alphafold2_ptm_model_4_seed_000.pdb,55.68
1658,foldit_recycles/recyc_24/colab/2002243_1016_unrelaxed_rank_005_alphafold2_ptm_model_1_seed_000.pdb,86.26
1659,foldit_recycles/recyc_24/colab/2003360_1013_unrelaxed_rank_004_alphafold2_ptm_model_4_seed_000.pdb,80.69
1660,foldit_recycles/recyc_24/colab/2003455_0002_unrelaxed_rank_005_alphafold2_ptm_model_4_seed_000.pdb,67.67
1661,foldit_recycles/recyc_24/colab/2003048_1050_unrelaxed_rank_004_alphafold2_ptm_model_4_seed_000.pdb,85.2
1662,foldit_recycles/recyc_24/colab/2003265_S115_unrelaxed_rank_001_alphafold2_ptm_model_2_seed_000.pdb,89.91
1663,foldit_recycles/recyc_24/colab/2000518_S468_unrelaxed_rank_005_alphafold2_ptm_model_2_seed_000.pdb,56.09
1664,foldit_recycles/recyc_24/colab/2003308_0005_unrelaxed_rank_001_alphafold2_ptm_model_4_seed_000.pdb,81.61
1665,foldit_recycles/recyc_24/colab/2003360_s000_unrelaxed_rank_002_alphafold2_ptm_model_2_seed_000.pdb,85.4
1666,foldit_recycles/recyc_24/colab/2003382_0004_unrelaxed_rank_005_alphafold2_ptm_model_3_seed_000.pdb,74.42
1667,foldit_recycles/recyc_24/colab/2002089_0001_unrelaxed_rank_004_alphafold2_ptm_model_5_seed_000.pdb,66.97
1668,foldit_recycles/recyc_24/colab/2002308_0000_unrelaxed_rank_002_alphafold2_ptm_model_4_seed_000.pdb,81.73
1669,foldit_recycles/recyc_24/colab/2000485_1070_unrelaxed_rank_004_alphafold2_ptm_model_5_seed_000.pdb,45.44
1670,foldit_recycles/recyc_24/colab/2003169_S953_unrelaxed_rank_005_alphafold2_ptm_model_5_seed_000.pdb,88.4
1671,foldit_recycles/recyc_24/colab/2003532_1022_unrelaxed_rank_001_alphafold2_ptm_model_2_seed_000.pdb,86.49
1672,foldit_recycles/recyc_24/colab/2002308_0005_unrelaxed_rank_003_alphafold2_ptm_model_2_seed_000.pdb,78.54
1673,foldit_recycles/recyc_24/colab/997523_1003_unrelaxed_rank_002_alphafold2_ptm_model_4_seed_000.pdb,78.5
1674,foldit_recycles/recyc_24/colab/997523_1040_unrelaxed_rank_001_alphafold2_ptm_model_2_seed_000.pdb,94.28
1675,foldit_recycles/recyc_24/colab/2002990_0006_unrelaxed_rank_004_alphafold2_ptm_model_4_seed_000.pdb,85.41
1676,foldit_recycles/recyc_24/colab/2003308_0009_unrelaxed_rank_001_alphafold2_ptm_model_4_seed_000.pdb,76.57
1677,foldit_recycles/recyc_24/colab/2003333_0000_unrelaxed_rank_003_alphafold2_ptm_model_3_seed_000.pdb,89.17
1678,foldit_recycles/recyc_24/colab/2003594_S028_unrelaxed_rank_004_alphafold2_ptm_model_1_seed_000.pdb,85.74
1679,foldit_recycles/recyc_24/colab/2003455_S943_unrelaxed_rank_004_alphafold2_ptm_model_1_seed_000.pdb,82.37
1680,foldit_recycles/recyc_24/colab/2003485_0002_unrelaxed_rank_004_alphafold2_ptm_model_5_seed_000.pdb,90.17
1681,foldit_recycles/recyc_24/colab/2003455_S943_unrelaxed_rank_003_alphafold2_ptm_model_2_seed_000.pdb,82.87
1682,foldit_recycles/recyc_24/colab/2003333_1006_unrelaxed_rank_005_alphafold2_ptm_model_5_seed_000.pdb,76.35
1683,foldit_recycles/recyc_24/colab/2002486_1012_unrelaxed_rank_002_alphafold2_ptm_model_4_seed_000.pdb,84.1
1684,foldit_recycles/recyc_24/colab/997383_s346_unrelaxed_rank_001_alphafold2_ptm_model_1_seed_000.pdb,85.7
1685,foldit_recycles/recyc_24/colab/2003455_S943_unrelaxed_rank_001_alphafold2_ptm_model_5_seed_000.pdb,84.23
1686,foldit_recycles/recyc_24/colab/2003594_S603_unrelaxed_rank_002_alphafold2_ptm_model_4_seed_000.pdb,86.69
1687,foldit_recycles/recyc_24/colab/2000665_1003_unrelaxed_rank_002_alphafold2_ptm_model_1_seed_000.pdb,55.4
1688,foldit_recycles/recyc_24/colab/2003205_S722_unrelaxed_rank_004_alphafold2_ptm_model_5_seed_000.pdb,73.89
1689,foldit_recycles/recyc_24/colab/2003048_0005_unrelaxed_rank_005_alphafold2_ptm_model_2_seed_000.pdb,76.28
1690,foldit_recycles/recyc_24/colab/997523_0006_unrelaxed_rank_005_alphafold2_ptm_model_4_seed_000.pdb,76.34
1691,foldit_recycles/recyc_24/colab/2003205_1035_unrelaxed_rank_005_alphafold2_ptm_model_3_seed_000.pdb,72.14
1692,foldit_recycles/recyc_24/colab/997523_0006_unrelaxed_rank_002_alphafold2_ptm_model_2_seed_000.pdb,87.19
1693,foldit_recycles/recyc_24/colab/2003455_0001_unrelaxed_rank_005_alphafold2_ptm_model_2_seed_000.pdb,84.0
1694,foldit_recycles/recyc_24/colab/2003265_1034_unrelaxed_rank_003_alphafold2_ptm_model_2_seed_000.pdb,90.01
1695,foldit_recycles/recyc_24/colab/997258_0001_unrelaxed_rank_002_alphafold2_ptm_model_5_seed_000.pdb,84.87
1696,foldit_recycles/recyc_24/colab/2003360_s000_unrelaxed_rank_004_alphafold2_ptm_model_5_seed_000.pdb,84.9
1697,foldit_recycles/recyc_24/colab/2002486_1012_unrelaxed_rank_001_alphafold2_ptm_model_3_seed_000.pdb,85.81
1698,foldit_recycles/recyc_24/colab/2003205_1035_unrelaxed_rank_001_alphafold2_ptm_model_4_seed_000.pdb,81.85
1699,foldit_recycles/recyc_24/colab/2003382_0002_unrelaxed_rank_005_alphafold2_ptm_model_1_seed_000.pdb,75.95
1700,foldit_recycles/recyc_24/colab/997523_1040_unrelaxed_rank_003_alphafold2_ptm_model_5_seed_000.pdb,91.39
1701,foldit_recycles/recyc_24/colab/2002766_0004_unrelaxed_rank_001_alphafold2_ptm_model_5_seed_000.pdb,81.87
1702,foldit_recycles/recyc_24/colab/2003285_s000_unrelaxed_rank_004_alphafold2_ptm_model_4_seed_000.pdb,91.15
1703,foldit_recycles/recyc_24/colab/2002469_S848_unrelaxed_rank_004_alphafold2_ptm_model_5_seed_000.pdb,70.96
1704,foldit_recycles/recyc_24/colab/2002990_s006_unrelaxed_rank_001_alphafold2_ptm_model_2_seed_000.pdb,92.04
1705,foldit_recycles/recyc_24/colab/2002766_0003_unrelaxed_rank_003_alphafold2_ptm_model_2_seed_000.pdb,83.17
1706,foldit_recycles/recyc_24/colab/2003205_0000_unrelaxed_rank_002_alphafold2_ptm_model_4_seed_000.pdb,90.18
1707,foldit_recycles/recyc_24/colab/2003265_S714_unrelaxed_rank_001_alphafold2_ptm_model_3_seed_000.pdb,82.0
1708,foldit_recycles/recyc_24/colab/2003382_s008_unrelaxed_rank_003_alphafold2_ptm_model_2_seed_000.pdb,80.25
1709,foldit_recycles/recyc_24/colab/2002089_1029_unrelaxed_rank_005_alphafold2_ptm_model_3_seed_000.pdb,75.16
1710,foldit_recycles/recyc_24/colab/997523_0006_unrelaxed_rank_004_alphafold2_ptm_model_3_seed_000.pdb,81.02
1711,foldit_recycles/recyc_24/colab/2003205_s002_unrelaxed_rank_001_alphafold2_ptm_model_3_seed_000.pdb,91.93
1712,foldit_recycles/recyc_24/colab/2003205_s002_unrelaxed_rank_005_alphafold2_ptm_model_4_seed_000.pdb,87.83
1713,foldit_recycles/recyc_24/colab/2003048_S697_unrelaxed_rank_003_alphafold2_ptm_model_5_seed_000.pdb,82.21
1714,foldit_recycles/recyc_24/colab/2002745_0001_unrelaxed_rank_001_alphafold2_ptm_model_3_seed_000.pdb,97.15
1715,foldit_recycles/recyc_24/colab/2003382_s005_unrelaxed_rank_001_alphafold2_ptm_model_3_seed_000.pdb,80.82
1716,foldit_recycles/recyc_24/colab/2002745_0003_unrelaxed_rank_001_alphafold2_ptm_model_3_seed_000.pdb,91.0
1717,foldit_recycles/recyc_24/colab/997523_0005_unrelaxed_rank_004_alphafold2_ptm_model_4_seed_000.pdb,85.26
1718,foldit_recycles/recyc_24/colab/2003532_1020_unrelaxed_rank_003_alphafold2_ptm_model_5_seed_000.pdb,83.71
1719,foldit_recycles/recyc_24/colab/2003205_0000_unrelaxed_rank_004_alphafold2_ptm_model_3_seed_000.pdb,88.28
1720,foldit_recycles/recyc_24/colab/2003265_0007_unrelaxed_rank_001_alphafold2_ptm_model_2_seed_000.pdb,91.28
1721,foldit_recycles/recyc_24/colab/2002766_0006_unrelaxed_rank_002_alphafold2_ptm_model_5_seed_000.pdb,89.34
1722,foldit_recycles/recyc_24/colab/2000518_0003_unrelaxed_rank_004_alphafold2_ptm_model_3_seed_000.pdb,81.51
1723,foldit_recycles/recyc_24/colab/2003285_0000_unrelaxed_rank_005_alphafold2_ptm_model_1_seed_000.pdb,91.31
1724,foldit_recycles/recyc_24/colab/2003360_s003_unrelaxed_rank_003_alphafold2_ptm_model_3_seed_000.pdb,85.8
1725,foldit_recycles/recyc_24/colab/2002308_S695_unrelaxed_rank_004_alphafold2_ptm_model_5_seed_000.pdb,59.36
1726,foldit_recycles/recyc_24/colab/2003594_S028_unrelaxed_rank_001_alphafold2_ptm_model_2_seed_000.pdb,92.21
1727,foldit_recycles/recyc_24/colab/2003048_0003_unrelaxed_rank_002_alphafold2_ptm_model_2_seed_000.pdb,85.51
1728,foldit_recycles/recyc_24/colab/2002990_1039_unrelaxed_rank_003_alphafold2_ptm_model_5_seed_000.pdb,86.1
1729,foldit_recycles/recyc_24/colab/2002990_s006_unrelaxed_rank_004_alphafold2_ptm_model_3_seed_000.pdb,82.07
1730,foldit_recycles/recyc_24/colab/2002766_0000_unrelaxed_rank_004_alphafold2_ptm_model_4_seed_000.pdb,87.33
1731,foldit_recycles/recyc_24/colab/2003265_S714_unrelaxed_rank_004_alphafold2_ptm_model_4_seed_000.pdb,75.73
1732,foldit_recycles/recyc_24/colab/1998469_0000_unrelaxed_rank_002_alphafold2_ptm_model_3_seed_000.pdb,82.18
1733,foldit_recycles/recyc_24/colab/2003048_0003_unrelaxed_rank_001_alphafold2_ptm_model_3_seed_000.pdb,85.89
1734,foldit_recycles/recyc_24/colab/2002766_0002_unrelaxed_rank_003_alphafold2_ptm_model_5_seed_000.pdb,86.47
1735,foldit_recycles/recyc_24/colab/2002766_0006_unrelaxed_rank_001_alphafold2_ptm_model_3_seed_000.pdb,90.46
1736,foldit_recycles/recyc_24/colab/2002376_0000_unrelaxed_rank_003_alphafold2_ptm_model_1_seed_000.pdb,75.85
1737,foldit_recycles/recyc_24/colab/2002745_0008_unrelaxed_rank_004_alphafold2_ptm_model_4_seed_000.pdb,88.62
1738,foldit_recycles/recyc_24/colab/2003265_S115_unrelaxed_rank_005_alphafold2_ptm_model_4_seed_000.pdb,87.31
1739,foldit_recycles/recyc_24/colab/2002486_0006_unrelaxed_rank_004_alphafold2_ptm_model_2_seed_000.pdb,70.53
1740,foldit_recycles/recyc_24/colab/2003333_s001_unrelaxed_rank_001_alphafold2_ptm_model_2_seed_000.pdb,84.11
1741,foldit_recycles/recyc_24/colab/997915_0000_unrelaxed_rank_004_alphafold2_ptm_model_2_seed_000.pdb,84.7
1742,foldit_recycles/recyc_24/colab/2003308_1010_unrelaxed_rank_005_alphafold2_ptm_model_5_seed_000.pdb,85.14
1743,foldit_recycles/recyc_24/colab/2002486_0006_unrelaxed_rank_001_alphafold2_ptm_model_5_seed_000.pdb,75.11
1744,foldit_recycles/recyc_24/colab/2003205_S506_unrelaxed_rank_004_alphafold2_ptm_model_2_seed_000.pdb,83.28
1745,foldit_recycles/recyc_24/colab/2002469_S848_unrelaxed_rank_005_alphafold2_ptm_model_3_seed_000.pdb,67.42
1746,foldit_recycles/recyc_24/colab/997523_0005_unrelaxed_rank_005_alphafold2_ptm_model_5_seed_000.pdb,83.04
1747,foldit_recycles/recyc_24/colab/2003308_0004_unrelaxed_rank_004_alphafold2_ptm_model_5_seed_000.pdb,85.57
1748,foldit_recycles/recyc_24/colab/2003285_s008_unrelaxed_rank_004_alphafold2_ptm_model_5_seed_000.pdb,89.0
1749,foldit_recycles/recyc_24/colab/2003285_0000_unrelaxed_rank_003_alphafold2_ptm_model_4_seed_000.pdb,91.71
1750,foldit_recycles/recyc_24/colab/2003360_s004_unrelaxed_rank_001_alphafold2_ptm_model_3_seed_000.pdb,90.55
1751,foldit_recycles/recyc_24/colab/2000240_s003_unrelaxed_rank_005_alphafold2_ptm_model_3_seed_000.pdb,64.53
1752,foldit_recycles/recyc_24/colab/2003048_1024_unrelaxed_rank_005_alphafold2_ptm_model_2_seed_000.pdb,67.24
1753,foldit_recycles/recyc_24/colab/2002590_S567_unrelaxed_rank_005_alphafold2_ptm_model_3_seed_000.pdb,79.4
1754,foldit_recycles/recyc_24/colab/2003265_s005_unrelaxed_rank_002_alphafold2_ptm_model_3_seed_000.pdb,88.54
1755,foldit_recycles/recyc_24/colab/2002766_0000_unrelaxed_rank_001_alphafold2_ptm_model_1_seed_000.pdb,89.34
1756,foldit_recycles/recyc_24/colab/2002766_0002_unrelaxed_rank_004_alphafold2_ptm_model_4_seed_000.pdb,86.33
1757,foldit_recycles/recyc_24/colab/2003265_s005_unrelaxed_rank_003_alphafold2_ptm_model_2_seed_000.pdb,88.21
1758,foldit_recycles/recyc_24/colab/997915_0000_unrelaxed_rank_001_alphafold2_ptm_model_3_seed_000.pdb,87.66
1759,foldit_recycles/recyc_24/colab/2003485_0002_unrelaxed_rank_001_alphafold2_ptm_model_2_seed_000.pdb,91.55
1760,foldit_recycles/recyc_24/colab/2003308_0004_unrelaxed_rank_003_alphafold2_ptm_model_1_seed_000.pdb,86.87
1761,foldit_recycles/recyc_24/colab/2003265_0007_unrelaxed_rank_003_alphafold2_ptm_model_3_seed_000.pdb,91.14
1762,foldit_recycles/recyc_24/colab/2003333_0000_unrelaxed_rank_002_alphafold2_ptm_model_1_seed_000.pdb,90.91
1763,foldit_recycles/recyc_24/colab/2003205_0008_unrelaxed_rank_003_alphafold2_ptm_model_5_seed_000.pdb,85.1
1764,foldit_recycles/recyc_24/colab/2002590_0001_unrelaxed_rank_003_alphafold2_ptm_model_5_seed_000.pdb,79.36
1765,foldit_recycles/recyc_24/colab/997523_1040_unrelaxed_rank_005_alphafold2_ptm_model_4_seed_000.pdb,78.96
1766,foldit_recycles/recyc_24/colab/2002376_0000_unrelaxed_rank_001_alphafold2_ptm_model_3_seed_000.pdb,78.22
1767,foldit_recycles/recyc_24/colab/2000518_0000_unrelaxed_rank_004_alphafold2_ptm_model_1_seed_000.pdb,70.38
1768,foldit_recycles/recyc_24/colab/2002544_0000_unrelaxed_rank_004_alphafold2_ptm_model_5_seed_000.pdb,86.58
1769,foldit_recycles/recyc_24/colab/2002089_1029_unrelaxed_rank_001_alphafold2_ptm_model_5_seed_000.pdb,83.38
1770,foldit_recycles/recyc_24/colab/2003414_1018_unrelaxed_rank_002_alphafold2_ptm_model_1_seed_000.pdb,84.77
1771,foldit_recycles/recyc_24/colab/2002334_0005_unrelaxed_rank_003_alphafold2_ptm_model_2_seed_000.pdb,80.28
1772,foldit_recycles/recyc_24/colab/2002486_1048_unrelaxed_rank_003_alphafold2_ptm_model_4_seed_000.pdb,64.36
1773,foldit_recycles/recyc_24/colab/2003169_S953_unrelaxed_rank_002_alphafold2_ptm_model_2_seed_000.pdb,90.37
1774,foldit_recycles/recyc_24/colab/2002553_s003_unrelaxed_rank_004_alphafold2_ptm_model_4_seed_000.pdb,84.01
1775,foldit_recycles/recyc_24/colab/2002745_0003_unrelaxed_rank_002_alphafold2_ptm_model_5_seed_000.pdb,89.88
1776,foldit_recycles/recyc_24/colab/2000518_S468_unrelaxed_rank_002_alphafold2_ptm_model_5_seed_000.pdb,73.56
1777,foldit_recycles/recyc_24/colab/2003285_s000_unrelaxed_rank_005_alphafold2_ptm_model_1_seed_000.pdb,90.85
1778,foldit_recycles/recyc_24/colab/2002766_0001_unrelaxed_rank_002_alphafold2_ptm_model_3_seed_000.pdb,92.72
1779,foldit_recycles/recyc_24/colab/997383_s346_unrelaxed_rank_003_alphafold2_ptm_model_5_seed_000.pdb,83.61
1780,foldit_recycles/recyc_24/colab/2000485_1070_unrelaxed_rank_003_alphafold2_ptm_model_2_seed_000.pdb,46.66
1781,foldit_recycles/recyc_24/colab/997523_0000_unrelaxed_rank_001_alphafold2_ptm_model_4_seed_000.pdb,82.36
1782,foldit_recycles/recyc_24/colab/2003455_S943_unrelaxed_rank_005_alphafold2_ptm_model_4_seed_000.pdb,81.96
1783,foldit_recycles/recyc_24/colab/2003333_s003_unrelaxed_rank_002_alphafold2_ptm_model_4_seed_000.pdb,84.3
1784,foldit_recycles/recyc_24/colab/997915_0000_unrelaxed_rank_003_alphafold2_ptm_model_5_seed_000.pdb,86.27
1785,foldit_recycles/recyc_24/colab/2003360_1013_unrelaxed_rank_002_alphafold2_ptm_model_1_seed_000.pdb,85.5
1786,foldit_recycles/recyc_24/colab/2001044_0000_unrelaxed_rank_001_alphafold2_ptm_model_1_seed_000.pdb,88.68
1787,foldit_recycles/recyc_24/colab/2003485_1036_unrelaxed_rank_002_alphafold2_ptm_model_1_seed_000.pdb,79.84
1788,foldit_recycles/recyc_24/colab/1998469_0000_unrelaxed_rank_005_alphafold2_ptm_model_2_seed_000.pdb,79.69
1789,foldit_recycles/recyc_24/colab/2002486_1048_unrelaxed_rank_002_alphafold2_ptm_model_5_seed_000.pdb,71.04
1790,foldit_recycles/recyc_24/colab/2003205_0008_unrelaxed_rank_002_alphafold2_ptm_model_1_seed_000.pdb,86.93
1791,foldit_recycles/recyc_24/colab/2003455_0009_unrelaxed_rank_005_alphafold2_ptm_model_4_seed_000.pdb,70.8
1792,foldit_recycles/recyc_24/colab/2003205_0003_unrelaxed_rank_004_alphafold2_ptm_model_5_seed_000.pdb,84.21
1793,foldit_recycles/recyc_24/colab/2003048_0003_unrelaxed_rank_004_alphafold2_ptm_model_5_seed_000.pdb,84.43
1794,foldit_recycles/recyc_24/colab/2003333_0006_unrelaxed_rank_003_alphafold2_ptm_model_3_seed_000.pdb,93.5
1795,foldit_recycles/recyc_24/colab/2003205_0006_unrelaxed_rank_005_alphafold2_ptm_model_2_seed_000.pdb,68.55
1796,foldit_recycles/recyc_24/colab/2003485_S412_unrelaxed_rank_001_alphafold2_ptm_model_3_seed_000.pdb,82.51
1797,foldit_recycles/recyc_24/colab/2003285_s008_unrelaxed_rank_002_alphafold2_ptm_model_2_seed_000.pdb,89.52
1798,foldit_recycles/recyc_24/colab/1998520_0002_unrelaxed_rank_003_alphafold2_ptm_model_3_seed_000.pdb,63.7
1799,foldit_recycles/recyc_24/colab/2003308_0005_unrelaxed_rank_005_alphafold2_ptm_model_2_seed_000.pdb,76.12
1800,foldit_recycles/recyc_24/colab/2002766_0006_unrelaxed_rank_004_alphafold2_ptm_model_1_seed_000.pdb,87.9
1801,foldit_recycles/recyc_24/colab/2002922_s004_unrelaxed_rank_002_alphafold2_ptm_model_5_seed_000.pdb,88.64
1802,foldit_recycles/recyc_24/colab/2002713_0004_unrelaxed_rank_002_alphafold2_ptm_model_5_seed_000.pdb,86.05
1803,foldit_recycles/recyc_24/colab/997258_0001_unrelaxed_rank_004_alphafold2_ptm_model_1_seed_000.pdb,77.2
1804,foldit_recycles/recyc_24/colab/2003333_0005_unrelaxed_rank_004_alphafold2_ptm_model_5_seed_000.pdb,81.79
1805,foldit_recycles/recyc_24/colab/997523_0005_unrelaxed_rank_002_alphafold2_ptm_model_3_seed_000.pdb,85.68
1806,foldit_recycles/recyc_24/colab/2002713_0000_unrelaxed_rank_003_alphafold2_ptm_model_2_seed_000.pdb,80.56
1807,foldit_recycles/recyc_24/colab/2003205_S506_unrelaxed_rank_003_alphafold2_ptm_model_5_seed_000.pdb,84.82
1808,foldit_recycles/recyc_24/colab/2003205_0008_unrelaxed_rank_001_alphafold2_ptm_model_3_seed_000.pdb,88.68
1809,foldit_recycles/recyc_24/colab/2003205_0002_unrelaxed_rank_001_alphafold2_ptm_model_2_seed_000.pdb,91.2
1810,foldit_recycles/recyc_24/colab/2003594_0000_unrelaxed_rank_002_alphafold2_ptm_model_1_seed_000.pdb,93.08
1811,foldit_recycles/recyc_24/colab/2002990_0006_unrelaxed_rank_002_alphafold2_ptm_model_5_seed_000.pdb,87.32
1812,foldit_recycles/recyc_24/colab/2002922_1013_unrelaxed_rank_002_alphafold2_ptm_model_2_seed_000.pdb,86.24
1813,foldit_recycles/recyc_24/colab/997523_1040_unrelaxed_rank_002_alphafold2_ptm_model_3_seed_000.pdb,93.56
1814,foldit_recycles/recyc_24/colab/2002553_s003_unrelaxed_rank_001_alphafold2_ptm_model_5_seed_000.pdb,87.61
1815,foldit_recycles/recyc_24/colab/2003333_1013_unrelaxed_rank_005_alphafold2_ptm_model_2_seed_000.pdb,51.18
1816,foldit_recycles/recyc_24/colab/2002877_s005_unrelaxed_rank_003_alphafold2_ptm_model_1_seed_000.pdb,79.33
1817,foldit_recycles/recyc_24/colab/2002713_1006_unrelaxed_rank_003_alphafold2_ptm_model_2_seed_000.pdb,90.61
1818,foldit_recycles/recyc_24/colab/2003048_1024_unrelaxed_rank_003_alphafold2_ptm_model_1_seed_000.pdb,69.5
1819,foldit_recycles/recyc_24/colab/2003594_0000_unrelaxed_rank_001_alphafold2_ptm_model_2_seed_000.pdb,94.42
1820,foldit_recycles/recyc_24/colab/2003414_1018_unrelaxed_rank_004_alphafold2_ptm_model_4_seed_000.pdb,84.61
1821,foldit_recycles/recyc_24/colab/2003169_S953_unrelaxed_rank_004_alphafold2_ptm_model_4_seed_000.pdb,88.9
1822,foldit_recycles/recyc_24/colab/2003360_1013_unrelaxed_rank_005_alphafold2_ptm_model_3_seed_000.pdb,79.64
1823,foldit_recycles/recyc_24/colab/2000665_1003_unrelaxed_rank_005_alphafold2_ptm_model_4_seed_000.pdb,48.49
1824,foldit_recycles/recyc_24/colab/2002469_S848_unrelaxed_rank_002_alphafold2_ptm_model_2_seed_000.pdb,76.87
1825,foldit_recycles/recyc_24/colab/2003285_s005_unrelaxed_rank_002_alphafold2_ptm_model_2_seed_000.pdb,85.82
1826,foldit_recycles/recyc_24/colab/2002949_0000_unrelaxed_rank_003_alphafold2_ptm_model_1_seed_000.pdb,87.58
1827,foldit_recycles/recyc_24/colab/2003205_0006_unrelaxed_rank_004_alphafold2_ptm_model_4_seed_000.pdb,68.95
1828,foldit_recycles/recyc_24/colab/2003265_s008_unrelaxed_rank_003_alphafold2_ptm_model_3_seed_000.pdb,83.71
1829,foldit_recycles/recyc_24/colab/2000518_S468_unrelaxed_rank_001_alphafold2_ptm_model_4_seed_000.pdb,78.33
1830,foldit_recycles/recyc_24/colab/2002745_0003_unrelaxed_rank_004_alphafold2_ptm_model_4_seed_000.pdb,87.83
1831,foldit_recycles/recyc_24/colab/2003532_1020_unrelaxed_rank_005_alphafold2_ptm_model_4_seed_000.pdb,82.14
1832,foldit_recycles/recyc_24/colab/997258_0001_unrelaxed_rank_003_alphafold2_ptm_model_4_seed_000.pdb,78.49
1833,foldit_recycles/recyc_24/colab/2003048_1050_unrelaxed_rank_005_alphafold2_ptm_model_3_seed_000.pdb,83.27
1834,foldit_recycles/recyc_24/colab/2000240_s003_unrelaxed_rank_001_alphafold2_ptm_model_2_seed_000.pdb,72.95
1835,foldit_recycles/recyc_24/colab/2002745_0000_unrelaxed_rank_002_alphafold2_ptm_model_5_seed_000.pdb,91.8
1836,foldit_recycles/recyc_24/colab/2003169_s001_unrelaxed_rank_003_alphafold2_ptm_model_5_seed_000.pdb,82.52
1837,foldit_recycles/recyc_24/colab/2002922_1018_unrelaxed_rank_001_alphafold2_ptm_model_3_seed_000.pdb,84.07
1838,foldit_recycles/recyc_24/colab/2003532_1020_unrelaxed_rank_002_alphafold2_ptm_model_1_seed_000.pdb,83.93
1839,foldit_recycles/recyc_24/colab/2003382_0009_unrelaxed_rank_004_alphafold2_ptm_model_5_seed_000.pdb,57.03
1840,foldit_recycles/recyc_24/colab/2003169_s008_unrelaxed_rank_003_alphafold2_ptm_model_3_seed_000.pdb,78.31
1841,foldit_recycles/recyc_24/colab/2002922_s004_unrelaxed_rank_003_alphafold2_ptm_model_1_seed_000.pdb,87.72
1842,foldit_recycles/recyc_24/colab/2003594_s008_unrelaxed_rank_002_alphafold2_ptm_model_2_seed_000.pdb,75.41
1843,foldit_recycles/recyc_24/colab/2002877_s005_unrelaxed_rank_002_alphafold2_ptm_model_3_seed_000.pdb,79.9
1844,foldit_recycles/recyc_24/colab/2002990_1039_unrelaxed_rank_001_alphafold2_ptm_model_3_seed_000.pdb,87.51
1845,foldit_recycles/recyc_24/colab/2003205_0000_unrelaxed_rank_001_alphafold2_ptm_model_5_seed_000.pdb,90.4
1846,foldit_recycles/recyc_24/colab/2003048_s009_unrelaxed_rank_004_alphafold2_ptm_model_2_seed_000.pdb,79.74
1847,foldit_recycles/recyc_24/colab/2002565_0002_unrelaxed_rank_001_alphafold2_ptm_model_5_seed_000.pdb,86.42
1848,foldit_recycles/recyc_24/colab/997523_0000_unrelaxed_rank_003_alphafold2_ptm_model_3_seed_000.pdb,78.87
1849,foldit_recycles/recyc_24/colab/2003594_s008_unrelaxed_rank_004_alphafold2_ptm_model_5_seed_000.pdb,69.12
1850,foldit_recycles/recyc_24/colab/2003485_1017_unrelaxed_rank_002_alphafold2_ptm_model_2_seed_000.pdb,74.4
1851,foldit_recycles/recyc_24/colab/2003265_S714_unrelaxed_rank_002_alphafold2_ptm_model_2_seed_000.pdb,81.5
1852,foldit_recycles/recyc_24/colab/2000665_1003_unrelaxed_rank_003_alphafold2_ptm_model_5_seed_000.pdb,54.4
1853,foldit_recycles/recyc_24/colab/2002766_0003_unrelaxed_rank_005_alphafold2_ptm_model_1_seed_000.pdb,75.43
1854,foldit_recycles/recyc_24/colab/2003308_0005_unrelaxed_rank_002_alphafold2_ptm_model_1_seed_000.pdb,81.54
1855,foldit_recycles/recyc_24/colab/2002290_S122_unrelaxed_rank_003_alphafold2_ptm_model_1_seed_000.pdb,92.67
1856,foldit_recycles/recyc_24/colab/2002990_0006_unrelaxed_rank_005_alphafold2_ptm_model_2_seed_000.pdb,83.9
1857,foldit_recycles/recyc_24/colab/2000518_0003_unrelaxed_rank_003_alphafold2_ptm_model_1_seed_000.pdb,83.58
1858,foldit_recycles/recyc_24/colab/2002613_0004_unrelaxed_rank_004_alphafold2_ptm_model_4_seed_000.pdb,79.07
1859,foldit_recycles/recyc_24/colab/2003455_0009_unrelaxed_rank_001_alphafold2_ptm_model_1_seed_000.pdb,81.76
1860,foldit_recycles/recyc_24/colab/2003532_1020_unrelaxed_rank_001_alphafold2_ptm_model_2_seed_000.pdb,85.04
1861,foldit_recycles/recyc_24/colab/2002949_0000_unrelaxed_rank_002_alphafold2_ptm_model_2_seed_000.pdb,87.7
1862,foldit_recycles/recyc_24/colab/2003308_0009_unrelaxed_rank_003_alphafold2_ptm_model_3_seed_000.pdb,75.06
1863,foldit_recycles/recyc_24/colab/2003455_1023_unrelaxed_rank_001_alphafold2_ptm_model_2_seed_000.pdb,91.02
1864,foldit_recycles/recyc_24/colab/2003414_1018_unrelaxed_rank_005_alphafold2_ptm_model_2_seed_000.pdb,83.02
1865,foldit_recycles/recyc_24/colab/2003594_S028_unrelaxed_rank_005_alphafold2_ptm_model_5_seed_000.pdb,80.88
1866,foldit_recycles/recyc_24/colab/2002553_s003_unrelaxed_rank_005_alphafold2_ptm_model_3_seed_000.pdb,81.86
1867,foldit_recycles/recyc_24/colab/2000240_s003_unrelaxed_rank_003_alphafold2_ptm_model_1_seed_000.pdb,69.65
1868,foldit_recycles/recyc_24/colab/2003485_1036_unrelaxed_rank_005_alphafold2_ptm_model_2_seed_000.pdb,78.76
1869,foldit_recycles/recyc_24/colab/2002308_S695_unrelaxed_rank_002_alphafold2_ptm_model_4_seed_000.pdb,62.34
1870,foldit_recycles/recyc_24/colab/2003455_S886_unrelaxed_rank_001_alphafold2_ptm_model_2_seed_000.pdb,88.37
1871,foldit_recycles/recyc_24/colab/2002553_0000_unrelaxed_rank_003_alphafold2_ptm_model_4_seed_000.pdb,81.73
1872,foldit_recycles/recyc_24/colab/2003455_0009_unrelaxed_rank_002_alphafold2_ptm_model_3_seed_000.pdb,75.36
1873,foldit_recycles/recyc_24/colab/1998925_s008_unrelaxed_rank_004_alphafold2_ptm_model_5_seed_000.pdb,77.2
1874,foldit_recycles/recyc_24/colab/2003333_0006_unrelaxed_rank_001_alphafold2_ptm_model_2_seed_000.pdb,94.77
1875,foldit_recycles/recyc_24/colab/2002990_1039_unrelaxed_rank_002_alphafold2_ptm_model_1_seed_000.pdb,86.5
1876,foldit_recycles/recyc_24/colab/2003285_s000_unrelaxed_rank_003_alphafold2_ptm_model_2_seed_000.pdb,91.51
1877,foldit_recycles/recyc_24/colab/2002713_0000_unrelaxed_rank_001_alphafold2_ptm_model_5_seed_000.pdb,88.11
1878,foldit_recycles/recyc_24/colab/2003382_1021_unrelaxed_rank_005_alphafold2_ptm_model_5_seed_000.pdb,82.38
1879,foldit_recycles/recyc_24/colab/2003205_S722_unrelaxed_rank_002_alphafold2_ptm_model_4_seed_000.pdb,78.22
1880,foldit_recycles/recyc_24/colab/2002553_0000_unrelaxed_rank_004_alphafold2_ptm_model_3_seed_000.pdb,74.94
1881,foldit_recycles/recyc_24/colab/2000240_s003_unrelaxed_rank_002_alphafold2_ptm_model_5_seed_000.pdb,69.72
1882,foldit_recycles/recyc_24/colab/997523_0003_unrelaxed_rank_004_alphafold2_ptm_model_3_seed_000.pdb,82.41
1883,foldit_recycles/recyc_24/colab/2003360_s002_unrelaxed_rank_002_alphafold2_ptm_model_1_seed_000.pdb,87.86
1884,foldit_recycles/recyc_24/colab/2003265_S115_unrelaxed_rank_002_alphafold2_ptm_model_5_seed_000.pdb,89.47
1885,foldit_recycles/recyc_24/colab/2002990_s006_unrelaxed_rank_005_alphafold2_ptm_model_5_seed_000.pdb,73.84
1886,foldit_recycles/recyc_24/colab/2003485_1029_unrelaxed_rank_003_alphafold2_ptm_model_3_seed_000.pdb,74.91
1887,foldit_recycles/recyc_24/colab/2003360_0005_unrelaxed_rank_003_alphafold2_ptm_model_2_seed_000.pdb,90.85
1888,foldit_recycles/recyc_24/colab/2002766_0003_unrelaxed_rank_004_alphafold2_ptm_model_4_seed_000.pdb,75.43
1889,foldit_recycles/recyc_24/colab/2002334_0005_unrelaxed_rank_005_alphafold2_ptm_model_3_seed_000.pdb,76.31
1890,foldit_recycles/recyc_24/colab/2003308_0009_unrelaxed_rank_005_alphafold2_ptm_model_2_seed_000.pdb,70.24
1891,foldit_recycles/recyc_24/colab/2003360_0005_unrelaxed_rank_002_alphafold2_ptm_model_3_seed_000.pdb,90.95
1892,foldit_recycles/recyc_24/colab/2003455_S943_unrelaxed_rank_002_alphafold2_ptm_model_3_seed_000.pdb,83.88
1893,foldit_recycles/recyc_24/colab/2003048_1024_unrelaxed_rank_001_alphafold2_ptm_model_4_seed_000.pdb,74.22
1894,foldit_recycles/recyc_24/colab/2003205_s002_unrelaxed_rank_002_alphafold2_ptm_model_2_seed_000.pdb,91.79
1895,foldit_recycles/recyc_24/colab/2002949_0007_unrelaxed_rank_002_alphafold2_ptm_model_1_seed_000.pdb,80.79
1896,foldit_recycles/recyc_24/colab/2003594_s008_unrelaxed_rank_003_alphafold2_ptm_model_3_seed_000.pdb,75.0
1897,foldit_recycles/recyc_24/colab/2000240_s003_unrelaxed_rank_004_alphafold2_ptm_model_4_seed_000.pdb,64.71
1898,foldit_recycles/recyc_24/colab/2002469_0001_unrelaxed_rank_003_alphafold2_ptm_model_4_seed_000.pdb,78.36
1899,foldit_recycles/recyc_24/colab/2002949_0007_unrelaxed_rank_005_alphafold2_ptm_model_4_seed_000.pdb,77.03
1900,foldit_recycles/recyc_24/colab/2003455_S886_unrelaxed_rank_003_alphafold2_ptm_model_5_seed_000.pdb,80.22
1901,foldit_recycles/recyc_24/colab/2002990_s006_unrelaxed_rank_002_alphafold2_ptm_model_1_seed_000.pdb,89.57
1902,foldit_recycles/recyc_24/colab/2003360_s003_unrelaxed_rank_005_alphafold2_ptm_model_4_seed_000.pdb,82.17
1903,foldit_recycles/recyc_24/colab/2003455_S886_unrelaxed_rank_005_alphafold2_ptm_model_4_seed_000.pdb,66.29
1904,foldit_recycles/recyc_24/colab/2002308_0005_unrelaxed_rank_002_alphafold2_ptm_model_1_seed_000.pdb,79.83
1905,foldit_recycles/recyc_24/colab/2003382_0004_unrelaxed_rank_001_alphafold2_ptm_model_1_seed_000.pdb,81.16
1906,foldit_recycles/recyc_24/colab/997383_s346_unrelaxed_rank_005_alphafold2_ptm_model_2_seed_000.pdb,74.96
1907,foldit_recycles/recyc_24/colab/2002949_0000_unrelaxed_rank_001_alphafold2_ptm_model_3_seed_000.pdb,88.63
1908,foldit_recycles/recyc_24/colab/2003205_0003_unrelaxed_rank_001_alphafold2_ptm_model_1_seed_000.pdb,90.15
1909,foldit_recycles/recyc_24/colab/997523_1003_unrelaxed_rank_001_alphafold2_ptm_model_1_seed_000.pdb,82.02
1910,foldit_recycles/recyc_24/colab/2003265_s008_unrelaxed_rank_001_alphafold2_ptm_model_5_seed_000.pdb,84.75
1911,foldit_recycles/recyc_24/colab/2002544_0000_unrelaxed_rank_001_alphafold2_ptm_model_3_seed_000.pdb,88.37
1912,foldit_recycles/recyc_24/colab/997523_0008_unrelaxed_rank_004_alphafold2_ptm_model_1_seed_000.pdb,89.22
1913,foldit_recycles/recyc_24/colab/2003485_1036_unrelaxed_rank_003_alphafold2_ptm_model_4_seed_000.pdb,79.36
1914,foldit_recycles/recyc_24/colab/2002766_0001_unrelaxed_rank_001_alphafold2_ptm_model_2_seed_000.pdb,93.83
1915,foldit_recycles/recyc_24/colab/2003360_s004_unrelaxed_rank_003_alphafold2_ptm_model_1_seed_000.pdb,89.01
1916,foldit_recycles/recyc_24/colab/2002745_0008_unrelaxed_rank_002_alphafold2_ptm_model_2_seed_000.pdb,92.21
1917,foldit_recycles/recyc_24/colab/1998469_0000_unrelaxed_rank_004_alphafold2_ptm_model_1_seed_000.pdb,80.3
1918,foldit_recycles/recyc_24/colab/2002745_0004_unrelaxed_rank_001_alphafold2_ptm_model_3_seed_000.pdb,89.98
1919,foldit_recycles/recyc_24/colab/2003169_s008_unrelaxed_rank_004_alphafold2_ptm_model_4_seed_000.pdb,77.3
1920,foldit_recycles/recyc_24/colab/1998925_s008_unrelaxed_rank_002_alphafold2_ptm_model_2_seed_000.pdb,82.52
1921,foldit_recycles/recyc_24/colab/2003485_1029_unrelaxed_rank_002_alphafold2_ptm_model_4_seed_000.pdb,77.07
1922,foldit_recycles/recyc_24/colab/2002990_1031_unrelaxed_rank_004_alphafold2_ptm_model_5_seed_000.pdb,79.93
1923,foldit_recycles/recyc_24/colab/2002469_S848_unrelaxed_rank_003_alphafold2_ptm_model_4_seed_000.pdb,71.44
1924,foldit_recycles/recyc_24/colab/2002243_1016_unrelaxed_rank_001_alphafold2_ptm_model_3_seed_000.pdb,87.78
1925,foldit_recycles/recyc_24/colab/2002243_1016_unrelaxed_rank_002_alphafold2_ptm_model_5_seed_000.pdb,87.03
1926,foldit_recycles/recyc_24/colab/2003382_0004_unrelaxed_rank_004_alphafold2_ptm_model_4_seed_000.pdb,76.13
1927,foldit_recycles/recyc_24/colab/2003245_S385_unrelaxed_rank_004_alphafold2_ptm_model_5_seed_000.pdb,85.27
1928,foldit_recycles/recyc_24/colab/2003360_s004_unrelaxed_rank_004_alphafold2_ptm_model_5_seed_000.pdb,88.8
1929,foldit_recycles/recyc_24/colab/2003169_s008_unrelaxed_rank_001_alphafold2_ptm_model_1_seed_000.pdb,87.02
1930,foldit_recycles/recyc_24/colab/2003048_1050_unrelaxed_rank_001_alphafold2_ptm_model_5_seed_000.pdb,86.07
1931,foldit_recycles/recyc_24/colab/2003382_s005_unrelaxed_rank_004_alphafold2_ptm_model_4_seed_000.pdb,74.83
1932,foldit_recycles/recyc_24/colab/2003485_1017_unrelaxed_rank_001_alphafold2_ptm_model_1_seed_000.pdb,75.54
1933,foldit_recycles/recyc_24/colab/2002745_0001_unrelaxed_rank_004_alphafold2_ptm_model_1_seed_000.pdb,86.91
1934,foldit_recycles/recyc_24/colab/2003455_S886_unrelaxed_rank_004_alphafold2_ptm_model_1_seed_000.pdb,79.13
1935,foldit_recycles/recyc_24/colab/2003308_0004_unrelaxed_rank_001_alphafold2_ptm_model_2_seed_000.pdb,89.51
1936,foldit_recycles/recyc_24/colab/2003594_S603_unrelaxed_rank_005_alphafold2_ptm_model_5_seed_000.pdb,69.92
1937,foldit_recycles/recyc_24/colab/2002376_0000_unrelaxed_rank_004_alphafold2_ptm_model_5_seed_000.pdb,74.15
1938,foldit_recycles/recyc_24/colab/2003485_1017_unrelaxed_rank_004_alphafold2_ptm_model_4_seed_000.pdb,68.74
1939,foldit_recycles/recyc_24/colab/2002713_0004_unrelaxed_rank_005_alphafold2_ptm_model_2_seed_000.pdb,83.03
1940,foldit_recycles/recyc_24/colab/2003360_1013_unrelaxed_rank_003_alphafold2_ptm_model_5_seed_000.pdb,81.28
1941,foldit_recycles/recyc_24/colab/2002486_0006_unrelaxed_rank_005_alphafold2_ptm_model_4_seed_000.pdb,69.56
1942,foldit_recycles/recyc_24/colab/2003333_1013_unrelaxed_rank_002_alphafold2_ptm_model_5_seed_000.pdb,68.07
1943,foldit_recycles/recyc_24/colab/2003205_0003_unrelaxed_rank_002_alphafold2_ptm_model_4_seed_000.pdb,86.5
1944,foldit_recycles/recyc_24/colab/2003308_0009_unrelaxed_rank_002_alphafold2_ptm_model_5_seed_000.pdb,76.27
1945,foldit_recycles/recyc_24/colab/2003245_0004_unrelaxed_rank_003_alphafold2_ptm_model_2_seed_000.pdb,90.41
1946,foldit_recycles/recyc_24/colab/2002486_1048_unrelaxed_rank_005_alphafold2_ptm_model_2_seed_000.pdb,62.39
1947,foldit_recycles/recyc_24/colab/2003285_s000_unrelaxed_rank_001_alphafold2_ptm_model_3_seed_000.pdb,92.77
1948,foldit_recycles/recyc_24/colab/2002308_0005_unrelaxed_rank_001_alphafold2_ptm_model_4_seed_000.pdb,84.58
1949,foldit_recycles/recyc_24/colab/2003455_s008_unrelaxed_rank_002_alphafold2_ptm_model_2_seed_000.pdb,63.62
1950,foldit_recycles/recyc_24/colab/2003333_0006_unrelaxed_rank_005_alphafold2_ptm_model_4_seed_000.pdb,92.59
1951,foldit_recycles/recyc_24/colab/2002922_1018_unrelaxed_rank_003_alphafold2_ptm_model_5_seed_000.pdb,83.51
1952,foldit_recycles/recyc_24/colab/2002766_0004_unrelaxed_rank_003_alphafold2_ptm_model_3_seed_000.pdb,80.47
1953,foldit_recycles/recyc_24/colab/2003333_1006_unrelaxed_rank_001_alphafold2_ptm_model_2_seed_000.pdb,86.77
1954,foldit_recycles/recyc_24/colab/2003532_0000_unrelaxed_rank_003_alphafold2_ptm_model_5_seed_000.pdb,85.48
1955,foldit_recycles/recyc_24/colab/2002613_0004_unrelaxed_rank_001_alphafold2_ptm_model_1_seed_000.pdb,81.16
1956,foldit_recycles/recyc_24/colab/2002486_1012_unrelaxed_rank_004_alphafold2_ptm_model_2_seed_000.pdb,82.82
1957,foldit_recycles/recyc_24/colab/997523_0008_unrelaxed_rank_002_alphafold2_ptm_model_2_seed_000.pdb,90.71
1958,foldit_recycles/recyc_24/colab/2003485_0000_unrelaxed_rank_003_alphafold2_ptm_model_4_seed_000.pdb,82.87
1959,foldit_recycles/recyc_24/colab/2001044_0000_unrelaxed_rank_004_alphafold2_ptm_model_5_seed_000.pdb,87.53
1960,foldit_recycles/recyc_24/colab/1998925_s008_unrelaxed_rank_003_alphafold2_ptm_model_3_seed_000.pdb,79.52
1961,foldit_recycles/recyc_24/colab/2003485_0002_unrelaxed_rank_003_alphafold2_ptm_model_1_seed_000.pdb,90.68
1962,foldit_recycles/recyc_24/colab/2002590_S567_unrelaxed_rank_002_alphafold2_ptm_model_4_seed_000.pdb,81.68
1963,foldit_recycles/recyc_24/colab/2003169_S953_unrelaxed_rank_001_alphafold2_ptm_model_3_seed_000.pdb,90.69
1964,foldit_recycles/recyc_24/colab/2003532_1022_unrelaxed_rank_002_alphafold2_ptm_model_1_seed_000.pdb,85.03
1965,foldit_recycles/recyc_24/colab/2003169_s001_unrelaxed_rank_005_alphafold2_ptm_model_4_seed_000.pdb,79.94
1966,foldit_recycles/recyc_24/colab/2002308_S695_unrelaxed_rank_003_alphafold2_ptm_model_2_seed_000.pdb,60.39
1967,foldit_recycles/recyc_24/colab/2003265_s003_unrelaxed_rank_002_alphafold2_ptm_model_3_seed_000.pdb,87.66
1968,foldit_recycles/recyc_24/colab/2002713_0004_unrelaxed_rank_003_alphafold2_ptm_model_1_seed_000.pdb,85.15
1969,foldit_recycles/recyc_24/colab/2003455_1023_unrelaxed_rank_005_alphafold2_ptm_model_3_seed_000.pdb,87.74
1970,foldit_recycles/recyc_24/colab/2002590_0001_unrelaxed_rank_001_alphafold2_ptm_model_3_seed_000.pdb,83.58
1971,foldit_recycles/recyc_24/colab/2002990_s006_unrelaxed_rank_003_alphafold2_ptm_model_4_seed_000.pdb,84.57
1972,foldit_recycles/recyc_24/colab/2003532_1022_unrelaxed_rank_004_alphafold2_ptm_model_3_seed_000.pdb,80.44
1973,foldit_recycles/recyc_24/colab/2003360_s002_unrelaxed_rank_005_alphafold2_ptm_model_3_seed_000.pdb,83.0
1974,foldit_recycles/recyc_24/colab/2002766_0004_unrelaxed_rank_005_alphafold2_ptm_model_4_seed_000.pdb,79.72
1975,foldit_recycles/recyc_24/colab/2002922_1013_unrelaxed_rank_005_alphafold2_ptm_model_4_seed_000.pdb,83.78
1976,foldit_recycles/recyc_24/colab/2003360_s003_unrelaxed_rank_004_alphafold2_ptm_model_5_seed_000.pdb,84.7
1977,foldit_recycles/recyc_24/colab/997258_0004_unrelaxed_rank_003_alphafold2_ptm_model_3_seed_000.pdb,85.25
1978,foldit_recycles/recyc_24/colab/2003169_s008_unrelaxed_rank_002_alphafold2_ptm_model_2_seed_000.pdb,80.45
1979,foldit_recycles/recyc_24/colab/997258_0001_unrelaxed_rank_005_alphafold2_ptm_model_2_seed_000.pdb,76.27
1980,foldit_recycles/recyc_24/colab/2000240_0002_unrelaxed_rank_001_alphafold2_ptm_model_2_seed_000.pdb,84.28
1981,foldit_recycles/recyc_24/colab/2002949_0007_unrelaxed_rank_003_alphafold2_ptm_model_3_seed_000.pdb,80.15
1982,foldit_recycles/recyc_24/colab/2000665_1003_unrelaxed_rank_001_alphafold2_ptm_model_2_seed_000.pdb,68.63
1983,foldit_recycles/recyc_24/colab/2003485_S412_unrelaxed_rank_005_alphafold2_ptm_model_1_seed_000.pdb,77.12
1984,foldit_recycles/recyc_24/colab/2003485_1029_unrelaxed_rank_004_alphafold2_ptm_model_1_seed_000.pdb,71.86
1985,foldit_recycles/recyc_24/colab/2002745_0003_unrelaxed_rank_003_alphafold2_ptm_model_2_seed_000.pdb,88.45
1986,foldit_recycles/recyc_24/colab/2003360_s004_unrelaxed_rank_002_alphafold2_ptm_model_2_seed_000.pdb,90.36
1987,foldit_recycles/recyc_24/colab/2003265_s008_unrelaxed_rank_002_alphafold2_ptm_model_4_seed_000.pdb,84.26
1988,foldit_recycles/recyc_24/colab/2002787_0005_unrelaxed_rank_001_alphafold2_ptm_model_2_seed_000.pdb,91.34
1989,foldit_recycles/recyc_24/colab/2002290_S122_unrelaxed_rank_004_alphafold2_ptm_model_3_seed_000.pdb,87.08
1990,foldit_recycles/recyc_24/colab/997791_1027_unrelaxed_rank_002_alphafold2_ptm_model_5_seed_000.pdb,90.3
1991,foldit_recycles/recyc_24/colab/2003205_s002_unrelaxed_rank_003_alphafold2_ptm_model_5_seed_000.pdb,89.58
1992,foldit_recycles/recyc_24/colab/2003455_0002_unrelaxed_rank_002_alphafold2_ptm_model_3_seed_000.pdb,76.59
1993,foldit_recycles/recyc_24/colab/2002990_1031_unrelaxed_rank_002_alphafold2_ptm_model_3_seed_000.pdb,81.16
1994,foldit_recycles/recyc_24/colab/2003485_0000_unrelaxed_rank_002_alphafold2_ptm_model_5_seed_000.pdb,83.15
1995,foldit_recycles/recyc_24/colab/997523_1003_unrelaxed_rank_004_alphafold2_ptm_model_3_seed_000.pdb,75.76
1996,foldit_recycles/recyc_24/colab/2002713_0000_unrelaxed_rank_004_alphafold2_ptm_model_1_seed_000.pdb,80.44
1997,foldit_recycles/recyc_24/colab/2003205_0006_unrelaxed_rank_003_alphafold2_ptm_model_3_seed_000.pdb,69.52
1998,foldit_recycles/recyc_24/colab/2002590_0001_unrelaxed_rank_002_alphafold2_ptm_model_1_seed_000.pdb,81.43
1999,foldit_recycles/recyc_24/colab/2003048_0003_unrelaxed_rank_003_alphafold2_ptm_model_1_seed_000.pdb,85.5
2000,foldit_recycles/recyc_24/colab/2003265_s005_unrelaxed_rank_004_alphafold2_ptm_model_5_seed_000.pdb,88.05
2001,foldit_recycles/recyc_24/colab/1998925_s008_unrelaxed_rank_001_alphafold2_ptm_model_4_seed_000.pdb,84.17
2002,foldit_recycles/recyc_24/colab/2002990_0006_unrelaxed_rank_003_alphafold2_ptm_model_1_seed_000.pdb,86.35
2003,foldit_recycles/recyc_24/colab/2003169_S953_unrelaxed_rank_003_alphafold2_ptm_model_1_seed_000.pdb,89.06
2004,foldit_recycles/recyc_24/colab/1998555_1041_unrelaxed_rank_001_alphafold2_ptm_model_5_seed_000.pdb,76.76
2005,foldit_recycles/recyc_24/colab/2003048_S697_unrelaxed_rank_004_alphafold2_ptm_model_2_seed_000.pdb,81.31
2006,foldit_recycles/recyc_24/colab/2003265_s003_unrelaxed_rank_004_alphafold2_ptm_model_4_seed_000.pdb,87.18
2007,foldit_recycles/recyc_24/colab/2002787_0005_unrelaxed_rank_004_alphafold2_ptm_model_5_seed_000.pdb,89.51
2008,foldit_recycles/recyc_24/colab/2003455_0001_unrelaxed_rank_004_alphafold2_ptm_model_5_seed_000.pdb,84.7
2009,foldit_recycles/recyc_24/colab/2003333_s003_unrelaxed_rank_004_alphafold2_ptm_model_2_seed_000.pdb,82.98
2010,foldit_recycles/recyc_24/colab/997258_0004_unrelaxed_rank_005_alphafold2_ptm_model_2_seed_000.pdb,82.91
2011,foldit_recycles/recyc_24/colab/2002766_0000_unrelaxed_rank_002_alphafold2_ptm_model_5_seed_000.pdb,88.78
2012,foldit_recycles/recyc_24/colab/2002486_1048_unrelaxed_rank_001_alphafold2_ptm_model_1_seed_000.pdb,72.01
2013,foldit_recycles/recyc_24/colab/2002766_0002_unrelaxed_rank_005_alphafold2_ptm_model_2_seed_000.pdb,86.27
2014,foldit_recycles/recyc_24/colab/2000518_S468_unrelaxed_rank_004_alphafold2_ptm_model_3_seed_000.pdb,72.28
2015,foldit_recycles/recyc_24/colab/2003382_1021_unrelaxed_rank_001_alphafold2_ptm_model_2_seed_000.pdb,84.01
2016,foldit_recycles/recyc_24/colab/2002922_1013_unrelaxed_rank_001_alphafold2_ptm_model_3_seed_000.pdb,86.67
2017,foldit_recycles/recyc_24/colab/2003594_S603_unrelaxed_rank_003_alphafold2_ptm_model_2_seed_000.pdb,74.75
2018,foldit_recycles/recyc_24/colab/2002553_0000_unrelaxed_rank_002_alphafold2_ptm_model_2_seed_000.pdb,83.48
2019,foldit_recycles/recyc_24/colab/2002713_0004_unrelaxed_rank_004_alphafold2_ptm_model_4_seed_000.pdb,83.44
2020,foldit_recycles/recyc_24/colab/2003205_0002_unrelaxed_rank_002_alphafold2_ptm_model_1_seed_000.pdb,90.57
2021,foldit_recycles/recyc_24/colab/2003265_S115_unrelaxed_rank_004_alphafold2_ptm_model_3_seed_000.pdb,88.7
2022,foldit_recycles/recyc_24/colab/2003265_1034_unrelaxed_rank_005_alphafold2_ptm_model_1_seed_000.pdb,89.72
2023,foldit_recycles/recyc_24/colab/2003245_S385_unrelaxed_rank_005_alphafold2_ptm_model_2_seed_000.pdb,85.27
2024,foldit_recycles/recyc_24/colab/2003532_0000_unrelaxed_rank_005_alphafold2_ptm_model_2_seed_000.pdb,85.18
2025,foldit_recycles/recyc_24/colab/2003205_0008_unrelaxed_rank_004_alphafold2_ptm_model_2_seed_000.pdb,80.84
2026,foldit_recycles/recyc_24/colab/2002590_S567_unrelaxed_rank_004_alphafold2_ptm_model_2_seed_000.pdb,80.47
2027,foldit_recycles/recyc_24/colab/2003205_0002_unrelaxed_rank_003_alphafold2_ptm_model_5_seed_000.pdb,90.2
2028,foldit_recycles/recyc_24/colab/2002469_0001_unrelaxed_rank_002_alphafold2_ptm_model_2_seed_000.pdb,88.11
2029,foldit_recycles/recyc_24/colab/2000240_0002_unrelaxed_rank_003_alphafold2_ptm_model_5_seed_000.pdb,83.19
2030,foldit_recycles/recyc_24/colab/2002922_1018_unrelaxed_rank_004_alphafold2_ptm_model_1_seed_000.pdb,82.67
2031,foldit_recycles/recyc_24/colab/2003485_0002_unrelaxed_rank_002_alphafold2_ptm_model_3_seed_000.pdb,91.25
2032,foldit_recycles/recyc_24/colab/2003382_0009_unrelaxed_rank_005_alphafold2_ptm_model_3_seed_000.pdb,56.96
2033,foldit_recycles/recyc_24/colab/2000240_0002_unrelaxed_rank_005_alphafold2_ptm_model_1_seed_000.pdb,82.56
2034,foldit_recycles/recyc_24/colab/2003333_0006_unrelaxed_rank_004_alphafold2_ptm_model_1_seed_000.pdb,93.04
2035,foldit_recycles/recyc_24/colab/2003455_0009_unrelaxed_rank_003_alphafold2_ptm_model_2_seed_000.pdb,73.98
2036,foldit_recycles/recyc_24/colab/2000518_0000_unrelaxed_rank_002_alphafold2_ptm_model_5_seed_000.pdb,76.8
2037,foldit_recycles/recyc_24/colab/2002486_0006_unrelaxed_rank_003_alphafold2_ptm_model_3_seed_000.pdb,73.18
2038,foldit_recycles/recyc_24/colab/2003485_1029_unrelaxed_rank_005_alphafold2_ptm_model_2_seed_000.pdb,66.47
2039,foldit_recycles/recyc_24/colab/2002089_1029_unrelaxed_rank_002_alphafold2_ptm_model_1_seed_000.pdb,83.29
2040,foldit_recycles/recyc_24/colab/2002922_s004_unrelaxed_rank_001_alphafold2_ptm_model_3_seed_000.pdb,88.92
2041,foldit_recycles/recyc_24/colab/997258_0001_unrelaxed_rank_001_alphafold2_ptm_model_3_seed_000.pdb,86.72
2042,foldit_recycles/recyc_24/colab/997523_0003_unrelaxed_rank_001_alphafold2_ptm_model_2_seed_000.pdb,89.25
2043,foldit_recycles/recyc_24/colab/2003265_s003_unrelaxed_rank_005_alphafold2_ptm_model_5_seed_000.pdb,82.49
2044,foldit_recycles/recyc_24/colab/997523_0003_unrelaxed_rank_003_alphafold2_ptm_model_4_seed_000.pdb,84.26
2045,foldit_recycles/recyc_24/colab/2003333_s001_unrelaxed_rank_002_alphafold2_ptm_model_3_seed_000.pdb,80.45
2046,foldit_recycles/recyc_24/colab/2003308_0005_unrelaxed_rank_003_alphafold2_ptm_model_3_seed_000.pdb,79.33
2047,foldit_recycles/recyc_24/colab/2003265_1034_unrelaxed_rank_002_alphafold2_ptm_model_5_seed_000.pdb,90.68
2048,foldit_recycles/recyc_24/colab/2002376_0003_unrelaxed_rank_005_alphafold2_ptm_model_5_seed_000.pdb,68.77
2049,foldit_recycles/recyc_24/colab/2003245_S383_unrelaxed_rank_001_alphafold2_ptm_model_3_seed_000.pdb,92.86
2050,foldit_recycles/recyc_24/colab/2003594_S028_unrelaxed_rank_002_alphafold2_ptm_model_3_seed_000.pdb,91.51
2051,foldit_recycles/recyc_24/colab/2003048_S697_unrelaxed_rank_002_alphafold2_ptm_model_3_seed_000.pdb,85.14
2052,foldit_recycles/recyc_24/colab/2002590_0001_unrelaxed_rank_005_alphafold2_ptm_model_2_seed_000.pdb,78.31
2053,foldit_recycles/recyc_24/colab/2002766_0000_unrelaxed_rank_003_alphafold2_ptm_model_2_seed_000.pdb,88.28
2054,foldit_recycles/recyc_24/colab/2002469_0001_unrelaxed_rank_005_alphafold2_ptm_model_1_seed_000.pdb,75.88
2055,foldit_recycles/recyc_24/colab/997523_0006_unrelaxed_rank_003_alphafold2_ptm_model_1_seed_000.pdb,84.58
2056,foldit_recycles/recyc_24/colab/2003360_0005_unrelaxed_rank_004_alphafold2_ptm_model_1_seed_000.pdb,90.47
2057,foldit_recycles/recyc_24/colab/2003245_S383_unrelaxed_rank_003_alphafold2_ptm_model_1_seed_000.pdb,91.09
2058,foldit_recycles/recyc_24/colab/2003048_0005_unrelaxed_rank_004_alphafold2_ptm_model_1_seed_000.pdb,77.66
2059,foldit_recycles/recyc_24/colab/2002766_0004_unrelaxed_rank_002_alphafold2_ptm_model_1_seed_000.pdb,81.85
2060,foldit_recycles/recyc_24/colab/2003485_0000_unrelaxed_rank_004_alphafold2_ptm_model_3_seed_000.pdb,82.06
2061,foldit_recycles/recyc_24/colab/2003455_1023_unrelaxed_rank_004_alphafold2_ptm_model_5_seed_000.pdb,87.92
2062,foldit_recycles/recyc_24/colab/2003333_0000_unrelaxed_rank_004_alphafold2_ptm_model_4_seed_000.pdb,88.19
2063,foldit_recycles/recyc_24/colab/2003169_s001_unrelaxed_rank_001_alphafold2_ptm_model_3_seed_000.pdb,84.74
2064,foldit_recycles/recyc_24/colab/2002877_s005_unrelaxed_rank_001_alphafold2_ptm_model_4_seed_000.pdb,80.92
2065,foldit_recycles/recyc_24/colab/2003285_s008_unrelaxed_rank_003_alphafold2_ptm_model_1_seed_000.pdb,89.39
2066,foldit_recycles/recyc_24/colab/2000518_0003_unrelaxed_rank_005_alphafold2_ptm_model_2_seed_000.pdb,77.99
2067,foldit_recycles/recyc_24/colab/2002766_0003_unrelaxed_rank_002_alphafold2_ptm_model_5_seed_000.pdb,84.77
2068,foldit_recycles/recyc_24/colab/2002565_0002_unrelaxed_rank_002_alphafold2_ptm_model_3_seed_000.pdb,86.22
2069,foldit_recycles/recyc_24/colab/2003265_s005_unrelaxed_rank_005_alphafold2_ptm_model_4_seed_000.pdb,87.26
2070,foldit_recycles/recyc_24/colab/2002766_0001_unrelaxed_rank_003_alphafold2_ptm_model_5_seed_000.pdb,92.33
2071,foldit_recycles/recyc_24/colab/2002787_0005_unrelaxed_rank_002_alphafold2_ptm_model_3_seed_000.pdb,90.62
2072,foldit_recycles/recyc_24/colab/2003333_s001_unrelaxed_rank_005_alphafold2_ptm_model_4_seed_000.pdb,71.01
2073,foldit_recycles/recyc_24/colab/2003308_0009_unrelaxed_rank_004_alphafold2_ptm_model_1_seed_000.pdb,74.82
2074,foldit_recycles/recyc_24/colab/2002553_s003_unrelaxed_rank_002_alphafold2_ptm_model_1_seed_000.pdb,86.31
2075,foldit_recycles/recyc_24/colab/2003532_0000_unrelaxed_rank_002_alphafold2_ptm_model_1_seed_000.pdb,86.86
2076,foldit_recycles/recyc_24/colab/2003382_1021_unrelaxed_rank_003_alphafold2_ptm_model_3_seed_000.pdb,83.75
2077,foldit_recycles/recyc_24/colab/2003455_S886_unrelaxed_rank_002_alphafold2_ptm_model_3_seed_000.pdb,81.18
2078,foldit_recycles/recyc_24/colab/2003455_0001_unrelaxed_rank_001_alphafold2_ptm_model_3_seed_000.pdb,86.46
2079,foldit_recycles/recyc_24/colab/2002787_0005_unrelaxed_rank_003_alphafold2_ptm_model_1_seed_000.pdb,90.61
2080,foldit_recycles/recyc_24/colab/2003333_0000_unrelaxed_rank_001_alphafold2_ptm_model_2_seed_000.pdb,91.84
2081,foldit_recycles/recyc_24/colab/2003455_s008_unrelaxed_rank_005_alphafold2_ptm_model_3_seed_000.pdb,55.44
2082,foldit_recycles/recyc_24/colab/2003485_S412_unrelaxed_rank_003_alphafold2_ptm_model_5_seed_000.pdb,79.64
2083,foldit_recycles/recyc_24/colab/2003308_0004_unrelaxed_rank_002_alphafold2_ptm_model_4_seed_000.pdb,86.92
2084,foldit_recycles/recyc_24/colab/2002469_0001_unrelaxed_rank_004_alphafold2_ptm_model_3_seed_000.pdb,78.0
2085,foldit_recycles/recyc_24/colab/2003414_1018_unrelaxed_rank_003_alphafold2_ptm_model_5_seed_000.pdb,84.66
2086,foldit_recycles/recyc_24/colab/2003455_0002_unrelaxed_rank_001_alphafold2_ptm_model_2_seed_000.pdb,79.94
2087,foldit_recycles/recyc_24/colab/2002613_0004_unrelaxed_rank_003_alphafold2_ptm_model_5_seed_000.pdb,79.21
2088,foldit_recycles/recyc_24/colab/2003285_s008_unrelaxed_rank_005_alphafold2_ptm_model_4_seed_000.pdb,87.57
2089,foldit_recycles/recyc_24/colab/2003048_s009_unrelaxed_rank_005_alphafold2_ptm_model_5_seed_000.pdb,77.72
2090,foldit_recycles/recyc_24/colab/2003333_0005_unrelaxed_rank_003_alphafold2_ptm_model_2_seed_000.pdb,82.01
2091,foldit_recycles/recyc_24/colab/2003455_s008_unrelaxed_rank_003_alphafold2_ptm_model_5_seed_000.pdb,63.02
2092,foldit_recycles/recyc_24/colab/1998925_s008_unrelaxed_rank_005_alphafold2_ptm_model_1_seed_000.pdb,76.86
2093,foldit_recycles/recyc_24/colab/997791_1027_unrelaxed_rank_001_alphafold2_ptm_model_3_seed_000.pdb,91.03
2094,foldit_recycles/recyc_24/colab/2002990_1039_unrelaxed_rank_004_alphafold2_ptm_model_2_seed_000.pdb,83.54
2095,foldit_recycles/recyc_24/colab/2003265_S115_unrelaxed_rank_003_alphafold2_ptm_model_1_seed_000.pdb,89.36
2096,foldit_recycles/recyc_24/colab/2003048_s009_unrelaxed_rank_001_alphafold2_ptm_model_1_seed_000.pdb,86.14
2097,foldit_recycles/recyc_24/colab/2002745_0000_unrelaxed_rank_005_alphafold2_ptm_model_1_seed_000.pdb,85.89
2098,foldit_recycles/recyc_24/colab/2003382_s008_unrelaxed_rank_002_alphafold2_ptm_model_4_seed_000.pdb,80.81
2099,foldit_recycles/recyc_24/colab/2002308_0005_unrelaxed_rank_004_alphafold2_ptm_model_3_seed_000.pdb,71.88
2100,foldit_recycles/recyc_24/colab/2003485_1036_unrelaxed_rank_001_alphafold2_ptm_model_3_seed_000.pdb,79.85
2101,foldit_recycles/recyc_24/colab/2003333_1006_unrelaxed_rank_004_alphafold2_ptm_model_3_seed_000.pdb,81.23
2102,foldit_recycles/recyc_24/colab/997523_1040_unrelaxed_rank_004_alphafold2_ptm_model_1_seed_000.pdb,90.59
2103,foldit_recycles/recyc_24/colab/2002766_0004_unrelaxed_rank_004_alphafold2_ptm_model_2_seed_000.pdb,80.33
2104,foldit_recycles/recyc_24/colab/2003285_s005_unrelaxed_rank_003_alphafold2_ptm_model_5_seed_000.pdb,84.84
2105,foldit_recycles/recyc_24/colab/2002544_0000_unrelaxed_rank_005_alphafold2_ptm_model_4_seed_000.pdb,84.22
2106,foldit_recycles/recyc_24/colab/2003245_0004_unrelaxed_rank_002_alphafold2_ptm_model_3_seed_000.pdb,91.01
2107,foldit_recycles/recyc_24/colab/2003455_0001_unrelaxed_rank_002_alphafold2_ptm_model_1_seed_000.pdb,85.33
2108,foldit_recycles/recyc_24/colab/2003485_S412_unrelaxed_rank_002_alphafold2_ptm_model_4_seed_000.pdb,82.3
2109,foldit_recycles/recyc_24/colab/2003245_S385_unrelaxed_rank_003_alphafold2_ptm_model_1_seed_000.pdb,85.68
2110,foldit_recycles/recyc_24/colab/2002713_0000_unrelaxed_rank_002_alphafold2_ptm_model_3_seed_000.pdb,82.89
2111,foldit_recycles/recyc_24/colab/2003382_0002_unrelaxed_rank_002_alphafold2_ptm_model_3_seed_000.pdb,83.28
2112,foldit_recycles/recyc_24/colab/2002544_0000_unrelaxed_rank_003_alphafold2_ptm_model_1_seed_000.pdb,86.76
2113,foldit_recycles/recyc_24/colab/997791_1027_unrelaxed_rank_004_alphafold2_ptm_model_2_seed_000.pdb,88.64
2114,foldit_recycles/recyc_24/colab/2000240_0002_unrelaxed_rank_002_alphafold2_ptm_model_3_seed_000.pdb,83.54
2115,foldit_recycles/recyc_24/colab/2003594_S603_unrelaxed_rank_004_alphafold2_ptm_model_3_seed_000.pdb,71.23
2116,foldit_recycles/recyc_24/colab/2003265_0007_unrelaxed_rank_002_alphafold2_ptm_model_5_seed_000.pdb,91.13
2117,foldit_recycles/recyc_24/colab/2002745_0003_unrelaxed_rank_005_alphafold2_ptm_model_1_seed_000.pdb,87.76
2118,foldit_recycles/recyc_24/colab/2003205_S722_unrelaxed_rank_001_alphafold2_ptm_model_3_seed_000.pdb,78.73
2119,foldit_recycles/recyc_24/colab/2003360_s000_unrelaxed_rank_003_alphafold2_ptm_model_3_seed_000.pdb,84.92
2120,foldit_recycles/recyc_24/colab/1998555_1041_unrelaxed_rank_005_alphafold2_ptm_model_2_seed_000.pdb,70.99
2121,foldit_recycles/recyc_24/colab/2003485_0002_unrelaxed_rank_005_alphafold2_ptm_model_4_seed_000.pdb,87.59
2122,foldit_recycles/recyc_24/colab/2003382_s008_unrelaxed_rank_001_alphafold2_ptm_model_1_seed_000.pdb,83.06
2123,foldit_recycles/recyc_24/colab/2002745_0004_unrelaxed_rank_002_alphafold2_ptm_model_2_seed_000.pdb,89.9
2124,foldit_recycles/recyc_24/colab/2003333_0006_unrelaxed_rank_002_alphafold2_ptm_model_5_seed_000.pdb,93.48
2125,foldit_recycles/recyc_24/colab/997383_s346_unrelaxed_rank_002_alphafold2_ptm_model_4_seed_000.pdb,84.23
2126,foldit_recycles/recyc_24/colab/2003205_1035_unrelaxed_rank_003_alphafold2_ptm_model_1_seed_000.pdb,76.5
2127,foldit_recycles/recyc_24/colab/2002308_0005_unrelaxed_rank_005_alphafold2_ptm_model_5_seed_000.pdb,69.29
2128,foldit_recycles/recyc_24/colab/2002565_0002_unrelaxed_rank_004_alphafold2_ptm_model_1_seed_000.pdb,84.04
2129,foldit_recycles/recyc_24/colab/2003265_s003_unrelaxed_rank_003_alphafold2_ptm_model_1_seed_000.pdb,87.62
2130,foldit_recycles/recyc_24/colab/2002990_1031_unrelaxed_rank_001_alphafold2_ptm_model_1_seed_000.pdb,84.05
2131,foldit_recycles/recyc_24/colab/997915_0000_unrelaxed_rank_002_alphafold2_ptm_model_1_seed_000.pdb,86.54
2132,foldit_recycles/recyc_24/colab/2003532_1020_unrelaxed_rank_004_alphafold2_ptm_model_3_seed_000.pdb,83.14
2133,foldit_recycles/recyc_24/colab/2002745_0004_unrelaxed_rank_004_alphafold2_ptm_model_1_seed_000.pdb,88.37
2134,foldit_recycles/recyc_24/colab/2002290_S122_unrelaxed_rank_002_alphafold2_ptm_model_4_seed_000.pdb,93.44
2135,foldit_recycles/recyc_24/colab/1998520_0002_unrelaxed_rank_002_alphafold2_ptm_model_2_seed_000.pdb,84.16
2136,foldit_recycles/recyc_24/colab/2003360_s002_unrelaxed_rank_003_alphafold2_ptm_model_5_seed_000.pdb,84.33
2137,foldit_recycles/recyc_24/colab/2002745_0008_unrelaxed_rank_001_alphafold2_ptm_model_3_seed_000.pdb,93.64
2138,foldit_recycles/recyc_24/colab/997523_1003_unrelaxed_rank_005_alphafold2_ptm_model_2_seed_000.pdb,73.45
2139,foldit_recycles/recyc_24/colab/2002334_0005_unrelaxed_rank_001_alphafold2_ptm_model_1_seed_000.pdb,92.42
2140,foldit_recycles/recyc_24/colab/2000518_S468_unrelaxed_rank_003_alphafold2_ptm_model_1_seed_000.pdb,73.57
2141,foldit_recycles/recyc_24/colab/2003485_1029_unrelaxed_rank_001_alphafold2_ptm_model_5_seed_000.pdb,78.53
2142,foldit_recycles/recyc_24/colab/2003285_0000_unrelaxed_rank_004_alphafold2_ptm_model_5_seed_000.pdb,91.54
2143,foldit_recycles/recyc_24/colab/2003594_S603_unrelaxed_rank_001_alphafold2_ptm_model_1_seed_000.pdb,89.23
2144,foldit_recycles/recyc_24/colab/2003169_s008_unrelaxed_rank_005_alphafold2_ptm_model_5_seed_000.pdb,76.56
2145,foldit_recycles/recyc_24/colab/2002766_0001_unrelaxed_rank_004_alphafold2_ptm_model_1_seed_000.pdb,91.3
2146,foldit_recycles/recyc_24/colab/2002308_0000_unrelaxed_rank_005_alphafold2_ptm_model_5_seed_000.pdb,69.22
2147,foldit_recycles/recyc_24/colab/2001044_0000_unrelaxed_rank_005_alphafold2_ptm_model_4_seed_000.pdb,86.88
2148,foldit_recycles/recyc_24/colab/2002713_1006_unrelaxed_rank_004_alphafold2_ptm_model_5_seed_000.pdb,90.46
2149,foldit_recycles/recyc_24/colab/1998925_s005_unrelaxed_rank_003_alphafold2_ptm_model_4_seed_000.pdb,72.73
2150,foldit_recycles/recyc_24/colab/2000485_1070_unrelaxed_rank_002_alphafold2_ptm_model_1_seed_000.pdb,55.45
2151,foldit_recycles/recyc_24/colab/997258_0004_unrelaxed_rank_004_alphafold2_ptm_model_5_seed_000.pdb,84.1
2152,foldit_recycles/recyc_24/colab/2002089_0001_unrelaxed_rank_005_alphafold2_ptm_model_4_seed_000.pdb,65.65
2153,foldit_recycles/recyc_24/colab/2002553_s003_unrelaxed_rank_003_alphafold2_ptm_model_2_seed_000.pdb,84.3
2154,foldit_recycles/recyc_24/colab/2002922_1018_unrelaxed_rank_002_alphafold2_ptm_model_2_seed_000.pdb,84.07
2155,foldit_recycles/recyc_24/colab/2002990_0006_unrelaxed_rank_001_alphafold2_ptm_model_3_seed_000.pdb,87.76
2156,foldit_recycles/recyc_24/colab/2002745_0001_unrelaxed_rank_003_alphafold2_ptm_model_2_seed_000.pdb,88.19
2157,foldit_recycles/recyc_24/colab/2003382_0002_unrelaxed_rank_004_alphafold2_ptm_model_4_seed_000.pdb,79.08
2158,foldit_recycles/recyc_24/colab/2003333_0005_unrelaxed_rank_005_alphafold2_ptm_model_3_seed_000.pdb,79.65
2159,foldit_recycles/recyc_24/colab/2002590_S567_unrelaxed_rank_001_alphafold2_ptm_model_1_seed_000.pdb,84.23
2160,foldit_recycles/recyc_24/colab/997523_1003_unrelaxed_rank_003_alphafold2_ptm_model_5_seed_000.pdb,76.04
2161,foldit_recycles/recyc_24/colab/2003485_0000_unrelaxed_rank_001_alphafold2_ptm_model_1_seed_000.pdb,84.2
2162,foldit_recycles/recyc_24/colab/2003382_s005_unrelaxed_rank_005_alphafold2_ptm_model_2_seed_000.pdb,71.93
2163,foldit_recycles/recyc_24/colab/2000485_1070_unrelaxed_rank_005_alphafold2_ptm_model_4_seed_000.pdb,43.93
2164,foldit_recycles/recyc_24/colab/997383_s346_unrelaxed_rank_004_alphafold2_ptm_model_3_seed_000.pdb,77.88
2165,foldit_recycles/recyc_24/colab/2002949_0000_unrelaxed_rank_004_alphafold2_ptm_model_5_seed_000.pdb,86.14
2166,foldit_recycles/recyc_24/colab/2003594_0000_unrelaxed_rank_003_alphafold2_ptm_model_5_seed_000.pdb,92.78
2167,foldit_recycles/recyc_24/colab/2002308_S695_unrelaxed_rank_001_alphafold2_ptm_model_1_seed_000.pdb,65.46
2168,foldit_recycles/recyc_24/colab/2003205_0006_unrelaxed_rank_002_alphafold2_ptm_model_1_seed_000.pdb,76.59
2169,foldit_recycles/recyc_24/colab/2002745_0004_unrelaxed_rank_005_alphafold2_ptm_model_4_seed_000.pdb,87.17
2170,foldit_recycles/recyc_24/colab/1998555_1041_unrelaxed_rank_002_alphafold2_ptm_model_4_seed_000.pdb,74.3
2171,foldit_recycles/recyc_24/colab/2003285_s000_unrelaxed_rank_002_alphafold2_ptm_model_5_seed_000.pdb,91.82
2172,foldit_recycles/recyc_24/colab/2003169_s001_unrelaxed_rank_002_alphafold2_ptm_model_2_seed_000.pdb,83.52
2173,foldit_recycles/recyc_24/colab/2003245_S383_unrelaxed_rank_004_alphafold2_ptm_model_5_seed_000.pdb,91.02
2174,foldit_recycles/recyc_24/colab/2003265_s005_unrelaxed_rank_001_alphafold2_ptm_model_1_seed_000.pdb,88.72
2175,foldit_recycles/recyc_24/colab/2003532_0000_unrelaxed_rank_001_alphafold2_ptm_model_3_seed_000.pdb,88.51
2176,foldit_recycles/recyc_24/colab/2003455_1023_unrelaxed_rank_002_alphafold2_ptm_model_1_seed_000.pdb,89.88
2177,foldit_recycles/recyc_24/colab/2003333_0005_unrelaxed_rank_002_alphafold2_ptm_model_1_seed_000.pdb,83.94
2178,foldit_recycles/recyc_24/colab/2002243_1016_unrelaxed_rank_003_alphafold2_ptm_model_2_seed_000.pdb,86.57
2179,foldit_recycles/recyc_24/colab/2003333_s001_unrelaxed_rank_004_alphafold2_ptm_model_5_seed_000.pdb,72.42
2180,foldit_recycles/recyc_24/colab/2003382_s008_unrelaxed_rank_005_alphafold2_ptm_model_5_seed_000.pdb,68.93
2181,foldit_recycles/recyc_24/colab/2002745_0008_unrelaxed_rank_005_alphafold2_ptm_model_5_seed_000.pdb,88.14
2182,foldit_recycles/recyc_24/colab/2002376_0003_unrelaxed_rank_002_alphafold2_ptm_model_1_seed_000.pdb,75.62
2183,foldit_recycles/recyc_24/colab/2003205_S506_unrelaxed_rank_001_alphafold2_ptm_model_3_seed_000.pdb,86.53
2184,foldit_recycles/recyc_24/colab/2002713_1006_unrelaxed_rank_001_alphafold2_ptm_model_3_seed_000.pdb,91.89
2185,foldit_recycles/recyc_24/colab/2003360_1013_unrelaxed_rank_001_alphafold2_ptm_model_2_seed_000.pdb,85.99
2186,foldit_recycles/recyc_24/colab/2003360_s002_unrelaxed_rank_001_alphafold2_ptm_model_2_seed_000.pdb,89.61
2187,foldit_recycles/recyc_24/colab/2003333_s003_unrelaxed_rank_001_alphafold2_ptm_model_3_seed_000.pdb,86.26
2188,foldit_recycles/recyc_24/colab/2002565_0002_unrelaxed_rank_003_alphafold2_ptm_model_4_seed_000.pdb,85.51
2189,foldit_recycles/recyc_24/colab/2003594_S028_unrelaxed_rank_003_alphafold2_ptm_model_4_seed_000.pdb,90.49
2190,foldit_recycles/recyc_24/colab/1998925_s005_unrelaxed_rank_002_alphafold2_ptm_model_3_seed_000.pdb,73.31
2191,foldit_recycles/recyc_24/colab/2003455_0001_unrelaxed_rank_003_alphafold2_ptm_model_4_seed_000.pdb,85.05
2192,foldit_recycles/recyc_24/colab/2002745_0001_unrelaxed_rank_002_alphafold2_ptm_model_5_seed_000.pdb,88.67
2193,foldit_recycles/recyc_24/colab/2002922_1018_unrelaxed_rank_005_alphafold2_ptm_model_4_seed_000.pdb,81.16
2194,foldit_recycles/recyc_24/colab/997523_0008_unrelaxed_rank_005_alphafold2_ptm_model_4_seed_000.pdb,88.57
2195,foldit_recycles/recyc_24/colab/2003245_0004_unrelaxed_rank_004_alphafold2_ptm_model_4_seed_000.pdb,90.08
2196,foldit_recycles/recyc_24/colab/2003333_s003_unrelaxed_rank_003_alphafold2_ptm_model_1_seed_000.pdb,83.89
2197,foldit_recycles/recyc_24/colab/2003205_s002_unrelaxed_rank_004_alphafold2_ptm_model_1_seed_000.pdb,88.02
2198,foldit_recycles/recyc_24/colab/2003382_1021_unrelaxed_rank_002_alphafold2_ptm_model_4_seed_000.pdb,83.77
2199,foldit_recycles/recyc_24/colab/997258_0004_unrelaxed_rank_002_alphafold2_ptm_model_4_seed_000.pdb,86.15
2200,foldit_recycles/recyc_24/colab/2002486_1012_unrelaxed_rank_005_alphafold2_ptm_model_5_seed_000.pdb,81.45
2201,foldit_recycles/recyc_24/colab/2003048_s009_unrelaxed_rank_002_alphafold2_ptm_model_4_seed_000.pdb,80.7
2202,foldit_recycles/recyc_24/colab/2003360_0005_unrelaxed_rank_001_alphafold2_ptm_model_5_seed_000.pdb,91.85
2203,foldit_recycles/recyc_24/colab/2003265_0007_unrelaxed_rank_004_alphafold2_ptm_model_1_seed_000.pdb,89.26
2204,foldit_recycles/recyc_24/colab/2002089_1029_unrelaxed_rank_003_alphafold2_ptm_model_2_seed_000.pdb,79.35
2205,foldit_recycles/recyc_24/colab/2003382_s005_unrelaxed_rank_002_alphafold2_ptm_model_5_seed_000.pdb,76.65
2206,foldit_recycles/recyc_24/colab/2003245_S383_unrelaxed_rank_002_alphafold2_ptm_model_2_seed_000.pdb,91.77
2207,foldit_recycles/recyc_24/colab/2002308_0000_unrelaxed_rank_003_alphafold2_ptm_model_1_seed_000.pdb,80.57
2208,foldit_recycles/recyc_24/colab/2002713_0000_unrelaxed_rank_005_alphafold2_ptm_model_4_seed_000.pdb,77.56
2209,foldit_recycles/recyc_24/colab/2003205_S506_unrelaxed_rank_005_alphafold2_ptm_model_4_seed_000.pdb,82.2
2210,foldit_recycles/recyc_24/colab/2000518_0003_unrelaxed_rank_001_alphafold2_ptm_model_5_seed_000.pdb,85.83
2211,foldit_recycles/recyc_24/colab/2002922_s004_unrelaxed_rank_004_alphafold2_ptm_model_4_seed_000.pdb,87.68
2212,foldit_recycles/recyc_24/colab/2003048_0005_unrelaxed_rank_002_alphafold2_ptm_model_3_seed_000.pdb,79.4
2213,foldit_recycles/recyc_24/colab/2002089_0001_unrelaxed_rank_002_alphafold2_ptm_model_2_seed_000.pdb,77.01
2214,foldit_recycles/recyc_24/colab/997523_0003_unrelaxed_rank_005_alphafold2_ptm_model_1_seed_000.pdb,81.38
2215,foldit_recycles/recyc_24/colab/2003205_0002_unrelaxed_rank_004_alphafold2_ptm_model_4_seed_000.pdb,89.49
2216,foldit_recycles/recyc_24/colab/2002565_0002_unrelaxed_rank_005_alphafold2_ptm_model_2_seed_000.pdb,77.73
2217,foldit_recycles/recyc_24/colab/997523_0000_unrelaxed_rank_005_alphafold2_ptm_model_2_seed_000.pdb,74.49
2218,foldit_recycles/recyc_24/colab/2002469_S848_unrelaxed_rank_001_alphafold2_ptm_model_1_seed_000.pdb,88.12
2219,foldit_recycles/recyc_24/colab/2002486_0006_unrelaxed_rank_002_alphafold2_ptm_model_1_seed_000.pdb,73.52
2220,foldit_recycles/recyc_0/colab/2002089_0001_unrelaxed_rank_003_alphafold2_ptm_model_5_seed_000.pdb,60.12
2221,foldit_recycles/recyc_0/colab/2003308_0004_unrelaxed_rank_004_alphafold2_ptm_model_3_seed_000.pdb,79.27
2222,foldit_recycles/recyc_0/colab/2003532_1022_unrelaxed_rank_003_alphafold2_ptm_model_3_seed_000.pdb,75.15
2223,foldit_recycles/recyc_0/colab/2001044_0000_unrelaxed_rank_005_alphafold2_ptm_model_3_seed_000.pdb,80.93
2224,foldit_recycles/recyc_0/colab/2002713_0000_unrelaxed_rank_003_alphafold2_ptm_model_1_seed_000.pdb,82.74
2225,foldit_recycles/recyc_0/colab/2003360_s002_unrelaxed_rank_004_alphafold2_ptm_model_4_seed_000.pdb,81.17
2226,foldit_recycles/recyc_0/colab/997383_s346_unrelaxed_rank_001_alphafold2_ptm_model_2_seed_000.pdb,73.8
2227,foldit_recycles/recyc_0/colab/2002745_0003_unrelaxed_rank_002_alphafold2_ptm_model_3_seed_000.pdb,89.29
2228,foldit_recycles/recyc_0/colab/2003265_S714_unrelaxed_rank_001_alphafold2_ptm_model_2_seed_000.pdb,80.1
2229,foldit_recycles/recyc_0/colab/2003333_0000_unrelaxed_rank_005_alphafold2_ptm_model_5_seed_000.pdb,80.56
2230,foldit_recycles/recyc_0/colab/997791_1027_unrelaxed_rank_005_alphafold2_ptm_model_1_seed_000.pdb,87.88
2231,foldit_recycles/recyc_0/colab/2001044_0000_unrelaxed_rank_001_alphafold2_ptm_model_2_seed_000.pdb,86.71
2232,foldit_recycles/recyc_0/colab/2003205_0008_unrelaxed_rank_003_alphafold2_ptm_model_1_seed_000.pdb,68.2
2233,foldit_recycles/recyc_0/colab/2002745_0001_unrelaxed_rank_005_alphafold2_ptm_model_1_seed_000.pdb,88.89
2234,foldit_recycles/recyc_0/colab/2003455_0002_unrelaxed_rank_005_alphafold2_ptm_model_5_seed_000.pdb,54.63
2235,foldit_recycles/recyc_0/colab/2003265_s008_unrelaxed_rank_005_alphafold2_ptm_model_3_seed_000.pdb,82.89
2236,foldit_recycles/recyc_0/colab/997258_0004_unrelaxed_rank_002_alphafold2_ptm_model_3_seed_000.pdb,80.97
2237,foldit_recycles/recyc_0/colab/2003205_0006_unrelaxed_rank_001_alphafold2_ptm_model_5_seed_000.pdb,65.25
2238,foldit_recycles/recyc_0/colab/2003360_0005_unrelaxed_rank_004_alphafold2_ptm_model_3_seed_000.pdb,86.14
2239,foldit_recycles/recyc_0/colab/2003485_1029_unrelaxed_rank_004_alphafold2_ptm_model_4_seed_000.pdb,66.59
2240,foldit_recycles/recyc_0/colab/997523_0008_unrelaxed_rank_001_alphafold2_ptm_model_5_seed_000.pdb,91.95
2241,foldit_recycles/recyc_0/colab/2003333_1013_unrelaxed_rank_005_alphafold2_ptm_model_4_seed_000.pdb,52.96
2242,foldit_recycles/recyc_0/colab/997523_0006_unrelaxed_rank_003_alphafold2_ptm_model_5_seed_000.pdb,74.71
2243,foldit_recycles/recyc_0/colab/2003265_s008_unrelaxed_rank_002_alphafold2_ptm_model_5_seed_000.pdb,84.92
2244,foldit_recycles/recyc_0/colab/1998520_0002_unrelaxed_rank_005_alphafold2_ptm_model_5_seed_000.pdb,54.98
2245,foldit_recycles/recyc_0/colab/2003048_S697_unrelaxed_rank_002_alphafold2_ptm_model_1_seed_000.pdb,68.02
2246,foldit_recycles/recyc_0/colab/2003169_S953_unrelaxed_rank_001_alphafold2_ptm_model_2_seed_000.pdb,91.31
2247,foldit_recycles/recyc_0/colab/2003333_1006_unrelaxed_rank_002_alphafold2_ptm_model_3_seed_000.pdb,76.84
2248,foldit_recycles/recyc_0/colab/2003455_0002_unrelaxed_rank_004_alphafold2_ptm_model_4_seed_000.pdb,67.64
2249,foldit_recycles/recyc_0/colab/2003048_1050_unrelaxed_rank_003_alphafold2_ptm_model_2_seed_000.pdb,83.64
2250,foldit_recycles/recyc_0/colab/1998520_0002_unrelaxed_rank_003_alphafold2_ptm_model_4_seed_000.pdb,68.8
2251,foldit_recycles/recyc_0/colab/997915_0000_unrelaxed_rank_005_alphafold2_ptm_model_5_seed_000.pdb,84.06
2252,foldit_recycles/recyc_0/colab/2003285_0000_unrelaxed_rank_002_alphafold2_ptm_model_3_seed_000.pdb,83.83
2253,foldit_recycles/recyc_0/colab/997523_0000_unrelaxed_rank_003_alphafold2_ptm_model_4_seed_000.pdb,77.69
2254,foldit_recycles/recyc_0/colab/1998520_0002_unrelaxed_rank_001_alphafold2_ptm_model_2_seed_000.pdb,70.44
2255,foldit_recycles/recyc_0/colab/2003594_0000_unrelaxed_rank_005_alphafold2_ptm_model_4_seed_000.pdb,89.06
2256,foldit_recycles/recyc_0/colab/2002990_1039_unrelaxed_rank_003_alphafold2_ptm_model_2_seed_000.pdb,83.71
2257,foldit_recycles/recyc_0/colab/2003308_1010_unrelaxed_rank_003_alphafold2_ptm_model_3_seed_000.pdb,79.09
2258,foldit_recycles/recyc_0/colab/2002590_S567_unrelaxed_rank_003_alphafold2_ptm_model_5_seed_000.pdb,73.85
2259,foldit_recycles/recyc_0/colab/2003455_0002_unrelaxed_rank_003_alphafold2_ptm_model_3_seed_000.pdb,67.71
2260,foldit_recycles/recyc_0/colab/2002922_1018_unrelaxed_rank_002_alphafold2_ptm_model_3_seed_000.pdb,73.86
2261,foldit_recycles/recyc_0/colab/2002745_0008_unrelaxed_rank_004_alphafold2_ptm_model_2_seed_000.pdb,75.77
2262,foldit_recycles/recyc_0/colab/2002308_0000_unrelaxed_rank_001_alphafold2_ptm_model_2_seed_000.pdb,62.66
2263,foldit_recycles/recyc_0/colab/2002376_0003_unrelaxed_rank_001_alphafold2_ptm_model_2_seed_000.pdb,79.13
2264,foldit_recycles/recyc_0/colab/2003382_s005_unrelaxed_rank_002_alphafold2_ptm_model_4_seed_000.pdb,76.28
2265,foldit_recycles/recyc_0/colab/2003594_S603_unrelaxed_rank_002_alphafold2_ptm_model_2_seed_000.pdb,69.52
2266,foldit_recycles/recyc_0/colab/2003382_0002_unrelaxed_rank_001_alphafold2_ptm_model_2_seed_000.pdb,80.53
2267,foldit_recycles/recyc_0/colab/2003205_0002_unrelaxed_rank_003_alphafold2_ptm_model_4_seed_000.pdb,87.81
2268,foldit_recycles/recyc_0/colab/2003245_S385_unrelaxed_rank_005_alphafold2_ptm_model_1_seed_000.pdb,80.62
2269,foldit_recycles/recyc_0/colab/2003594_0000_unrelaxed_rank_004_alphafold2_ptm_model_1_seed_000.pdb,89.74
2270,foldit_recycles/recyc_0/colab/2003285_0000_unrelaxed_rank_004_alphafold2_ptm_model_4_seed_000.pdb,81.89
2271,foldit_recycles/recyc_0/colab/2003245_S383_unrelaxed_rank_005_alphafold2_ptm_model_4_seed_000.pdb,88.38
2272,foldit_recycles/recyc_0/colab/1998925_s008_unrelaxed_rank_003_alphafold2_ptm_model_4_seed_000.pdb,66.31
2273,foldit_recycles/recyc_0/colab/2003455_0009_unrelaxed_rank_004_alphafold2_ptm_model_5_seed_000.pdb,63.77
2274,foldit_recycles/recyc_0/colab/2000665_1003_unrelaxed_rank_002_alphafold2_ptm_model_2_seed_000.pdb,51.63
2275,foldit_recycles/recyc_0/colab/2002713_0000_unrelaxed_rank_004_alphafold2_ptm_model_4_seed_000.pdb,82.21
2276,foldit_recycles/recyc_0/colab/2003205_S722_unrelaxed_rank_003_alphafold2_ptm_model_2_seed_000.pdb,73.19
2277,foldit_recycles/recyc_0/colab/2002990_1039_unrelaxed_rank_001_alphafold2_ptm_model_4_seed_000.pdb,84.82
2278,foldit_recycles/recyc_0/colab/2000240_s003_unrelaxed_rank_003_alphafold2_ptm_model_3_seed_000.pdb,64.22
2279,foldit_recycles/recyc_0/colab/997791_1027_unrelaxed_rank_004_alphafold2_ptm_model_4_seed_000.pdb,87.93
2280,foldit_recycles/recyc_0/colab/2003382_0004_unrelaxed_rank_005_alphafold2_ptm_model_2_seed_000.pdb,60.14
2281,foldit_recycles/recyc_0/colab/2002089_0001_unrelaxed_rank_001_alphafold2_ptm_model_4_seed_000.pdb,65.99
2282,foldit_recycles/recyc_0/colab/2003205_S506_unrelaxed_rank_002_alphafold2_ptm_model_5_seed_000.pdb,79.01
2283,foldit_recycles/recyc_0/colab/2000485_1070_unrelaxed_rank_002_alphafold2_ptm_model_5_seed_000.pdb,47.79
2284,foldit_recycles/recyc_0/colab/2003382_1021_unrelaxed_rank_005_alphafold2_ptm_model_1_seed_000.pdb,65.04
2285,foldit_recycles/recyc_0/colab/2003360_1013_unrelaxed_rank_004_alphafold2_ptm_model_1_seed_000.pdb,74.57
2286,foldit_recycles/recyc_0/colab/2003485_S412_unrelaxed_rank_004_alphafold2_ptm_model_1_seed_000.pdb,69.48
2287,foldit_recycles/recyc_0/colab/2003455_s008_unrelaxed_rank_005_alphafold2_ptm_model_5_seed_000.pdb,44.48
2288,foldit_recycles/recyc_0/colab/997258_0004_unrelaxed_rank_001_alphafold2_ptm_model_4_seed_000.pdb,83.72
2289,foldit_recycles/recyc_0/colab/2003205_0003_unrelaxed_rank_001_alphafold2_ptm_model_2_seed_000.pdb,87.22
2290,foldit_recycles/recyc_0/colab/2003382_1021_unrelaxed_rank_002_alphafold2_ptm_model_3_seed_000.pdb,69.62
2291,foldit_recycles/recyc_0/colab/2002713_1006_unrelaxed_rank_004_alphafold2_ptm_model_3_seed_000.pdb,86.96
2292,foldit_recycles/recyc_0/colab/2003594_S028_unrelaxed_rank_002_alphafold2_ptm_model_2_seed_000.pdb,84.17
2293,foldit_recycles/recyc_0/colab/2002787_0005_unrelaxed_rank_002_alphafold2_ptm_model_4_seed_000.pdb,69.13
2294,foldit_recycles/recyc_0/colab/2003333_1006_unrelaxed_rank_004_alphafold2_ptm_model_2_seed_000.pdb,60.33
2295,foldit_recycles/recyc_0/colab/2003169_S953_unrelaxed_rank_005_alphafold2_ptm_model_4_seed_000.pdb,86.06
2296,foldit_recycles/recyc_0/colab/2003333_0005_unrelaxed_rank_003_alphafold2_ptm_model_3_seed_000.pdb,81.43
2297,foldit_recycles/recyc_0/colab/2000518_0003_unrelaxed_rank_001_alphafold2_ptm_model_4_seed_000.pdb,80.94
2298,foldit_recycles/recyc_0/colab/2003594_S028_unrelaxed_rank_005_alphafold2_ptm_model_1_seed_000.pdb,68.34
2299,foldit_recycles/recyc_0/colab/2003485_1036_unrelaxed_rank_004_alphafold2_ptm_model_4_seed_000.pdb,77.65
2300,foldit_recycles/recyc_0/colab/997383_s346_unrelaxed_rank_002_alphafold2_ptm_model_3_seed_000.pdb,72.44
2301,foldit_recycles/recyc_0/colab/2003382_0004_unrelaxed_rank_002_alphafold2_ptm_model_1_seed_000.pdb,68.93
2302,foldit_recycles/recyc_0/colab/2003205_S506_unrelaxed_rank_005_alphafold2_ptm_model_3_seed_000.pdb,72.07
2303,foldit_recycles/recyc_0/colab/2002376_0003_unrelaxed_rank_003_alphafold2_ptm_model_3_seed_000.pdb,73.81
2304,foldit_recycles/recyc_0/colab/2002376_0000_unrelaxed_rank_005_alphafold2_ptm_model_2_seed_000.pdb,66.85
2305,foldit_recycles/recyc_0/colab/2002469_0001_unrelaxed_rank_004_alphafold2_ptm_model_5_seed_000.pdb,69.49
2306,foldit_recycles/recyc_0/colab/2003308_1010_unrelaxed_rank_004_alphafold2_ptm_model_1_seed_000.pdb,78.77
2307,foldit_recycles/recyc_0/colab/2002089_0001_unrelaxed_rank_004_alphafold2_ptm_model_1_seed_000.pdb,59.46
2308,foldit_recycles/recyc_0/colab/2002922_1018_unrelaxed_rank_003_alphafold2_ptm_model_2_seed_000.pdb,71.97
2309,foldit_recycles/recyc_0/colab/2003308_0005_unrelaxed_rank_004_alphafold2_ptm_model_5_seed_000.pdb,67.78
2310,foldit_recycles/recyc_0/colab/2003285_s005_unrelaxed_rank_001_alphafold2_ptm_model_1_seed_000.pdb,79.29
2311,foldit_recycles/recyc_0/colab/2003205_S506_unrelaxed_rank_004_alphafold2_ptm_model_1_seed_000.pdb,73.04
2312,foldit_recycles/recyc_0/colab/2003205_0006_unrelaxed_rank_004_alphafold2_ptm_model_2_seed_000.pdb,56.5
2313,foldit_recycles/recyc_0/colab/2003205_S506_unrelaxed_rank_003_alphafold2_ptm_model_2_seed_000.pdb,78.09
2314,foldit_recycles/recyc_0/colab/2003485_0000_unrelaxed_rank_005_alphafold2_ptm_model_2_seed_000.pdb,75.91
2315,foldit_recycles/recyc_0/colab/2002376_0003_unrelaxed_rank_004_alphafold2_ptm_model_5_seed_000.pdb,69.66
2316,foldit_recycles/recyc_0/colab/2002290_S122_unrelaxed_rank_004_alphafold2_ptm_model_4_seed_000.pdb,80.07
2317,foldit_recycles/recyc_0/colab/2002990_1031_unrelaxed_rank_004_alphafold2_ptm_model_4_seed_000.pdb,80.34
2318,foldit_recycles/recyc_0/colab/2003205_0000_unrelaxed_rank_002_alphafold2_ptm_model_2_seed_000.pdb,79.86
2319,foldit_recycles/recyc_0/colab/2002766_0002_unrelaxed_rank_003_alphafold2_ptm_model_4_seed_000.pdb,88.03
2320,foldit_recycles/recyc_0/colab/2002713_1006_unrelaxed_rank_005_alphafold2_ptm_model_4_seed_000.pdb,86.0
2321,foldit_recycles/recyc_0/colab/2002486_1012_unrelaxed_rank_003_alphafold2_ptm_model_1_seed_000.pdb,74.71
2322,foldit_recycles/recyc_0/colab/2002486_1012_unrelaxed_rank_002_alphafold2_ptm_model_2_seed_000.pdb,78.21
2323,foldit_recycles/recyc_0/colab/2002486_1048_unrelaxed_rank_001_alphafold2_ptm_model_5_seed_000.pdb,59.01
2324,foldit_recycles/recyc_0/colab/2002089_1029_unrelaxed_rank_004_alphafold2_ptm_model_2_seed_000.pdb,64.36
2325,foldit_recycles/recyc_0/colab/2002486_0006_unrelaxed_rank_005_alphafold2_ptm_model_1_seed_000.pdb,67.22
2326,foldit_recycles/recyc_0/colab/1998520_0002_unrelaxed_rank_002_alphafold2_ptm_model_1_seed_000.pdb,69.6
2327,foldit_recycles/recyc_0/colab/2002745_0001_unrelaxed_rank_002_alphafold2_ptm_model_3_seed_000.pdb,95.3
2328,foldit_recycles/recyc_0/colab/2003285_0000_unrelaxed_rank_003_alphafold2_ptm_model_1_seed_000.pdb,82.47
2329,foldit_recycles/recyc_0/colab/2002553_s003_unrelaxed_rank_004_alphafold2_ptm_model_3_seed_000.pdb,77.2
2330,foldit_recycles/recyc_0/colab/2003048_1024_unrelaxed_rank_002_alphafold2_ptm_model_2_seed_000.pdb,70.72
2331,foldit_recycles/recyc_0/colab/2003285_s005_unrelaxed_rank_005_alphafold2_ptm_model_3_seed_000.pdb,77.51
2332,foldit_recycles/recyc_0/colab/2002949_0007_unrelaxed_rank_002_alphafold2_ptm_model_5_seed_000.pdb,79.59
2333,foldit_recycles/recyc_0/colab/2003333_s003_unrelaxed_rank_004_alphafold2_ptm_model_3_seed_000.pdb,75.59
2334,foldit_recycles/recyc_0/colab/2003205_0008_unrelaxed_rank_001_alphafold2_ptm_model_5_seed_000.pdb,73.39
2335,foldit_recycles/recyc_0/colab/2003205_1035_unrelaxed_rank_004_alphafold2_ptm_model_2_seed_000.pdb,52.04
2336,foldit_recycles/recyc_0/colab/2003382_0009_unrelaxed_rank_001_alphafold2_ptm_model_5_seed_000.pdb,59.65
2337,foldit_recycles/recyc_0/colab/2003285_s005_unrelaxed_rank_002_alphafold2_ptm_model_4_seed_000.pdb,78.67
2338,foldit_recycles/recyc_0/colab/2003265_1034_unrelaxed_rank_003_alphafold2_ptm_model_4_seed_000.pdb,88.2
2339,foldit_recycles/recyc_0/colab/2003485_1017_unrelaxed_rank_003_alphafold2_ptm_model_3_seed_000.pdb,71.53
2340,foldit_recycles/recyc_0/colab/2003048_0005_unrelaxed_rank_001_alphafold2_ptm_model_5_seed_000.pdb,84.57
2341,foldit_recycles/recyc_0/colab/2003169_s001_unrelaxed_rank_005_alphafold2_ptm_model_5_seed_000.pdb,79.71
2342,foldit_recycles/recyc_0/colab/2003048_1024_unrelaxed_rank_005_alphafold2_ptm_model_3_seed_000.pdb,66.5
2343,foldit_recycles/recyc_0/colab/2002922_1013_unrelaxed_rank_005_alphafold2_ptm_model_1_seed_000.pdb,71.1
2344,foldit_recycles/recyc_0/colab/2003532_1020_unrelaxed_rank_003_alphafold2_ptm_model_1_seed_000.pdb,83.26
2345,foldit_recycles/recyc_0/colab/2002922_1013_unrelaxed_rank_003_alphafold2_ptm_model_2_seed_000.pdb,81.65
2346,foldit_recycles/recyc_0/colab/2003265_S714_unrelaxed_rank_005_alphafold2_ptm_model_5_seed_000.pdb,61.13
2347,foldit_recycles/recyc_0/colab/997523_0000_unrelaxed_rank_004_alphafold2_ptm_model_1_seed_000.pdb,75.73
2348,foldit_recycles/recyc_0/colab/2003169_s001_unrelaxed_rank_003_alphafold2_ptm_model_2_seed_000.pdb,82.31
2349,foldit_recycles/recyc_0/colab/2003382_s008_unrelaxed_rank_003_alphafold2_ptm_model_3_seed_000.pdb,75.69
2350,foldit_recycles/recyc_0/colab/2002544_0000_unrelaxed_rank_001_alphafold2_ptm_model_2_seed_000.pdb,86.28
2351,foldit_recycles/recyc_0/colab/2003265_1034_unrelaxed_rank_005_alphafold2_ptm_model_3_seed_000.pdb,87.77
2352,foldit_recycles/recyc_0/colab/2003205_0006_unrelaxed_rank_003_alphafold2_ptm_model_1_seed_000.pdb,57.65
2353,foldit_recycles/recyc_0/colab/2002922_1018_unrelaxed_rank_005_alphafold2_ptm_model_1_seed_000.pdb,68.88
2354,foldit_recycles/recyc_0/colab/2002766_0003_unrelaxed_rank_003_alphafold2_ptm_model_1_seed_000.pdb,81.31
2355,foldit_recycles/recyc_0/colab/1998925_s005_unrelaxed_rank_004_alphafold2_ptm_model_4_seed_000.pdb,62.53
2356,foldit_recycles/recyc_0/colab/2002469_0001_unrelaxed_rank_001_alphafold2_ptm_model_4_seed_000.pdb,75.13
2357,foldit_recycles/recyc_0/colab/2003382_0002_unrelaxed_rank_003_alphafold2_ptm_model_5_seed_000.pdb,75.89
2358,foldit_recycles/recyc_0/colab/2002745_0000_unrelaxed_rank_004_alphafold2_ptm_model_3_seed_000.pdb,87.14
2359,foldit_recycles/recyc_0/colab/2002766_0006_unrelaxed_rank_002_alphafold2_ptm_model_2_seed_000.pdb,85.25
2360,foldit_recycles/recyc_0/colab/2002766_0000_unrelaxed_rank_005_alphafold2_ptm_model_3_seed_000.pdb,82.37
2361,foldit_recycles/recyc_0/colab/2002486_1048_unrelaxed_rank_004_alphafold2_ptm_model_3_seed_000.pdb,54.21
2362,foldit_recycles/recyc_0/colab/2002990_1031_unrelaxed_rank_003_alphafold2_ptm_model_3_seed_000.pdb,81.74
2363,foldit_recycles/recyc_0/colab/2003285_s000_unrelaxed_rank_004_alphafold2_ptm_model_5_seed_000.pdb,74.56
2364,foldit_recycles/recyc_0/colab/2000518_0000_unrelaxed_rank_005_alphafold2_ptm_model_2_seed_000.pdb,62.83
2365,foldit_recycles/recyc_0/colab/997523_0003_unrelaxed_rank_004_alphafold2_ptm_model_5_seed_000.pdb,79.22
2366,foldit_recycles/recyc_0/colab/2002713_1006_unrelaxed_rank_002_alphafold2_ptm_model_5_seed_000.pdb,88.47
2367,foldit_recycles/recyc_0/colab/2003360_0005_unrelaxed_rank_005_alphafold2_ptm_model_4_seed_000.pdb,85.69
2368,foldit_recycles/recyc_0/colab/2002766_0001_unrelaxed_rank_005_alphafold2_ptm_model_5_seed_000.pdb,80.35
2369,foldit_recycles/recyc_0/colab/2003594_0000_unrelaxed_rank_003_alphafold2_ptm_model_3_seed_000.pdb,90.23
2370,foldit_recycles/recyc_0/colab/2003455_S943_unrelaxed_rank_005_alphafold2_ptm_model_1_seed_000.pdb,74.39
2371,foldit_recycles/recyc_0/colab/997258_0001_unrelaxed_rank_004_alphafold2_ptm_model_2_seed_000.pdb,76.38
2372,foldit_recycles/recyc_0/colab/2003245_S385_unrelaxed_rank_004_alphafold2_ptm_model_4_seed_000.pdb,82.78
2373,foldit_recycles/recyc_0/colab/2003265_S115_unrelaxed_rank_001_alphafold2_ptm_model_2_seed_000.pdb,88.69
2374,foldit_recycles/recyc_0/colab/2003333_0000_unrelaxed_rank_002_alphafold2_ptm_model_4_seed_000.pdb,84.52
2375,foldit_recycles/recyc_0/colab/2002308_0000_unrelaxed_rank_005_alphafold2_ptm_model_3_seed_000.pdb,52.31
2376,foldit_recycles/recyc_0/colab/2003485_1036_unrelaxed_rank_003_alphafold2_ptm_model_1_seed_000.pdb,78.67
2377,foldit_recycles/recyc_0/colab/2003308_0005_unrelaxed_rank_001_alphafold2_ptm_model_4_seed_000.pdb,71.77
2378,foldit_recycles/recyc_0/colab/2002376_0000_unrelaxed_rank_002_alphafold2_ptm_model_5_seed_000.pdb,71.45
2379,foldit_recycles/recyc_0/colab/2002990_s006_unrelaxed_rank_001_alphafold2_ptm_model_4_seed_000.pdb,76.35
2380,foldit_recycles/recyc_0/colab/2003205_0003_unrelaxed_rank_005_alphafold2_ptm_model_3_seed_000.pdb,81.16
2381,foldit_recycles/recyc_0/colab/2002745_0008_unrelaxed_rank_002_alphafold2_ptm_model_4_seed_000.pdb,82.93
2382,foldit_recycles/recyc_0/colab/2002243_1016_unrelaxed_rank_005_alphafold2_ptm_model_2_seed_000.pdb,79.42
2383,foldit_recycles/recyc_0/colab/2003308_0009_unrelaxed_rank_001_alphafold2_ptm_model_4_seed_000.pdb,74.83
2384,foldit_recycles/recyc_0/colab/2003048_1050_unrelaxed_rank_004_alphafold2_ptm_model_1_seed_000.pdb,83.25
2385,foldit_recycles/recyc_0/colab/2003455_0001_unrelaxed_rank_003_alphafold2_ptm_model_2_seed_000.pdb,83.49
2386,foldit_recycles/recyc_0/colab/2002990_0006_unrelaxed_rank_004_alphafold2_ptm_model_2_seed_000.pdb,83.62
2387,foldit_recycles/recyc_0/colab/2003455_S943_unrelaxed_rank_003_alphafold2_ptm_model_2_seed_000.pdb,80.55
2388,foldit_recycles/recyc_0/colab/2000485_1070_unrelaxed_rank_004_alphafold2_ptm_model_2_seed_000.pdb,45.8
2389,foldit_recycles/recyc_0/colab/1998925_s005_unrelaxed_rank_002_alphafold2_ptm_model_5_seed_000.pdb,68.53
2390,foldit_recycles/recyc_0/colab/2003455_S943_unrelaxed_rank_001_alphafold2_ptm_model_4_seed_000.pdb,81.6
2391,foldit_recycles/recyc_0/colab/2003333_1006_unrelaxed_rank_005_alphafold2_ptm_model_5_seed_000.pdb,60.08
2392,foldit_recycles/recyc_0/colab/2002469_0001_unrelaxed_rank_003_alphafold2_ptm_model_3_seed_000.pdb,74.32
2393,foldit_recycles/recyc_0/colab/2003205_S722_unrelaxed_rank_005_alphafold2_ptm_model_5_seed_000.pdb,54.18
2394,foldit_recycles/recyc_0/colab/997523_0005_unrelaxed_rank_001_alphafold2_ptm_model_4_seed_000.pdb,78.02
2395,foldit_recycles/recyc_0/colab/2002590_0001_unrelaxed_rank_001_alphafold2_ptm_model_1_seed_000.pdb,76.68
2396,foldit_recycles/recyc_0/colab/997523_0005_unrelaxed_rank_005_alphafold2_ptm_model_2_seed_000.pdb,68.54
2397,foldit_recycles/recyc_0/colab/2003360_s003_unrelaxed_rank_002_alphafold2_ptm_model_4_seed_000.pdb,82.26
2398,foldit_recycles/recyc_0/colab/997523_0006_unrelaxed_rank_002_alphafold2_ptm_model_2_seed_000.pdb,76.57
2399,foldit_recycles/recyc_0/colab/997258_0001_unrelaxed_rank_002_alphafold2_ptm_model_5_seed_000.pdb,79.29
2400,foldit_recycles/recyc_0/colab/2002486_1012_unrelaxed_rank_001_alphafold2_ptm_model_3_seed_000.pdb,78.79
2401,foldit_recycles/recyc_0/colab/2003455_0002_unrelaxed_rank_002_alphafold2_ptm_model_2_seed_000.pdb,68.85
2402,foldit_recycles/recyc_0/colab/2003382_0002_unrelaxed_rank_005_alphafold2_ptm_model_1_seed_000.pdb,65.49
2403,foldit_recycles/recyc_0/colab/2003205_S722_unrelaxed_rank_004_alphafold2_ptm_model_1_seed_000.pdb,69.52
2404,foldit_recycles/recyc_0/colab/2002469_S848_unrelaxed_rank_004_alphafold2_ptm_model_5_seed_000.pdb,68.24
2405,foldit_recycles/recyc_0/colab/2003308_0005_unrelaxed_rank_003_alphafold2_ptm_model_2_seed_000.pdb,68.34
2406,foldit_recycles/recyc_0/colab/2003485_1017_unrelaxed_rank_001_alphafold2_ptm_model_2_seed_000.pdb,77.84
2407,foldit_recycles/recyc_0/colab/2002553_s003_unrelaxed_rank_001_alphafold2_ptm_model_2_seed_000.pdb,80.76
2408,foldit_recycles/recyc_0/colab/2003169_s008_unrelaxed_rank_004_alphafold2_ptm_model_1_seed_000.pdb,74.31
2409,foldit_recycles/recyc_0/colab/2002486_1012_unrelaxed_rank_005_alphafold2_ptm_model_4_seed_000.pdb,69.98
2410,foldit_recycles/recyc_0/colab/2003594_s008_unrelaxed_rank_002_alphafold2_ptm_model_1_seed_000.pdb,74.36
2411,foldit_recycles/recyc_0/colab/2002089_1029_unrelaxed_rank_005_alphafold2_ptm_model_3_seed_000.pdb,59.76
2412,foldit_recycles/recyc_0/colab/2003169_s001_unrelaxed_rank_002_alphafold2_ptm_model_1_seed_000.pdb,82.83
2413,foldit_recycles/recyc_0/colab/2002766_0000_unrelaxed_rank_001_alphafold2_ptm_model_2_seed_000.pdb,88.18
2414,foldit_recycles/recyc_0/colab/2003333_1006_unrelaxed_rank_001_alphafold2_ptm_model_1_seed_000.pdb,84.06
2415,foldit_recycles/recyc_0/colab/2003265_S115_unrelaxed_rank_003_alphafold2_ptm_model_3_seed_000.pdb,88.0
2416,foldit_recycles/recyc_0/colab/2003594_s008_unrelaxed_rank_003_alphafold2_ptm_model_4_seed_000.pdb,70.16
2417,foldit_recycles/recyc_0/colab/2003382_s005_unrelaxed_rank_004_alphafold2_ptm_model_1_seed_000.pdb,74.83
2418,foldit_recycles/recyc_0/colab/2003333_0005_unrelaxed_rank_005_alphafold2_ptm_model_1_seed_000.pdb,81.28
2419,foldit_recycles/recyc_0/colab/2003205_0000_unrelaxed_rank_004_alphafold2_ptm_model_3_seed_000.pdb,78.09
2420,foldit_recycles/recyc_0/colab/2003265_0007_unrelaxed_rank_001_alphafold2_ptm_model_2_seed_000.pdb,86.27
2421,foldit_recycles/recyc_0/colab/2003382_0002_unrelaxed_rank_002_alphafold2_ptm_model_4_seed_000.pdb,77.69
2422,foldit_recycles/recyc_0/colab/2003455_s008_unrelaxed_rank_002_alphafold2_ptm_model_4_seed_000.pdb,53.82
2423,foldit_recycles/recyc_0/colab/2002308_S695_unrelaxed_rank_004_alphafold2_ptm_model_5_seed_000.pdb,49.56
2424,foldit_recycles/recyc_0/colab/2003455_0009_unrelaxed_rank_005_alphafold2_ptm_model_3_seed_000.pdb,60.29
2425,foldit_recycles/recyc_0/colab/2003265_S714_unrelaxed_rank_002_alphafold2_ptm_model_3_seed_000.pdb,80.08
2426,foldit_recycles/recyc_0/colab/2003455_0002_unrelaxed_rank_001_alphafold2_ptm_model_1_seed_000.pdb,71.17
2427,foldit_recycles/recyc_0/colab/2002613_0004_unrelaxed_rank_004_alphafold2_ptm_model_1_seed_000.pdb,76.45
2428,foldit_recycles/recyc_0/colab/2003308_0009_unrelaxed_rank_002_alphafold2_ptm_model_2_seed_000.pdb,73.66
2429,foldit_recycles/recyc_0/colab/2003333_s003_unrelaxed_rank_003_alphafold2_ptm_model_5_seed_000.pdb,77.84
2430,foldit_recycles/recyc_0/colab/2003532_0000_unrelaxed_rank_003_alphafold2_ptm_model_1_seed_000.pdb,80.9
2431,foldit_recycles/recyc_0/colab/2002766_0006_unrelaxed_rank_001_alphafold2_ptm_model_3_seed_000.pdb,86.32
2432,foldit_recycles/recyc_0/colab/2002922_1013_unrelaxed_rank_004_alphafold2_ptm_model_5_seed_000.pdb,74.21
2433,foldit_recycles/recyc_0/colab/2003333_s001_unrelaxed_rank_003_alphafold2_ptm_model_5_seed_000.pdb,71.21
2434,foldit_recycles/recyc_0/colab/2002376_0000_unrelaxed_rank_003_alphafold2_ptm_model_1_seed_000.pdb,69.62
2435,foldit_recycles/recyc_0/colab/2003245_S385_unrelaxed_rank_002_alphafold2_ptm_model_5_seed_000.pdb,84.21
2436,foldit_recycles/recyc_0/colab/2002990_1031_unrelaxed_rank_002_alphafold2_ptm_model_2_seed_000.pdb,83.0
2437,foldit_recycles/recyc_0/colab/997523_0003_unrelaxed_rank_001_alphafold2_ptm_model_3_seed_000.pdb,85.19
2438,foldit_recycles/recyc_0/colab/997523_1003_unrelaxed_rank_004_alphafold2_ptm_model_2_seed_000.pdb,68.24
2439,foldit_recycles/recyc_0/colab/2003285_s008_unrelaxed_rank_004_alphafold2_ptm_model_2_seed_000.pdb,73.44
2440,foldit_recycles/recyc_0/colab/2002766_0002_unrelaxed_rank_001_alphafold2_ptm_model_2_seed_000.pdb,90.13
2441,foldit_recycles/recyc_0/colab/1998555_1041_unrelaxed_rank_002_alphafold2_ptm_model_3_seed_000.pdb,66.05
2442,foldit_recycles/recyc_0/colab/997523_1040_unrelaxed_rank_001_alphafold2_ptm_model_3_seed_000.pdb,90.34
2443,foldit_recycles/recyc_0/colab/2003308_1010_unrelaxed_rank_005_alphafold2_ptm_model_5_seed_000.pdb,76.97
2444,foldit_recycles/recyc_0/colab/2002469_S848_unrelaxed_rank_005_alphafold2_ptm_model_3_seed_000.pdb,66.69
2445,foldit_recycles/recyc_0/colab/2003048_0005_unrelaxed_rank_003_alphafold2_ptm_model_2_seed_000.pdb,73.97
2446,foldit_recycles/recyc_0/colab/2003308_1010_unrelaxed_rank_001_alphafold2_ptm_model_4_seed_000.pdb,81.06
2447,foldit_recycles/recyc_0/colab/2003265_1034_unrelaxed_rank_001_alphafold2_ptm_model_2_seed_000.pdb,90.22
2448,foldit_recycles/recyc_0/colab/2003360_s003_unrelaxed_rank_003_alphafold2_ptm_model_1_seed_000.pdb,81.66
2449,foldit_recycles/recyc_0/colab/997915_0000_unrelaxed_rank_001_alphafold2_ptm_model_3_seed_000.pdb,85.98
2450,foldit_recycles/recyc_0/colab/2003360_s000_unrelaxed_rank_002_alphafold2_ptm_model_1_seed_000.pdb,82.77
2451,foldit_recycles/recyc_0/colab/2003048_S697_unrelaxed_rank_004_alphafold2_ptm_model_5_seed_000.pdb,65.59
2452,foldit_recycles/recyc_0/colab/2002486_0006_unrelaxed_rank_002_alphafold2_ptm_model_5_seed_000.pdb,75.97
2453,foldit_recycles/recyc_0/colab/2003485_0002_unrelaxed_rank_001_alphafold2_ptm_model_2_seed_000.pdb,85.47
2454,foldit_recycles/recyc_0/colab/2003485_S412_unrelaxed_rank_002_alphafold2_ptm_model_3_seed_000.pdb,74.71
2455,foldit_recycles/recyc_0/colab/2003205_s002_unrelaxed_rank_005_alphafold2_ptm_model_1_seed_000.pdb,79.02
2456,foldit_recycles/recyc_0/colab/2003265_0007_unrelaxed_rank_003_alphafold2_ptm_model_3_seed_000.pdb,85.85
2457,foldit_recycles/recyc_0/colab/2003594_S028_unrelaxed_rank_001_alphafold2_ptm_model_3_seed_000.pdb,85.56
2458,foldit_recycles/recyc_0/colab/2003333_0000_unrelaxed_rank_003_alphafold2_ptm_model_1_seed_000.pdb,83.64
2459,foldit_recycles/recyc_0/colab/2003360_s000_unrelaxed_rank_001_alphafold2_ptm_model_2_seed_000.pdb,84.38
2460,foldit_recycles/recyc_0/colab/997523_1040_unrelaxed_rank_005_alphafold2_ptm_model_4_seed_000.pdb,69.96
2461,foldit_recycles/recyc_0/colab/2002376_0000_unrelaxed_rank_001_alphafold2_ptm_model_3_seed_000.pdb,74.68
2462,foldit_recycles/recyc_0/colab/2000518_0000_unrelaxed_rank_004_alphafold2_ptm_model_1_seed_000.pdb,63.22
2463,foldit_recycles/recyc_0/colab/2002553_0000_unrelaxed_rank_005_alphafold2_ptm_model_3_seed_000.pdb,54.0
2464,foldit_recycles/recyc_0/colab/2003485_0002_unrelaxed_rank_002_alphafold2_ptm_model_4_seed_000.pdb,85.2
2465,foldit_recycles/recyc_0/colab/2002089_1029_unrelaxed_rank_001_alphafold2_ptm_model_5_seed_000.pdb,70.0
2466,foldit_recycles/recyc_0/colab/2003485_1017_unrelaxed_rank_005_alphafold2_ptm_model_4_seed_000.pdb,69.19
2467,foldit_recycles/recyc_0/colab/997915_0000_unrelaxed_rank_002_alphafold2_ptm_model_2_seed_000.pdb,85.19
2468,foldit_recycles/recyc_0/colab/2003360_s004_unrelaxed_rank_002_alphafold2_ptm_model_5_seed_000.pdb,89.1
2469,foldit_recycles/recyc_0/colab/2003360_s003_unrelaxed_rank_001_alphafold2_ptm_model_3_seed_000.pdb,82.55
2470,foldit_recycles/recyc_0/colab/2002745_0000_unrelaxed_rank_003_alphafold2_ptm_model_5_seed_000.pdb,87.4
2471,foldit_recycles/recyc_0/colab/2003360_0005_unrelaxed_rank_002_alphafold2_ptm_model_5_seed_000.pdb,87.59
2472,foldit_recycles/recyc_0/colab/2002745_0008_unrelaxed_rank_003_alphafold2_ptm_model_5_seed_000.pdb,77.24
2473,foldit_recycles/recyc_0/colab/2003485_0002_unrelaxed_rank_005_alphafold2_ptm_model_5_seed_000.pdb,74.42
2474,foldit_recycles/recyc_0/colab/2002745_0008_unrelaxed_rank_005_alphafold2_ptm_model_1_seed_000.pdb,75.22
2475,foldit_recycles/recyc_0/colab/2002713_0000_unrelaxed_rank_005_alphafold2_ptm_model_5_seed_000.pdb,81.09
2476,foldit_recycles/recyc_0/colab/2003048_0003_unrelaxed_rank_002_alphafold2_ptm_model_4_seed_000.pdb,83.58
2477,foldit_recycles/recyc_0/colab/1998469_0000_unrelaxed_rank_002_alphafold2_ptm_model_4_seed_000.pdb,76.37
2478,foldit_recycles/recyc_0/colab/2003285_s000_unrelaxed_rank_005_alphafold2_ptm_model_1_seed_000.pdb,74.3
2479,foldit_recycles/recyc_0/colab/2003048_0003_unrelaxed_rank_001_alphafold2_ptm_model_2_seed_000.pdb,86.69
2480,foldit_recycles/recyc_0/colab/2002713_0000_unrelaxed_rank_002_alphafold2_ptm_model_2_seed_000.pdb,83.21
2481,foldit_recycles/recyc_0/colab/2002766_0001_unrelaxed_rank_002_alphafold2_ptm_model_3_seed_000.pdb,91.17
2482,foldit_recycles/recyc_0/colab/2003048_S697_unrelaxed_rank_003_alphafold2_ptm_model_3_seed_000.pdb,67.88
2483,foldit_recycles/recyc_0/colab/997383_s346_unrelaxed_rank_003_alphafold2_ptm_model_5_seed_000.pdb,70.65
2484,foldit_recycles/recyc_0/colab/2003245_S383_unrelaxed_rank_004_alphafold2_ptm_model_3_seed_000.pdb,88.61
2485,foldit_recycles/recyc_0/colab/2002766_0002_unrelaxed_rank_005_alphafold2_ptm_model_3_seed_000.pdb,86.76
2486,foldit_recycles/recyc_0/colab/2003308_1010_unrelaxed_rank_002_alphafold2_ptm_model_2_seed_000.pdb,79.33
2487,foldit_recycles/recyc_0/colab/2003333_s003_unrelaxed_rank_002_alphafold2_ptm_model_4_seed_000.pdb,78.21
2488,foldit_recycles/recyc_0/colab/2003594_S603_unrelaxed_rank_001_alphafold2_ptm_model_4_seed_000.pdb,73.3
2489,foldit_recycles/recyc_0/colab/2003532_1022_unrelaxed_rank_005_alphafold2_ptm_model_2_seed_000.pdb,55.47
2490,foldit_recycles/recyc_0/colab/2002553_s003_unrelaxed_rank_005_alphafold2_ptm_model_5_seed_000.pdb,76.86
2491,foldit_recycles/recyc_0/colab/2003205_0003_unrelaxed_rank_003_alphafold2_ptm_model_1_seed_000.pdb,84.1
2492,foldit_recycles/recyc_0/colab/2003265_S115_unrelaxed_rank_005_alphafold2_ptm_model_1_seed_000.pdb,75.91
2493,foldit_recycles/recyc_0/colab/2003360_0005_unrelaxed_rank_003_alphafold2_ptm_model_1_seed_000.pdb,86.17
2494,foldit_recycles/recyc_0/colab/2003308_0004_unrelaxed_rank_003_alphafold2_ptm_model_5_seed_000.pdb,81.78
2495,foldit_recycles/recyc_0/colab/2003048_s009_unrelaxed_rank_003_alphafold2_ptm_model_1_seed_000.pdb,75.03
2496,foldit_recycles/recyc_0/colab/2002949_0007_unrelaxed_rank_003_alphafold2_ptm_model_2_seed_000.pdb,77.3
2497,foldit_recycles/recyc_0/colab/2002713_0004_unrelaxed_rank_002_alphafold2_ptm_model_2_seed_000.pdb,84.57
2498,foldit_recycles/recyc_0/colab/1998469_0000_unrelaxed_rank_003_alphafold2_ptm_model_3_seed_000.pdb,75.08
2499,foldit_recycles/recyc_0/colab/2002990_s006_unrelaxed_rank_004_alphafold2_ptm_model_5_seed_000.pdb,68.08
2500,foldit_recycles/recyc_0/colab/2002745_0000_unrelaxed_rank_001_alphafold2_ptm_model_2_seed_000.pdb,91.13
2501,foldit_recycles/recyc_0/colab/2002990_s006_unrelaxed_rank_005_alphafold2_ptm_model_3_seed_000.pdb,61.81
2502,foldit_recycles/recyc_0/colab/2003169_S953_unrelaxed_rank_004_alphafold2_ptm_model_3_seed_000.pdb,86.64
2503,foldit_recycles/recyc_0/colab/2003205_0003_unrelaxed_rank_004_alphafold2_ptm_model_5_seed_000.pdb,83.63
2504,foldit_recycles/recyc_0/colab/997523_0000_unrelaxed_rank_002_alphafold2_ptm_model_3_seed_000.pdb,78.59
2505,foldit_recycles/recyc_0/colab/2003048_0003_unrelaxed_rank_004_alphafold2_ptm_model_5_seed_000.pdb,80.06
2506,foldit_recycles/recyc_0/colab/2003333_0006_unrelaxed_rank_003_alphafold2_ptm_model_3_seed_000.pdb,90.67
2507,foldit_recycles/recyc_0/colab/2002089_1029_unrelaxed_rank_003_alphafold2_ptm_model_4_seed_000.pdb,65.99
2508,foldit_recycles/recyc_0/colab/2003455_0009_unrelaxed_rank_001_alphafold2_ptm_model_2_seed_000.pdb,68.42
2509,foldit_recycles/recyc_0/colab/2002334_0005_unrelaxed_rank_004_alphafold2_ptm_model_3_seed_000.pdb,64.97
2510,foldit_recycles/recyc_0/colab/1998555_1041_unrelaxed_rank_003_alphafold2_ptm_model_1_seed_000.pdb,63.27
2511,foldit_recycles/recyc_0/colab/2003205_0002_unrelaxed_rank_002_alphafold2_ptm_model_5_seed_000.pdb,88.97
2512,foldit_recycles/recyc_0/colab/2003285_s008_unrelaxed_rank_001_alphafold2_ptm_model_4_seed_000.pdb,83.12
2513,foldit_recycles/recyc_0/colab/2002766_0006_unrelaxed_rank_004_alphafold2_ptm_model_4_seed_000.pdb,80.14
2514,foldit_recycles/recyc_0/colab/2003382_s008_unrelaxed_rank_001_alphafold2_ptm_model_2_seed_000.pdb,81.74
2515,foldit_recycles/recyc_0/colab/2003382_1021_unrelaxed_rank_003_alphafold2_ptm_model_5_seed_000.pdb,67.06
2516,foldit_recycles/recyc_0/colab/997523_0005_unrelaxed_rank_002_alphafold2_ptm_model_3_seed_000.pdb,77.07
2517,foldit_recycles/recyc_0/colab/2003169_s008_unrelaxed_rank_002_alphafold2_ptm_model_3_seed_000.pdb,75.95
2518,foldit_recycles/recyc_0/colab/2003333_1006_unrelaxed_rank_003_alphafold2_ptm_model_4_seed_000.pdb,65.5
2519,foldit_recycles/recyc_0/colab/2003333_1013_unrelaxed_rank_001_alphafold2_ptm_model_5_seed_000.pdb,65.44
2520,foldit_recycles/recyc_0/colab/2002949_0000_unrelaxed_rank_003_alphafold2_ptm_model_5_seed_000.pdb,84.19
2521,foldit_recycles/recyc_0/colab/2003205_0002_unrelaxed_rank_001_alphafold2_ptm_model_2_seed_000.pdb,89.3
2522,foldit_recycles/recyc_0/colab/997791_1027_unrelaxed_rank_003_alphafold2_ptm_model_3_seed_000.pdb,88.8
2523,foldit_recycles/recyc_0/colab/2000518_0003_unrelaxed_rank_004_alphafold2_ptm_model_2_seed_000.pdb,75.69
2524,foldit_recycles/recyc_0/colab/2003205_s002_unrelaxed_rank_001_alphafold2_ptm_model_2_seed_000.pdb,84.13
2525,foldit_recycles/recyc_0/colab/2003265_S714_unrelaxed_rank_003_alphafold2_ptm_model_4_seed_000.pdb,77.77
2526,foldit_recycles/recyc_0/colab/2002766_0004_unrelaxed_rank_001_alphafold2_ptm_model_4_seed_000.pdb,80.15
2527,foldit_recycles/recyc_0/colab/2003285_s005_unrelaxed_rank_004_alphafold2_ptm_model_2_seed_000.pdb,78.55
2528,foldit_recycles/recyc_0/colab/2003048_1050_unrelaxed_rank_001_alphafold2_ptm_model_4_seed_000.pdb,85.68
2529,foldit_recycles/recyc_0/colab/1998520_0002_unrelaxed_rank_004_alphafold2_ptm_model_3_seed_000.pdb,56.34
2530,foldit_recycles/recyc_0/colab/2003414_1018_unrelaxed_rank_002_alphafold2_ptm_model_4_seed_000.pdb,80.36
2531,foldit_recycles/recyc_0/colab/2000240_0002_unrelaxed_rank_002_alphafold2_ptm_model_4_seed_000.pdb,80.26
2532,foldit_recycles/recyc_0/colab/2003382_0009_unrelaxed_rank_003_alphafold2_ptm_model_2_seed_000.pdb,57.59
2533,foldit_recycles/recyc_0/colab/2003360_s004_unrelaxed_rank_001_alphafold2_ptm_model_2_seed_000.pdb,90.44
2534,foldit_recycles/recyc_0/colab/2003048_1024_unrelaxed_rank_003_alphafold2_ptm_model_1_seed_000.pdb,68.85
2535,foldit_recycles/recyc_0/colab/2003485_1029_unrelaxed_rank_002_alphafold2_ptm_model_2_seed_000.pdb,68.09
2536,foldit_recycles/recyc_0/colab/2003308_0004_unrelaxed_rank_005_alphafold2_ptm_model_1_seed_000.pdb,79.01
2537,foldit_recycles/recyc_0/colab/2003594_0000_unrelaxed_rank_001_alphafold2_ptm_model_2_seed_000.pdb,92.14
2538,foldit_recycles/recyc_0/colab/2003308_0005_unrelaxed_rank_005_alphafold2_ptm_model_1_seed_000.pdb,62.43
2539,foldit_recycles/recyc_0/colab/2002486_1048_unrelaxed_rank_002_alphafold2_ptm_model_1_seed_000.pdb,57.18
2540,foldit_recycles/recyc_0/colab/2003048_s009_unrelaxed_rank_004_alphafold2_ptm_model_3_seed_000.pdb,74.25
2541,foldit_recycles/recyc_0/colab/2003360_1013_unrelaxed_rank_005_alphafold2_ptm_model_3_seed_000.pdb,73.62
2542,foldit_recycles/recyc_0/colab/997383_s346_unrelaxed_rank_004_alphafold2_ptm_model_1_seed_000.pdb,70.42
2543,foldit_recycles/recyc_0/colab/2003485_S412_unrelaxed_rank_003_alphafold2_ptm_model_2_seed_000.pdb,73.41
2544,foldit_recycles/recyc_0/colab/2002990_s006_unrelaxed_rank_003_alphafold2_ptm_model_1_seed_000.pdb,72.42
2545,foldit_recycles/recyc_0/colab/2003532_0000_unrelaxed_rank_005_alphafold2_ptm_model_5_seed_000.pdb,76.23
2546,foldit_recycles/recyc_0/colab/2003485_1029_unrelaxed_rank_005_alphafold2_ptm_model_1_seed_000.pdb,66.1
2547,foldit_recycles/recyc_0/colab/997258_0001_unrelaxed_rank_005_alphafold2_ptm_model_4_seed_000.pdb,74.91
2548,foldit_recycles/recyc_0/colab/2002308_S695_unrelaxed_rank_005_alphafold2_ptm_model_4_seed_000.pdb,49.05
2549,foldit_recycles/recyc_0/colab/2002766_0006_unrelaxed_rank_003_alphafold2_ptm_model_1_seed_000.pdb,83.98
2550,foldit_recycles/recyc_0/colab/2002243_1016_unrelaxed_rank_002_alphafold2_ptm_model_3_seed_000.pdb,80.12
2551,foldit_recycles/recyc_0/colab/2003532_1022_unrelaxed_rank_001_alphafold2_ptm_model_5_seed_000.pdb,77.06
2552,foldit_recycles/recyc_0/colab/2003245_0004_unrelaxed_rank_001_alphafold2_ptm_model_2_seed_000.pdb,87.26
2553,foldit_recycles/recyc_0/colab/2000518_S468_unrelaxed_rank_001_alphafold2_ptm_model_4_seed_000.pdb,68.97
2554,foldit_recycles/recyc_0/colab/2002745_0003_unrelaxed_rank_004_alphafold2_ptm_model_4_seed_000.pdb,86.55
2555,foldit_recycles/recyc_0/colab/2003532_1020_unrelaxed_rank_005_alphafold2_ptm_model_4_seed_000.pdb,82.11
2556,foldit_recycles/recyc_0/colab/2003048_1050_unrelaxed_rank_005_alphafold2_ptm_model_3_seed_000.pdb,82.44
2557,foldit_recycles/recyc_0/colab/2002766_0004_unrelaxed_rank_003_alphafold2_ptm_model_5_seed_000.pdb,77.69
2558,foldit_recycles/recyc_0/colab/2003455_S943_unrelaxed_rank_004_alphafold2_ptm_model_5_seed_000.pdb,79.97
2559,foldit_recycles/recyc_0/colab/2000240_s003_unrelaxed_rank_001_alphafold2_ptm_model_2_seed_000.pdb,66.65
2560,foldit_recycles/recyc_0/colab/2003205_0000_unrelaxed_rank_003_alphafold2_ptm_model_1_seed_000.pdb,79.76
2561,foldit_recycles/recyc_0/colab/2002922_s004_unrelaxed_rank_003_alphafold2_ptm_model_1_seed_000.pdb,84.66
2562,foldit_recycles/recyc_0/colab/2003333_1013_unrelaxed_rank_004_alphafold2_ptm_model_3_seed_000.pdb,54.25
2563,foldit_recycles/recyc_0/colab/2003245_S383_unrelaxed_rank_002_alphafold2_ptm_model_1_seed_000.pdb,89.9
2564,foldit_recycles/recyc_0/colab/2002766_0001_unrelaxed_rank_003_alphafold2_ptm_model_1_seed_000.pdb,90.6
2565,foldit_recycles/recyc_0/colab/2002877_s005_unrelaxed_rank_002_alphafold2_ptm_model_3_seed_000.pdb,73.25
2566,foldit_recycles/recyc_0/colab/2002949_0007_unrelaxed_rank_005_alphafold2_ptm_model_3_seed_000.pdb,76.81
2567,foldit_recycles/recyc_0/colab/2003382_0004_unrelaxed_rank_003_alphafold2_ptm_model_4_seed_000.pdb,64.51
2568,foldit_recycles/recyc_0/colab/2002590_S567_unrelaxed_rank_001_alphafold2_ptm_model_2_seed_000.pdb,76.12
2569,foldit_recycles/recyc_0/colab/2003382_s008_unrelaxed_rank_004_alphafold2_ptm_model_5_seed_000.pdb,75.26
2570,foldit_recycles/recyc_0/colab/2003532_0000_unrelaxed_rank_001_alphafold2_ptm_model_4_seed_000.pdb,81.1
2571,foldit_recycles/recyc_0/colab/2003048_1024_unrelaxed_rank_001_alphafold2_ptm_model_5_seed_000.pdb,74.36
2572,foldit_recycles/recyc_0/colab/2002990_1031_unrelaxed_rank_005_alphafold2_ptm_model_5_seed_000.pdb,79.77
2573,foldit_recycles/recyc_0/colab/2002922_1013_unrelaxed_rank_001_alphafold2_ptm_model_4_seed_000.pdb,84.28
2574,foldit_recycles/recyc_0/colab/2003265_S714_unrelaxed_rank_004_alphafold2_ptm_model_1_seed_000.pdb,71.71
2575,foldit_recycles/recyc_0/colab/1998925_s008_unrelaxed_rank_001_alphafold2_ptm_model_5_seed_000.pdb,69.79
2576,foldit_recycles/recyc_0/colab/2003594_s008_unrelaxed_rank_004_alphafold2_ptm_model_3_seed_000.pdb,69.56
2577,foldit_recycles/recyc_0/colab/2003169_s008_unrelaxed_rank_001_alphafold2_ptm_model_2_seed_000.pdb,76.17
2578,foldit_recycles/recyc_0/colab/2003333_0006_unrelaxed_rank_005_alphafold2_ptm_model_1_seed_000.pdb,89.44
2579,foldit_recycles/recyc_0/colab/2002243_1016_unrelaxed_rank_004_alphafold2_ptm_model_1_seed_000.pdb,79.47
2580,foldit_recycles/recyc_0/colab/2002376_0000_unrelaxed_rank_004_alphafold2_ptm_model_4_seed_000.pdb,67.31
2581,foldit_recycles/recyc_0/colab/2003532_1020_unrelaxed_rank_001_alphafold2_ptm_model_2_seed_000.pdb,85.62
2582,foldit_recycles/recyc_0/colab/2002553_0000_unrelaxed_rank_002_alphafold2_ptm_model_5_seed_000.pdb,65.65
2583,foldit_recycles/recyc_0/colab/2003048_0005_unrelaxed_rank_005_alphafold2_ptm_model_4_seed_000.pdb,70.11
2584,foldit_recycles/recyc_0/colab/2003308_0009_unrelaxed_rank_003_alphafold2_ptm_model_3_seed_000.pdb,73.04
2585,foldit_recycles/recyc_0/colab/2003455_1023_unrelaxed_rank_001_alphafold2_ptm_model_2_seed_000.pdb,91.24
2586,foldit_recycles/recyc_0/colab/2003485_1036_unrelaxed_rank_005_alphafold2_ptm_model_5_seed_000.pdb,75.84
2587,foldit_recycles/recyc_0/colab/2003382_s005_unrelaxed_rank_001_alphafold2_ptm_model_5_seed_000.pdb,76.7
2588,foldit_recycles/recyc_0/colab/2003048_0005_unrelaxed_rank_004_alphafold2_ptm_model_3_seed_000.pdb,72.94
2589,foldit_recycles/recyc_0/colab/2002290_S122_unrelaxed_rank_003_alphafold2_ptm_model_5_seed_000.pdb,80.56
2590,foldit_recycles/recyc_0/colab/997523_0003_unrelaxed_rank_003_alphafold2_ptm_model_2_seed_000.pdb,80.84
2591,foldit_recycles/recyc_0/colab/2002590_0001_unrelaxed_rank_003_alphafold2_ptm_model_2_seed_000.pdb,74.42
2592,foldit_recycles/recyc_0/colab/2002544_0000_unrelaxed_rank_003_alphafold2_ptm_model_4_seed_000.pdb,83.65
2593,foldit_recycles/recyc_0/colab/2003455_S886_unrelaxed_rank_001_alphafold2_ptm_model_2_seed_000.pdb,81.55
2594,foldit_recycles/recyc_0/colab/2002553_0000_unrelaxed_rank_003_alphafold2_ptm_model_4_seed_000.pdb,64.2
2595,foldit_recycles/recyc_0/colab/2002334_0005_unrelaxed_rank_003_alphafold2_ptm_model_4_seed_000.pdb,65.09
2596,foldit_recycles/recyc_0/colab/2003333_s001_unrelaxed_rank_004_alphafold2_ptm_model_4_seed_000.pdb,70.24
2597,foldit_recycles/recyc_0/colab/2003285_s000_unrelaxed_rank_003_alphafold2_ptm_model_4_seed_000.pdb,82.03
2598,foldit_recycles/recyc_0/colab/2003333_0006_unrelaxed_rank_001_alphafold2_ptm_model_2_seed_000.pdb,92.28
2599,foldit_recycles/recyc_0/colab/2003265_s003_unrelaxed_rank_001_alphafold2_ptm_model_4_seed_000.pdb,80.14
2600,foldit_recycles/recyc_0/colab/997523_0008_unrelaxed_rank_005_alphafold2_ptm_model_1_seed_000.pdb,85.29
2601,foldit_recycles/recyc_0/colab/2002766_0000_unrelaxed_rank_004_alphafold2_ptm_model_1_seed_000.pdb,82.97
2602,foldit_recycles/recyc_0/colab/2002565_0002_unrelaxed_rank_003_alphafold2_ptm_model_3_seed_000.pdb,77.97
2603,foldit_recycles/recyc_0/colab/2002922_1018_unrelaxed_rank_004_alphafold2_ptm_model_5_seed_000.pdb,70.35
2604,foldit_recycles/recyc_0/colab/2003360_s004_unrelaxed_rank_005_alphafold2_ptm_model_1_seed_000.pdb,86.36
2605,foldit_recycles/recyc_0/colab/2003455_1023_unrelaxed_rank_003_alphafold2_ptm_model_3_seed_000.pdb,87.82
2606,foldit_recycles/recyc_0/colab/2003205_S722_unrelaxed_rank_002_alphafold2_ptm_model_4_seed_000.pdb,74.0
2607,foldit_recycles/recyc_0/colab/2000485_1070_unrelaxed_rank_003_alphafold2_ptm_model_3_seed_000.pdb,47.69
2608,foldit_recycles/recyc_0/colab/2002745_0003_unrelaxed_rank_001_alphafold2_ptm_model_5_seed_000.pdb,89.84
2609,foldit_recycles/recyc_0/colab/2003265_s005_unrelaxed_rank_005_alphafold2_ptm_model_3_seed_000.pdb,83.41
2610,foldit_recycles/recyc_0/colab/2000240_s003_unrelaxed_rank_002_alphafold2_ptm_model_5_seed_000.pdb,66.34
2611,foldit_recycles/recyc_0/colab/2002308_0005_unrelaxed_rank_003_alphafold2_ptm_model_1_seed_000.pdb,60.3
2612,foldit_recycles/recyc_0/colab/2003048_s009_unrelaxed_rank_001_alphafold2_ptm_model_2_seed_000.pdb,77.06
2613,foldit_recycles/recyc_0/colab/2003265_S115_unrelaxed_rank_002_alphafold2_ptm_model_5_seed_000.pdb,88.24
2614,foldit_recycles/recyc_0/colab/2002787_0005_unrelaxed_rank_003_alphafold2_ptm_model_3_seed_000.pdb,62.97
2615,foldit_recycles/recyc_0/colab/2002766_0000_unrelaxed_rank_003_alphafold2_ptm_model_4_seed_000.pdb,85.15
2616,foldit_recycles/recyc_0/colab/2003382_0002_unrelaxed_rank_004_alphafold2_ptm_model_3_seed_000.pdb,73.83
2617,foldit_recycles/recyc_0/colab/2003485_1029_unrelaxed_rank_003_alphafold2_ptm_model_3_seed_000.pdb,67.55
2618,foldit_recycles/recyc_0/colab/997523_0005_unrelaxed_rank_004_alphafold2_ptm_model_1_seed_000.pdb,69.99
2619,foldit_recycles/recyc_0/colab/2002766_0003_unrelaxed_rank_004_alphafold2_ptm_model_4_seed_000.pdb,79.33
2620,foldit_recycles/recyc_0/colab/2000240_0002_unrelaxed_rank_003_alphafold2_ptm_model_3_seed_000.pdb,79.42
2621,foldit_recycles/recyc_0/colab/2003594_S603_unrelaxed_rank_005_alphafold2_ptm_model_1_seed_000.pdb,63.89
2622,foldit_recycles/recyc_0/colab/2003360_0005_unrelaxed_rank_001_alphafold2_ptm_model_2_seed_000.pdb,88.37
2623,foldit_recycles/recyc_0/colab/2003455_S943_unrelaxed_rank_002_alphafold2_ptm_model_3_seed_000.pdb,81.63
2624,foldit_recycles/recyc_0/colab/2002949_0000_unrelaxed_rank_004_alphafold2_ptm_model_4_seed_000.pdb,84.03
2625,foldit_recycles/recyc_0/colab/2002334_0005_unrelaxed_rank_005_alphafold2_ptm_model_2_seed_000.pdb,64.77
2626,foldit_recycles/recyc_0/colab/2002590_S567_unrelaxed_rank_005_alphafold2_ptm_model_4_seed_000.pdb,70.56
2627,foldit_recycles/recyc_0/colab/2003285_s000_unrelaxed_rank_001_alphafold2_ptm_model_2_seed_000.pdb,89.15
2628,foldit_recycles/recyc_0/colab/2003455_S886_unrelaxed_rank_003_alphafold2_ptm_model_5_seed_000.pdb,78.94
2629,foldit_recycles/recyc_0/colab/2002308_0000_unrelaxed_rank_004_alphafold2_ptm_model_4_seed_000.pdb,57.38
2630,foldit_recycles/recyc_0/colab/2003245_S383_unrelaxed_rank_001_alphafold2_ptm_model_2_seed_000.pdb,91.34
2631,foldit_recycles/recyc_0/colab/2003333_0000_unrelaxed_rank_004_alphafold2_ptm_model_3_seed_000.pdb,83.03
2632,foldit_recycles/recyc_0/colab/2000518_0003_unrelaxed_rank_005_alphafold2_ptm_model_5_seed_000.pdb,72.57
2633,foldit_recycles/recyc_0/colab/2002565_0002_unrelaxed_rank_001_alphafold2_ptm_model_4_seed_000.pdb,81.56
2634,foldit_recycles/recyc_0/colab/997523_0006_unrelaxed_rank_001_alphafold2_ptm_model_1_seed_000.pdb,81.26
2635,foldit_recycles/recyc_0/colab/2003360_s000_unrelaxed_rank_003_alphafold2_ptm_model_5_seed_000.pdb,82.57
2636,foldit_recycles/recyc_0/colab/2003455_S886_unrelaxed_rank_005_alphafold2_ptm_model_4_seed_000.pdb,73.61
2637,foldit_recycles/recyc_0/colab/2002613_0004_unrelaxed_rank_002_alphafold2_ptm_model_5_seed_000.pdb,79.15
2638,foldit_recycles/recyc_0/colab/2002922_s004_unrelaxed_rank_005_alphafold2_ptm_model_3_seed_000.pdb,79.44
2639,foldit_recycles/recyc_0/colab/2003205_1035_unrelaxed_rank_005_alphafold2_ptm_model_5_seed_000.pdb,51.25
2640,foldit_recycles/recyc_0/colab/997523_1003_unrelaxed_rank_001_alphafold2_ptm_model_1_seed_000.pdb,72.34
2641,foldit_recycles/recyc_0/colab/2003414_1018_unrelaxed_rank_004_alphafold2_ptm_model_3_seed_000.pdb,78.8
2642,foldit_recycles/recyc_0/colab/2002766_0001_unrelaxed_rank_001_alphafold2_ptm_model_2_seed_000.pdb,92.95
2643,foldit_recycles/recyc_0/colab/2000665_1003_unrelaxed_rank_001_alphafold2_ptm_model_1_seed_000.pdb,53.0
2644,foldit_recycles/recyc_0/colab/997791_1027_unrelaxed_rank_001_alphafold2_ptm_model_5_seed_000.pdb,90.25
2645,foldit_recycles/recyc_0/colab/2003485_0000_unrelaxed_rank_001_alphafold2_ptm_model_4_seed_000.pdb,81.77
2646,foldit_recycles/recyc_0/colab/2002243_1016_unrelaxed_rank_001_alphafold2_ptm_model_5_seed_000.pdb,84.29
2647,foldit_recycles/recyc_0/colab/2002745_0004_unrelaxed_rank_001_alphafold2_ptm_model_3_seed_000.pdb,88.33
2648,foldit_recycles/recyc_0/colab/2003382_0004_unrelaxed_rank_004_alphafold2_ptm_model_3_seed_000.pdb,61.63
2649,foldit_recycles/recyc_0/colab/2002243_1016_unrelaxed_rank_003_alphafold2_ptm_model_4_seed_000.pdb,79.88
2650,foldit_recycles/recyc_0/colab/1998925_s008_unrelaxed_rank_002_alphafold2_ptm_model_2_seed_000.pdb,68.95
2651,foldit_recycles/recyc_0/colab/2000518_0000_unrelaxed_rank_001_alphafold2_ptm_model_5_seed_000.pdb,71.67
2652,foldit_recycles/recyc_0/colab/2003532_0000_unrelaxed_rank_002_alphafold2_ptm_model_3_seed_000.pdb,81.13
2653,foldit_recycles/recyc_0/colab/2003485_1036_unrelaxed_rank_002_alphafold2_ptm_model_2_seed_000.pdb,78.98
2654,foldit_recycles/recyc_0/colab/997523_0006_unrelaxed_rank_005_alphafold2_ptm_model_3_seed_000.pdb,73.69
2655,foldit_recycles/recyc_0/colab/2003360_s000_unrelaxed_rank_005_alphafold2_ptm_model_3_seed_000.pdb,78.29
2656,foldit_recycles/recyc_0/colab/1998925_s005_unrelaxed_rank_001_alphafold2_ptm_model_2_seed_000.pdb,69.69
2657,foldit_recycles/recyc_0/colab/997258_0001_unrelaxed_rank_003_alphafold2_ptm_model_1_seed_000.pdb,78.61
2658,foldit_recycles/recyc_0/colab/2002766_0003_unrelaxed_rank_002_alphafold2_ptm_model_3_seed_000.pdb,82.93
2659,foldit_recycles/recyc_0/colab/997523_0006_unrelaxed_rank_004_alphafold2_ptm_model_4_seed_000.pdb,73.66
2660,foldit_recycles/recyc_0/colab/2003455_S886_unrelaxed_rank_004_alphafold2_ptm_model_1_seed_000.pdb,78.8
2661,foldit_recycles/recyc_0/colab/2003333_1013_unrelaxed_rank_002_alphafold2_ptm_model_1_seed_000.pdb,64.74
2662,foldit_recycles/recyc_0/colab/2003308_0004_unrelaxed_rank_001_alphafold2_ptm_model_2_seed_000.pdb,84.9
2663,foldit_recycles/recyc_0/colab/2000518_0000_unrelaxed_rank_003_alphafold2_ptm_model_3_seed_000.pdb,64.45
2664,foldit_recycles/recyc_0/colab/1998925_s008_unrelaxed_rank_004_alphafold2_ptm_model_1_seed_000.pdb,65.84
2665,foldit_recycles/recyc_0/colab/2003360_s002_unrelaxed_rank_001_alphafold2_ptm_model_5_seed_000.pdb,84.53
2666,foldit_recycles/recyc_0/colab/2002713_0000_unrelaxed_rank_001_alphafold2_ptm_model_3_seed_000.pdb,87.58
2667,foldit_recycles/recyc_0/colab/2002308_S695_unrelaxed_rank_003_alphafold2_ptm_model_3_seed_000.pdb,53.14
2668,foldit_recycles/recyc_0/colab/2003205_0003_unrelaxed_rank_002_alphafold2_ptm_model_4_seed_000.pdb,85.1
2669,foldit_recycles/recyc_0/colab/2003333_s003_unrelaxed_rank_001_alphafold2_ptm_model_2_seed_000.pdb,85.79
2670,foldit_recycles/recyc_0/colab/2003205_s002_unrelaxed_rank_004_alphafold2_ptm_model_5_seed_000.pdb,80.77
2671,foldit_recycles/recyc_0/colab/2002590_S567_unrelaxed_rank_002_alphafold2_ptm_model_3_seed_000.pdb,74.54
2672,foldit_recycles/recyc_0/colab/2003532_0000_unrelaxed_rank_004_alphafold2_ptm_model_2_seed_000.pdb,79.04
2673,foldit_recycles/recyc_0/colab/2002308_0005_unrelaxed_rank_001_alphafold2_ptm_model_4_seed_000.pdb,81.34
2674,foldit_recycles/recyc_0/colab/2002290_S122_unrelaxed_rank_001_alphafold2_ptm_model_1_seed_000.pdb,84.75
2675,foldit_recycles/recyc_0/colab/2003048_S697_unrelaxed_rank_001_alphafold2_ptm_model_4_seed_000.pdb,68.78
2676,foldit_recycles/recyc_0/colab/2003245_S383_unrelaxed_rank_003_alphafold2_ptm_model_5_seed_000.pdb,89.63
2677,foldit_recycles/recyc_0/colab/2003205_1035_unrelaxed_rank_002_alphafold2_ptm_model_4_seed_000.pdb,59.52
2678,foldit_recycles/recyc_0/colab/2002949_0007_unrelaxed_rank_001_alphafold2_ptm_model_1_seed_000.pdb,79.83
2679,foldit_recycles/recyc_0/colab/2002922_1013_unrelaxed_rank_002_alphafold2_ptm_model_3_seed_000.pdb,82.98
2680,foldit_recycles/recyc_0/colab/2003485_0000_unrelaxed_rank_002_alphafold2_ptm_model_1_seed_000.pdb,81.45
2681,foldit_recycles/recyc_0/colab/2000518_0003_unrelaxed_rank_003_alphafold2_ptm_model_3_seed_000.pdb,77.78
2682,foldit_recycles/recyc_0/colab/2002486_1048_unrelaxed_rank_005_alphafold2_ptm_model_4_seed_000.pdb,53.26
2683,foldit_recycles/recyc_0/colab/2003382_0009_unrelaxed_rank_004_alphafold2_ptm_model_4_seed_000.pdb,52.38
2684,foldit_recycles/recyc_0/colab/997523_0008_unrelaxed_rank_002_alphafold2_ptm_model_2_seed_000.pdb,88.84
2685,foldit_recycles/recyc_0/colab/2001044_0000_unrelaxed_rank_004_alphafold2_ptm_model_5_seed_000.pdb,82.26
2686,foldit_recycles/recyc_0/colab/2003485_0002_unrelaxed_rank_003_alphafold2_ptm_model_1_seed_000.pdb,82.27
2687,foldit_recycles/recyc_0/colab/2003594_s008_unrelaxed_rank_005_alphafold2_ptm_model_5_seed_000.pdb,66.95
2688,foldit_recycles/recyc_0/colab/2003485_S412_unrelaxed_rank_005_alphafold2_ptm_model_5_seed_000.pdb,69.27
2689,foldit_recycles/recyc_0/colab/2003285_0000_unrelaxed_rank_005_alphafold2_ptm_model_2_seed_000.pdb,81.57
2690,foldit_recycles/recyc_0/colab/2003532_1022_unrelaxed_rank_002_alphafold2_ptm_model_1_seed_000.pdb,76.06
2691,foldit_recycles/recyc_0/colab/2000518_0000_unrelaxed_rank_002_alphafold2_ptm_model_4_seed_000.pdb,71.53
2692,foldit_recycles/recyc_0/colab/2002544_0000_unrelaxed_rank_005_alphafold2_ptm_model_5_seed_000.pdb,71.38
2693,foldit_recycles/recyc_0/colab/2003265_0007_unrelaxed_rank_005_alphafold2_ptm_model_1_seed_000.pdb,83.21
2694,foldit_recycles/recyc_0/colab/2003333_0006_unrelaxed_rank_004_alphafold2_ptm_model_4_seed_000.pdb,89.7
2695,foldit_recycles/recyc_0/colab/1998925_s005_unrelaxed_rank_005_alphafold2_ptm_model_3_seed_000.pdb,61.98
2696,foldit_recycles/recyc_0/colab/997791_1027_unrelaxed_rank_002_alphafold2_ptm_model_2_seed_000.pdb,89.32
2697,foldit_recycles/recyc_0/colab/2003205_s002_unrelaxed_rank_002_alphafold2_ptm_model_4_seed_000.pdb,83.09
2698,foldit_recycles/recyc_0/colab/2002745_0004_unrelaxed_rank_004_alphafold2_ptm_model_2_seed_000.pdb,85.86
2699,foldit_recycles/recyc_0/colab/2003265_s003_unrelaxed_rank_002_alphafold2_ptm_model_3_seed_000.pdb,73.48
2700,foldit_recycles/recyc_0/colab/2002590_0001_unrelaxed_rank_002_alphafold2_ptm_model_4_seed_000.pdb,75.42
2701,foldit_recycles/recyc_0/colab/2002877_s005_unrelaxed_rank_004_alphafold2_ptm_model_5_seed_000.pdb,72.99
2702,foldit_recycles/recyc_0/colab/2002713_0004_unrelaxed_rank_003_alphafold2_ptm_model_1_seed_000.pdb,83.55
2703,foldit_recycles/recyc_0/colab/2002949_0000_unrelaxed_rank_001_alphafold2_ptm_model_2_seed_000.pdb,87.08
2704,foldit_recycles/recyc_0/colab/2003285_s008_unrelaxed_rank_002_alphafold2_ptm_model_3_seed_000.pdb,79.59
2705,foldit_recycles/recyc_0/colab/2000665_1003_unrelaxed_rank_003_alphafold2_ptm_model_3_seed_000.pdb,51.33
2706,foldit_recycles/recyc_0/colab/1998469_0000_unrelaxed_rank_004_alphafold2_ptm_model_2_seed_000.pdb,74.52
2707,foldit_recycles/recyc_0/colab/2003360_s002_unrelaxed_rank_005_alphafold2_ptm_model_3_seed_000.pdb,80.24
2708,foldit_recycles/recyc_0/colab/997523_0008_unrelaxed_rank_004_alphafold2_ptm_model_4_seed_000.pdb,87.42
2709,foldit_recycles/recyc_0/colab/2001044_0000_unrelaxed_rank_002_alphafold2_ptm_model_4_seed_000.pdb,84.78
2710,foldit_recycles/recyc_0/colab/2000518_S468_unrelaxed_rank_002_alphafold2_ptm_model_3_seed_000.pdb,65.54
2711,foldit_recycles/recyc_0/colab/2003360_s003_unrelaxed_rank_004_alphafold2_ptm_model_5_seed_000.pdb,79.16
2712,foldit_recycles/recyc_0/colab/2002990_0006_unrelaxed_rank_002_alphafold2_ptm_model_3_seed_000.pdb,86.05
2713,foldit_recycles/recyc_0/colab/2003333_s001_unrelaxed_rank_005_alphafold2_ptm_model_2_seed_000.pdb,69.43
2714,foldit_recycles/recyc_0/colab/2003048_0003_unrelaxed_rank_005_alphafold2_ptm_model_3_seed_000.pdb,77.61
2715,foldit_recycles/recyc_0/colab/2003265_0007_unrelaxed_rank_004_alphafold2_ptm_model_4_seed_000.pdb,85.5
2716,foldit_recycles/recyc_0/colab/2000240_0002_unrelaxed_rank_001_alphafold2_ptm_model_2_seed_000.pdb,84.84
2717,foldit_recycles/recyc_0/colab/997523_0003_unrelaxed_rank_002_alphafold2_ptm_model_4_seed_000.pdb,83.19
2718,foldit_recycles/recyc_0/colab/2002486_1048_unrelaxed_rank_003_alphafold2_ptm_model_2_seed_000.pdb,54.84
2719,foldit_recycles/recyc_0/colab/2002766_0002_unrelaxed_rank_004_alphafold2_ptm_model_5_seed_000.pdb,87.9
2720,foldit_recycles/recyc_0/colab/2002745_0003_unrelaxed_rank_003_alphafold2_ptm_model_2_seed_000.pdb,88.19
2721,foldit_recycles/recyc_0/colab/2002766_0003_unrelaxed_rank_005_alphafold2_ptm_model_5_seed_000.pdb,75.64
2722,foldit_recycles/recyc_0/colab/2002713_1006_unrelaxed_rank_001_alphafold2_ptm_model_2_seed_000.pdb,90.52
2723,foldit_recycles/recyc_0/colab/2000240_s003_unrelaxed_rank_004_alphafold2_ptm_model_1_seed_000.pdb,63.76
2724,foldit_recycles/recyc_0/colab/997523_0005_unrelaxed_rank_003_alphafold2_ptm_model_5_seed_000.pdb,76.79
2725,foldit_recycles/recyc_0/colab/2002787_0005_unrelaxed_rank_001_alphafold2_ptm_model_2_seed_000.pdb,79.65
2726,foldit_recycles/recyc_0/colab/2002544_0000_unrelaxed_rank_004_alphafold2_ptm_model_3_seed_000.pdb,83.13
2727,foldit_recycles/recyc_0/colab/2003485_1017_unrelaxed_rank_002_alphafold2_ptm_model_5_seed_000.pdb,75.2
2728,foldit_recycles/recyc_0/colab/2003048_0003_unrelaxed_rank_003_alphafold2_ptm_model_1_seed_000.pdb,83.16
2729,foldit_recycles/recyc_0/colab/2002290_S122_unrelaxed_rank_002_alphafold2_ptm_model_2_seed_000.pdb,81.43
2730,foldit_recycles/recyc_0/colab/2002949_0000_unrelaxed_rank_005_alphafold2_ptm_model_3_seed_000.pdb,81.28
2731,foldit_recycles/recyc_0/colab/2002787_0005_unrelaxed_rank_005_alphafold2_ptm_model_1_seed_000.pdb,56.67
2732,foldit_recycles/recyc_0/colab/1998555_1041_unrelaxed_rank_004_alphafold2_ptm_model_5_seed_000.pdb,59.59
2733,foldit_recycles/recyc_0/colab/2002922_1018_unrelaxed_rank_001_alphafold2_ptm_model_4_seed_000.pdb,77.08
2734,foldit_recycles/recyc_0/colab/2003382_s008_unrelaxed_rank_005_alphafold2_ptm_model_1_seed_000.pdb,75.06
2735,foldit_recycles/recyc_0/colab/2003169_S953_unrelaxed_rank_003_alphafold2_ptm_model_1_seed_000.pdb,87.09
2736,foldit_recycles/recyc_0/colab/2000518_S468_unrelaxed_rank_004_alphafold2_ptm_model_5_seed_000.pdb,61.09
2737,foldit_recycles/recyc_0/colab/2002713_1006_unrelaxed_rank_003_alphafold2_ptm_model_1_seed_000.pdb,87.2
2738,foldit_recycles/recyc_0/colab/2002787_0005_unrelaxed_rank_004_alphafold2_ptm_model_5_seed_000.pdb,62.71
2739,foldit_recycles/recyc_0/colab/2003455_0001_unrelaxed_rank_004_alphafold2_ptm_model_5_seed_000.pdb,82.32
2740,foldit_recycles/recyc_0/colab/2003205_S506_unrelaxed_rank_001_alphafold2_ptm_model_4_seed_000.pdb,80.9
2741,foldit_recycles/recyc_0/colab/997258_0004_unrelaxed_rank_005_alphafold2_ptm_model_2_seed_000.pdb,74.85
2742,foldit_recycles/recyc_0/colab/2002766_0000_unrelaxed_rank_002_alphafold2_ptm_model_5_seed_000.pdb,85.61
2743,foldit_recycles/recyc_0/colab/2002613_0004_unrelaxed_rank_003_alphafold2_ptm_model_3_seed_000.pdb,76.88
2744,foldit_recycles/recyc_0/colab/2002745_0000_unrelaxed_rank_002_alphafold2_ptm_model_4_seed_000.pdb,87.55
2745,foldit_recycles/recyc_0/colab/2002613_0004_unrelaxed_rank_005_alphafold2_ptm_model_4_seed_000.pdb,75.64
2746,foldit_recycles/recyc_0/colab/2002486_1012_unrelaxed_rank_004_alphafold2_ptm_model_5_seed_000.pdb,70.96
2747,foldit_recycles/recyc_0/colab/2003169_S953_unrelaxed_rank_002_alphafold2_ptm_model_5_seed_000.pdb,87.4
2748,foldit_recycles/recyc_0/colab/2003048_1024_unrelaxed_rank_004_alphafold2_ptm_model_4_seed_000.pdb,67.68
2749,foldit_recycles/recyc_0/colab/2003382_1021_unrelaxed_rank_001_alphafold2_ptm_model_2_seed_000.pdb,78.94
2750,foldit_recycles/recyc_0/colab/2003245_S385_unrelaxed_rank_003_alphafold2_ptm_model_3_seed_000.pdb,83.35
2751,foldit_recycles/recyc_0/colab/997383_s346_unrelaxed_rank_005_alphafold2_ptm_model_4_seed_000.pdb,65.96
2752,foldit_recycles/recyc_0/colab/2003455_s008_unrelaxed_rank_001_alphafold2_ptm_model_1_seed_000.pdb,54.34
2753,foldit_recycles/recyc_0/colab/2003333_0005_unrelaxed_rank_002_alphafold2_ptm_model_5_seed_000.pdb,81.74
2754,foldit_recycles/recyc_0/colab/2003485_1017_unrelaxed_rank_004_alphafold2_ptm_model_1_seed_000.pdb,69.3
2755,foldit_recycles/recyc_0/colab/2002713_0004_unrelaxed_rank_004_alphafold2_ptm_model_4_seed_000.pdb,82.67
2756,foldit_recycles/recyc_0/colab/2003360_s003_unrelaxed_rank_005_alphafold2_ptm_model_2_seed_000.pdb,78.07
2757,foldit_recycles/recyc_0/colab/2002766_0004_unrelaxed_rank_002_alphafold2_ptm_model_3_seed_000.pdb,78.96
2758,foldit_recycles/recyc_0/colab/2002376_0003_unrelaxed_rank_005_alphafold2_ptm_model_4_seed_000.pdb,68.87
2759,foldit_recycles/recyc_0/colab/2002922_s004_unrelaxed_rank_001_alphafold2_ptm_model_5_seed_000.pdb,86.07
2760,foldit_recycles/recyc_0/colab/2003285_s000_unrelaxed_rank_002_alphafold2_ptm_model_3_seed_000.pdb,84.8
2761,foldit_recycles/recyc_0/colab/2002766_0006_unrelaxed_rank_005_alphafold2_ptm_model_5_seed_000.pdb,77.68
2762,foldit_recycles/recyc_0/colab/2002713_0004_unrelaxed_rank_005_alphafold2_ptm_model_3_seed_000.pdb,82.48
2763,foldit_recycles/recyc_0/colab/2002990_1039_unrelaxed_rank_002_alphafold2_ptm_model_3_seed_000.pdb,84.47
2764,foldit_recycles/recyc_0/colab/2003205_0008_unrelaxed_rank_004_alphafold2_ptm_model_2_seed_000.pdb,63.73
2765,foldit_recycles/recyc_0/colab/2003594_S603_unrelaxed_rank_003_alphafold2_ptm_model_5_seed_000.pdb,66.99
2766,foldit_recycles/recyc_0/colab/2002469_0001_unrelaxed_rank_002_alphafold2_ptm_model_2_seed_000.pdb,74.4
2767,foldit_recycles/recyc_0/colab/2003485_0002_unrelaxed_rank_004_alphafold2_ptm_model_3_seed_000.pdb,80.32
2768,foldit_recycles/recyc_0/colab/2003205_0006_unrelaxed_rank_002_alphafold2_ptm_model_3_seed_000.pdb,61.93
2769,foldit_recycles/recyc_0/colab/2002553_0000_unrelaxed_rank_001_alphafold2_ptm_model_2_seed_000.pdb,67.74
2770,foldit_recycles/recyc_0/colab/2003414_1018_unrelaxed_rank_003_alphafold2_ptm_model_2_seed_000.pdb,80.09
2771,foldit_recycles/recyc_0/colab/2003594_s008_unrelaxed_rank_001_alphafold2_ptm_model_2_seed_000.pdb,74.46
2772,foldit_recycles/recyc_0/colab/2002486_0006_unrelaxed_rank_001_alphafold2_ptm_model_2_seed_000.pdb,78.85
2773,foldit_recycles/recyc_0/colab/2003205_0006_unrelaxed_rank_005_alphafold2_ptm_model_4_seed_000.pdb,52.99
2774,foldit_recycles/recyc_0/colab/2003455_1023_unrelaxed_rank_004_alphafold2_ptm_model_4_seed_000.pdb,87.63
2775,foldit_recycles/recyc_0/colab/2002990_s006_unrelaxed_rank_002_alphafold2_ptm_model_2_seed_000.pdb,73.27
2776,foldit_recycles/recyc_0/colab/2003205_0008_unrelaxed_rank_002_alphafold2_ptm_model_4_seed_000.pdb,70.61
2777,foldit_recycles/recyc_0/colab/2003382_0009_unrelaxed_rank_005_alphafold2_ptm_model_3_seed_000.pdb,50.14
2778,foldit_recycles/recyc_0/colab/2000240_0002_unrelaxed_rank_005_alphafold2_ptm_model_1_seed_000.pdb,77.78
2779,foldit_recycles/recyc_0/colab/2002990_0006_unrelaxed_rank_005_alphafold2_ptm_model_4_seed_000.pdb,82.81
2780,foldit_recycles/recyc_0/colab/2003285_s008_unrelaxed_rank_005_alphafold2_ptm_model_1_seed_000.pdb,70.54
2781,foldit_recycles/recyc_0/colab/2002766_0004_unrelaxed_rank_005_alphafold2_ptm_model_1_seed_000.pdb,74.45
2782,foldit_recycles/recyc_0/colab/2003414_1018_unrelaxed_rank_001_alphafold2_ptm_model_5_seed_000.pdb,81.08
2783,foldit_recycles/recyc_0/colab/2002486_0006_unrelaxed_rank_003_alphafold2_ptm_model_3_seed_000.pdb,73.49
2784,foldit_recycles/recyc_0/colab/1998555_1041_unrelaxed_rank_001_alphafold2_ptm_model_4_seed_000.pdb,66.63
2785,foldit_recycles/recyc_0/colab/2002089_1029_unrelaxed_rank_002_alphafold2_ptm_model_1_seed_000.pdb,67.61
2786,foldit_recycles/recyc_0/colab/2003285_0000_unrelaxed_rank_001_alphafold2_ptm_model_5_seed_000.pdb,85.9
2787,foldit_recycles/recyc_0/colab/2000518_S468_unrelaxed_rank_003_alphafold2_ptm_model_2_seed_000.pdb,65.08
2788,foldit_recycles/recyc_0/colab/997258_0001_unrelaxed_rank_001_alphafold2_ptm_model_3_seed_000.pdb,82.55
2789,foldit_recycles/recyc_0/colab/2002745_0001_unrelaxed_rank_004_alphafold2_ptm_model_4_seed_000.pdb,91.96
2790,foldit_recycles/recyc_0/colab/2003265_s008_unrelaxed_rank_004_alphafold2_ptm_model_1_seed_000.pdb,82.94
2791,foldit_recycles/recyc_0/colab/2003265_s003_unrelaxed_rank_005_alphafold2_ptm_model_5_seed_000.pdb,60.92
2792,foldit_recycles/recyc_0/colab/2003048_1050_unrelaxed_rank_002_alphafold2_ptm_model_5_seed_000.pdb,83.9
2793,foldit_recycles/recyc_0/colab/2002745_0004_unrelaxed_rank_003_alphafold2_ptm_model_1_seed_000.pdb,87.09
2794,foldit_recycles/recyc_0/colab/2002334_0005_unrelaxed_rank_001_alphafold2_ptm_model_5_seed_000.pdb,77.09
2795,foldit_recycles/recyc_0/colab/1998925_s008_unrelaxed_rank_005_alphafold2_ptm_model_3_seed_000.pdb,62.68
2796,foldit_recycles/recyc_0/colab/2003382_1021_unrelaxed_rank_004_alphafold2_ptm_model_4_seed_000.pdb,66.96
2797,foldit_recycles/recyc_0/colab/2003205_0002_unrelaxed_rank_005_alphafold2_ptm_model_1_seed_000.pdb,85.96
2798,foldit_recycles/recyc_0/colab/2003265_1034_unrelaxed_rank_002_alphafold2_ptm_model_5_seed_000.pdb,89.83
2799,foldit_recycles/recyc_0/colab/2003360_1013_unrelaxed_rank_001_alphafold2_ptm_model_4_seed_000.pdb,78.41
2800,foldit_recycles/recyc_0/colab/2003265_s005_unrelaxed_rank_003_alphafold2_ptm_model_4_seed_000.pdb,85.66
2801,foldit_recycles/recyc_0/colab/2003414_1018_unrelaxed_rank_005_alphafold2_ptm_model_1_seed_000.pdb,77.44
2802,foldit_recycles/recyc_0/colab/2003285_s008_unrelaxed_rank_003_alphafold2_ptm_model_5_seed_000.pdb,74.89
2803,foldit_recycles/recyc_0/colab/2003308_0009_unrelaxed_rank_005_alphafold2_ptm_model_5_seed_000.pdb,64.02
2804,foldit_recycles/recyc_0/colab/2002308_0005_unrelaxed_rank_002_alphafold2_ptm_model_2_seed_000.pdb,61.6
2805,foldit_recycles/recyc_0/colab/2003382_0009_unrelaxed_rank_002_alphafold2_ptm_model_1_seed_000.pdb,58.23
2806,foldit_recycles/recyc_0/colab/2002334_0005_unrelaxed_rank_002_alphafold2_ptm_model_1_seed_000.pdb,69.26
2807,foldit_recycles/recyc_0/colab/1998469_0000_unrelaxed_rank_001_alphafold2_ptm_model_5_seed_000.pdb,77.64
2808,foldit_recycles/recyc_0/colab/2002290_S122_unrelaxed_rank_005_alphafold2_ptm_model_3_seed_000.pdb,77.67
2809,foldit_recycles/recyc_0/colab/2002469_0001_unrelaxed_rank_005_alphafold2_ptm_model_1_seed_000.pdb,66.94
2810,foldit_recycles/recyc_0/colab/2002469_S848_unrelaxed_rank_003_alphafold2_ptm_model_1_seed_000.pdb,69.6
2811,foldit_recycles/recyc_0/colab/2002766_0003_unrelaxed_rank_001_alphafold2_ptm_model_2_seed_000.pdb,90.38
2812,foldit_recycles/recyc_0/colab/2003485_0000_unrelaxed_rank_004_alphafold2_ptm_model_3_seed_000.pdb,76.84
2813,foldit_recycles/recyc_0/colab/2003169_s001_unrelaxed_rank_001_alphafold2_ptm_model_4_seed_000.pdb,83.97
2814,foldit_recycles/recyc_0/colab/2003205_0000_unrelaxed_rank_005_alphafold2_ptm_model_5_seed_000.pdb,76.39
2815,foldit_recycles/recyc_0/colab/2003333_s003_unrelaxed_rank_005_alphafold2_ptm_model_1_seed_000.pdb,74.29
2816,foldit_recycles/recyc_0/colab/2002990_0006_unrelaxed_rank_003_alphafold2_ptm_model_5_seed_000.pdb,85.68
2817,foldit_recycles/recyc_0/colab/2002877_s005_unrelaxed_rank_001_alphafold2_ptm_model_4_seed_000.pdb,74.92
2818,foldit_recycles/recyc_0/colab/997915_0000_unrelaxed_rank_003_alphafold2_ptm_model_4_seed_000.pdb,84.76
2819,foldit_recycles/recyc_0/colab/2003333_s001_unrelaxed_rank_002_alphafold2_ptm_model_1_seed_000.pdb,71.83
2820,foldit_recycles/recyc_0/colab/2003265_s005_unrelaxed_rank_002_alphafold2_ptm_model_2_seed_000.pdb,87.17
2821,foldit_recycles/recyc_0/colab/2003532_1022_unrelaxed_rank_004_alphafold2_ptm_model_4_seed_000.pdb,71.27
2822,foldit_recycles/recyc_0/colab/2002877_s005_unrelaxed_rank_003_alphafold2_ptm_model_2_seed_000.pdb,73.21
2823,foldit_recycles/recyc_0/colab/2002713_0004_unrelaxed_rank_001_alphafold2_ptm_model_5_seed_000.pdb,86.36
2824,foldit_recycles/recyc_0/colab/2002745_0004_unrelaxed_rank_002_alphafold2_ptm_model_5_seed_000.pdb,88.2
2825,foldit_recycles/recyc_0/colab/2000665_1003_unrelaxed_rank_005_alphafold2_ptm_model_5_seed_000.pdb,49.03
2826,foldit_recycles/recyc_0/colab/2002486_0006_unrelaxed_rank_004_alphafold2_ptm_model_4_seed_000.pdb,69.58
2827,foldit_recycles/recyc_0/colab/2003308_0009_unrelaxed_rank_004_alphafold2_ptm_model_1_seed_000.pdb,71.0
2828,foldit_recycles/recyc_0/colab/2003594_0000_unrelaxed_rank_002_alphafold2_ptm_model_5_seed_000.pdb,91.14
2829,foldit_recycles/recyc_0/colab/2002553_s003_unrelaxed_rank_002_alphafold2_ptm_model_1_seed_000.pdb,79.19
2830,foldit_recycles/recyc_0/colab/2003245_0004_unrelaxed_rank_002_alphafold2_ptm_model_5_seed_000.pdb,87.01
2831,foldit_recycles/recyc_0/colab/997523_0008_unrelaxed_rank_003_alphafold2_ptm_model_3_seed_000.pdb,87.95
2832,foldit_recycles/recyc_0/colab/2003265_S115_unrelaxed_rank_004_alphafold2_ptm_model_4_seed_000.pdb,86.56
2833,foldit_recycles/recyc_0/colab/2003455_S886_unrelaxed_rank_002_alphafold2_ptm_model_3_seed_000.pdb,81.41
2834,foldit_recycles/recyc_0/colab/2003455_1023_unrelaxed_rank_005_alphafold2_ptm_model_5_seed_000.pdb,66.74
2835,foldit_recycles/recyc_0/colab/2002877_s005_unrelaxed_rank_005_alphafold2_ptm_model_1_seed_000.pdb,70.86
2836,foldit_recycles/recyc_0/colab/997523_0000_unrelaxed_rank_001_alphafold2_ptm_model_5_seed_000.pdb,82.1
2837,foldit_recycles/recyc_0/colab/2003048_0005_unrelaxed_rank_002_alphafold2_ptm_model_1_seed_000.pdb,74.76
2838,foldit_recycles/recyc_0/colab/2003455_0001_unrelaxed_rank_001_alphafold2_ptm_model_3_seed_000.pdb,84.41
2839,foldit_recycles/recyc_0/colab/2003333_0000_unrelaxed_rank_001_alphafold2_ptm_model_2_seed_000.pdb,86.48
2840,foldit_recycles/recyc_0/colab/2003360_s002_unrelaxed_rank_002_alphafold2_ptm_model_2_seed_000.pdb,84.33
2841,foldit_recycles/recyc_0/colab/2003308_0004_unrelaxed_rank_002_alphafold2_ptm_model_4_seed_000.pdb,82.73
2842,foldit_recycles/recyc_0/colab/2003265_s008_unrelaxed_rank_001_alphafold2_ptm_model_2_seed_000.pdb,87.28
2843,foldit_recycles/recyc_0/colab/2003048_s009_unrelaxed_rank_005_alphafold2_ptm_model_5_seed_000.pdb,74.15
2844,foldit_recycles/recyc_0/colab/997523_1040_unrelaxed_rank_002_alphafold2_ptm_model_5_seed_000.pdb,90.05
2845,foldit_recycles/recyc_0/colab/2002745_0000_unrelaxed_rank_005_alphafold2_ptm_model_1_seed_000.pdb,86.81
2846,foldit_recycles/recyc_0/colab/2003382_s008_unrelaxed_rank_002_alphafold2_ptm_model_4_seed_000.pdb,79.76
2847,foldit_recycles/recyc_0/colab/2002308_0005_unrelaxed_rank_004_alphafold2_ptm_model_3_seed_000.pdb,59.87
2848,foldit_recycles/recyc_0/colab/2003265_1034_unrelaxed_rank_004_alphafold2_ptm_model_1_seed_000.pdb,87.89
2849,foldit_recycles/recyc_0/colab/2003382_0004_unrelaxed_rank_001_alphafold2_ptm_model_5_seed_000.pdb,70.82
2850,foldit_recycles/recyc_0/colab/2003485_1036_unrelaxed_rank_001_alphafold2_ptm_model_3_seed_000.pdb,78.99
2851,foldit_recycles/recyc_0/colab/997523_1040_unrelaxed_rank_003_alphafold2_ptm_model_2_seed_000.pdb,90.09
2852,foldit_recycles/recyc_0/colab/2003265_s005_unrelaxed_rank_001_alphafold2_ptm_model_5_seed_000.pdb,87.16
2853,foldit_recycles/recyc_0/colab/2002766_0001_unrelaxed_rank_004_alphafold2_ptm_model_4_seed_000.pdb,90.12
2854,foldit_recycles/recyc_0/colab/997523_1040_unrelaxed_rank_004_alphafold2_ptm_model_1_seed_000.pdb,87.5
2855,foldit_recycles/recyc_0/colab/2002766_0004_unrelaxed_rank_004_alphafold2_ptm_model_2_seed_000.pdb,77.09
2856,foldit_recycles/recyc_0/colab/2003285_s005_unrelaxed_rank_003_alphafold2_ptm_model_5_seed_000.pdb,78.59
2857,foldit_recycles/recyc_0/colab/997523_1003_unrelaxed_rank_005_alphafold2_ptm_model_5_seed_000.pdb,67.29
2858,foldit_recycles/recyc_0/colab/2003265_s003_unrelaxed_rank_004_alphafold2_ptm_model_2_seed_000.pdb,61.07
2859,foldit_recycles/recyc_0/colab/2003205_0002_unrelaxed_rank_004_alphafold2_ptm_model_3_seed_000.pdb,86.99
2860,foldit_recycles/recyc_0/colab/2002990_0006_unrelaxed_rank_001_alphafold2_ptm_model_1_seed_000.pdb,87.14
2861,foldit_recycles/recyc_0/colab/2002469_S848_unrelaxed_rank_002_alphafold2_ptm_model_4_seed_000.pdb,70.67
2862,foldit_recycles/recyc_0/colab/1998469_0000_unrelaxed_rank_005_alphafold2_ptm_model_1_seed_000.pdb,70.79
2863,foldit_recycles/recyc_0/colab/2003360_s004_unrelaxed_rank_003_alphafold2_ptm_model_4_seed_000.pdb,86.98
2864,foldit_recycles/recyc_0/colab/2002308_S695_unrelaxed_rank_002_alphafold2_ptm_model_1_seed_000.pdb,53.54
2865,foldit_recycles/recyc_0/colab/2003594_S603_unrelaxed_rank_004_alphafold2_ptm_model_3_seed_000.pdb,64.52
2866,foldit_recycles/recyc_0/colab/2003265_0007_unrelaxed_rank_002_alphafold2_ptm_model_5_seed_000.pdb,86.12
2867,foldit_recycles/recyc_0/colab/2000518_S468_unrelaxed_rank_005_alphafold2_ptm_model_1_seed_000.pdb,60.29
2868,foldit_recycles/recyc_0/colab/2002745_0003_unrelaxed_rank_005_alphafold2_ptm_model_1_seed_000.pdb,86.59
2869,foldit_recycles/recyc_0/colab/2003205_S722_unrelaxed_rank_001_alphafold2_ptm_model_3_seed_000.pdb,75.5
2870,foldit_recycles/recyc_0/colab/2003532_1020_unrelaxed_rank_002_alphafold2_ptm_model_5_seed_000.pdb,84.49
2871,foldit_recycles/recyc_0/colab/2002590_0001_unrelaxed_rank_004_alphafold2_ptm_model_5_seed_000.pdb,74.08
2872,foldit_recycles/recyc_0/colab/1998555_1041_unrelaxed_rank_005_alphafold2_ptm_model_2_seed_000.pdb,57.33
2873,foldit_recycles/recyc_0/colab/2002544_0000_unrelaxed_rank_002_alphafold2_ptm_model_1_seed_000.pdb,84.37
2874,foldit_recycles/recyc_0/colab/2003169_s001_unrelaxed_rank_004_alphafold2_ptm_model_3_seed_000.pdb,80.41
2875,foldit_recycles/recyc_0/colab/2003360_s004_unrelaxed_rank_004_alphafold2_ptm_model_3_seed_000.pdb,86.5
2876,foldit_recycles/recyc_0/colab/2003265_s008_unrelaxed_rank_003_alphafold2_ptm_model_4_seed_000.pdb,83.51
2877,foldit_recycles/recyc_0/colab/2003333_0006_unrelaxed_rank_002_alphafold2_ptm_model_5_seed_000.pdb,91.29
2878,foldit_recycles/recyc_0/colab/2003205_s002_unrelaxed_rank_003_alphafold2_ptm_model_3_seed_000.pdb,82.89
2879,foldit_recycles/recyc_0/colab/2002565_0002_unrelaxed_rank_002_alphafold2_ptm_model_5_seed_000.pdb,80.5
2880,foldit_recycles/recyc_0/colab/2003205_1035_unrelaxed_rank_003_alphafold2_ptm_model_1_seed_000.pdb,59.28
2881,foldit_recycles/recyc_0/colab/2003245_0004_unrelaxed_rank_005_alphafold2_ptm_model_3_seed_000.pdb,80.38
2882,foldit_recycles/recyc_0/colab/2002922_s004_unrelaxed_rank_002_alphafold2_ptm_model_2_seed_000.pdb,84.82
2883,foldit_recycles/recyc_0/colab/2002308_0005_unrelaxed_rank_005_alphafold2_ptm_model_5_seed_000.pdb,56.88
2884,foldit_recycles/recyc_0/colab/2002565_0002_unrelaxed_rank_004_alphafold2_ptm_model_1_seed_000.pdb,74.98
2885,foldit_recycles/recyc_0/colab/2003265_s003_unrelaxed_rank_003_alphafold2_ptm_model_1_seed_000.pdb,64.63
2886,foldit_recycles/recyc_0/colab/2003455_0009_unrelaxed_rank_003_alphafold2_ptm_model_1_seed_000.pdb,65.96
2887,foldit_recycles/recyc_0/colab/2003455_s008_unrelaxed_rank_003_alphafold2_ptm_model_3_seed_000.pdb,50.12
2888,foldit_recycles/recyc_0/colab/997523_1003_unrelaxed_rank_003_alphafold2_ptm_model_4_seed_000.pdb,68.51
2889,foldit_recycles/recyc_0/colab/2002990_1031_unrelaxed_rank_001_alphafold2_ptm_model_1_seed_000.pdb,83.04
2890,foldit_recycles/recyc_0/colab/2003245_S385_unrelaxed_rank_001_alphafold2_ptm_model_2_seed_000.pdb,84.82
2891,foldit_recycles/recyc_0/colab/2003532_1020_unrelaxed_rank_004_alphafold2_ptm_model_3_seed_000.pdb,82.91
2892,foldit_recycles/recyc_0/colab/2003205_0000_unrelaxed_rank_001_alphafold2_ptm_model_4_seed_000.pdb,82.22
2893,foldit_recycles/recyc_0/colab/2000665_1003_unrelaxed_rank_004_alphafold2_ptm_model_4_seed_000.pdb,49.92
2894,foldit_recycles/recyc_0/colab/997523_1003_unrelaxed_rank_002_alphafold2_ptm_model_3_seed_000.pdb,70.53
2895,foldit_recycles/recyc_0/colab/2002745_0008_unrelaxed_rank_001_alphafold2_ptm_model_3_seed_000.pdb,84.17
2896,foldit_recycles/recyc_0/colab/2003594_S028_unrelaxed_rank_004_alphafold2_ptm_model_5_seed_000.pdb,75.92
2897,foldit_recycles/recyc_0/colab/2001044_0000_unrelaxed_rank_003_alphafold2_ptm_model_1_seed_000.pdb,84.11
2898,foldit_recycles/recyc_0/colab/997915_0000_unrelaxed_rank_004_alphafold2_ptm_model_1_seed_000.pdb,84.72
2899,foldit_recycles/recyc_0/colab/2003169_s008_unrelaxed_rank_003_alphafold2_ptm_model_4_seed_000.pdb,74.97
2900,foldit_recycles/recyc_0/colab/2003455_0001_unrelaxed_rank_005_alphafold2_ptm_model_1_seed_000.pdb,82.32
2901,foldit_recycles/recyc_0/colab/2003485_1029_unrelaxed_rank_001_alphafold2_ptm_model_5_seed_000.pdb,69.19
2902,foldit_recycles/recyc_0/colab/2003455_s008_unrelaxed_rank_004_alphafold2_ptm_model_2_seed_000.pdb,48.75
2903,foldit_recycles/recyc_0/colab/2003169_s008_unrelaxed_rank_005_alphafold2_ptm_model_5_seed_000.pdb,71.3
2904,foldit_recycles/recyc_0/colab/2002089_0001_unrelaxed_rank_005_alphafold2_ptm_model_3_seed_000.pdb,55.81
2905,foldit_recycles/recyc_0/colab/2003048_S697_unrelaxed_rank_005_alphafold2_ptm_model_2_seed_000.pdb,58.37
2906,foldit_recycles/recyc_0/colab/1998925_s005_unrelaxed_rank_003_alphafold2_ptm_model_1_seed_000.pdb,64.18
2907,foldit_recycles/recyc_0/colab/2003205_0008_unrelaxed_rank_005_alphafold2_ptm_model_3_seed_000.pdb,60.14
2908,foldit_recycles/recyc_0/colab/2003485_S412_unrelaxed_rank_001_alphafold2_ptm_model_4_seed_000.pdb,78.3
2909,foldit_recycles/recyc_0/colab/2002745_0001_unrelaxed_rank_001_alphafold2_ptm_model_5_seed_000.pdb,95.53
2910,foldit_recycles/recyc_0/colab/2002949_0000_unrelaxed_rank_002_alphafold2_ptm_model_1_seed_000.pdb,86.06
2911,foldit_recycles/recyc_0/colab/2003360_s002_unrelaxed_rank_003_alphafold2_ptm_model_1_seed_000.pdb,83.91
2912,foldit_recycles/recyc_0/colab/997258_0004_unrelaxed_rank_004_alphafold2_ptm_model_5_seed_000.pdb,75.64
2913,foldit_recycles/recyc_0/colab/2003333_1013_unrelaxed_rank_003_alphafold2_ptm_model_2_seed_000.pdb,56.02
2914,foldit_recycles/recyc_0/colab/2002745_0001_unrelaxed_rank_003_alphafold2_ptm_model_2_seed_000.pdb,94.3
2915,foldit_recycles/recyc_0/colab/2002308_0000_unrelaxed_rank_002_alphafold2_ptm_model_5_seed_000.pdb,58.8
2916,foldit_recycles/recyc_0/colab/2003265_s005_unrelaxed_rank_004_alphafold2_ptm_model_1_seed_000.pdb,84.07
2917,foldit_recycles/recyc_0/colab/2003245_0004_unrelaxed_rank_003_alphafold2_ptm_model_1_seed_000.pdb,82.11
2918,foldit_recycles/recyc_0/colab/2000240_0002_unrelaxed_rank_004_alphafold2_ptm_model_5_seed_000.pdb,78.51
2919,foldit_recycles/recyc_0/colab/2003333_0005_unrelaxed_rank_001_alphafold2_ptm_model_2_seed_000.pdb,83.63
2920,foldit_recycles/recyc_0/colab/2003382_s005_unrelaxed_rank_005_alphafold2_ptm_model_2_seed_000.pdb,73.09
2921,foldit_recycles/recyc_0/colab/2003455_0009_unrelaxed_rank_002_alphafold2_ptm_model_4_seed_000.pdb,66.62
2922,foldit_recycles/recyc_0/colab/2000485_1070_unrelaxed_rank_005_alphafold2_ptm_model_4_seed_000.pdb,43.26
2923,foldit_recycles/recyc_0/colab/2002308_S695_unrelaxed_rank_001_alphafold2_ptm_model_2_seed_000.pdb,55.66
2924,foldit_recycles/recyc_0/colab/2002745_0004_unrelaxed_rank_005_alphafold2_ptm_model_4_seed_000.pdb,82.04
2925,foldit_recycles/recyc_0/colab/2003360_s000_unrelaxed_rank_004_alphafold2_ptm_model_4_seed_000.pdb,82.18
2926,foldit_recycles/recyc_0/colab/2000485_1070_unrelaxed_rank_001_alphafold2_ptm_model_1_seed_000.pdb,50.33
2927,foldit_recycles/recyc_0/colab/2003360_1013_unrelaxed_rank_003_alphafold2_ptm_model_2_seed_000.pdb,75.72
2928,foldit_recycles/recyc_0/colab/2002469_S848_unrelaxed_rank_001_alphafold2_ptm_model_2_seed_000.pdb,72.78
2929,foldit_recycles/recyc_0/colab/2003382_s005_unrelaxed_rank_003_alphafold2_ptm_model_3_seed_000.pdb,76.26
2930,foldit_recycles/recyc_0/colab/2003455_1023_unrelaxed_rank_002_alphafold2_ptm_model_1_seed_000.pdb,87.9
2931,foldit_recycles/recyc_0/colab/2003205_1035_unrelaxed_rank_001_alphafold2_ptm_model_3_seed_000.pdb,62.21
2932,foldit_recycles/recyc_0/colab/2002376_0003_unrelaxed_rank_002_alphafold2_ptm_model_1_seed_000.pdb,78.38
2933,foldit_recycles/recyc_0/colab/2002949_0007_unrelaxed_rank_004_alphafold2_ptm_model_4_seed_000.pdb,77.19
2934,foldit_recycles/recyc_0/colab/2002553_0000_unrelaxed_rank_004_alphafold2_ptm_model_1_seed_000.pdb,56.22
2935,foldit_recycles/recyc_0/colab/2003455_0001_unrelaxed_rank_002_alphafold2_ptm_model_4_seed_000.pdb,83.88
2936,foldit_recycles/recyc_0/colab/2002590_S567_unrelaxed_rank_004_alphafold2_ptm_model_1_seed_000.pdb,73.47
2937,foldit_recycles/recyc_0/colab/2003333_0005_unrelaxed_rank_004_alphafold2_ptm_model_4_seed_000.pdb,81.38
2938,foldit_recycles/recyc_0/colab/2002590_0001_unrelaxed_rank_005_alphafold2_ptm_model_3_seed_000.pdb,72.14
2939,foldit_recycles/recyc_0/colab/2003594_S028_unrelaxed_rank_003_alphafold2_ptm_model_4_seed_000.pdb,82.22
2940,foldit_recycles/recyc_0/colab/997258_0004_unrelaxed_rank_003_alphafold2_ptm_model_1_seed_000.pdb,76.54
2941,foldit_recycles/recyc_0/colab/2003485_0000_unrelaxed_rank_003_alphafold2_ptm_model_5_seed_000.pdb,78.93
2942,foldit_recycles/recyc_0/colab/2002990_1039_unrelaxed_rank_005_alphafold2_ptm_model_5_seed_000.pdb,81.78
2943,foldit_recycles/recyc_0/colab/2002553_s003_unrelaxed_rank_003_alphafold2_ptm_model_4_seed_000.pdb,77.35
2944,foldit_recycles/recyc_0/colab/2003245_0004_unrelaxed_rank_004_alphafold2_ptm_model_4_seed_000.pdb,81.47
2945,foldit_recycles/recyc_0/colab/2002990_1039_unrelaxed_rank_004_alphafold2_ptm_model_1_seed_000.pdb,83.08
2946,foldit_recycles/recyc_0/colab/2003048_s009_unrelaxed_rank_002_alphafold2_ptm_model_4_seed_000.pdb,75.42
2947,foldit_recycles/recyc_0/colab/2002613_0004_unrelaxed_rank_001_alphafold2_ptm_model_2_seed_000.pdb,79.87
2948,foldit_recycles/recyc_0/colab/2002308_0000_unrelaxed_rank_003_alphafold2_ptm_model_1_seed_000.pdb,57.57
2949,foldit_recycles/recyc_0/colab/2003333_s001_unrelaxed_rank_001_alphafold2_ptm_model_3_seed_000.pdb,75.66
2950,foldit_recycles/recyc_0/colab/2002922_s004_unrelaxed_rank_004_alphafold2_ptm_model_4_seed_000.pdb,83.99
2951,foldit_recycles/recyc_0/colab/2003360_1013_unrelaxed_rank_002_alphafold2_ptm_model_5_seed_000.pdb,75.87
2952,foldit_recycles/recyc_0/colab/2000240_s003_unrelaxed_rank_005_alphafold2_ptm_model_4_seed_000.pdb,59.57
2953,foldit_recycles/recyc_0/colab/2002089_0001_unrelaxed_rank_002_alphafold2_ptm_model_2_seed_000.pdb,63.14
2954,foldit_recycles/recyc_0/colab/997523_0003_unrelaxed_rank_005_alphafold2_ptm_model_1_seed_000.pdb,78.21
2955,foldit_recycles/recyc_0/colab/2002565_0002_unrelaxed_rank_005_alphafold2_ptm_model_2_seed_000.pdb,74.22
2956,foldit_recycles/recyc_0/colab/2003308_0005_unrelaxed_rank_002_alphafold2_ptm_model_3_seed_000.pdb,69.32
2957,foldit_recycles/recyc_0/colab/997523_0000_unrelaxed_rank_005_alphafold2_ptm_model_2_seed_000.pdb,75.65
2958,foldit_recycles/recyc_0/colab/2000518_0003_unrelaxed_rank_002_alphafold2_ptm_model_1_seed_000.pdb,78.55
2959,foldit_recycles/recyc_0/colab/2002766_0002_unrelaxed_rank_002_alphafold2_ptm_model_1_seed_000.pdb,88.29
2960,foldit_recycles/tested_foldit_design_pdbs/2003360_s004.pdb,0.0
2961,foldit_recycles/tested_foldit_design_pdbs/2002308_0000.pdb,0.0
2962,foldit_recycles/tested_foldit_design_pdbs/2003382_0009.pdb,0.0
2963,foldit_recycles/tested_foldit_design_pdbs/2003532_0000.pdb,0.0
2964,foldit_recycles/tested_foldit_design_pdbs/2002713_0000.pdb,0.0
2965,foldit_recycles/tested_foldit_design_pdbs/2002565_0002.pdb,0.0
2966,foldit_recycles/tested_foldit_design_pdbs/2003265_S714.pdb,0.0
2967,foldit_recycles/tested_foldit_design_pdbs/2002990_1031.pdb,0.0
2968,foldit_recycles/tested_foldit_design_pdbs/2003285_s008.pdb,0.0
2969,foldit_recycles/tested_foldit_design_pdbs/2003205_0000.pdb,0.0
2970,foldit_recycles/tested_foldit_design_pdbs/2003382_0004.pdb,0.0
2971,foldit_recycles/tested_foldit_design_pdbs/2000240_s003.pdb,0.0
2972,foldit_recycles/tested_foldit_design_pdbs/2003285_s000.pdb,0.0
2973,foldit_recycles/tested_foldit_design_pdbs/997523_0006.pdb,0.0
2974,foldit_recycles/tested_foldit_design_pdbs/2003308_1010.pdb,0.0
2975,foldit_recycles/tested_foldit_design_pdbs/2003205_S506.pdb,0.0
2976,foldit_recycles/tested_foldit_design_pdbs/2002590_S567.pdb,0.0
2977,foldit_recycles/tested_foldit_design_pdbs/2002469_S848.pdb,0.0
2978,foldit_recycles/tested_foldit_design_pdbs/2003205_1035.pdb,0.0
2979,foldit_recycles/tested_foldit_design_pdbs/2003205_S722.pdb,0.0
2980,foldit_recycles/tested_foldit_design_pdbs/2002089_0001.pdb,0.0
2981,foldit_recycles/tested_foldit_design_pdbs/2002486_0006.pdb,0.0
2982,foldit_recycles/tested_foldit_design_pdbs/2002334_0005.pdb,0.0
2983,foldit_recycles/tested_foldit_design_pdbs/2003205_0008.pdb,0.0
2984,foldit_recycles/tested_foldit_design_pdbs/2003382_1021.pdb,0.0
2985,foldit_recycles/tested_foldit_design_pdbs/2002766_0006.pdb,0.0
2986,foldit_recycles/tested_foldit_design_pdbs/2002590_0001.pdb,0.0
2987,foldit_recycles/tested_foldit_design_pdbs/2003414_1018.pdb,0.0
2988,foldit_recycles/tested_foldit_design_pdbs/2003382_0002.pdb,0.0
2989,foldit_recycles/tested_foldit_design_pdbs/2003333_0000.pdb,0.0
2990,foldit_recycles/tested_foldit_design_pdbs/2003048_0005.pdb,0.0
2991,foldit_recycles/tested_foldit_design_pdbs/2003360_s000.pdb,0.0
2992,foldit_recycles/tested_foldit_design_pdbs/2003308_0009.pdb,0.0
2993,foldit_recycles/tested_foldit_design_pdbs/2003333_s001.pdb,0.0
2994,foldit_recycles/tested_foldit_design_pdbs/1998520_0002.pdb,0.0
2995,foldit_recycles/tested_foldit_design_pdbs/2003245_S385.pdb,0.0
2996,foldit_recycles/tested_foldit_design_pdbs/2002713_1006.pdb,0.0
2997,foldit_recycles/tested_foldit_design_pdbs/997915_0000.pdb,0.0
2998,foldit_recycles/tested_foldit_design_pdbs/2002553_s003.pdb,0.0
2999,foldit_recycles/tested_foldit_design_pdbs/2003455_1023.pdb,0.0
3000,foldit_recycles/tested_foldit_design_pdbs/2002766_0003.pdb,0.0
3001,foldit_recycles/tested_foldit_design_pdbs/2002376_0003.pdb,0.0
3002,foldit_recycles/tested_foldit_design_pdbs/2002766_0000.pdb,0.0
3003,foldit_recycles/tested_foldit_design_pdbs/2002745_0000.pdb,0.0
3004,foldit_recycles/tested_foldit_design_pdbs/2003265_s003.pdb,0.0
3005,foldit_recycles/tested_foldit_design_pdbs/2002486_1012.pdb,0.0
3006,foldit_recycles/tested_foldit_design_pdbs/997258_0001.pdb,0.0
3007,foldit_recycles/tested_foldit_design_pdbs/2003360_s003.pdb,0.0
3008,foldit_recycles/tested_foldit_design_pdbs/2003265_0007.pdb,0.0
3009,foldit_recycles/tested_foldit_design_pdbs/1998925_s008.pdb,0.0
3010,foldit_recycles/tested_foldit_design_pdbs/2003333_s003.pdb,0.0
3011,foldit_recycles/tested_foldit_design_pdbs/2003245_0004.pdb,0.0
3012,foldit_recycles/tested_foldit_design_pdbs/997523_1040.pdb,0.0
3013,foldit_recycles/tested_foldit_design_pdbs/2003205_0006.pdb,0.0
3014,foldit_recycles/tested_foldit_design_pdbs/2000665_1003.pdb,0.0
3015,foldit_recycles/tested_foldit_design_pdbs/2002922_1018.pdb,0.0
3016,foldit_recycles/tested_foldit_design_pdbs/2003594_0000.pdb,0.0
3017,foldit_recycles/tested_foldit_design_pdbs/2000518_S468.pdb,0.0
3018,foldit_recycles/tested_foldit_design_pdbs/2003532_1022.pdb,0.0
3019,foldit_recycles/tested_foldit_design_pdbs/2003265_s008.pdb,0.0
3020,foldit_recycles/tested_foldit_design_pdbs/2002877_s005.pdb,0.0
3021,foldit_recycles/tested_foldit_design_pdbs/2003455_S886.pdb,0.0
3022,foldit_recycles/tested_foldit_design_pdbs/2003245_S383.pdb,0.0
3023,foldit_recycles/tested_foldit_design_pdbs/2002787_0005.pdb,0.0
3024,foldit_recycles/tested_foldit_design_pdbs/2002308_S695.pdb,0.0
3025,foldit_recycles/tested_foldit_design_pdbs/1998925_s005.pdb,0.0
3026,foldit_recycles/tested_foldit_design_pdbs/2003594_s008.pdb,0.0
3027,foldit_recycles/tested_foldit_design_pdbs/2002745_0004.pdb,0.0
3028,foldit_recycles/tested_foldit_design_pdbs/2002544_0000.pdb,0.0
3029,foldit_recycles/tested_foldit_design_pdbs/1998555_1041.pdb,0.0
3030,foldit_recycles/tested_foldit_design_pdbs/2002766_0002.pdb,0.0
3031,foldit_recycles/tested_foldit_design_pdbs/2002990_s006.pdb,0.0
3032,foldit_recycles/tested_foldit_design_pdbs/2003455_0001.pdb,0.0
3033,foldit_recycles/tested_foldit_design_pdbs/2003169_s001.pdb,0.0
3034,foldit_recycles/tested_foldit_design_pdbs/2003485_1036.pdb,0.0
3035,foldit_recycles/tested_foldit_design_pdbs/2002766_0004.pdb,0.0
3036,foldit_recycles/tested_foldit_design_pdbs/2002376_0000.pdb,0.0
3037,foldit_recycles/tested_foldit_design_pdbs/2003382_s008.pdb,0.0
3038,foldit_recycles/tested_foldit_design_pdbs/2000518_0003.pdb,0.0
3039,foldit_recycles/tested_foldit_design_pdbs/2003265_S115.pdb,0.0
3040,foldit_recycles/tested_foldit_design_pdbs/2003455_S943.pdb,0.0
3041,foldit_recycles/tested_foldit_design_pdbs/2002949_0007.pdb,0.0
3042,foldit_recycles/tested_foldit_design_pdbs/2003048_0003.pdb,0.0
3043,foldit_recycles/tested_foldit_design_pdbs/2000518_0000.pdb,0.0
3044,foldit_recycles/tested_foldit_design_pdbs/2003333_1013.pdb,0.0
3045,foldit_recycles/tested_foldit_design_pdbs/2002553_0000.pdb,0.0
3046,foldit_recycles/tested_foldit_design_pdbs/2003205_0003.pdb,0.0
3047,foldit_recycles/tested_foldit_design_pdbs/997523_0003.pdb,0.0
3048,foldit_recycles/tested_foldit_design_pdbs/2002308_0005.pdb,0.0
3049,foldit_recycles/tested_foldit_design_pdbs/2003333_0005.pdb,0.0
3050,foldit_recycles/tested_foldit_design_pdbs/2003265_s005.pdb,0.0
3051,foldit_recycles/tested_foldit_design_pdbs/2003485_0000.pdb,0.0
3052,foldit_recycles/tested_foldit_design_pdbs/2002990_0006.pdb,0.0
3053,foldit_recycles/tested_foldit_design_pdbs/2003308_0005.pdb,0.0
3054,foldit_recycles/tested_foldit_design_pdbs/2003285_0000.pdb,0.0
3055,foldit_recycles/tested_foldit_design_pdbs/2003485_0002.pdb,0.0
3056,foldit_recycles/tested_foldit_design_pdbs/997258_0004.pdb,0.0
3057,foldit_recycles/tested_foldit_design_pdbs/2003485_1017.pdb,0.0
3058,foldit_recycles/tested_foldit_design_pdbs/2003532_1020.pdb,0.0
3059,foldit_recycles/tested_foldit_design_pdbs/997523_0005.pdb,0.0
3060,foldit_recycles/tested_foldit_design_pdbs/2003594_S603.pdb,0.0
3061,foldit_recycles/tested_foldit_design_pdbs/2003455_0002.pdb,0.0
3062,foldit_recycles/tested_foldit_design_pdbs/2003205_0002.pdb,0.0
3063,foldit_recycles/tested_foldit_design_pdbs/2002243_1016.pdb,0.0
3064,foldit_recycles/tested_foldit_design_pdbs/2002745_0001.pdb,0.0
3065,foldit_recycles/tested_foldit_design_pdbs/2003205_s002.pdb,0.0
3066,foldit_recycles/tested_foldit_design_pdbs/1998469_0000.pdb,0.0
3067,foldit_recycles/tested_foldit_design_pdbs/2002922_s004.pdb,0.0
3068,foldit_recycles/tested_foldit_design_pdbs/2003360_s002.pdb,0.0
3069,foldit_recycles/tested_foldit_design_pdbs/2003048_s009.pdb,0.0
3070,foldit_recycles/tested_foldit_design_pdbs/2002990_1039.pdb,0.0
3071,foldit_recycles/tested_foldit_design_pdbs/2003048_1050.pdb,0.0
3072,foldit_recycles/tested_foldit_design_pdbs/2002469_0001.pdb,0.0
3073,foldit_recycles/tested_foldit_design_pdbs/2000485_1070.pdb,0.0
3074,foldit_recycles/tested_foldit_design_pdbs/2002486_1048.pdb,0.0
3075,foldit_recycles/tested_foldit_design_pdbs/2003333_0006.pdb,0.0
3076,foldit_recycles/tested_foldit_design_pdbs/2003382_s005.pdb,0.0
3077,foldit_recycles/tested_foldit_design_pdbs/2003285_s005.pdb,0.0
3078,foldit_recycles/tested_foldit_design_pdbs/2003169_s008.pdb,0.0
3079,foldit_recycles/tested_foldit_design_pdbs/2002713_0004.pdb,0.0
3080,foldit_recycles/tested_foldit_design_pdbs/2003485_1029.pdb,0.0
3081,foldit_recycles/tested_foldit_design_pdbs/2001044_0000.pdb,0.0
3082,foldit_recycles/tested_foldit_design_pdbs/2000240_0002.pdb,0.0
3083,foldit_recycles/tested_foldit_design_pdbs/997523_0008.pdb,0.0
3084,foldit_recycles/tested_foldit_design_pdbs/2002089_1029.pdb,0.0
3085,foldit_recycles/tested_foldit_design_pdbs/2003048_S697.pdb,0.0
3086,foldit_recycles/tested_foldit_design_pdbs/2003265_1034.pdb,0.0
3087,foldit_recycles/tested_foldit_design_pdbs/2003455_0009.pdb,0.0
3088,foldit_recycles/tested_foldit_design_pdbs/2003360_0005.pdb,0.0
3089,foldit_recycles/tested_foldit_design_pdbs/997791_1027.pdb,0.0
3090,foldit_recycles/tested_foldit_design_pdbs/2003333_1006.pdb,0.0
3091,foldit_recycles/tested_foldit_design_pdbs/2002766_0001.pdb,0.0
3092,foldit_recycles/tested_foldit_design_pdbs/997383_s346.pdb,0.0
3093,foldit_recycles/tested_foldit_design_pdbs/2002613_0004.pdb,0.0
3094,foldit_recycles/tested_foldit_design_pdbs/2003048_1024.pdb,0.0
3095,foldit_recycles/tested_foldit_design_pdbs/2003169_S953.pdb,0.0
3096,foldit_recycles/tested_foldit_design_pdbs/2003485_S412.pdb,0.0
3097,foldit_recycles/tested_foldit_design_pdbs/2002745_0003.pdb,0.0
3098,foldit_recycles/tested_foldit_design_pdbs/2002290_S122.pdb,0.0
3099,foldit_recycles/tested_foldit_design_pdbs/2002949_0000.pdb,0.0
3100,foldit_recycles/tested_foldit_design_pdbs/2003455_s008.pdb,0.0
3101,foldit_recycles/tested_foldit_design_pdbs/2003308_0004.pdb,0.0
3102,foldit_recycles/tested_foldit_design_pdbs/2003360_1013.pdb,0.0
3103,foldit_recycles/tested_foldit_design_pdbs/2003594_S028.pdb,0.0
3104,foldit_recycles/tested_foldit_design_pdbs/2002922_1013.pdb,0.0
3105,foldit_recycles/tested_foldit_design_pdbs/997523_1003.pdb,0.0
3106,foldit_recycles/tested_foldit_design_pdbs/2002745_0008.pdb,0.0
3107,foldit_recycles/tested_foldit_design_pdbs/997523_0000.pdb,0.0
3108,foldit_recycles/recyc_6/colab/2003455_s008_unrelaxed_rank_003_alphafold2_ptm_model_1_seed_000.pdb,50.73
3109,foldit_recycles/recyc_6/colab/2003308_0004_unrelaxed_rank_004_alphafold2_ptm_model_3_seed_000.pdb,86.38
3110,foldit_recycles/recyc_6/colab/2003532_1022_unrelaxed_rank_003_alphafold2_ptm_model_3_seed_000.pdb,80.69
3111,foldit_recycles/recyc_6/colab/2002486_0006_unrelaxed_rank_002_alphafold2_ptm_model_3_seed_000.pdb,73.37
3112,foldit_recycles/recyc_6/colab/2000518_0003_unrelaxed_rank_002_alphafold2_ptm_model_4_seed_000.pdb,84.31
3113,foldit_recycles/recyc_6/colab/2002713_0000_unrelaxed_rank_003_alphafold2_ptm_model_1_seed_000.pdb,80.5
3114,foldit_recycles/recyc_6/colab/2003382_0009_unrelaxed_rank_002_alphafold2_ptm_model_4_seed_000.pdb,60.18
3115,foldit_recycles/recyc_6/colab/2003360_s003_unrelaxed_rank_003_alphafold2_ptm_model_5_seed_000.pdb,84.04
3116,foldit_recycles/recyc_6/colab/2002290_S122_unrelaxed_rank_005_alphafold2_ptm_model_5_seed_000.pdb,86.84
3117,foldit_recycles/recyc_6/colab/2003360_s002_unrelaxed_rank_004_alphafold2_ptm_model_4_seed_000.pdb,83.83
3118,foldit_recycles/recyc_6/colab/2003265_1034_unrelaxed_rank_002_alphafold2_ptm_model_3_seed_000.pdb,90.94
3119,foldit_recycles/recyc_6/colab/997791_1027_unrelaxed_rank_003_alphafold2_ptm_model_1_seed_000.pdb,88.88
3120,foldit_recycles/recyc_6/colab/2003205_0000_unrelaxed_rank_004_alphafold2_ptm_model_1_seed_000.pdb,85.61
3121,foldit_recycles/recyc_6/colab/2003333_0000_unrelaxed_rank_001_alphafold2_ptm_model_1_seed_000.pdb,90.54
3122,foldit_recycles/recyc_6/colab/2003333_0000_unrelaxed_rank_005_alphafold2_ptm_model_5_seed_000.pdb,86.48
3123,foldit_recycles/recyc_6/colab/2002990_1031_unrelaxed_rank_005_alphafold2_ptm_model_2_seed_000.pdb,77.56
3124,foldit_recycles/recyc_6/colab/2003205_1035_unrelaxed_rank_002_alphafold2_ptm_model_2_seed_000.pdb,76.44
3125,foldit_recycles/recyc_6/colab/2002590_0001_unrelaxed_rank_004_alphafold2_ptm_model_4_seed_000.pdb,78.84
3126,foldit_recycles/recyc_6/colab/2003455_0002_unrelaxed_rank_005_alphafold2_ptm_model_5_seed_000.pdb,66.59
3127,foldit_recycles/recyc_6/colab/2003265_S115_unrelaxed_rank_003_alphafold2_ptm_model_2_seed_000.pdb,89.75
3128,foldit_recycles/recyc_6/colab/2002766_0001_unrelaxed_rank_005_alphafold2_ptm_model_4_seed_000.pdb,90.54
3129,foldit_recycles/recyc_6/colab/2003382_s008_unrelaxed_rank_005_alphafold2_ptm_model_3_seed_000.pdb,73.08
3130,foldit_recycles/recyc_6/colab/2003205_0006_unrelaxed_rank_001_alphafold2_ptm_model_5_seed_000.pdb,74.39
3131,foldit_recycles/recyc_6/colab/2003245_S385_unrelaxed_rank_001_alphafold2_ptm_model_4_seed_000.pdb,85.96
3132,foldit_recycles/recyc_6/colab/2003048_1024_unrelaxed_rank_004_alphafold2_ptm_model_1_seed_000.pdb,69.36
3133,foldit_recycles/recyc_6/colab/2002877_s005_unrelaxed_rank_005_alphafold2_ptm_model_5_seed_000.pdb,74.41
3134,foldit_recycles/recyc_6/colab/2003285_s008_unrelaxed_rank_001_alphafold2_ptm_model_3_seed_000.pdb,89.95
3135,foldit_recycles/recyc_6/colab/2002922_s004_unrelaxed_rank_005_alphafold2_ptm_model_2_seed_000.pdb,87.54
3136,foldit_recycles/recyc_6/colab/997523_0008_unrelaxed_rank_001_alphafold2_ptm_model_5_seed_000.pdb,91.04
3137,foldit_recycles/recyc_6/colab/997523_0003_unrelaxed_rank_005_alphafold2_ptm_model_4_seed_000.pdb,82.42
3138,foldit_recycles/recyc_6/colab/2002308_0000_unrelaxed_rank_004_alphafold2_ptm_model_3_seed_000.pdb,72.06
3139,foldit_recycles/recyc_6/colab/2000485_1070_unrelaxed_rank_001_alphafold2_ptm_model_3_seed_000.pdb,46.25
3140,foldit_recycles/recyc_6/colab/1998520_0002_unrelaxed_rank_005_alphafold2_ptm_model_5_seed_000.pdb,59.76
3141,foldit_recycles/recyc_6/colab/2003360_s000_unrelaxed_rank_001_alphafold2_ptm_model_1_seed_000.pdb,85.83
3142,foldit_recycles/recyc_6/colab/2003333_1013_unrelaxed_rank_003_alphafold2_ptm_model_3_seed_000.pdb,55.33
3143,foldit_recycles/recyc_6/colab/2003455_0002_unrelaxed_rank_004_alphafold2_ptm_model_4_seed_000.pdb,68.32
3144,foldit_recycles/recyc_6/colab/2003048_0003_unrelaxed_rank_005_alphafold2_ptm_model_4_seed_000.pdb,84.39
3145,foldit_recycles/recyc_6/colab/2003048_1050_unrelaxed_rank_003_alphafold2_ptm_model_2_seed_000.pdb,85.76
3146,foldit_recycles/recyc_6/colab/2003285_0000_unrelaxed_rank_001_alphafold2_ptm_model_2_seed_000.pdb,93.56
3147,foldit_recycles/recyc_6/colab/2003532_0000_unrelaxed_rank_004_alphafold2_ptm_model_4_seed_000.pdb,85.42
3148,foldit_recycles/recyc_6/colab/2003382_s005_unrelaxed_rank_003_alphafold2_ptm_model_1_seed_000.pdb,74.94
3149,foldit_recycles/recyc_6/colab/2003205_0000_unrelaxed_rank_003_alphafold2_ptm_model_2_seed_000.pdb,87.9
3150,foldit_recycles/recyc_6/colab/997791_1027_unrelaxed_rank_005_alphafold2_ptm_model_4_seed_000.pdb,88.59
3151,foldit_recycles/recyc_6/colab/2002745_0008_unrelaxed_rank_003_alphafold2_ptm_model_1_seed_000.pdb,88.69
3152,foldit_recycles/recyc_6/colab/1998520_0002_unrelaxed_rank_001_alphafold2_ptm_model_4_seed_000.pdb,89.33
3153,foldit_recycles/recyc_6/colab/997523_0008_unrelaxed_rank_003_alphafold2_ptm_model_2_seed_000.pdb,90.61
3154,foldit_recycles/recyc_6/colab/2003485_1036_unrelaxed_rank_004_alphafold2_ptm_model_5_seed_000.pdb,78.86
3155,foldit_recycles/recyc_6/colab/2003285_0000_unrelaxed_rank_002_alphafold2_ptm_model_3_seed_000.pdb,91.99
3156,foldit_recycles/recyc_6/colab/2002590_S567_unrelaxed_rank_003_alphafold2_ptm_model_1_seed_000.pdb,80.33
3157,foldit_recycles/recyc_6/colab/2000518_0000_unrelaxed_rank_003_alphafold2_ptm_model_2_seed_000.pdb,71.62
3158,foldit_recycles/recyc_6/colab/2003308_1010_unrelaxed_rank_002_alphafold2_ptm_model_4_seed_000.pdb,88.96
3159,foldit_recycles/recyc_6/colab/2002469_0001_unrelaxed_rank_002_alphafold2_ptm_model_5_seed_000.pdb,79.41
3160,foldit_recycles/recyc_6/colab/2003205_0002_unrelaxed_rank_002_alphafold2_ptm_model_2_seed_000.pdb,91.08
3161,foldit_recycles/recyc_6/colab/2003594_0000_unrelaxed_rank_005_alphafold2_ptm_model_4_seed_000.pdb,92.1
3162,foldit_recycles/recyc_6/colab/2003048_1024_unrelaxed_rank_003_alphafold2_ptm_model_3_seed_000.pdb,69.35
3163,foldit_recycles/recyc_6/colab/2003382_0004_unrelaxed_rank_002_alphafold2_ptm_model_5_seed_000.pdb,79.84
3164,foldit_recycles/recyc_6/colab/2003485_1029_unrelaxed_rank_002_alphafold2_ptm_model_3_seed_000.pdb,74.64
3165,foldit_recycles/recyc_6/colab/2003308_1010_unrelaxed_rank_003_alphafold2_ptm_model_3_seed_000.pdb,87.03
3166,foldit_recycles/recyc_6/colab/2003360_s004_unrelaxed_rank_005_alphafold2_ptm_model_4_seed_000.pdb,88.64
3167,foldit_recycles/recyc_6/colab/997915_0000_unrelaxed_rank_005_alphafold2_ptm_model_4_seed_000.pdb,84.41
3168,foldit_recycles/recyc_6/colab/2003333_0005_unrelaxed_rank_001_alphafold2_ptm_model_4_seed_000.pdb,84.54
3169,foldit_recycles/recyc_6/colab/2003245_0004_unrelaxed_rank_005_alphafold2_ptm_model_4_seed_000.pdb,88.6
3170,foldit_recycles/recyc_6/colab/2003360_s003_unrelaxed_rank_001_alphafold2_ptm_model_2_seed_000.pdb,86.29
3171,foldit_recycles/recyc_6/colab/2002922_1018_unrelaxed_rank_002_alphafold2_ptm_model_3_seed_000.pdb,83.78
3172,foldit_recycles/recyc_6/colab/2003285_s005_unrelaxed_rank_004_alphafold2_ptm_model_4_seed_000.pdb,83.42
3173,foldit_recycles/recyc_6/colab/2002713_0004_unrelaxed_rank_005_alphafold2_ptm_model_4_seed_000.pdb,82.52
3174,foldit_recycles/recyc_6/colab/2003414_1018_unrelaxed_rank_001_alphafold2_ptm_model_3_seed_000.pdb,85.53
3175,foldit_recycles/recyc_6/colab/2003265_s003_unrelaxed_rank_002_alphafold2_ptm_model_2_seed_000.pdb,86.66
3176,foldit_recycles/recyc_6/colab/2002376_0003_unrelaxed_rank_001_alphafold2_ptm_model_2_seed_000.pdb,78.05
3177,foldit_recycles/recyc_6/colab/2003169_s008_unrelaxed_rank_004_alphafold2_ptm_model_5_seed_000.pdb,77.69
3178,foldit_recycles/recyc_6/colab/2000240_s003_unrelaxed_rank_004_alphafold2_ptm_model_3_seed_000.pdb,65.05
3179,foldit_recycles/recyc_6/colab/2002922_1018_unrelaxed_rank_003_alphafold2_ptm_model_1_seed_000.pdb,82.76
3180,foldit_recycles/recyc_6/colab/2003265_1034_unrelaxed_rank_001_alphafold2_ptm_model_5_seed_000.pdb,90.91
3181,foldit_recycles/recyc_6/colab/2002376_0003_unrelaxed_rank_004_alphafold2_ptm_model_4_seed_000.pdb,69.21
3182,foldit_recycles/recyc_6/colab/2003382_0002_unrelaxed_rank_001_alphafold2_ptm_model_2_seed_000.pdb,83.88
3183,foldit_recycles/recyc_6/colab/2003205_0002_unrelaxed_rank_003_alphafold2_ptm_model_4_seed_000.pdb,90.54
3184,foldit_recycles/recyc_6/colab/2002766_0006_unrelaxed_rank_005_alphafold2_ptm_model_4_seed_000.pdb,86.34
3185,foldit_recycles/recyc_6/colab/2003360_s003_unrelaxed_rank_002_alphafold2_ptm_model_1_seed_000.pdb,86.17
3186,foldit_recycles/recyc_6/colab/2003265_0007_unrelaxed_rank_005_alphafold2_ptm_model_4_seed_000.pdb,88.52
3187,foldit_recycles/recyc_6/colab/2002613_0004_unrelaxed_rank_005_alphafold2_ptm_model_2_seed_000.pdb,79.21
3188,foldit_recycles/recyc_6/colab/2002713_0000_unrelaxed_rank_004_alphafold2_ptm_model_2_seed_000.pdb,80.36
3189,foldit_recycles/recyc_6/colab/2003048_S697_unrelaxed_rank_001_alphafold2_ptm_model_1_seed_000.pdb,87.58
3190,foldit_recycles/recyc_6/colab/2003245_S383_unrelaxed_rank_005_alphafold2_ptm_model_4_seed_000.pdb,90.6
3191,foldit_recycles/recyc_6/colab/2003485_S412_unrelaxed_rank_004_alphafold2_ptm_model_2_seed_000.pdb,77.79
3192,foldit_recycles/recyc_6/colab/2003532_1020_unrelaxed_rank_001_alphafold2_ptm_model_5_seed_000.pdb,83.94
3193,foldit_recycles/recyc_6/colab/2003455_0009_unrelaxed_rank_004_alphafold2_ptm_model_5_seed_000.pdb,73.34
3194,foldit_recycles/recyc_6/colab/2000518_0000_unrelaxed_rank_005_alphafold2_ptm_model_3_seed_000.pdb,70.05
3195,foldit_recycles/recyc_6/colab/2003333_1006_unrelaxed_rank_005_alphafold2_ptm_model_2_seed_000.pdb,64.0
3196,foldit_recycles/recyc_6/colab/2003382_0009_unrelaxed_rank_003_alphafold2_ptm_model_1_seed_000.pdb,55.71
3197,foldit_recycles/recyc_6/colab/2003205_S506_unrelaxed_rank_002_alphafold2_ptm_model_5_seed_000.pdb,84.92
3198,foldit_recycles/recyc_6/colab/2002590_S567_unrelaxed_rank_004_alphafold2_ptm_model_5_seed_000.pdb,78.01
3199,foldit_recycles/recyc_6/colab/2003382_0004_unrelaxed_rank_003_alphafold2_ptm_model_2_seed_000.pdb,77.9
3200,foldit_recycles/recyc_6/colab/997523_0005_unrelaxed_rank_004_alphafold2_ptm_model_2_seed_000.pdb,84.56
3201,foldit_recycles/recyc_6/colab/2003205_0003_unrelaxed_rank_005_alphafold2_ptm_model_2_seed_000.pdb,81.94
3202,foldit_recycles/recyc_6/colab/2003205_0008_unrelaxed_rank_005_alphafold2_ptm_model_4_seed_000.pdb,73.7
3203,foldit_recycles/recyc_6/colab/2002553_0000_unrelaxed_rank_001_alphafold2_ptm_model_5_seed_000.pdb,91.98
3204,foldit_recycles/recyc_6/colab/2003455_s008_unrelaxed_rank_002_alphafold2_ptm_model_3_seed_000.pdb,61.67
3205,foldit_recycles/recyc_6/colab/2003455_s008_unrelaxed_rank_001_alphafold2_ptm_model_2_seed_000.pdb,62.03
3206,foldit_recycles/recyc_6/colab/1998925_s005_unrelaxed_rank_001_alphafold2_ptm_model_5_seed_000.pdb,76.39
3207,foldit_recycles/recyc_6/colab/2002376_0003_unrelaxed_rank_003_alphafold2_ptm_model_3_seed_000.pdb,71.87
3208,foldit_recycles/recyc_6/colab/2002376_0000_unrelaxed_rank_005_alphafold2_ptm_model_2_seed_000.pdb,72.05
3209,foldit_recycles/recyc_6/colab/2003205_1035_unrelaxed_rank_004_alphafold2_ptm_model_5_seed_000.pdb,70.93
3210,foldit_recycles/recyc_6/colab/2003308_1010_unrelaxed_rank_004_alphafold2_ptm_model_1_seed_000.pdb,85.95
3211,foldit_recycles/recyc_6/colab/997523_0006_unrelaxed_rank_001_alphafold2_ptm_model_5_seed_000.pdb,88.06
3212,foldit_recycles/recyc_6/colab/2003333_s001_unrelaxed_rank_003_alphafold2_ptm_model_1_seed_000.pdb,75.1
3213,foldit_recycles/recyc_6/colab/2003308_0005_unrelaxed_rank_004_alphafold2_ptm_model_5_seed_000.pdb,76.51
3214,foldit_recycles/recyc_6/colab/2002745_0004_unrelaxed_rank_003_alphafold2_ptm_model_5_seed_000.pdb,89.51
3215,foldit_recycles/recyc_6/colab/2001044_0000_unrelaxed_rank_003_alphafold2_ptm_model_3_seed_000.pdb,87.73
3216,foldit_recycles/recyc_6/colab/2003285_s005_unrelaxed_rank_001_alphafold2_ptm_model_1_seed_000.pdb,85.88
3217,foldit_recycles/recyc_6/colab/2003205_0008_unrelaxed_rank_002_alphafold2_ptm_model_3_seed_000.pdb,84.49
3218,foldit_recycles/recyc_6/colab/2002308_0000_unrelaxed_rank_002_alphafold2_ptm_model_2_seed_000.pdb,81.1
3219,foldit_recycles/recyc_6/colab/2002308_S695_unrelaxed_rank_005_alphafold2_ptm_model_3_seed_000.pdb,55.61
3220,foldit_recycles/recyc_6/colab/2003308_1010_unrelaxed_rank_001_alphafold2_ptm_model_2_seed_000.pdb,92.29
3221,foldit_recycles/recyc_6/colab/2002922_1018_unrelaxed_rank_001_alphafold2_ptm_model_2_seed_000.pdb,84.17
3222,foldit_recycles/recyc_6/colab/997523_0005_unrelaxed_rank_003_alphafold2_ptm_model_4_seed_000.pdb,85.42
3223,foldit_recycles/recyc_6/colab/2003265_1034_unrelaxed_rank_004_alphafold2_ptm_model_4_seed_000.pdb,89.96
3224,foldit_recycles/recyc_6/colab/2003205_0006_unrelaxed_rank_004_alphafold2_ptm_model_2_seed_000.pdb,68.98
3225,foldit_recycles/recyc_6/colab/2002787_0005_unrelaxed_rank_005_alphafold2_ptm_model_4_seed_000.pdb,82.82
3226,foldit_recycles/recyc_6/colab/2003205_S722_unrelaxed_rank_003_alphafold2_ptm_model_1_seed_000.pdb,75.66
3227,foldit_recycles/recyc_6/colab/2002486_1012_unrelaxed_rank_003_alphafold2_ptm_model_4_seed_000.pdb,83.44
3228,foldit_recycles/recyc_6/colab/2003485_0000_unrelaxed_rank_005_alphafold2_ptm_model_2_seed_000.pdb,80.59
3229,foldit_recycles/recyc_6/colab/2003333_s003_unrelaxed_rank_005_alphafold2_ptm_model_5_seed_000.pdb,82.46
3230,foldit_recycles/recyc_6/colab/2002990_1031_unrelaxed_rank_004_alphafold2_ptm_model_4_seed_000.pdb,80.15
3231,foldit_recycles/recyc_6/colab/2000665_1003_unrelaxed_rank_004_alphafold2_ptm_model_3_seed_000.pdb,52.81
3232,foldit_recycles/recyc_6/colab/2003205_0002_unrelaxed_rank_001_alphafold2_ptm_model_5_seed_000.pdb,91.6
3233,foldit_recycles/recyc_6/colab/2000240_0002_unrelaxed_rank_004_alphafold2_ptm_model_4_seed_000.pdb,83.0
3234,foldit_recycles/recyc_6/colab/2003048_1024_unrelaxed_rank_002_alphafold2_ptm_model_5_seed_000.pdb,71.01
3235,foldit_recycles/recyc_6/colab/2002766_0006_unrelaxed_rank_003_alphafold2_ptm_model_2_seed_000.pdb,88.17
3236,foldit_recycles/recyc_6/colab/2003360_s000_unrelaxed_rank_005_alphafold2_ptm_model_4_seed_000.pdb,83.83
3237,foldit_recycles/recyc_6/colab/2002469_S848_unrelaxed_rank_003_alphafold2_ptm_model_5_seed_000.pdb,72.66
3238,foldit_recycles/recyc_6/colab/2003594_s008_unrelaxed_rank_001_alphafold2_ptm_model_1_seed_000.pdb,76.54
3239,foldit_recycles/recyc_6/colab/2003382_0009_unrelaxed_rank_001_alphafold2_ptm_model_2_seed_000.pdb,71.05
3240,foldit_recycles/recyc_6/colab/2003382_1021_unrelaxed_rank_003_alphafold2_ptm_model_1_seed_000.pdb,83.52
3241,foldit_recycles/recyc_6/colab/2002486_1048_unrelaxed_rank_001_alphafold2_ptm_model_5_seed_000.pdb,67.29
3242,foldit_recycles/recyc_6/colab/2003308_0004_unrelaxed_rank_005_alphafold2_ptm_model_5_seed_000.pdb,85.5
3243,foldit_recycles/recyc_6/colab/1998469_0000_unrelaxed_rank_001_alphafold2_ptm_model_4_seed_000.pdb,82.0
3244,foldit_recycles/recyc_6/colab/2002089_1029_unrelaxed_rank_004_alphafold2_ptm_model_2_seed_000.pdb,75.32
3245,foldit_recycles/recyc_6/colab/2003048_1050_unrelaxed_rank_002_alphafold2_ptm_model_1_seed_000.pdb,85.93
3246,foldit_recycles/recyc_6/colab/2002613_0004_unrelaxed_rank_002_alphafold2_ptm_model_1_seed_000.pdb,81.14
3247,foldit_recycles/recyc_6/colab/2003285_s005_unrelaxed_rank_005_alphafold2_ptm_model_3_seed_000.pdb,80.92
3248,foldit_recycles/recyc_6/colab/2002922_1013_unrelaxed_rank_005_alphafold2_ptm_model_2_seed_000.pdb,82.71
3249,foldit_recycles/recyc_6/colab/2002745_0000_unrelaxed_rank_002_alphafold2_ptm_model_2_seed_000.pdb,90.46
3250,foldit_recycles/recyc_6/colab/2003245_0004_unrelaxed_rank_001_alphafold2_ptm_model_5_seed_000.pdb,91.08
3251,foldit_recycles/recyc_6/colab/2002713_1006_unrelaxed_rank_005_alphafold2_ptm_model_5_seed_000.pdb,89.85
3252,foldit_recycles/recyc_6/colab/997523_0005_unrelaxed_rank_001_alphafold2_ptm_model_1_seed_000.pdb,85.81
3253,foldit_recycles/recyc_6/colab/2002949_0007_unrelaxed_rank_001_alphafold2_ptm_model_2_seed_000.pdb,84.36
3254,foldit_recycles/recyc_6/colab/2003485_1036_unrelaxed_rank_002_alphafold2_ptm_model_4_seed_000.pdb,80.36
3255,foldit_recycles/recyc_6/colab/2003048_0005_unrelaxed_rank_001_alphafold2_ptm_model_5_seed_000.pdb,90.04
3256,foldit_recycles/recyc_6/colab/2003455_1023_unrelaxed_rank_003_alphafold2_ptm_model_4_seed_000.pdb,88.45
3257,foldit_recycles/recyc_6/colab/997523_0000_unrelaxed_rank_004_alphafold2_ptm_model_1_seed_000.pdb,78.8
3258,foldit_recycles/recyc_6/colab/2002544_0000_unrelaxed_rank_001_alphafold2_ptm_model_2_seed_000.pdb,88.06
3259,foldit_recycles/recyc_6/colab/2003048_s009_unrelaxed_rank_002_alphafold2_ptm_model_3_seed_000.pdb,80.19
3260,foldit_recycles/recyc_6/colab/2003265_s008_unrelaxed_rank_004_alphafold2_ptm_model_2_seed_000.pdb,82.57
3261,foldit_recycles/recyc_6/colab/2003382_0002_unrelaxed_rank_003_alphafold2_ptm_model_5_seed_000.pdb,79.69
3262,foldit_recycles/recyc_6/colab/2003265_s008_unrelaxed_rank_005_alphafold2_ptm_model_1_seed_000.pdb,82.09
3263,foldit_recycles/recyc_6/colab/2002089_0001_unrelaxed_rank_003_alphafold2_ptm_model_4_seed_000.pdb,66.46
3264,foldit_recycles/recyc_6/colab/2002089_0001_unrelaxed_rank_002_alphafold2_ptm_model_1_seed_000.pdb,67.43
3265,foldit_recycles/recyc_6/colab/2001044_0000_unrelaxed_rank_002_alphafold2_ptm_model_2_seed_000.pdb,88.28
3266,foldit_recycles/recyc_6/colab/2003455_0002_unrelaxed_rank_003_alphafold2_ptm_model_1_seed_000.pdb,71.52
3267,foldit_recycles/recyc_6/colab/2002949_0000_unrelaxed_rank_005_alphafold2_ptm_model_4_seed_000.pdb,85.79
3268,foldit_recycles/recyc_6/colab/2002745_0000_unrelaxed_rank_004_alphafold2_ptm_model_4_seed_000.pdb,87.83
3269,foldit_recycles/recyc_6/colab/2002949_0007_unrelaxed_rank_005_alphafold2_ptm_model_5_seed_000.pdb,77.46
3270,foldit_recycles/recyc_6/colab/2002766_0000_unrelaxed_rank_005_alphafold2_ptm_model_3_seed_000.pdb,84.77
3271,foldit_recycles/recyc_6/colab/997258_0004_unrelaxed_rank_001_alphafold2_ptm_model_1_seed_000.pdb,87.3
3272,foldit_recycles/recyc_6/colab/997523_0003_unrelaxed_rank_004_alphafold2_ptm_model_5_seed_000.pdb,83.87
3273,foldit_recycles/recyc_6/colab/1998925_s008_unrelaxed_rank_003_alphafold2_ptm_model_5_seed_000.pdb,77.55
3274,foldit_recycles/recyc_6/colab/2003360_0005_unrelaxed_rank_005_alphafold2_ptm_model_4_seed_000.pdb,89.82
3275,foldit_recycles/recyc_6/colab/2003532_1022_unrelaxed_rank_001_alphafold2_ptm_model_1_seed_000.pdb,82.54
3276,foldit_recycles/recyc_6/colab/2003333_1013_unrelaxed_rank_004_alphafold2_ptm_model_4_seed_000.pdb,55.14
3277,foldit_recycles/recyc_6/colab/2003360_1013_unrelaxed_rank_004_alphafold2_ptm_model_4_seed_000.pdb,81.16
3278,foldit_recycles/recyc_6/colab/2003594_0000_unrelaxed_rank_003_alphafold2_ptm_model_3_seed_000.pdb,92.84
3279,foldit_recycles/recyc_6/colab/2003594_0000_unrelaxed_rank_004_alphafold2_ptm_model_5_seed_000.pdb,92.67
3280,foldit_recycles/recyc_6/colab/2003048_1050_unrelaxed_rank_004_alphafold2_ptm_model_4_seed_000.pdb,85.25
3281,foldit_recycles/recyc_6/colab/2002290_S122_unrelaxed_rank_001_alphafold2_ptm_model_4_seed_000.pdb,93.76
3282,foldit_recycles/recyc_6/colab/2003485_1036_unrelaxed_rank_003_alphafold2_ptm_model_1_seed_000.pdb,80.21
3283,foldit_recycles/recyc_6/colab/2000518_S468_unrelaxed_rank_005_alphafold2_ptm_model_2_seed_000.pdb,56.37
3284,foldit_recycles/recyc_6/colab/2003308_0005_unrelaxed_rank_001_alphafold2_ptm_model_4_seed_000.pdb,80.85
3285,foldit_recycles/recyc_6/colab/2003360_s000_unrelaxed_rank_002_alphafold2_ptm_model_2_seed_000.pdb,85.25
3286,foldit_recycles/recyc_6/colab/2003382_0004_unrelaxed_rank_005_alphafold2_ptm_model_3_seed_000.pdb,72.52
3287,foldit_recycles/recyc_6/colab/2002089_0001_unrelaxed_rank_004_alphafold2_ptm_model_5_seed_000.pdb,66.16
3288,foldit_recycles/recyc_6/colab/2000485_1070_unrelaxed_rank_004_alphafold2_ptm_model_5_seed_000.pdb,43.83
3289,foldit_recycles/recyc_6/colab/2003169_S953_unrelaxed_rank_005_alphafold2_ptm_model_5_seed_000.pdb,88.53
3290,foldit_recycles/recyc_6/colab/2002766_0002_unrelaxed_rank_004_alphafold2_ptm_model_3_seed_000.pdb,86.84
3291,foldit_recycles/recyc_6/colab/2002308_0005_unrelaxed_rank_003_alphafold2_ptm_model_2_seed_000.pdb,74.42
3292,foldit_recycles/recyc_6/colab/997523_1040_unrelaxed_rank_001_alphafold2_ptm_model_2_seed_000.pdb,94.11
3293,foldit_recycles/recyc_6/colab/2002990_0006_unrelaxed_rank_004_alphafold2_ptm_model_4_seed_000.pdb,85.48
3294,foldit_recycles/recyc_6/colab/2003308_0009_unrelaxed_rank_001_alphafold2_ptm_model_4_seed_000.pdb,76.6
3295,foldit_recycles/recyc_6/colab/2002922_s004_unrelaxed_rank_003_alphafold2_ptm_model_4_seed_000.pdb,87.59
3296,foldit_recycles/recyc_6/colab/2003333_0000_unrelaxed_rank_003_alphafold2_ptm_model_3_seed_000.pdb,88.36
3297,foldit_recycles/recyc_6/colab/2003594_S028_unrelaxed_rank_004_alphafold2_ptm_model_1_seed_000.pdb,85.76
3298,foldit_recycles/recyc_6/colab/2003455_S943_unrelaxed_rank_004_alphafold2_ptm_model_1_seed_000.pdb,82.33
3299,foldit_recycles/recyc_6/colab/2003485_0002_unrelaxed_rank_004_alphafold2_ptm_model_5_seed_000.pdb,90.05
3300,foldit_recycles/recyc_6/colab/2003455_S943_unrelaxed_rank_003_alphafold2_ptm_model_2_seed_000.pdb,82.77
3301,foldit_recycles/recyc_6/colab/997383_s346_unrelaxed_rank_001_alphafold2_ptm_model_1_seed_000.pdb,78.48
3302,foldit_recycles/recyc_6/colab/2003455_S943_unrelaxed_rank_001_alphafold2_ptm_model_5_seed_000.pdb,84.49
3303,foldit_recycles/recyc_6/colab/2003594_S603_unrelaxed_rank_002_alphafold2_ptm_model_4_seed_000.pdb,71.85
3304,foldit_recycles/recyc_6/colab/2002469_0001_unrelaxed_rank_003_alphafold2_ptm_model_3_seed_000.pdb,77.77
3305,foldit_recycles/recyc_6/colab/2003205_S722_unrelaxed_rank_005_alphafold2_ptm_model_5_seed_000.pdb,71.32
3306,foldit_recycles/recyc_6/colab/2003048_0005_unrelaxed_rank_005_alphafold2_ptm_model_2_seed_000.pdb,76.28
3307,foldit_recycles/recyc_6/colab/997523_0006_unrelaxed_rank_005_alphafold2_ptm_model_4_seed_000.pdb,76.34
3308,foldit_recycles/recyc_6/colab/2002308_0000_unrelaxed_rank_001_alphafold2_ptm_model_4_seed_000.pdb,81.89
3309,foldit_recycles/recyc_6/colab/2002990_1039_unrelaxed_rank_004_alphafold2_ptm_model_4_seed_000.pdb,83.54
3310,foldit_recycles/recyc_6/colab/2003205_1035_unrelaxed_rank_005_alphafold2_ptm_model_3_seed_000.pdb,66.71
3311,foldit_recycles/recyc_6/colab/997523_0006_unrelaxed_rank_002_alphafold2_ptm_model_2_seed_000.pdb,87.06
3312,foldit_recycles/recyc_6/colab/2003455_0001_unrelaxed_rank_005_alphafold2_ptm_model_2_seed_000.pdb,84.04
3313,foldit_recycles/recyc_6/colab/2003265_1034_unrelaxed_rank_003_alphafold2_ptm_model_2_seed_000.pdb,90.29
3314,foldit_recycles/recyc_6/colab/2002089_0001_unrelaxed_rank_001_alphafold2_ptm_model_2_seed_000.pdb,69.55
3315,foldit_recycles/recyc_6/colab/997258_0001_unrelaxed_rank_002_alphafold2_ptm_model_5_seed_000.pdb,81.77
3316,foldit_recycles/recyc_6/colab/2002486_1012_unrelaxed_rank_001_alphafold2_ptm_model_3_seed_000.pdb,84.81
3317,foldit_recycles/recyc_6/colab/2002486_1048_unrelaxed_rank_004_alphafold2_ptm_model_2_seed_000.pdb,61.67
3318,foldit_recycles/recyc_6/colab/2003205_S722_unrelaxed_rank_004_alphafold2_ptm_model_2_seed_000.pdb,74.05
3319,foldit_recycles/recyc_6/colab/2003205_1035_unrelaxed_rank_001_alphafold2_ptm_model_4_seed_000.pdb,82.62
3320,foldit_recycles/recyc_6/colab/2003382_0002_unrelaxed_rank_005_alphafold2_ptm_model_1_seed_000.pdb,76.38
3321,foldit_recycles/recyc_6/colab/997523_1040_unrelaxed_rank_003_alphafold2_ptm_model_5_seed_000.pdb,91.36
3322,foldit_recycles/recyc_6/colab/2003455_S886_unrelaxed_rank_002_alphafold2_ptm_model_2_seed_000.pdb,79.79
3323,foldit_recycles/recyc_6/colab/2002766_0004_unrelaxed_rank_001_alphafold2_ptm_model_5_seed_000.pdb,81.88
3324,foldit_recycles/recyc_6/colab/2003285_s000_unrelaxed_rank_004_alphafold2_ptm_model_4_seed_000.pdb,90.74
3325,foldit_recycles/recyc_6/colab/2003455_s008_unrelaxed_rank_005_alphafold2_ptm_model_4_seed_000.pdb,50.34
3326,foldit_recycles/recyc_6/colab/2003485_1017_unrelaxed_rank_001_alphafold2_ptm_model_2_seed_000.pdb,78.08
3327,foldit_recycles/recyc_6/colab/2003265_s003_unrelaxed_rank_003_alphafold2_ptm_model_4_seed_000.pdb,86.64
3328,foldit_recycles/recyc_6/colab/2002745_0004_unrelaxed_rank_002_alphafold2_ptm_model_3_seed_000.pdb,89.66
3329,foldit_recycles/recyc_6/colab/2002990_s006_unrelaxed_rank_001_alphafold2_ptm_model_2_seed_000.pdb,91.73
3330,foldit_recycles/recyc_6/colab/2003205_0000_unrelaxed_rank_002_alphafold2_ptm_model_4_seed_000.pdb,90.13
3331,foldit_recycles/recyc_6/colab/2003265_S714_unrelaxed_rank_001_alphafold2_ptm_model_3_seed_000.pdb,81.93
3332,foldit_recycles/recyc_6/colab/2003382_s008_unrelaxed_rank_003_alphafold2_ptm_model_2_seed_000.pdb,80.87
3333,foldit_recycles/recyc_6/colab/2002089_1029_unrelaxed_rank_005_alphafold2_ptm_model_3_seed_000.pdb,70.31
3334,foldit_recycles/recyc_6/colab/997523_0006_unrelaxed_rank_004_alphafold2_ptm_model_3_seed_000.pdb,82.76
3335,foldit_recycles/recyc_6/colab/2003205_s002_unrelaxed_rank_001_alphafold2_ptm_model_3_seed_000.pdb,91.74
3336,foldit_recycles/recyc_6/colab/2003205_s002_unrelaxed_rank_005_alphafold2_ptm_model_4_seed_000.pdb,87.31
3337,foldit_recycles/recyc_6/colab/2002565_0002_unrelaxed_rank_001_alphafold2_ptm_model_3_seed_000.pdb,86.24
3338,foldit_recycles/recyc_6/colab/2003265_s003_unrelaxed_rank_004_alphafold2_ptm_model_3_seed_000.pdb,85.33
3339,foldit_recycles/recyc_6/colab/2002745_0001_unrelaxed_rank_001_alphafold2_ptm_model_3_seed_000.pdb,96.79
3340,foldit_recycles/recyc_6/colab/2003382_s005_unrelaxed_rank_001_alphafold2_ptm_model_3_seed_000.pdb,77.18
3341,foldit_recycles/recyc_6/colab/2002745_0003_unrelaxed_rank_001_alphafold2_ptm_model_3_seed_000.pdb,90.48
3342,foldit_recycles/recyc_6/colab/2003205_0003_unrelaxed_rank_003_alphafold2_ptm_model_5_seed_000.pdb,84.22
3343,foldit_recycles/recyc_6/colab/2003532_1020_unrelaxed_rank_002_alphafold2_ptm_model_2_seed_000.pdb,83.91
3344,foldit_recycles/recyc_6/colab/2003485_1017_unrelaxed_rank_004_alphafold2_ptm_model_3_seed_000.pdb,70.85
3345,foldit_recycles/recyc_6/colab/2002766_0006_unrelaxed_rank_002_alphafold2_ptm_model_5_seed_000.pdb,88.88
3346,foldit_recycles/recyc_6/colab/2000518_0003_unrelaxed_rank_004_alphafold2_ptm_model_3_seed_000.pdb,83.08
3347,foldit_recycles/recyc_6/colab/2003285_0000_unrelaxed_rank_005_alphafold2_ptm_model_1_seed_000.pdb,91.24
3348,foldit_recycles/recyc_6/colab/2003594_S028_unrelaxed_rank_001_alphafold2_ptm_model_2_seed_000.pdb,92.2
3349,foldit_recycles/recyc_6/colab/2003048_0003_unrelaxed_rank_002_alphafold2_ptm_model_2_seed_000.pdb,85.29
3350,foldit_recycles/recyc_6/colab/2002990_s006_unrelaxed_rank_004_alphafold2_ptm_model_3_seed_000.pdb,81.52
3351,foldit_recycles/recyc_6/colab/2002766_0000_unrelaxed_rank_004_alphafold2_ptm_model_4_seed_000.pdb,87.27
3352,foldit_recycles/recyc_6/colab/2003048_0003_unrelaxed_rank_001_alphafold2_ptm_model_3_seed_000.pdb,85.91
3353,foldit_recycles/recyc_6/colab/2002766_0002_unrelaxed_rank_003_alphafold2_ptm_model_5_seed_000.pdb,86.96
3354,foldit_recycles/recyc_6/colab/2002766_0006_unrelaxed_rank_001_alphafold2_ptm_model_3_seed_000.pdb,89.92
3355,foldit_recycles/recyc_6/colab/2002922_1013_unrelaxed_rank_004_alphafold2_ptm_model_5_seed_000.pdb,83.7
3356,foldit_recycles/recyc_6/colab/2003169_s001_unrelaxed_rank_003_alphafold2_ptm_model_1_seed_000.pdb,82.45
3357,foldit_recycles/recyc_6/colab/2002745_0008_unrelaxed_rank_004_alphafold2_ptm_model_4_seed_000.pdb,88.53
3358,foldit_recycles/recyc_6/colab/2003265_S115_unrelaxed_rank_005_alphafold2_ptm_model_4_seed_000.pdb,87.76
3359,foldit_recycles/recyc_6/colab/2002486_0006_unrelaxed_rank_004_alphafold2_ptm_model_2_seed_000.pdb,70.75
3360,foldit_recycles/recyc_6/colab/2002713_0004_unrelaxed_rank_002_alphafold2_ptm_model_3_seed_000.pdb,85.9
3361,foldit_recycles/recyc_6/colab/2003333_s001_unrelaxed_rank_001_alphafold2_ptm_model_2_seed_000.pdb,83.72
3362,foldit_recycles/recyc_6/colab/997523_1003_unrelaxed_rank_004_alphafold2_ptm_model_2_seed_000.pdb,72.01
3363,foldit_recycles/recyc_6/colab/2002766_0002_unrelaxed_rank_001_alphafold2_ptm_model_2_seed_000.pdb,88.0
3364,foldit_recycles/recyc_6/colab/997915_0000_unrelaxed_rank_004_alphafold2_ptm_model_2_seed_000.pdb,84.85
3365,foldit_recycles/recyc_6/colab/1998555_1041_unrelaxed_rank_002_alphafold2_ptm_model_3_seed_000.pdb,74.9
3366,foldit_recycles/recyc_6/colab/2003265_s008_unrelaxed_rank_002_alphafold2_ptm_model_3_seed_000.pdb,84.65
3367,foldit_recycles/recyc_6/colab/2003308_1010_unrelaxed_rank_005_alphafold2_ptm_model_5_seed_000.pdb,83.82
3368,foldit_recycles/recyc_6/colab/2002486_0006_unrelaxed_rank_001_alphafold2_ptm_model_5_seed_000.pdb,75.68
3369,foldit_recycles/recyc_6/colab/2002469_S848_unrelaxed_rank_005_alphafold2_ptm_model_3_seed_000.pdb,70.68
3370,foldit_recycles/recyc_6/colab/997523_0005_unrelaxed_rank_005_alphafold2_ptm_model_5_seed_000.pdb,80.85
3371,foldit_recycles/recyc_6/colab/2003285_s008_unrelaxed_rank_004_alphafold2_ptm_model_5_seed_000.pdb,88.76
3372,foldit_recycles/recyc_6/colab/2003285_0000_unrelaxed_rank_003_alphafold2_ptm_model_4_seed_000.pdb,91.68
3373,foldit_recycles/recyc_6/colab/2003048_1024_unrelaxed_rank_005_alphafold2_ptm_model_2_seed_000.pdb,65.5
3374,foldit_recycles/recyc_6/colab/2002590_S567_unrelaxed_rank_001_alphafold2_ptm_model_4_seed_000.pdb,80.49
3375,foldit_recycles/recyc_6/colab/2003265_s005_unrelaxed_rank_002_alphafold2_ptm_model_3_seed_000.pdb,88.44
3376,foldit_recycles/recyc_6/colab/2003265_s005_unrelaxed_rank_003_alphafold2_ptm_model_2_seed_000.pdb,88.4
3377,foldit_recycles/recyc_6/colab/997915_0000_unrelaxed_rank_001_alphafold2_ptm_model_3_seed_000.pdb,87.85
3378,foldit_recycles/recyc_6/colab/2003485_0002_unrelaxed_rank_001_alphafold2_ptm_model_2_seed_000.pdb,91.58
3379,foldit_recycles/recyc_6/colab/2003205_S506_unrelaxed_rank_005_alphafold2_ptm_model_2_seed_000.pdb,80.66
3380,foldit_recycles/recyc_6/colab/2003308_0004_unrelaxed_rank_003_alphafold2_ptm_model_1_seed_000.pdb,86.82
3381,foldit_recycles/recyc_6/colab/2003485_S412_unrelaxed_rank_002_alphafold2_ptm_model_3_seed_000.pdb,81.01
3382,foldit_recycles/recyc_6/colab/997523_0003_unrelaxed_rank_003_alphafold2_ptm_model_1_seed_000.pdb,84.11
3383,foldit_recycles/recyc_6/colab/2003265_0007_unrelaxed_rank_003_alphafold2_ptm_model_3_seed_000.pdb,89.91
3384,foldit_recycles/recyc_6/colab/2003245_0004_unrelaxed_rank_004_alphafold2_ptm_model_1_seed_000.pdb,90.03
3385,foldit_recycles/recyc_6/colab/2003333_1006_unrelaxed_rank_003_alphafold2_ptm_model_3_seed_000.pdb,81.35
3386,foldit_recycles/recyc_6/colab/2002590_0001_unrelaxed_rank_003_alphafold2_ptm_model_5_seed_000.pdb,79.78
3387,foldit_recycles/recyc_6/colab/997523_1040_unrelaxed_rank_005_alphafold2_ptm_model_4_seed_000.pdb,78.99
3388,foldit_recycles/recyc_6/colab/2002376_0000_unrelaxed_rank_001_alphafold2_ptm_model_3_seed_000.pdb,79.03
3389,foldit_recycles/recyc_6/colab/2000518_0000_unrelaxed_rank_004_alphafold2_ptm_model_1_seed_000.pdb,70.37
3390,foldit_recycles/recyc_6/colab/2002553_0000_unrelaxed_rank_005_alphafold2_ptm_model_3_seed_000.pdb,72.73
3391,foldit_recycles/recyc_6/colab/2002544_0000_unrelaxed_rank_004_alphafold2_ptm_model_5_seed_000.pdb,85.78
3392,foldit_recycles/recyc_6/colab/2003414_1018_unrelaxed_rank_002_alphafold2_ptm_model_1_seed_000.pdb,85.24
3393,foldit_recycles/recyc_6/colab/2003485_1017_unrelaxed_rank_005_alphafold2_ptm_model_4_seed_000.pdb,68.13
3394,foldit_recycles/recyc_6/colab/2003169_S953_unrelaxed_rank_002_alphafold2_ptm_model_2_seed_000.pdb,90.54
3395,foldit_recycles/recyc_6/colab/2002553_s003_unrelaxed_rank_004_alphafold2_ptm_model_4_seed_000.pdb,83.64
3396,foldit_recycles/recyc_6/colab/2002469_S848_unrelaxed_rank_004_alphafold2_ptm_model_4_seed_000.pdb,72.35
3397,foldit_recycles/recyc_6/colab/2002745_0003_unrelaxed_rank_002_alphafold2_ptm_model_5_seed_000.pdb,89.92
3398,foldit_recycles/recyc_6/colab/2000518_S468_unrelaxed_rank_002_alphafold2_ptm_model_5_seed_000.pdb,72.39
3399,foldit_recycles/recyc_6/colab/2003285_s000_unrelaxed_rank_005_alphafold2_ptm_model_1_seed_000.pdb,90.66
3400,foldit_recycles/recyc_6/colab/2003205_S506_unrelaxed_rank_003_alphafold2_ptm_model_3_seed_000.pdb,84.63
3401,foldit_recycles/recyc_6/colab/2002766_0001_unrelaxed_rank_002_alphafold2_ptm_model_3_seed_000.pdb,92.73
3402,foldit_recycles/recyc_6/colab/2003048_S697_unrelaxed_rank_003_alphafold2_ptm_model_3_seed_000.pdb,81.76
3403,foldit_recycles/recyc_6/colab/2000485_1070_unrelaxed_rank_003_alphafold2_ptm_model_2_seed_000.pdb,44.38
3404,foldit_recycles/recyc_6/colab/2002334_0005_unrelaxed_rank_002_alphafold2_ptm_model_2_seed_000.pdb,81.33
3405,foldit_recycles/recyc_6/colab/997523_0000_unrelaxed_rank_001_alphafold2_ptm_model_4_seed_000.pdb,82.38
3406,foldit_recycles/recyc_6/colab/2003455_S943_unrelaxed_rank_005_alphafold2_ptm_model_4_seed_000.pdb,82.28
3407,foldit_recycles/recyc_6/colab/2003333_s003_unrelaxed_rank_002_alphafold2_ptm_model_4_seed_000.pdb,84.19
3408,foldit_recycles/recyc_6/colab/997915_0000_unrelaxed_rank_003_alphafold2_ptm_model_5_seed_000.pdb,86.17
3409,foldit_recycles/recyc_6/colab/2003360_1013_unrelaxed_rank_002_alphafold2_ptm_model_1_seed_000.pdb,85.89
3410,foldit_recycles/recyc_6/colab/2003532_1022_unrelaxed_rank_005_alphafold2_ptm_model_2_seed_000.pdb,73.4
3411,foldit_recycles/recyc_6/colab/2003485_1017_unrelaxed_rank_003_alphafold2_ptm_model_1_seed_000.pdb,71.04
3412,foldit_recycles/recyc_6/colab/2001044_0000_unrelaxed_rank_001_alphafold2_ptm_model_1_seed_000.pdb,88.59
3413,foldit_recycles/recyc_6/colab/2003169_s008_unrelaxed_rank_003_alphafold2_ptm_model_2_seed_000.pdb,78.06
3414,foldit_recycles/recyc_6/colab/2002290_S122_unrelaxed_rank_003_alphafold2_ptm_model_2_seed_000.pdb,92.9
3415,foldit_recycles/recyc_6/colab/1998469_0000_unrelaxed_rank_003_alphafold2_ptm_model_3_seed_000.pdb,79.47
3416,foldit_recycles/recyc_6/colab/2003455_0009_unrelaxed_rank_005_alphafold2_ptm_model_4_seed_000.pdb,70.83
3417,foldit_recycles/recyc_6/colab/2002376_0000_unrelaxed_rank_003_alphafold2_ptm_model_4_seed_000.pdb,74.62
3418,foldit_recycles/recyc_6/colab/997523_0000_unrelaxed_rank_002_alphafold2_ptm_model_3_seed_000.pdb,80.41
3419,foldit_recycles/recyc_6/colab/2003308_0005_unrelaxed_rank_003_alphafold2_ptm_model_1_seed_000.pdb,78.16
3420,foldit_recycles/recyc_6/colab/2003594_S603_unrelaxed_rank_004_alphafold2_ptm_model_5_seed_000.pdb,69.59
3421,foldit_recycles/recyc_6/colab/2003048_0003_unrelaxed_rank_004_alphafold2_ptm_model_5_seed_000.pdb,84.65
3422,foldit_recycles/recyc_6/colab/2003333_0006_unrelaxed_rank_003_alphafold2_ptm_model_3_seed_000.pdb,93.52
3423,foldit_recycles/recyc_6/colab/2002089_1029_unrelaxed_rank_003_alphafold2_ptm_model_4_seed_000.pdb,78.7
3424,foldit_recycles/recyc_6/colab/2002990_1039_unrelaxed_rank_003_alphafold2_ptm_model_1_seed_000.pdb,86.38
3425,foldit_recycles/recyc_6/colab/2002486_1012_unrelaxed_rank_002_alphafold2_ptm_model_1_seed_000.pdb,83.71
3426,foldit_recycles/recyc_6/colab/2002334_0005_unrelaxed_rank_004_alphafold2_ptm_model_3_seed_000.pdb,78.59
3427,foldit_recycles/recyc_6/colab/2002486_0006_unrelaxed_rank_003_alphafold2_ptm_model_1_seed_000.pdb,73.39
3428,foldit_recycles/recyc_6/colab/1998555_1041_unrelaxed_rank_003_alphafold2_ptm_model_1_seed_000.pdb,73.54
3429,foldit_recycles/recyc_6/colab/2003285_s008_unrelaxed_rank_002_alphafold2_ptm_model_2_seed_000.pdb,89.22
3430,foldit_recycles/recyc_6/colab/2003308_0005_unrelaxed_rank_005_alphafold2_ptm_model_2_seed_000.pdb,75.93
3431,foldit_recycles/recyc_6/colab/2002766_0006_unrelaxed_rank_004_alphafold2_ptm_model_1_seed_000.pdb,87.89
3432,foldit_recycles/recyc_6/colab/2002877_s005_unrelaxed_rank_004_alphafold2_ptm_model_3_seed_000.pdb,75.25
3433,foldit_recycles/recyc_6/colab/2003360_s004_unrelaxed_rank_002_alphafold2_ptm_model_3_seed_000.pdb,89.77
3434,foldit_recycles/recyc_6/colab/997258_0001_unrelaxed_rank_004_alphafold2_ptm_model_1_seed_000.pdb,77.27
3435,foldit_recycles/recyc_6/colab/2003333_0005_unrelaxed_rank_004_alphafold2_ptm_model_5_seed_000.pdb,81.77
3436,foldit_recycles/recyc_6/colab/997523_0005_unrelaxed_rank_002_alphafold2_ptm_model_3_seed_000.pdb,85.54
3437,foldit_recycles/recyc_6/colab/2003532_1022_unrelaxed_rank_002_alphafold2_ptm_model_5_seed_000.pdb,81.49
3438,foldit_recycles/recyc_6/colab/2003245_S385_unrelaxed_rank_002_alphafold2_ptm_model_1_seed_000.pdb,85.58
3439,foldit_recycles/recyc_6/colab/2003333_1013_unrelaxed_rank_001_alphafold2_ptm_model_5_seed_000.pdb,67.29
3440,foldit_recycles/recyc_6/colab/2003455_S886_unrelaxed_rank_001_alphafold2_ptm_model_3_seed_000.pdb,81.39
3441,foldit_recycles/recyc_6/colab/2002787_0005_unrelaxed_rank_002_alphafold2_ptm_model_1_seed_000.pdb,90.26
3442,foldit_recycles/recyc_6/colab/2003594_0000_unrelaxed_rank_002_alphafold2_ptm_model_1_seed_000.pdb,93.01
3443,foldit_recycles/recyc_6/colab/2002990_0006_unrelaxed_rank_002_alphafold2_ptm_model_5_seed_000.pdb,87.02
3444,foldit_recycles/recyc_6/colab/997523_1040_unrelaxed_rank_002_alphafold2_ptm_model_3_seed_000.pdb,93.18
3445,foldit_recycles/recyc_6/colab/2002990_1031_unrelaxed_rank_003_alphafold2_ptm_model_5_seed_000.pdb,80.78
3446,foldit_recycles/recyc_6/colab/1998520_0002_unrelaxed_rank_004_alphafold2_ptm_model_3_seed_000.pdb,59.92
3447,foldit_recycles/recyc_6/colab/2003308_0009_unrelaxed_rank_002_alphafold2_ptm_model_3_seed_000.pdb,75.65
3448,foldit_recycles/recyc_6/colab/2002553_s003_unrelaxed_rank_001_alphafold2_ptm_model_5_seed_000.pdb,87.07
3449,foldit_recycles/recyc_6/colab/2003594_S603_unrelaxed_rank_005_alphafold2_ptm_model_3_seed_000.pdb,67.64
3450,foldit_recycles/recyc_6/colab/2003360_s004_unrelaxed_rank_001_alphafold2_ptm_model_2_seed_000.pdb,90.7
3451,foldit_recycles/recyc_6/colab/2003333_1013_unrelaxed_rank_005_alphafold2_ptm_model_2_seed_000.pdb,53.81
3452,foldit_recycles/recyc_6/colab/2003594_0000_unrelaxed_rank_001_alphafold2_ptm_model_2_seed_000.pdb,94.54
3453,foldit_recycles/recyc_6/colab/2003414_1018_unrelaxed_rank_004_alphafold2_ptm_model_4_seed_000.pdb,84.96
3454,foldit_recycles/recyc_6/colab/2003169_S953_unrelaxed_rank_004_alphafold2_ptm_model_4_seed_000.pdb,89.47
3455,foldit_recycles/recyc_6/colab/2000240_s003_unrelaxed_rank_002_alphafold2_ptm_model_1_seed_000.pdb,69.93
3456,foldit_recycles/recyc_6/colab/2003360_1013_unrelaxed_rank_005_alphafold2_ptm_model_3_seed_000.pdb,80.88
3457,foldit_recycles/recyc_6/colab/2002469_0001_unrelaxed_rank_004_alphafold2_ptm_model_4_seed_000.pdb,77.37
3458,foldit_recycles/recyc_6/colab/2000665_1003_unrelaxed_rank_005_alphafold2_ptm_model_4_seed_000.pdb,48.13
3459,foldit_recycles/recyc_6/colab/2002469_S848_unrelaxed_rank_002_alphafold2_ptm_model_2_seed_000.pdb,76.81
3460,foldit_recycles/recyc_6/colab/2003205_0008_unrelaxed_rank_001_alphafold2_ptm_model_1_seed_000.pdb,86.1
3461,foldit_recycles/recyc_6/colab/2003285_s005_unrelaxed_rank_002_alphafold2_ptm_model_2_seed_000.pdb,85.1
3462,foldit_recycles/recyc_6/colab/2002949_0000_unrelaxed_rank_003_alphafold2_ptm_model_1_seed_000.pdb,87.38
3463,foldit_recycles/recyc_6/colab/2002877_s005_unrelaxed_rank_002_alphafold2_ptm_model_4_seed_000.pdb,78.88
3464,foldit_recycles/recyc_6/colab/2002334_0005_unrelaxed_rank_005_alphafold2_ptm_model_5_seed_000.pdb,70.56
3465,foldit_recycles/recyc_6/colab/2002553_s003_unrelaxed_rank_003_alphafold2_ptm_model_1_seed_000.pdb,84.09
3466,foldit_recycles/recyc_6/colab/2000665_1003_unrelaxed_rank_003_alphafold2_ptm_model_2_seed_000.pdb,54.08
3467,foldit_recycles/recyc_6/colab/2000518_S468_unrelaxed_rank_001_alphafold2_ptm_model_4_seed_000.pdb,73.5
3468,foldit_recycles/recyc_6/colab/2002745_0003_unrelaxed_rank_004_alphafold2_ptm_model_4_seed_000.pdb,87.86
3469,foldit_recycles/recyc_6/colab/2003532_1020_unrelaxed_rank_005_alphafold2_ptm_model_4_seed_000.pdb,82.37
3470,foldit_recycles/recyc_6/colab/997258_0001_unrelaxed_rank_003_alphafold2_ptm_model_4_seed_000.pdb,78.33
3471,foldit_recycles/recyc_6/colab/2003048_1050_unrelaxed_rank_005_alphafold2_ptm_model_3_seed_000.pdb,84.1
3472,foldit_recycles/recyc_6/colab/2000240_s003_unrelaxed_rank_003_alphafold2_ptm_model_5_seed_000.pdb,68.92
3473,foldit_recycles/recyc_6/colab/2003205_0008_unrelaxed_rank_003_alphafold2_ptm_model_2_seed_000.pdb,81.62
3474,foldit_recycles/recyc_6/colab/2000240_s003_unrelaxed_rank_001_alphafold2_ptm_model_2_seed_000.pdb,70.23
3475,foldit_recycles/recyc_6/colab/2003048_s009_unrelaxed_rank_003_alphafold2_ptm_model_4_seed_000.pdb,80.1
3476,foldit_recycles/recyc_6/colab/2003594_s008_unrelaxed_rank_004_alphafold2_ptm_model_4_seed_000.pdb,70.51
3477,foldit_recycles/recyc_6/colab/2003169_s001_unrelaxed_rank_004_alphafold2_ptm_model_5_seed_000.pdb,82.24
3478,foldit_recycles/recyc_6/colab/2003382_0009_unrelaxed_rank_004_alphafold2_ptm_model_5_seed_000.pdb,54.3
3479,foldit_recycles/recyc_6/colab/2003532_1020_unrelaxed_rank_004_alphafold2_ptm_model_1_seed_000.pdb,83.67
3480,foldit_recycles/recyc_6/colab/2002713_0004_unrelaxed_rank_004_alphafold2_ptm_model_2_seed_000.pdb,83.47
3481,foldit_recycles/recyc_6/colab/2002990_1039_unrelaxed_rank_001_alphafold2_ptm_model_3_seed_000.pdb,87.49
3482,foldit_recycles/recyc_6/colab/2003205_0000_unrelaxed_rank_001_alphafold2_ptm_model_5_seed_000.pdb,90.16
3483,foldit_recycles/recyc_6/colab/2003048_s009_unrelaxed_rank_004_alphafold2_ptm_model_2_seed_000.pdb,79.53
3484,foldit_recycles/recyc_6/colab/2003333_1006_unrelaxed_rank_001_alphafold2_ptm_model_4_seed_000.pdb,85.13
3485,foldit_recycles/recyc_6/colab/2003382_s008_unrelaxed_rank_004_alphafold2_ptm_model_5_seed_000.pdb,75.31
3486,foldit_recycles/recyc_6/colab/2002290_S122_unrelaxed_rank_002_alphafold2_ptm_model_1_seed_000.pdb,93.4
3487,foldit_recycles/recyc_6/colab/2003048_S697_unrelaxed_rank_002_alphafold2_ptm_model_5_seed_000.pdb,82.07
3488,foldit_recycles/recyc_6/colab/2002922_1013_unrelaxed_rank_003_alphafold2_ptm_model_4_seed_000.pdb,84.03
3489,foldit_recycles/recyc_6/colab/2002089_1029_unrelaxed_rank_001_alphafold2_ptm_model_1_seed_000.pdb,83.47
3490,foldit_recycles/recyc_6/colab/2002745_0001_unrelaxed_rank_002_alphafold2_ptm_model_1_seed_000.pdb,86.28
3491,foldit_recycles/recyc_6/colab/2003265_S714_unrelaxed_rank_002_alphafold2_ptm_model_1_seed_000.pdb,81.23
3492,foldit_recycles/recyc_6/colab/2002766_0004_unrelaxed_rank_005_alphafold2_ptm_model_2_seed_000.pdb,80.03
3493,foldit_recycles/recyc_6/colab/2000518_S468_unrelaxed_rank_004_alphafold2_ptm_model_1_seed_000.pdb,71.03
3494,foldit_recycles/recyc_6/colab/2002990_0006_unrelaxed_rank_005_alphafold2_ptm_model_2_seed_000.pdb,84.13
3495,foldit_recycles/recyc_6/colab/2000518_0003_unrelaxed_rank_003_alphafold2_ptm_model_1_seed_000.pdb,83.24
3496,foldit_recycles/recyc_6/colab/2002243_1016_unrelaxed_rank_004_alphafold2_ptm_model_1_seed_000.pdb,86.32
3497,foldit_recycles/recyc_6/colab/2002613_0004_unrelaxed_rank_004_alphafold2_ptm_model_4_seed_000.pdb,79.27
3498,foldit_recycles/recyc_6/colab/2003455_0009_unrelaxed_rank_001_alphafold2_ptm_model_1_seed_000.pdb,81.67
3499,foldit_recycles/recyc_6/colab/2002949_0000_unrelaxed_rank_002_alphafold2_ptm_model_2_seed_000.pdb,87.66
3500,foldit_recycles/recyc_6/colab/2003455_1023_unrelaxed_rank_001_alphafold2_ptm_model_2_seed_000.pdb,91.2
3501,foldit_recycles/recyc_6/colab/2003414_1018_unrelaxed_rank_005_alphafold2_ptm_model_2_seed_000.pdb,83.68
3502,foldit_recycles/recyc_6/colab/2003594_S028_unrelaxed_rank_005_alphafold2_ptm_model_5_seed_000.pdb,77.09
3503,foldit_recycles/recyc_6/colab/2002553_s003_unrelaxed_rank_005_alphafold2_ptm_model_3_seed_000.pdb,80.5
3504,foldit_recycles/recyc_6/colab/2002613_0004_unrelaxed_rank_001_alphafold2_ptm_model_3_seed_000.pdb,81.1
3505,foldit_recycles/recyc_6/colab/2003485_1036_unrelaxed_rank_005_alphafold2_ptm_model_2_seed_000.pdb,78.76
3506,foldit_recycles/recyc_6/colab/2002308_S695_unrelaxed_rank_002_alphafold2_ptm_model_4_seed_000.pdb,61.39
3507,foldit_recycles/recyc_6/colab/2002553_0000_unrelaxed_rank_003_alphafold2_ptm_model_4_seed_000.pdb,80.74
3508,foldit_recycles/recyc_6/colab/2002334_0005_unrelaxed_rank_003_alphafold2_ptm_model_4_seed_000.pdb,80.82
3509,foldit_recycles/recyc_6/colab/2003333_0006_unrelaxed_rank_001_alphafold2_ptm_model_2_seed_000.pdb,94.73
3510,foldit_recycles/recyc_6/colab/2003333_1006_unrelaxed_rank_004_alphafold2_ptm_model_5_seed_000.pdb,71.35
3511,foldit_recycles/recyc_6/colab/2003285_s000_unrelaxed_rank_003_alphafold2_ptm_model_2_seed_000.pdb,91.51
3512,foldit_recycles/recyc_6/colab/2002713_0000_unrelaxed_rank_001_alphafold2_ptm_model_5_seed_000.pdb,87.41
3513,foldit_recycles/recyc_6/colab/2003382_1021_unrelaxed_rank_005_alphafold2_ptm_model_5_seed_000.pdb,70.07
3514,foldit_recycles/recyc_6/colab/2003333_0000_unrelaxed_rank_002_alphafold2_ptm_model_2_seed_000.pdb,89.49
3515,foldit_recycles/recyc_6/colab/2003360_s002_unrelaxed_rank_002_alphafold2_ptm_model_1_seed_000.pdb,88.22
3516,foldit_recycles/recyc_6/colab/2003265_S115_unrelaxed_rank_002_alphafold2_ptm_model_5_seed_000.pdb,90.08
3517,foldit_recycles/recyc_6/colab/2002990_s006_unrelaxed_rank_005_alphafold2_ptm_model_5_seed_000.pdb,74.13
3518,foldit_recycles/recyc_6/colab/2002544_0000_unrelaxed_rank_002_alphafold2_ptm_model_3_seed_000.pdb,87.6
3519,foldit_recycles/recyc_6/colab/2003360_0005_unrelaxed_rank_003_alphafold2_ptm_model_2_seed_000.pdb,90.54
3520,foldit_recycles/recyc_6/colab/2003485_1029_unrelaxed_rank_003_alphafold2_ptm_model_5_seed_000.pdb,73.4
3521,foldit_recycles/recyc_6/colab/2003308_0009_unrelaxed_rank_005_alphafold2_ptm_model_2_seed_000.pdb,70.45
3522,foldit_recycles/recyc_6/colab/2003360_0005_unrelaxed_rank_002_alphafold2_ptm_model_3_seed_000.pdb,90.55
3523,foldit_recycles/recyc_6/colab/2003265_S714_unrelaxed_rank_005_alphafold2_ptm_model_4_seed_000.pdb,75.04
3524,foldit_recycles/recyc_6/colab/2003455_S943_unrelaxed_rank_002_alphafold2_ptm_model_3_seed_000.pdb,83.58
3525,foldit_recycles/recyc_6/colab/2003048_1024_unrelaxed_rank_001_alphafold2_ptm_model_4_seed_000.pdb,72.62
3526,foldit_recycles/recyc_6/colab/2002922_1018_unrelaxed_rank_005_alphafold2_ptm_model_5_seed_000.pdb,81.13
3527,foldit_recycles/recyc_6/colab/2003205_s002_unrelaxed_rank_002_alphafold2_ptm_model_2_seed_000.pdb,91.12
3528,foldit_recycles/recyc_6/colab/2002745_0000_unrelaxed_rank_001_alphafold2_ptm_model_5_seed_000.pdb,91.05
3529,foldit_recycles/recyc_6/colab/2002949_0007_unrelaxed_rank_002_alphafold2_ptm_model_1_seed_000.pdb,80.68
3530,foldit_recycles/recyc_6/colab/2000518_S468_unrelaxed_rank_003_alphafold2_ptm_model_3_seed_000.pdb,71.19
3531,foldit_recycles/recyc_6/colab/2003265_S714_unrelaxed_rank_003_alphafold2_ptm_model_2_seed_000.pdb,80.58
3532,foldit_recycles/recyc_6/colab/2002990_s006_unrelaxed_rank_002_alphafold2_ptm_model_1_seed_000.pdb,89.69
3533,foldit_recycles/recyc_6/colab/2003360_s003_unrelaxed_rank_005_alphafold2_ptm_model_4_seed_000.pdb,82.54
3534,foldit_recycles/recyc_6/colab/2003532_0000_unrelaxed_rank_001_alphafold2_ptm_model_1_seed_000.pdb,86.94
3535,foldit_recycles/recyc_6/colab/2003360_s000_unrelaxed_rank_003_alphafold2_ptm_model_5_seed_000.pdb,85.06
3536,foldit_recycles/recyc_6/colab/2003455_S886_unrelaxed_rank_005_alphafold2_ptm_model_4_seed_000.pdb,66.42
3537,foldit_recycles/recyc_6/colab/2002308_0005_unrelaxed_rank_002_alphafold2_ptm_model_1_seed_000.pdb,80.28
3538,foldit_recycles/recyc_6/colab/2003455_0009_unrelaxed_rank_002_alphafold2_ptm_model_2_seed_000.pdb,74.19
3539,foldit_recycles/recyc_6/colab/2003360_s000_unrelaxed_rank_004_alphafold2_ptm_model_3_seed_000.pdb,84.55
3540,foldit_recycles/recyc_6/colab/997523_0003_unrelaxed_rank_002_alphafold2_ptm_model_3_seed_000.pdb,84.76
3541,foldit_recycles/recyc_6/colab/2003382_0004_unrelaxed_rank_001_alphafold2_ptm_model_1_seed_000.pdb,79.9
3542,foldit_recycles/recyc_6/colab/997383_s346_unrelaxed_rank_005_alphafold2_ptm_model_2_seed_000.pdb,74.97
3543,foldit_recycles/recyc_6/colab/2002949_0000_unrelaxed_rank_001_alphafold2_ptm_model_3_seed_000.pdb,88.81
3544,foldit_recycles/recyc_6/colab/2003205_0003_unrelaxed_rank_001_alphafold2_ptm_model_1_seed_000.pdb,90.3
3545,foldit_recycles/recyc_6/colab/997523_1003_unrelaxed_rank_001_alphafold2_ptm_model_1_seed_000.pdb,81.67
3546,foldit_recycles/recyc_6/colab/2003265_s008_unrelaxed_rank_001_alphafold2_ptm_model_5_seed_000.pdb,84.75
3547,foldit_recycles/recyc_6/colab/997523_0008_unrelaxed_rank_004_alphafold2_ptm_model_1_seed_000.pdb,89.23
3548,foldit_recycles/recyc_6/colab/2002766_0003_unrelaxed_rank_003_alphafold2_ptm_model_5_seed_000.pdb,83.64
3549,foldit_recycles/recyc_6/colab/2002766_0001_unrelaxed_rank_001_alphafold2_ptm_model_2_seed_000.pdb,93.86
3550,foldit_recycles/recyc_6/colab/2000665_1003_unrelaxed_rank_001_alphafold2_ptm_model_1_seed_000.pdb,54.4
3551,foldit_recycles/recyc_6/colab/2002745_0008_unrelaxed_rank_002_alphafold2_ptm_model_2_seed_000.pdb,92.02
3552,foldit_recycles/recyc_6/colab/2002766_0000_unrelaxed_rank_001_alphafold2_ptm_model_5_seed_000.pdb,88.82
3553,foldit_recycles/recyc_6/colab/1998925_s008_unrelaxed_rank_002_alphafold2_ptm_model_2_seed_000.pdb,82.68
3554,foldit_recycles/recyc_6/colab/2000518_0000_unrelaxed_rank_001_alphafold2_ptm_model_5_seed_000.pdb,76.63
3555,foldit_recycles/recyc_6/colab/2003532_0000_unrelaxed_rank_002_alphafold2_ptm_model_3_seed_000.pdb,85.86
3556,foldit_recycles/recyc_6/colab/2002243_1016_unrelaxed_rank_001_alphafold2_ptm_model_3_seed_000.pdb,87.4
3557,foldit_recycles/recyc_6/colab/2002243_1016_unrelaxed_rank_002_alphafold2_ptm_model_5_seed_000.pdb,87.12
3558,foldit_recycles/recyc_6/colab/2003382_0004_unrelaxed_rank_004_alphafold2_ptm_model_4_seed_000.pdb,76.24
3559,foldit_recycles/recyc_6/colab/2002766_0003_unrelaxed_rank_005_alphafold2_ptm_model_4_seed_000.pdb,75.17
3560,foldit_recycles/recyc_6/colab/2003169_s008_unrelaxed_rank_001_alphafold2_ptm_model_1_seed_000.pdb,81.96
3561,foldit_recycles/recyc_6/colab/2002922_s004_unrelaxed_rank_002_alphafold2_ptm_model_3_seed_000.pdb,88.45
3562,foldit_recycles/recyc_6/colab/2003048_1050_unrelaxed_rank_001_alphafold2_ptm_model_5_seed_000.pdb,86.25
3563,foldit_recycles/recyc_6/colab/2003382_s005_unrelaxed_rank_004_alphafold2_ptm_model_4_seed_000.pdb,74.53
3564,foldit_recycles/recyc_6/colab/2002766_0003_unrelaxed_rank_002_alphafold2_ptm_model_3_seed_000.pdb,84.11
3565,foldit_recycles/recyc_6/colab/2002486_1048_unrelaxed_rank_003_alphafold2_ptm_model_1_seed_000.pdb,64.95
3566,foldit_recycles/recyc_6/colab/2003169_s008_unrelaxed_rank_005_alphafold2_ptm_model_3_seed_000.pdb,77.57
3567,foldit_recycles/recyc_6/colab/2003333_1013_unrelaxed_rank_002_alphafold2_ptm_model_1_seed_000.pdb,63.4
3568,foldit_recycles/recyc_6/colab/2003308_0004_unrelaxed_rank_001_alphafold2_ptm_model_2_seed_000.pdb,89.58
3569,foldit_recycles/recyc_6/colab/1998925_s008_unrelaxed_rank_004_alphafold2_ptm_model_1_seed_000.pdb,76.52
3570,foldit_recycles/recyc_6/colab/2002376_0000_unrelaxed_rank_004_alphafold2_ptm_model_5_seed_000.pdb,73.28
3571,foldit_recycles/recyc_6/colab/2003360_1013_unrelaxed_rank_003_alphafold2_ptm_model_5_seed_000.pdb,81.55
3572,foldit_recycles/recyc_6/colab/2002486_0006_unrelaxed_rank_005_alphafold2_ptm_model_4_seed_000.pdb,70.2
3573,foldit_recycles/recyc_6/colab/2002590_S567_unrelaxed_rank_005_alphafold2_ptm_model_2_seed_000.pdb,77.55
3574,foldit_recycles/recyc_6/colab/2003205_0003_unrelaxed_rank_002_alphafold2_ptm_model_4_seed_000.pdb,86.54
3575,foldit_recycles/recyc_6/colab/2002590_S567_unrelaxed_rank_002_alphafold2_ptm_model_3_seed_000.pdb,80.52
3576,foldit_recycles/recyc_6/colab/2003205_0000_unrelaxed_rank_005_alphafold2_ptm_model_3_seed_000.pdb,84.54
3577,foldit_recycles/recyc_6/colab/2003245_0004_unrelaxed_rank_003_alphafold2_ptm_model_2_seed_000.pdb,90.53
3578,foldit_recycles/recyc_6/colab/2003285_s000_unrelaxed_rank_001_alphafold2_ptm_model_3_seed_000.pdb,92.66
3579,foldit_recycles/recyc_6/colab/2002308_0005_unrelaxed_rank_001_alphafold2_ptm_model_4_seed_000.pdb,84.82
3580,foldit_recycles/recyc_6/colab/2002486_1048_unrelaxed_rank_005_alphafold2_ptm_model_3_seed_000.pdb,61.64
3581,foldit_recycles/recyc_6/colab/2003333_0006_unrelaxed_rank_005_alphafold2_ptm_model_4_seed_000.pdb,92.57
3582,foldit_recycles/recyc_6/colab/2003245_S383_unrelaxed_rank_003_alphafold2_ptm_model_5_seed_000.pdb,91.51
3583,foldit_recycles/recyc_6/colab/2002766_0004_unrelaxed_rank_003_alphafold2_ptm_model_3_seed_000.pdb,80.82
3584,foldit_recycles/recyc_6/colab/2003532_0000_unrelaxed_rank_003_alphafold2_ptm_model_5_seed_000.pdb,85.49
3585,foldit_recycles/recyc_6/colab/2002486_1012_unrelaxed_rank_004_alphafold2_ptm_model_2_seed_000.pdb,82.89
3586,foldit_recycles/recyc_6/colab/2003485_0000_unrelaxed_rank_003_alphafold2_ptm_model_4_seed_000.pdb,82.02
3587,foldit_recycles/recyc_6/colab/2002745_0004_unrelaxed_rank_001_alphafold2_ptm_model_2_seed_000.pdb,89.86
3588,foldit_recycles/recyc_6/colab/2001044_0000_unrelaxed_rank_004_alphafold2_ptm_model_5_seed_000.pdb,87.55
3589,foldit_recycles/recyc_6/colab/2002243_1016_unrelaxed_rank_005_alphafold2_ptm_model_4_seed_000.pdb,86.21
3590,foldit_recycles/recyc_6/colab/2003333_0005_unrelaxed_rank_002_alphafold2_ptm_model_2_seed_000.pdb,83.59
3591,foldit_recycles/recyc_6/colab/2003485_0002_unrelaxed_rank_003_alphafold2_ptm_model_1_seed_000.pdb,90.65
3592,foldit_recycles/recyc_6/colab/2003594_s008_unrelaxed_rank_005_alphafold2_ptm_model_5_seed_000.pdb,69.47
3593,foldit_recycles/recyc_6/colab/2002787_0005_unrelaxed_rank_003_alphafold2_ptm_model_5_seed_000.pdb,88.74
3594,foldit_recycles/recyc_6/colab/2003455_s008_unrelaxed_rank_004_alphafold2_ptm_model_5_seed_000.pdb,50.35
3595,foldit_recycles/recyc_6/colab/2003205_S506_unrelaxed_rank_001_alphafold2_ptm_model_1_seed_000.pdb,85.48
3596,foldit_recycles/recyc_6/colab/2003169_S953_unrelaxed_rank_001_alphafold2_ptm_model_3_seed_000.pdb,91.05
3597,foldit_recycles/recyc_6/colab/1998925_s005_unrelaxed_rank_002_alphafold2_ptm_model_4_seed_000.pdb,72.7
3598,foldit_recycles/recyc_6/colab/2000518_0000_unrelaxed_rank_002_alphafold2_ptm_model_4_seed_000.pdb,74.76
3599,foldit_recycles/recyc_6/colab/2003169_s001_unrelaxed_rank_005_alphafold2_ptm_model_4_seed_000.pdb,80.56
3600,foldit_recycles/recyc_6/colab/1998925_s005_unrelaxed_rank_005_alphafold2_ptm_model_3_seed_000.pdb,68.57
3601,foldit_recycles/recyc_6/colab/2003245_S385_unrelaxed_rank_005_alphafold2_ptm_model_5_seed_000.pdb,83.89
3602,foldit_recycles/recyc_6/colab/2003485_1029_unrelaxed_rank_001_alphafold2_ptm_model_4_seed_000.pdb,75.93
3603,foldit_recycles/recyc_6/colab/2002713_0004_unrelaxed_rank_003_alphafold2_ptm_model_1_seed_000.pdb,85.44
3604,foldit_recycles/recyc_6/colab/2003455_1023_unrelaxed_rank_005_alphafold2_ptm_model_3_seed_000.pdb,88.15
3605,foldit_recycles/recyc_6/colab/2002590_0001_unrelaxed_rank_001_alphafold2_ptm_model_3_seed_000.pdb,81.27
3606,foldit_recycles/recyc_6/colab/2002990_s006_unrelaxed_rank_003_alphafold2_ptm_model_4_seed_000.pdb,85.4
3607,foldit_recycles/recyc_6/colab/1998469_0000_unrelaxed_rank_004_alphafold2_ptm_model_2_seed_000.pdb,78.95
3608,foldit_recycles/recyc_6/colab/2003245_S385_unrelaxed_rank_004_alphafold2_ptm_model_2_seed_000.pdb,85.06
3609,foldit_recycles/recyc_6/colab/2003360_s002_unrelaxed_rank_005_alphafold2_ptm_model_3_seed_000.pdb,83.2
3610,foldit_recycles/recyc_6/colab/997258_0004_unrelaxed_rank_003_alphafold2_ptm_model_3_seed_000.pdb,85.83
3611,foldit_recycles/recyc_6/colab/997258_0001_unrelaxed_rank_005_alphafold2_ptm_model_2_seed_000.pdb,76.44
3612,foldit_recycles/recyc_6/colab/2000240_0002_unrelaxed_rank_001_alphafold2_ptm_model_2_seed_000.pdb,84.42
3613,foldit_recycles/recyc_6/colab/2002949_0007_unrelaxed_rank_003_alphafold2_ptm_model_3_seed_000.pdb,80.47
3614,foldit_recycles/recyc_6/colab/2003485_S412_unrelaxed_rank_005_alphafold2_ptm_model_1_seed_000.pdb,77.42
3615,foldit_recycles/recyc_6/colab/2003485_1029_unrelaxed_rank_004_alphafold2_ptm_model_1_seed_000.pdb,71.74
3616,foldit_recycles/recyc_6/colab/2002745_0003_unrelaxed_rank_003_alphafold2_ptm_model_2_seed_000.pdb,88.42
3617,foldit_recycles/recyc_6/colab/997523_1003_unrelaxed_rank_002_alphafold2_ptm_model_5_seed_000.pdb,78.01
3618,foldit_recycles/recyc_6/colab/2002713_1006_unrelaxed_rank_001_alphafold2_ptm_model_2_seed_000.pdb,91.53
3619,foldit_recycles/recyc_6/colab/2002787_0005_unrelaxed_rank_001_alphafold2_ptm_model_2_seed_000.pdb,90.79
3620,foldit_recycles/recyc_6/colab/2002290_S122_unrelaxed_rank_004_alphafold2_ptm_model_3_seed_000.pdb,87.83
3621,foldit_recycles/recyc_6/colab/997791_1027_unrelaxed_rank_002_alphafold2_ptm_model_5_seed_000.pdb,90.31
3622,foldit_recycles/recyc_6/colab/2003205_s002_unrelaxed_rank_003_alphafold2_ptm_model_5_seed_000.pdb,88.9
3623,foldit_recycles/recyc_6/colab/2003455_0002_unrelaxed_rank_002_alphafold2_ptm_model_3_seed_000.pdb,75.38
3624,foldit_recycles/recyc_6/colab/2002990_1031_unrelaxed_rank_002_alphafold2_ptm_model_3_seed_000.pdb,82.23
3625,foldit_recycles/recyc_6/colab/2003205_S722_unrelaxed_rank_001_alphafold2_ptm_model_4_seed_000.pdb,77.57
3626,foldit_recycles/recyc_6/colab/2003485_0000_unrelaxed_rank_002_alphafold2_ptm_model_5_seed_000.pdb,82.3
3627,foldit_recycles/recyc_6/colab/2003048_S697_unrelaxed_rank_004_alphafold2_ptm_model_4_seed_000.pdb,81.42
3628,foldit_recycles/recyc_6/colab/2003205_0006_unrelaxed_rank_003_alphafold2_ptm_model_3_seed_000.pdb,69.64
3629,foldit_recycles/recyc_6/colab/2002590_0001_unrelaxed_rank_002_alphafold2_ptm_model_1_seed_000.pdb,79.98
3630,foldit_recycles/recyc_6/colab/2002089_1029_unrelaxed_rank_002_alphafold2_ptm_model_5_seed_000.pdb,79.11
3631,foldit_recycles/recyc_6/colab/2003485_1017_unrelaxed_rank_002_alphafold2_ptm_model_5_seed_000.pdb,72.91
3632,foldit_recycles/recyc_6/colab/2003048_0003_unrelaxed_rank_003_alphafold2_ptm_model_1_seed_000.pdb,84.94
3633,foldit_recycles/recyc_6/colab/2003265_s005_unrelaxed_rank_004_alphafold2_ptm_model_5_seed_000.pdb,88.06
3634,foldit_recycles/recyc_6/colab/1998925_s008_unrelaxed_rank_001_alphafold2_ptm_model_4_seed_000.pdb,84.39
3635,foldit_recycles/recyc_6/colab/2002990_0006_unrelaxed_rank_003_alphafold2_ptm_model_1_seed_000.pdb,86.33
3636,foldit_recycles/recyc_6/colab/2003169_S953_unrelaxed_rank_003_alphafold2_ptm_model_1_seed_000.pdb,89.65
3637,foldit_recycles/recyc_6/colab/1998555_1041_unrelaxed_rank_001_alphafold2_ptm_model_5_seed_000.pdb,75.22
3638,foldit_recycles/recyc_6/colab/2003048_0005_unrelaxed_rank_004_alphafold2_ptm_model_4_seed_000.pdb,76.6
3639,foldit_recycles/recyc_6/colab/2002713_1006_unrelaxed_rank_003_alphafold2_ptm_model_1_seed_000.pdb,90.74
3640,foldit_recycles/recyc_6/colab/2003455_0001_unrelaxed_rank_004_alphafold2_ptm_model_5_seed_000.pdb,84.19
3641,foldit_recycles/recyc_6/colab/2003333_s003_unrelaxed_rank_004_alphafold2_ptm_model_2_seed_000.pdb,83.29
3642,foldit_recycles/recyc_6/colab/997258_0004_unrelaxed_rank_005_alphafold2_ptm_model_2_seed_000.pdb,83.21
3643,foldit_recycles/recyc_6/colab/2002922_s004_unrelaxed_rank_004_alphafold2_ptm_model_1_seed_000.pdb,87.64
3644,foldit_recycles/recyc_6/colab/2003382_1021_unrelaxed_rank_001_alphafold2_ptm_model_2_seed_000.pdb,83.96
3645,foldit_recycles/recyc_6/colab/2002922_1013_unrelaxed_rank_001_alphafold2_ptm_model_3_seed_000.pdb,85.69
3646,foldit_recycles/recyc_6/colab/2003594_S603_unrelaxed_rank_003_alphafold2_ptm_model_2_seed_000.pdb,71.45
3647,foldit_recycles/recyc_6/colab/2003245_S385_unrelaxed_rank_003_alphafold2_ptm_model_3_seed_000.pdb,85.23
3648,foldit_recycles/recyc_6/colab/2003382_1021_unrelaxed_rank_004_alphafold2_ptm_model_3_seed_000.pdb,82.59
3649,foldit_recycles/recyc_6/colab/2002553_0000_unrelaxed_rank_002_alphafold2_ptm_model_2_seed_000.pdb,83.0
3650,foldit_recycles/recyc_6/colab/2002308_S695_unrelaxed_rank_003_alphafold2_ptm_model_5_seed_000.pdb,59.42
3651,foldit_recycles/recyc_6/colab/2003265_1034_unrelaxed_rank_005_alphafold2_ptm_model_1_seed_000.pdb,89.81
3652,foldit_recycles/recyc_6/colab/2002486_1048_unrelaxed_rank_002_alphafold2_ptm_model_4_seed_000.pdb,66.15
3653,foldit_recycles/recyc_6/colab/2003265_S115_unrelaxed_rank_001_alphafold2_ptm_model_3_seed_000.pdb,90.23
3654,foldit_recycles/recyc_6/colab/2003205_0008_unrelaxed_rank_004_alphafold2_ptm_model_5_seed_000.pdb,79.67
3655,foldit_recycles/recyc_6/colab/2003532_1020_unrelaxed_rank_003_alphafold2_ptm_model_3_seed_000.pdb,83.87
3656,foldit_recycles/recyc_6/colab/2002922_s004_unrelaxed_rank_001_alphafold2_ptm_model_5_seed_000.pdb,88.58
3657,foldit_recycles/recyc_6/colab/2003532_0000_unrelaxed_rank_005_alphafold2_ptm_model_2_seed_000.pdb,84.44
3658,foldit_recycles/recyc_6/colab/2003594_s008_unrelaxed_rank_003_alphafold2_ptm_model_2_seed_000.pdb,75.77
3659,foldit_recycles/recyc_6/colab/2003048_0005_unrelaxed_rank_003_alphafold2_ptm_model_1_seed_000.pdb,76.91
3660,foldit_recycles/recyc_6/colab/2000240_0002_unrelaxed_rank_003_alphafold2_ptm_model_5_seed_000.pdb,83.24
3661,foldit_recycles/recyc_6/colab/2003485_0002_unrelaxed_rank_002_alphafold2_ptm_model_3_seed_000.pdb,91.33
3662,foldit_recycles/recyc_6/colab/2003205_0006_unrelaxed_rank_005_alphafold2_ptm_model_4_seed_000.pdb,68.2
3663,foldit_recycles/recyc_6/colab/2003382_0009_unrelaxed_rank_005_alphafold2_ptm_model_3_seed_000.pdb,52.81
3664,foldit_recycles/recyc_6/colab/2000240_0002_unrelaxed_rank_005_alphafold2_ptm_model_1_seed_000.pdb,82.57
3665,foldit_recycles/recyc_6/colab/2003333_0006_unrelaxed_rank_004_alphafold2_ptm_model_1_seed_000.pdb,92.9
3666,foldit_recycles/recyc_6/colab/2003485_1029_unrelaxed_rank_005_alphafold2_ptm_model_2_seed_000.pdb,67.44
3667,foldit_recycles/recyc_6/colab/1998555_1041_unrelaxed_rank_004_alphafold2_ptm_model_4_seed_000.pdb,73.4
3668,foldit_recycles/recyc_6/colab/997258_0001_unrelaxed_rank_001_alphafold2_ptm_model_3_seed_000.pdb,89.12
3669,foldit_recycles/recyc_6/colab/2002745_0001_unrelaxed_rank_004_alphafold2_ptm_model_4_seed_000.pdb,83.52
3670,foldit_recycles/recyc_6/colab/997523_0003_unrelaxed_rank_001_alphafold2_ptm_model_2_seed_000.pdb,89.0
3671,foldit_recycles/recyc_6/colab/2003265_s003_unrelaxed_rank_005_alphafold2_ptm_model_5_seed_000.pdb,82.55
3672,foldit_recycles/recyc_6/colab/2002877_s005_unrelaxed_rank_001_alphafold2_ptm_model_1_seed_000.pdb,79.48
3673,foldit_recycles/recyc_6/colab/2003333_s001_unrelaxed_rank_002_alphafold2_ptm_model_3_seed_000.pdb,81.01
3674,foldit_recycles/recyc_6/colab/1998925_s008_unrelaxed_rank_005_alphafold2_ptm_model_3_seed_000.pdb,76.39
3675,foldit_recycles/recyc_6/colab/2002922_1013_unrelaxed_rank_002_alphafold2_ptm_model_1_seed_000.pdb,84.12
3676,foldit_recycles/recyc_6/colab/2003205_0002_unrelaxed_rank_005_alphafold2_ptm_model_1_seed_000.pdb,90.11
3677,foldit_recycles/recyc_6/colab/2002376_0003_unrelaxed_rank_005_alphafold2_ptm_model_5_seed_000.pdb,69.13
3678,foldit_recycles/recyc_6/colab/2003205_0003_unrelaxed_rank_004_alphafold2_ptm_model_3_seed_000.pdb,83.96
3679,foldit_recycles/recyc_6/colab/2002766_0003_unrelaxed_rank_004_alphafold2_ptm_model_1_seed_000.pdb,75.6
3680,foldit_recycles/recyc_6/colab/2003245_S383_unrelaxed_rank_001_alphafold2_ptm_model_3_seed_000.pdb,92.82
3681,foldit_recycles/recyc_6/colab/2003594_S028_unrelaxed_rank_002_alphafold2_ptm_model_3_seed_000.pdb,91.72
3682,foldit_recycles/recyc_6/colab/2002590_0001_unrelaxed_rank_005_alphafold2_ptm_model_2_seed_000.pdb,77.38
3683,foldit_recycles/recyc_6/colab/2002766_0000_unrelaxed_rank_003_alphafold2_ptm_model_2_seed_000.pdb,88.29
3684,foldit_recycles/recyc_6/colab/2002469_0001_unrelaxed_rank_005_alphafold2_ptm_model_1_seed_000.pdb,77.01
3685,foldit_recycles/recyc_6/colab/997523_0006_unrelaxed_rank_003_alphafold2_ptm_model_1_seed_000.pdb,84.61
3686,foldit_recycles/recyc_6/colab/2003360_0005_unrelaxed_rank_004_alphafold2_ptm_model_1_seed_000.pdb,90.4
3687,foldit_recycles/recyc_6/colab/2002766_0003_unrelaxed_rank_001_alphafold2_ptm_model_2_seed_000.pdb,84.52
3688,foldit_recycles/recyc_6/colab/2003360_s004_unrelaxed_rank_003_alphafold2_ptm_model_5_seed_000.pdb,89.18
3689,foldit_recycles/recyc_6/colab/2002766_0004_unrelaxed_rank_002_alphafold2_ptm_model_1_seed_000.pdb,81.51
3690,foldit_recycles/recyc_6/colab/2003485_0000_unrelaxed_rank_004_alphafold2_ptm_model_3_seed_000.pdb,81.77
3691,foldit_recycles/recyc_6/colab/2003455_1023_unrelaxed_rank_004_alphafold2_ptm_model_5_seed_000.pdb,88.21
3692,foldit_recycles/recyc_6/colab/2003333_0000_unrelaxed_rank_004_alphafold2_ptm_model_4_seed_000.pdb,88.24
3693,foldit_recycles/recyc_6/colab/2003169_s001_unrelaxed_rank_001_alphafold2_ptm_model_3_seed_000.pdb,84.93
3694,foldit_recycles/recyc_6/colab/2003285_s008_unrelaxed_rank_003_alphafold2_ptm_model_1_seed_000.pdb,89.03
3695,foldit_recycles/recyc_6/colab/2000518_0003_unrelaxed_rank_005_alphafold2_ptm_model_2_seed_000.pdb,78.67
3696,foldit_recycles/recyc_6/colab/2003265_s005_unrelaxed_rank_005_alphafold2_ptm_model_4_seed_000.pdb,87.34
3697,foldit_recycles/recyc_6/colab/2003532_1022_unrelaxed_rank_004_alphafold2_ptm_model_4_seed_000.pdb,74.19
3698,foldit_recycles/recyc_6/colab/2002877_s005_unrelaxed_rank_003_alphafold2_ptm_model_2_seed_000.pdb,75.58
3699,foldit_recycles/recyc_6/colab/2002713_0004_unrelaxed_rank_001_alphafold2_ptm_model_5_seed_000.pdb,86.15
3700,foldit_recycles/recyc_6/colab/2002766_0001_unrelaxed_rank_003_alphafold2_ptm_model_5_seed_000.pdb,92.34
3701,foldit_recycles/recyc_6/colab/2003360_s004_unrelaxed_rank_004_alphafold2_ptm_model_1_seed_000.pdb,89.06
3702,foldit_recycles/recyc_6/colab/2003333_s001_unrelaxed_rank_005_alphafold2_ptm_model_4_seed_000.pdb,71.36
3703,foldit_recycles/recyc_6/colab/2003308_0009_unrelaxed_rank_004_alphafold2_ptm_model_1_seed_000.pdb,74.79
3704,foldit_recycles/recyc_6/colab/1998925_s005_unrelaxed_rank_004_alphafold2_ptm_model_2_seed_000.pdb,70.22
3705,foldit_recycles/recyc_6/colab/2003455_0001_unrelaxed_rank_001_alphafold2_ptm_model_3_seed_000.pdb,86.3
3706,foldit_recycles/recyc_6/colab/2003485_S412_unrelaxed_rank_003_alphafold2_ptm_model_5_seed_000.pdb,79.35
3707,foldit_recycles/recyc_6/colab/2003308_0004_unrelaxed_rank_002_alphafold2_ptm_model_4_seed_000.pdb,87.13
3708,foldit_recycles/recyc_6/colab/2003414_1018_unrelaxed_rank_003_alphafold2_ptm_model_5_seed_000.pdb,85.09
3709,foldit_recycles/recyc_6/colab/2002553_s003_unrelaxed_rank_002_alphafold2_ptm_model_2_seed_000.pdb,84.36
3710,foldit_recycles/recyc_6/colab/2003455_0002_unrelaxed_rank_001_alphafold2_ptm_model_2_seed_000.pdb,79.57
3711,foldit_recycles/recyc_6/colab/2002613_0004_unrelaxed_rank_003_alphafold2_ptm_model_5_seed_000.pdb,79.93
3712,foldit_recycles/recyc_6/colab/2003285_s008_unrelaxed_rank_005_alphafold2_ptm_model_4_seed_000.pdb,87.41
3713,foldit_recycles/recyc_6/colab/2003048_s009_unrelaxed_rank_005_alphafold2_ptm_model_5_seed_000.pdb,77.8
3714,foldit_recycles/recyc_6/colab/2003169_s008_unrelaxed_rank_002_alphafold2_ptm_model_4_seed_000.pdb,78.9
3715,foldit_recycles/recyc_6/colab/997791_1027_unrelaxed_rank_001_alphafold2_ptm_model_3_seed_000.pdb,90.55
3716,foldit_recycles/recyc_6/colab/2003048_s009_unrelaxed_rank_001_alphafold2_ptm_model_1_seed_000.pdb,85.41
3717,foldit_recycles/recyc_6/colab/2002745_0000_unrelaxed_rank_005_alphafold2_ptm_model_1_seed_000.pdb,86.18
3718,foldit_recycles/recyc_6/colab/2003382_s008_unrelaxed_rank_002_alphafold2_ptm_model_4_seed_000.pdb,82.71
3719,foldit_recycles/recyc_6/colab/2003205_S506_unrelaxed_rank_004_alphafold2_ptm_model_4_seed_000.pdb,82.24
3720,foldit_recycles/recyc_6/colab/2002308_0005_unrelaxed_rank_004_alphafold2_ptm_model_3_seed_000.pdb,71.36
3721,foldit_recycles/recyc_6/colab/2003265_0007_unrelaxed_rank_001_alphafold2_ptm_model_5_seed_000.pdb,90.99
3722,foldit_recycles/recyc_6/colab/2003485_1036_unrelaxed_rank_001_alphafold2_ptm_model_3_seed_000.pdb,80.73
3723,foldit_recycles/recyc_6/colab/997383_s346_unrelaxed_rank_002_alphafold2_ptm_model_5_seed_000.pdb,78.23
3724,foldit_recycles/recyc_6/colab/2003308_0009_unrelaxed_rank_003_alphafold2_ptm_model_5_seed_000.pdb,74.8
3725,foldit_recycles/recyc_6/colab/997523_1040_unrelaxed_rank_004_alphafold2_ptm_model_1_seed_000.pdb,90.71
3726,foldit_recycles/recyc_6/colab/2003285_s005_unrelaxed_rank_003_alphafold2_ptm_model_5_seed_000.pdb,84.55
3727,foldit_recycles/recyc_6/colab/997523_1003_unrelaxed_rank_003_alphafold2_ptm_model_3_seed_000.pdb,74.87
3728,foldit_recycles/recyc_6/colab/2002544_0000_unrelaxed_rank_005_alphafold2_ptm_model_4_seed_000.pdb,84.32
3729,foldit_recycles/recyc_6/colab/2003265_S115_unrelaxed_rank_004_alphafold2_ptm_model_1_seed_000.pdb,89.4
3730,foldit_recycles/recyc_6/colab/2003245_0004_unrelaxed_rank_002_alphafold2_ptm_model_3_seed_000.pdb,90.55
3731,foldit_recycles/recyc_6/colab/2003205_0002_unrelaxed_rank_004_alphafold2_ptm_model_3_seed_000.pdb,90.25
3732,foldit_recycles/recyc_6/colab/1998469_0000_unrelaxed_rank_005_alphafold2_ptm_model_1_seed_000.pdb,78.84
3733,foldit_recycles/recyc_6/colab/2003455_0001_unrelaxed_rank_002_alphafold2_ptm_model_1_seed_000.pdb,85.38
3734,foldit_recycles/recyc_6/colab/2003245_S383_unrelaxed_rank_004_alphafold2_ptm_model_1_seed_000.pdb,91.05
3735,foldit_recycles/recyc_6/colab/2002713_0000_unrelaxed_rank_002_alphafold2_ptm_model_3_seed_000.pdb,83.07
3736,foldit_recycles/recyc_6/colab/2003382_0002_unrelaxed_rank_002_alphafold2_ptm_model_3_seed_000.pdb,82.75
3737,foldit_recycles/recyc_6/colab/2002544_0000_unrelaxed_rank_003_alphafold2_ptm_model_1_seed_000.pdb,87.06
3738,foldit_recycles/recyc_6/colab/2003333_1006_unrelaxed_rank_002_alphafold2_ptm_model_1_seed_000.pdb,85.09
3739,foldit_recycles/recyc_6/colab/997791_1027_unrelaxed_rank_004_alphafold2_ptm_model_2_seed_000.pdb,88.65
3740,foldit_recycles/recyc_6/colab/2002766_0002_unrelaxed_rank_005_alphafold2_ptm_model_4_seed_000.pdb,86.52
3741,foldit_recycles/recyc_6/colab/2000240_0002_unrelaxed_rank_002_alphafold2_ptm_model_3_seed_000.pdb,83.6
3742,foldit_recycles/recyc_6/colab/2003455_0009_unrelaxed_rank_003_alphafold2_ptm_model_3_seed_000.pdb,74.05
3743,foldit_recycles/recyc_6/colab/2002745_0003_unrelaxed_rank_005_alphafold2_ptm_model_1_seed_000.pdb,87.88
3744,foldit_recycles/recyc_6/colab/2002469_0001_unrelaxed_rank_001_alphafold2_ptm_model_2_seed_000.pdb,88.3
3745,foldit_recycles/recyc_6/colab/2003265_S714_unrelaxed_rank_004_alphafold2_ptm_model_5_seed_000.pdb,76.96
3746,foldit_recycles/recyc_6/colab/1998555_1041_unrelaxed_rank_005_alphafold2_ptm_model_2_seed_000.pdb,68.76
3747,foldit_recycles/recyc_6/colab/2003485_0002_unrelaxed_rank_005_alphafold2_ptm_model_4_seed_000.pdb,87.83
3748,foldit_recycles/recyc_6/colab/2003265_s008_unrelaxed_rank_003_alphafold2_ptm_model_4_seed_000.pdb,84.27
3749,foldit_recycles/recyc_6/colab/2003382_s008_unrelaxed_rank_001_alphafold2_ptm_model_1_seed_000.pdb,82.95
3750,foldit_recycles/recyc_6/colab/2003333_0006_unrelaxed_rank_002_alphafold2_ptm_model_5_seed_000.pdb,93.55
3751,foldit_recycles/recyc_6/colab/2002565_0002_unrelaxed_rank_002_alphafold2_ptm_model_5_seed_000.pdb,85.4
3752,foldit_recycles/recyc_6/colab/2003205_1035_unrelaxed_rank_003_alphafold2_ptm_model_1_seed_000.pdb,74.17
3753,foldit_recycles/recyc_6/colab/2003455_S886_unrelaxed_rank_004_alphafold2_ptm_model_5_seed_000.pdb,79.54
3754,foldit_recycles/recyc_6/colab/2002990_1039_unrelaxed_rank_002_alphafold2_ptm_model_5_seed_000.pdb,86.57
3755,foldit_recycles/recyc_6/colab/2002308_0005_unrelaxed_rank_005_alphafold2_ptm_model_5_seed_000.pdb,70.1
3756,foldit_recycles/recyc_6/colab/2002565_0002_unrelaxed_rank_004_alphafold2_ptm_model_1_seed_000.pdb,83.9
3757,foldit_recycles/recyc_6/colab/997523_1003_unrelaxed_rank_005_alphafold2_ptm_model_4_seed_000.pdb,71.23
3758,foldit_recycles/recyc_6/colab/2002990_1031_unrelaxed_rank_001_alphafold2_ptm_model_1_seed_000.pdb,83.61
3759,foldit_recycles/recyc_6/colab/997915_0000_unrelaxed_rank_002_alphafold2_ptm_model_1_seed_000.pdb,86.23
3760,foldit_recycles/recyc_6/colab/2002766_0000_unrelaxed_rank_002_alphafold2_ptm_model_1_seed_000.pdb,88.76
3761,foldit_recycles/recyc_6/colab/2002376_0000_unrelaxed_rank_002_alphafold2_ptm_model_1_seed_000.pdb,77.18
3762,foldit_recycles/recyc_6/colab/2002745_0004_unrelaxed_rank_004_alphafold2_ptm_model_1_seed_000.pdb,88.37
3763,foldit_recycles/recyc_6/colab/1998520_0002_unrelaxed_rank_002_alphafold2_ptm_model_2_seed_000.pdb,74.86
3764,foldit_recycles/recyc_6/colab/2003360_s002_unrelaxed_rank_003_alphafold2_ptm_model_5_seed_000.pdb,84.94
3765,foldit_recycles/recyc_6/colab/2002745_0008_unrelaxed_rank_001_alphafold2_ptm_model_3_seed_000.pdb,92.24
3766,foldit_recycles/recyc_6/colab/2003333_0005_unrelaxed_rank_003_alphafold2_ptm_model_1_seed_000.pdb,83.45
3767,foldit_recycles/recyc_6/colab/2002334_0005_unrelaxed_rank_001_alphafold2_ptm_model_1_seed_000.pdb,91.08
3768,foldit_recycles/recyc_6/colab/2003285_0000_unrelaxed_rank_004_alphafold2_ptm_model_5_seed_000.pdb,91.59
3769,foldit_recycles/recyc_6/colab/2003594_S603_unrelaxed_rank_001_alphafold2_ptm_model_1_seed_000.pdb,89.19
3770,foldit_recycles/recyc_6/colab/2003265_0007_unrelaxed_rank_002_alphafold2_ptm_model_2_seed_000.pdb,90.8
3771,foldit_recycles/recyc_6/colab/2002766_0004_unrelaxed_rank_004_alphafold2_ptm_model_4_seed_000.pdb,80.18
3772,foldit_recycles/recyc_6/colab/2002089_0001_unrelaxed_rank_005_alphafold2_ptm_model_3_seed_000.pdb,59.92
3773,foldit_recycles/recyc_6/colab/2002766_0001_unrelaxed_rank_004_alphafold2_ptm_model_1_seed_000.pdb,91.33
3774,foldit_recycles/recyc_6/colab/2002308_0000_unrelaxed_rank_005_alphafold2_ptm_model_5_seed_000.pdb,68.62
3775,foldit_recycles/recyc_6/colab/1998469_0000_unrelaxed_rank_002_alphafold2_ptm_model_5_seed_000.pdb,81.24
3776,foldit_recycles/recyc_6/colab/2001044_0000_unrelaxed_rank_005_alphafold2_ptm_model_4_seed_000.pdb,86.92
3777,foldit_recycles/recyc_6/colab/2003048_S697_unrelaxed_rank_005_alphafold2_ptm_model_2_seed_000.pdb,80.51
3778,foldit_recycles/recyc_6/colab/1998925_s005_unrelaxed_rank_003_alphafold2_ptm_model_1_seed_000.pdb,72.69
3779,foldit_recycles/recyc_6/colab/2003485_S412_unrelaxed_rank_001_alphafold2_ptm_model_4_seed_000.pdb,81.74
3780,foldit_recycles/recyc_6/colab/2002745_0000_unrelaxed_rank_003_alphafold2_ptm_model_3_seed_000.pdb,88.63
3781,foldit_recycles/recyc_6/colab/2003265_s003_unrelaxed_rank_001_alphafold2_ptm_model_1_seed_000.pdb,86.73
3782,foldit_recycles/recyc_6/colab/2000665_1003_unrelaxed_rank_002_alphafold2_ptm_model_5_seed_000.pdb,54.39
3783,foldit_recycles/recyc_6/colab/997523_0000_unrelaxed_rank_003_alphafold2_ptm_model_5_seed_000.pdb,79.54
3784,foldit_recycles/recyc_6/colab/2000485_1070_unrelaxed_rank_002_alphafold2_ptm_model_1_seed_000.pdb,46.14
3785,foldit_recycles/recyc_6/colab/997258_0004_unrelaxed_rank_004_alphafold2_ptm_model_5_seed_000.pdb,84.57
3786,foldit_recycles/recyc_6/colab/2002990_0006_unrelaxed_rank_001_alphafold2_ptm_model_3_seed_000.pdb,88.02
3787,foldit_recycles/recyc_6/colab/2003382_0002_unrelaxed_rank_004_alphafold2_ptm_model_4_seed_000.pdb,79.6
3788,foldit_recycles/recyc_6/colab/2002787_0005_unrelaxed_rank_004_alphafold2_ptm_model_3_seed_000.pdb,86.04
3789,foldit_recycles/recyc_6/colab/2003455_S886_unrelaxed_rank_003_alphafold2_ptm_model_1_seed_000.pdb,79.66
3790,foldit_recycles/recyc_6/colab/2003205_S722_unrelaxed_rank_002_alphafold2_ptm_model_3_seed_000.pdb,76.45
3791,foldit_recycles/recyc_6/colab/2003333_0005_unrelaxed_rank_005_alphafold2_ptm_model_3_seed_000.pdb,78.28
3792,foldit_recycles/recyc_6/colab/2002308_S695_unrelaxed_rank_004_alphafold2_ptm_model_2_seed_000.pdb,58.6
3793,foldit_recycles/recyc_6/colab/2003485_0000_unrelaxed_rank_001_alphafold2_ptm_model_1_seed_000.pdb,84.25
3794,foldit_recycles/recyc_6/colab/2003382_s005_unrelaxed_rank_005_alphafold2_ptm_model_2_seed_000.pdb,72.5
3795,foldit_recycles/recyc_6/colab/2000485_1070_unrelaxed_rank_005_alphafold2_ptm_model_4_seed_000.pdb,41.1
3796,foldit_recycles/recyc_6/colab/2002922_1018_unrelaxed_rank_004_alphafold2_ptm_model_4_seed_000.pdb,81.39
3797,foldit_recycles/recyc_6/colab/997383_s346_unrelaxed_rank_004_alphafold2_ptm_model_3_seed_000.pdb,76.19
3798,foldit_recycles/recyc_6/colab/1998520_0002_unrelaxed_rank_003_alphafold2_ptm_model_1_seed_000.pdb,61.4
3799,foldit_recycles/recyc_6/colab/2002949_0000_unrelaxed_rank_004_alphafold2_ptm_model_5_seed_000.pdb,86.18
3800,foldit_recycles/recyc_6/colab/2002308_S695_unrelaxed_rank_001_alphafold2_ptm_model_1_seed_000.pdb,64.35
3801,foldit_recycles/recyc_6/colab/2003205_0006_unrelaxed_rank_002_alphafold2_ptm_model_1_seed_000.pdb,72.56
3802,foldit_recycles/recyc_6/colab/2002745_0004_unrelaxed_rank_005_alphafold2_ptm_model_4_seed_000.pdb,87.06
3803,foldit_recycles/recyc_6/colab/2003285_s000_unrelaxed_rank_002_alphafold2_ptm_model_5_seed_000.pdb,91.57
3804,foldit_recycles/recyc_6/colab/2003169_s001_unrelaxed_rank_002_alphafold2_ptm_model_2_seed_000.pdb,83.23
3805,foldit_recycles/recyc_6/colab/2003265_s005_unrelaxed_rank_001_alphafold2_ptm_model_1_seed_000.pdb,88.8
3806,foldit_recycles/recyc_6/colab/2003455_1023_unrelaxed_rank_002_alphafold2_ptm_model_1_seed_000.pdb,89.88
3807,foldit_recycles/recyc_6/colab/2002713_1006_unrelaxed_rank_002_alphafold2_ptm_model_3_seed_000.pdb,91.08
3808,foldit_recycles/recyc_6/colab/2002243_1016_unrelaxed_rank_003_alphafold2_ptm_model_2_seed_000.pdb,86.44
3809,foldit_recycles/recyc_6/colab/2003333_s001_unrelaxed_rank_004_alphafold2_ptm_model_5_seed_000.pdb,73.96
3810,foldit_recycles/recyc_6/colab/997523_0008_unrelaxed_rank_002_alphafold2_ptm_model_3_seed_000.pdb,90.72
3811,foldit_recycles/recyc_6/colab/2002745_0008_unrelaxed_rank_005_alphafold2_ptm_model_5_seed_000.pdb,87.89
3812,foldit_recycles/recyc_6/colab/2002376_0003_unrelaxed_rank_002_alphafold2_ptm_model_1_seed_000.pdb,75.91
3813,foldit_recycles/recyc_6/colab/2002949_0007_unrelaxed_rank_004_alphafold2_ptm_model_4_seed_000.pdb,77.64
3814,foldit_recycles/recyc_6/colab/2002553_0000_unrelaxed_rank_004_alphafold2_ptm_model_1_seed_000.pdb,74.58
3815,foldit_recycles/recyc_6/colab/997383_s346_unrelaxed_rank_003_alphafold2_ptm_model_4_seed_000.pdb,77.49
3816,foldit_recycles/recyc_6/colab/2002990_1039_unrelaxed_rank_005_alphafold2_ptm_model_2_seed_000.pdb,82.52
3817,foldit_recycles/recyc_6/colab/2003360_1013_unrelaxed_rank_001_alphafold2_ptm_model_2_seed_000.pdb,85.88
3818,foldit_recycles/recyc_6/colab/2003360_s002_unrelaxed_rank_001_alphafold2_ptm_model_2_seed_000.pdb,89.36
3819,foldit_recycles/recyc_6/colab/2003594_s008_unrelaxed_rank_002_alphafold2_ptm_model_3_seed_000.pdb,75.88
3820,foldit_recycles/recyc_6/colab/2003333_s003_unrelaxed_rank_001_alphafold2_ptm_model_3_seed_000.pdb,86.09
3821,foldit_recycles/recyc_6/colab/2002565_0002_unrelaxed_rank_003_alphafold2_ptm_model_4_seed_000.pdb,85.15
3822,foldit_recycles/recyc_6/colab/2003594_S028_unrelaxed_rank_003_alphafold2_ptm_model_4_seed_000.pdb,90.63
3823,foldit_recycles/recyc_6/colab/2003455_0001_unrelaxed_rank_003_alphafold2_ptm_model_4_seed_000.pdb,84.84
3824,foldit_recycles/recyc_6/colab/997523_0008_unrelaxed_rank_005_alphafold2_ptm_model_4_seed_000.pdb,88.68
3825,foldit_recycles/recyc_6/colab/2003333_s003_unrelaxed_rank_003_alphafold2_ptm_model_1_seed_000.pdb,83.58
3826,foldit_recycles/recyc_6/colab/2003205_s002_unrelaxed_rank_004_alphafold2_ptm_model_1_seed_000.pdb,87.86
3827,foldit_recycles/recyc_6/colab/2003382_1021_unrelaxed_rank_002_alphafold2_ptm_model_4_seed_000.pdb,83.52
3828,foldit_recycles/recyc_6/colab/997258_0004_unrelaxed_rank_002_alphafold2_ptm_model_4_seed_000.pdb,86.02
3829,foldit_recycles/recyc_6/colab/2002486_1012_unrelaxed_rank_005_alphafold2_ptm_model_5_seed_000.pdb,81.31
3830,foldit_recycles/recyc_6/colab/2002745_0001_unrelaxed_rank_005_alphafold2_ptm_model_2_seed_000.pdb,78.46
3831,foldit_recycles/recyc_6/colab/2003360_0005_unrelaxed_rank_001_alphafold2_ptm_model_5_seed_000.pdb,91.57
3832,foldit_recycles/recyc_6/colab/2003265_0007_unrelaxed_rank_004_alphafold2_ptm_model_1_seed_000.pdb,88.89
3833,foldit_recycles/recyc_6/colab/2003382_s005_unrelaxed_rank_002_alphafold2_ptm_model_5_seed_000.pdb,76.97
3834,foldit_recycles/recyc_6/colab/2003245_S383_unrelaxed_rank_002_alphafold2_ptm_model_2_seed_000.pdb,91.71
3835,foldit_recycles/recyc_6/colab/2002308_0000_unrelaxed_rank_003_alphafold2_ptm_model_1_seed_000.pdb,80.66
3836,foldit_recycles/recyc_6/colab/2002713_0000_unrelaxed_rank_005_alphafold2_ptm_model_4_seed_000.pdb,77.73
3837,foldit_recycles/recyc_6/colab/2000518_0003_unrelaxed_rank_001_alphafold2_ptm_model_5_seed_000.pdb,86.07
3838,foldit_recycles/recyc_6/colab/2003048_0005_unrelaxed_rank_002_alphafold2_ptm_model_3_seed_000.pdb,78.85
3839,foldit_recycles/recyc_6/colab/2000240_s003_unrelaxed_rank_005_alphafold2_ptm_model_4_seed_000.pdb,62.48
3840,foldit_recycles/recyc_6/colab/2002713_1006_unrelaxed_rank_004_alphafold2_ptm_model_4_seed_000.pdb,89.91
3841,foldit_recycles/recyc_6/colab/2002565_0002_unrelaxed_rank_005_alphafold2_ptm_model_2_seed_000.pdb,77.8
3842,foldit_recycles/recyc_6/colab/2003308_0005_unrelaxed_rank_002_alphafold2_ptm_model_3_seed_000.pdb,80.03
3843,foldit_recycles/recyc_6/colab/2002745_0001_unrelaxed_rank_003_alphafold2_ptm_model_5_seed_000.pdb,85.67
3844,foldit_recycles/recyc_6/colab/997523_0000_unrelaxed_rank_005_alphafold2_ptm_model_2_seed_000.pdb,75.84
3845,foldit_recycles/recyc_6/colab/2002766_0002_unrelaxed_rank_002_alphafold2_ptm_model_1_seed_000.pdb,88.02
3846,foldit_recycles/recyc_6/colab/2002469_S848_unrelaxed_rank_001_alphafold2_ptm_model_1_seed_000.pdb,78.88
3847,foldit_recycles/recyc_6/colab/2003360_s003_unrelaxed_rank_004_alphafold2_ptm_model_3_seed_000.pdb,83.49
3848,foldit_recycles/recyc_3/colab/2003455_s008_unrelaxed_rank_003_alphafold2_ptm_model_1_seed_000.pdb,53.78
3849,foldit_recycles/recyc_3/colab/2003308_0004_unrelaxed_rank_004_alphafold2_ptm_model_3_seed_000.pdb,86.08
3850,foldit_recycles/recyc_3/colab/2002486_0006_unrelaxed_rank_002_alphafold2_ptm_model_3_seed_000.pdb,73.76
3851,foldit_recycles/recyc_3/colab/2003360_0005_unrelaxed_rank_004_alphafold2_ptm_model_4_seed_000.pdb,89.93
3852,foldit_recycles/recyc_3/colab/997791_1027_unrelaxed_rank_004_alphafold2_ptm_model_1_seed_000.pdb,88.89
3853,foldit_recycles/recyc_3/colab/2000518_0003_unrelaxed_rank_002_alphafold2_ptm_model_4_seed_000.pdb,83.57
3854,foldit_recycles/recyc_3/colab/2002290_S122_unrelaxed_rank_005_alphafold2_ptm_model_5_seed_000.pdb,84.81
3855,foldit_recycles/recyc_3/colab/2003360_s002_unrelaxed_rank_004_alphafold2_ptm_model_4_seed_000.pdb,83.75
3856,foldit_recycles/recyc_3/colab/2003265_1034_unrelaxed_rank_002_alphafold2_ptm_model_3_seed_000.pdb,90.79
3857,foldit_recycles/recyc_3/colab/2002544_0000_unrelaxed_rank_003_alphafold2_ptm_model_3_seed_000.pdb,86.55
3858,foldit_recycles/recyc_3/colab/2003205_0000_unrelaxed_rank_004_alphafold2_ptm_model_1_seed_000.pdb,84.66
3859,foldit_recycles/recyc_3/colab/2003333_0000_unrelaxed_rank_001_alphafold2_ptm_model_1_seed_000.pdb,88.9
3860,foldit_recycles/recyc_3/colab/2003333_0000_unrelaxed_rank_005_alphafold2_ptm_model_5_seed_000.pdb,84.9
3861,foldit_recycles/recyc_3/colab/2002990_1031_unrelaxed_rank_005_alphafold2_ptm_model_2_seed_000.pdb,80.12
3862,foldit_recycles/recyc_3/colab/2002590_0001_unrelaxed_rank_004_alphafold2_ptm_model_4_seed_000.pdb,78.68
3863,foldit_recycles/recyc_3/colab/2003455_0002_unrelaxed_rank_005_alphafold2_ptm_model_5_seed_000.pdb,64.54
3864,foldit_recycles/recyc_3/colab/2003265_S115_unrelaxed_rank_003_alphafold2_ptm_model_2_seed_000.pdb,89.66
3865,foldit_recycles/recyc_3/colab/2002590_0001_unrelaxed_rank_002_alphafold2_ptm_model_3_seed_000.pdb,80.11
3866,foldit_recycles/recyc_3/colab/2002766_0001_unrelaxed_rank_005_alphafold2_ptm_model_4_seed_000.pdb,90.63
3867,foldit_recycles/recyc_3/colab/2003382_s008_unrelaxed_rank_005_alphafold2_ptm_model_3_seed_000.pdb,74.58
3868,foldit_recycles/recyc_3/colab/2003205_0006_unrelaxed_rank_001_alphafold2_ptm_model_5_seed_000.pdb,71.74
3869,foldit_recycles/recyc_3/colab/2003245_S385_unrelaxed_rank_001_alphafold2_ptm_model_4_seed_000.pdb,85.49
3870,foldit_recycles/recyc_3/colab/2003285_s008_unrelaxed_rank_001_alphafold2_ptm_model_3_seed_000.pdb,89.39
3871,foldit_recycles/recyc_3/colab/2002922_s004_unrelaxed_rank_005_alphafold2_ptm_model_2_seed_000.pdb,87.64
3872,foldit_recycles/recyc_3/colab/997523_0008_unrelaxed_rank_001_alphafold2_ptm_model_5_seed_000.pdb,91.35
3873,foldit_recycles/recyc_3/colab/2003285_0000_unrelaxed_rank_004_alphafold2_ptm_model_3_seed_000.pdb,91.03
3874,foldit_recycles/recyc_3/colab/997523_0006_unrelaxed_rank_003_alphafold2_ptm_model_5_seed_000.pdb,81.17
3875,foldit_recycles/recyc_3/colab/2002308_0000_unrelaxed_rank_004_alphafold2_ptm_model_3_seed_000.pdb,68.45
3876,foldit_recycles/recyc_3/colab/2000485_1070_unrelaxed_rank_001_alphafold2_ptm_model_3_seed_000.pdb,48.97
3877,foldit_recycles/recyc_3/colab/1998520_0002_unrelaxed_rank_005_alphafold2_ptm_model_5_seed_000.pdb,58.0
3878,foldit_recycles/recyc_3/colab/2003360_s000_unrelaxed_rank_001_alphafold2_ptm_model_1_seed_000.pdb,85.55
3879,foldit_recycles/recyc_3/colab/2002745_0008_unrelaxed_rank_001_alphafold2_ptm_model_2_seed_000.pdb,91.39
3880,foldit_recycles/recyc_3/colab/2003245_0004_unrelaxed_rank_004_alphafold2_ptm_model_3_seed_000.pdb,89.04
3881,foldit_recycles/recyc_3/colab/2003169_S953_unrelaxed_rank_001_alphafold2_ptm_model_2_seed_000.pdb,91.18
3882,foldit_recycles/recyc_3/colab/2002922_1013_unrelaxed_rank_004_alphafold2_ptm_model_1_seed_000.pdb,83.45
3883,foldit_recycles/recyc_3/colab/2003455_0001_unrelaxed_rank_005_alphafold2_ptm_model_5_seed_000.pdb,83.77
3884,foldit_recycles/recyc_3/colab/2003048_1050_unrelaxed_rank_002_alphafold2_ptm_model_2_seed_000.pdb,85.9
3885,foldit_recycles/recyc_3/colab/2002877_s005_unrelaxed_rank_005_alphafold2_ptm_model_2_seed_000.pdb,73.54
3886,foldit_recycles/recyc_3/colab/2003048_1024_unrelaxed_rank_004_alphafold2_ptm_model_3_seed_000.pdb,69.96
3887,foldit_recycles/recyc_3/colab/997791_1027_unrelaxed_rank_002_alphafold2_ptm_model_3_seed_000.pdb,90.25
3888,foldit_recycles/recyc_3/colab/2003285_0000_unrelaxed_rank_001_alphafold2_ptm_model_2_seed_000.pdb,92.63
3889,foldit_recycles/recyc_3/colab/2003265_s003_unrelaxed_rank_001_alphafold2_ptm_model_2_seed_000.pdb,86.07
3890,foldit_recycles/recyc_3/colab/2003382_s005_unrelaxed_rank_003_alphafold2_ptm_model_1_seed_000.pdb,74.84
3891,foldit_recycles/recyc_3/colab/2003205_0000_unrelaxed_rank_003_alphafold2_ptm_model_2_seed_000.pdb,87.01
3892,foldit_recycles/recyc_3/colab/997791_1027_unrelaxed_rank_005_alphafold2_ptm_model_4_seed_000.pdb,88.58
3893,foldit_recycles/recyc_3/colab/1998520_0002_unrelaxed_rank_001_alphafold2_ptm_model_4_seed_000.pdb,84.82
3894,foldit_recycles/recyc_3/colab/2003333_1006_unrelaxed_rank_002_alphafold2_ptm_model_4_seed_000.pdb,84.08
3895,foldit_recycles/recyc_3/colab/997523_0008_unrelaxed_rank_003_alphafold2_ptm_model_2_seed_000.pdb,90.13
3896,foldit_recycles/recyc_3/colab/2003485_1036_unrelaxed_rank_004_alphafold2_ptm_model_5_seed_000.pdb,78.69
3897,foldit_recycles/recyc_3/colab/2002590_S567_unrelaxed_rank_003_alphafold2_ptm_model_1_seed_000.pdb,78.77
3898,foldit_recycles/recyc_3/colab/2000518_S468_unrelaxed_rank_003_alphafold2_ptm_model_5_seed_000.pdb,70.54
3899,foldit_recycles/recyc_3/colab/2003308_1010_unrelaxed_rank_002_alphafold2_ptm_model_4_seed_000.pdb,88.08
3900,foldit_recycles/recyc_3/colab/2002486_1012_unrelaxed_rank_002_alphafold2_ptm_model_3_seed_000.pdb,83.56
3901,foldit_recycles/recyc_3/colab/2002469_0001_unrelaxed_rank_002_alphafold2_ptm_model_5_seed_000.pdb,78.18
3902,foldit_recycles/recyc_3/colab/2003205_0002_unrelaxed_rank_002_alphafold2_ptm_model_2_seed_000.pdb,90.65
3903,foldit_recycles/recyc_3/colab/2003594_0000_unrelaxed_rank_005_alphafold2_ptm_model_4_seed_000.pdb,91.88
3904,foldit_recycles/recyc_3/colab/2003455_0001_unrelaxed_rank_004_alphafold2_ptm_model_2_seed_000.pdb,84.2
3905,foldit_recycles/recyc_3/colab/2003360_s004_unrelaxed_rank_005_alphafold2_ptm_model_4_seed_000.pdb,88.88
3906,foldit_recycles/recyc_3/colab/997915_0000_unrelaxed_rank_005_alphafold2_ptm_model_4_seed_000.pdb,84.3
3907,foldit_recycles/recyc_3/colab/2003333_0005_unrelaxed_rank_001_alphafold2_ptm_model_4_seed_000.pdb,83.93
3908,foldit_recycles/recyc_3/colab/2003245_0004_unrelaxed_rank_005_alphafold2_ptm_model_4_seed_000.pdb,87.49
3909,foldit_recycles/recyc_3/colab/2003360_s003_unrelaxed_rank_001_alphafold2_ptm_model_2_seed_000.pdb,86.56
3910,foldit_recycles/recyc_3/colab/997523_0003_unrelaxed_rank_004_alphafold2_ptm_model_1_seed_000.pdb,84.59
3911,foldit_recycles/recyc_3/colab/2002922_1018_unrelaxed_rank_002_alphafold2_ptm_model_3_seed_000.pdb,82.99
3912,foldit_recycles/recyc_3/colab/2003285_s005_unrelaxed_rank_004_alphafold2_ptm_model_4_seed_000.pdb,82.77
3913,foldit_recycles/recyc_3/colab/2002713_0004_unrelaxed_rank_005_alphafold2_ptm_model_4_seed_000.pdb,82.25
3914,foldit_recycles/recyc_3/colab/2003414_1018_unrelaxed_rank_001_alphafold2_ptm_model_3_seed_000.pdb,85.29
3915,foldit_recycles/recyc_3/colab/2002376_0003_unrelaxed_rank_001_alphafold2_ptm_model_2_seed_000.pdb,77.78
3916,foldit_recycles/recyc_3/colab/2003169_s008_unrelaxed_rank_004_alphafold2_ptm_model_5_seed_000.pdb,78.05
3917,foldit_recycles/recyc_3/colab/2000240_s003_unrelaxed_rank_004_alphafold2_ptm_model_3_seed_000.pdb,64.14
3918,foldit_recycles/recyc_3/colab/2002922_1018_unrelaxed_rank_003_alphafold2_ptm_model_1_seed_000.pdb,82.8
3919,foldit_recycles/recyc_3/colab/2003265_1034_unrelaxed_rank_001_alphafold2_ptm_model_5_seed_000.pdb,90.85
3920,foldit_recycles/recyc_3/colab/2002376_0003_unrelaxed_rank_004_alphafold2_ptm_model_4_seed_000.pdb,70.0
3921,foldit_recycles/recyc_3/colab/2003382_0002_unrelaxed_rank_001_alphafold2_ptm_model_2_seed_000.pdb,85.56
3922,foldit_recycles/recyc_3/colab/2003205_0002_unrelaxed_rank_003_alphafold2_ptm_model_4_seed_000.pdb,90.52
3923,foldit_recycles/recyc_3/colab/2002766_0006_unrelaxed_rank_005_alphafold2_ptm_model_4_seed_000.pdb,86.24
3924,foldit_recycles/recyc_3/colab/2002713_1006_unrelaxed_rank_002_alphafold2_ptm_model_1_seed_000.pdb,90.16
3925,foldit_recycles/recyc_3/colab/2003360_s003_unrelaxed_rank_002_alphafold2_ptm_model_1_seed_000.pdb,85.44
3926,foldit_recycles/recyc_3/colab/2003048_S697_unrelaxed_rank_001_alphafold2_ptm_model_1_seed_000.pdb,86.35
3927,foldit_recycles/recyc_3/colab/2003285_s000_unrelaxed_rank_003_alphafold2_ptm_model_5_seed_000.pdb,90.75
3928,foldit_recycles/recyc_3/colab/2003245_S383_unrelaxed_rank_005_alphafold2_ptm_model_4_seed_000.pdb,90.67
3929,foldit_recycles/recyc_3/colab/2003048_0005_unrelaxed_rank_003_alphafold2_ptm_model_4_seed_000.pdb,75.4
3930,foldit_recycles/recyc_3/colab/2000665_1003_unrelaxed_rank_002_alphafold2_ptm_model_2_seed_000.pdb,53.19
3931,foldit_recycles/recyc_3/colab/1998555_1041_unrelaxed_rank_001_alphafold2_ptm_model_3_seed_000.pdb,73.52
3932,foldit_recycles/recyc_3/colab/2000518_0000_unrelaxed_rank_005_alphafold2_ptm_model_3_seed_000.pdb,64.1
3933,foldit_recycles/recyc_3/colab/2003360_0005_unrelaxed_rank_005_alphafold2_ptm_model_2_seed_000.pdb,89.89
3934,foldit_recycles/recyc_3/colab/2003532_1020_unrelaxed_rank_004_alphafold2_ptm_model_4_seed_000.pdb,82.86
3935,foldit_recycles/recyc_3/colab/2003485_S412_unrelaxed_rank_004_alphafold2_ptm_model_1_seed_000.pdb,76.84
3936,foldit_recycles/recyc_3/colab/2003455_s008_unrelaxed_rank_005_alphafold2_ptm_model_5_seed_000.pdb,49.35
3937,foldit_recycles/recyc_3/colab/2002590_S567_unrelaxed_rank_004_alphafold2_ptm_model_5_seed_000.pdb,76.97
3938,foldit_recycles/recyc_3/colab/2003455_S943_unrelaxed_rank_003_alphafold2_ptm_model_1_seed_000.pdb,82.53
3939,foldit_recycles/recyc_3/colab/2003382_0004_unrelaxed_rank_003_alphafold2_ptm_model_2_seed_000.pdb,77.61
3940,foldit_recycles/recyc_3/colab/997523_0005_unrelaxed_rank_004_alphafold2_ptm_model_2_seed_000.pdb,84.06
3941,foldit_recycles/recyc_3/colab/2003455_S943_unrelaxed_rank_004_alphafold2_ptm_model_4_seed_000.pdb,82.11
3942,foldit_recycles/recyc_3/colab/2003333_1006_unrelaxed_rank_004_alphafold2_ptm_model_2_seed_000.pdb,64.09
3943,foldit_recycles/recyc_3/colab/2003205_0003_unrelaxed_rank_005_alphafold2_ptm_model_2_seed_000.pdb,82.57
3944,foldit_recycles/recyc_3/colab/2003205_0008_unrelaxed_rank_005_alphafold2_ptm_model_4_seed_000.pdb,73.4
3945,foldit_recycles/recyc_3/colab/2002553_0000_unrelaxed_rank_001_alphafold2_ptm_model_5_seed_000.pdb,91.92
3946,foldit_recycles/recyc_3/colab/1998925_s005_unrelaxed_rank_001_alphafold2_ptm_model_5_seed_000.pdb,74.57
3947,foldit_recycles/recyc_3/colab/997523_0006_unrelaxed_rank_001_alphafold2_ptm_model_2_seed_000.pdb,86.37
3948,foldit_recycles/recyc_3/colab/2003382_0004_unrelaxed_rank_002_alphafold2_ptm_model_1_seed_000.pdb,78.14
3949,foldit_recycles/recyc_3/colab/2001044_0000_unrelaxed_rank_003_alphafold2_ptm_model_5_seed_000.pdb,87.64
3950,foldit_recycles/recyc_3/colab/2002376_0003_unrelaxed_rank_003_alphafold2_ptm_model_3_seed_000.pdb,72.36
3951,foldit_recycles/recyc_3/colab/2002376_0000_unrelaxed_rank_005_alphafold2_ptm_model_2_seed_000.pdb,69.89
3952,foldit_recycles/recyc_3/colab/2003485_1029_unrelaxed_rank_003_alphafold2_ptm_model_1_seed_000.pdb,70.53
3953,foldit_recycles/recyc_3/colab/2002745_0004_unrelaxed_rank_003_alphafold2_ptm_model_5_seed_000.pdb,88.54
3954,foldit_recycles/recyc_3/colab/2002308_0000_unrelaxed_rank_002_alphafold2_ptm_model_2_seed_000.pdb,79.25
3955,foldit_recycles/recyc_3/colab/2002308_S695_unrelaxed_rank_005_alphafold2_ptm_model_3_seed_000.pdb,53.97
3956,foldit_recycles/recyc_3/colab/2003308_1010_unrelaxed_rank_001_alphafold2_ptm_model_2_seed_000.pdb,91.17
3957,foldit_recycles/recyc_3/colab/2002922_1018_unrelaxed_rank_001_alphafold2_ptm_model_2_seed_000.pdb,83.83
3958,foldit_recycles/recyc_3/colab/2003265_1034_unrelaxed_rank_004_alphafold2_ptm_model_4_seed_000.pdb,89.8
3959,foldit_recycles/recyc_3/colab/2003205_0006_unrelaxed_rank_004_alphafold2_ptm_model_2_seed_000.pdb,68.56
3960,foldit_recycles/recyc_3/colab/2003048_s009_unrelaxed_rank_003_alphafold2_ptm_model_3_seed_000.pdb,79.53
3961,foldit_recycles/recyc_3/colab/2003048_1024_unrelaxed_rank_003_alphafold2_ptm_model_5_seed_000.pdb,69.96
3962,foldit_recycles/recyc_3/colab/2002787_0005_unrelaxed_rank_005_alphafold2_ptm_model_4_seed_000.pdb,78.97
3963,foldit_recycles/recyc_3/colab/2003205_S722_unrelaxed_rank_003_alphafold2_ptm_model_1_seed_000.pdb,76.11
3964,foldit_recycles/recyc_3/colab/2003485_0000_unrelaxed_rank_005_alphafold2_ptm_model_2_seed_000.pdb,79.71
3965,foldit_recycles/recyc_3/colab/2003333_s003_unrelaxed_rank_005_alphafold2_ptm_model_5_seed_000.pdb,82.45
3966,foldit_recycles/recyc_3/colab/2002990_1031_unrelaxed_rank_004_alphafold2_ptm_model_4_seed_000.pdb,80.34
3967,foldit_recycles/recyc_3/colab/2000665_1003_unrelaxed_rank_004_alphafold2_ptm_model_3_seed_000.pdb,51.42
3968,foldit_recycles/recyc_3/colab/2003205_0002_unrelaxed_rank_001_alphafold2_ptm_model_5_seed_000.pdb,91.41
3969,foldit_recycles/recyc_3/colab/2003205_S506_unrelaxed_rank_002_alphafold2_ptm_model_1_seed_000.pdb,82.7
3970,foldit_recycles/recyc_3/colab/2003360_s000_unrelaxed_rank_005_alphafold2_ptm_model_4_seed_000.pdb,83.9
3971,foldit_recycles/recyc_3/colab/2003594_s008_unrelaxed_rank_001_alphafold2_ptm_model_1_seed_000.pdb,77.04
3972,foldit_recycles/recyc_3/colab/2003594_0000_unrelaxed_rank_004_alphafold2_ptm_model_3_seed_000.pdb,92.37
3973,foldit_recycles/recyc_3/colab/2003382_0009_unrelaxed_rank_001_alphafold2_ptm_model_2_seed_000.pdb,64.18
3974,foldit_recycles/recyc_3/colab/2003382_1021_unrelaxed_rank_003_alphafold2_ptm_model_1_seed_000.pdb,83.18
3975,foldit_recycles/recyc_3/colab/2002486_1012_unrelaxed_rank_003_alphafold2_ptm_model_1_seed_000.pdb,83.44
3976,foldit_recycles/recyc_3/colab/2003308_0004_unrelaxed_rank_005_alphafold2_ptm_model_5_seed_000.pdb,85.22
3977,foldit_recycles/recyc_3/colab/1998469_0000_unrelaxed_rank_001_alphafold2_ptm_model_4_seed_000.pdb,81.13
3978,foldit_recycles/recyc_3/colab/2002089_1029_unrelaxed_rank_004_alphafold2_ptm_model_2_seed_000.pdb,72.39
3979,foldit_recycles/recyc_3/colab/2002745_0008_unrelaxed_rank_003_alphafold2_ptm_model_4_seed_000.pdb,88.17
3980,foldit_recycles/recyc_3/colab/2002613_0004_unrelaxed_rank_002_alphafold2_ptm_model_1_seed_000.pdb,80.97
3981,foldit_recycles/recyc_3/colab/2003285_s005_unrelaxed_rank_005_alphafold2_ptm_model_3_seed_000.pdb,81.03
3982,foldit_recycles/recyc_3/colab/2002922_1013_unrelaxed_rank_005_alphafold2_ptm_model_2_seed_000.pdb,79.96
3983,foldit_recycles/recyc_3/colab/2003205_1035_unrelaxed_rank_004_alphafold2_ptm_model_2_seed_000.pdb,67.11
3984,foldit_recycles/recyc_3/colab/2002713_0000_unrelaxed_rank_002_alphafold2_ptm_model_5_seed_000.pdb,85.43
3985,foldit_recycles/recyc_3/colab/2002745_0001_unrelaxed_rank_005_alphafold2_ptm_model_4_seed_000.pdb,74.49
3986,foldit_recycles/recyc_3/colab/2002745_0000_unrelaxed_rank_002_alphafold2_ptm_model_2_seed_000.pdb,90.62
3987,foldit_recycles/recyc_3/colab/2003245_0004_unrelaxed_rank_001_alphafold2_ptm_model_5_seed_000.pdb,91.0
3988,foldit_recycles/recyc_3/colab/2003048_1024_unrelaxed_rank_002_alphafold2_ptm_model_1_seed_000.pdb,70.24
3989,foldit_recycles/recyc_3/colab/2002713_1006_unrelaxed_rank_005_alphafold2_ptm_model_5_seed_000.pdb,89.07
3990,foldit_recycles/recyc_3/colab/2003485_1017_unrelaxed_rank_003_alphafold2_ptm_model_3_seed_000.pdb,71.98
3991,foldit_recycles/recyc_3/colab/2003048_0005_unrelaxed_rank_001_alphafold2_ptm_model_5_seed_000.pdb,89.94
3992,foldit_recycles/recyc_3/colab/2003455_1023_unrelaxed_rank_003_alphafold2_ptm_model_4_seed_000.pdb,88.49
3993,foldit_recycles/recyc_3/colab/2003308_1010_unrelaxed_rank_003_alphafold2_ptm_model_1_seed_000.pdb,85.54
3994,foldit_recycles/recyc_3/colab/2003532_1020_unrelaxed_rank_003_alphafold2_ptm_model_1_seed_000.pdb,83.19
3995,foldit_recycles/recyc_3/colab/2003265_s005_unrelaxed_rank_003_alphafold2_ptm_model_5_seed_000.pdb,88.05
3996,foldit_recycles/recyc_3/colab/2002544_0000_unrelaxed_rank_001_alphafold2_ptm_model_2_seed_000.pdb,87.8
3997,foldit_recycles/recyc_3/colab/2002949_0007_unrelaxed_rank_004_alphafold2_ptm_model_5_seed_000.pdb,78.84
3998,foldit_recycles/recyc_3/colab/2002243_1016_unrelaxed_rank_004_alphafold2_ptm_model_4_seed_000.pdb,85.93
3999,foldit_recycles/recyc_3/colab/2003485_1029_unrelaxed_rank_002_alphafold2_ptm_model_5_seed_000.pdb,73.02
4000,foldit_recycles/recyc_3/colab/2003308_0009_unrelaxed_rank_004_alphafold2_ptm_model_5_seed_000.pdb,72.56
4001,foldit_recycles/recyc_3/colab/2003382_0002_unrelaxed_rank_003_alphafold2_ptm_model_5_seed_000.pdb,80.05
4002,foldit_recycles/recyc_3/colab/2003265_s008_unrelaxed_rank_005_alphafold2_ptm_model_1_seed_000.pdb,83.52
4003,foldit_recycles/recyc_3/colab/2003532_0000_unrelaxed_rank_002_alphafold2_ptm_model_4_seed_000.pdb,85.0
4004,foldit_recycles/recyc_3/colab/2002089_0001_unrelaxed_rank_003_alphafold2_ptm_model_4_seed_000.pdb,66.61
4005,foldit_recycles/recyc_3/colab/2002089_0001_unrelaxed_rank_002_alphafold2_ptm_model_1_seed_000.pdb,66.84
4006,foldit_recycles/recyc_3/colab/2002745_0000_unrelaxed_rank_004_alphafold2_ptm_model_3_seed_000.pdb,87.52
4007,foldit_recycles/recyc_3/colab/2002922_1013_unrelaxed_rank_003_alphafold2_ptm_model_5_seed_000.pdb,83.47
4008,foldit_recycles/recyc_3/colab/2001044_0000_unrelaxed_rank_002_alphafold2_ptm_model_2_seed_000.pdb,88.46
4009,foldit_recycles/recyc_3/colab/2003308_0005_unrelaxed_rank_004_alphafold2_ptm_model_1_seed_000.pdb,77.84
4010,foldit_recycles/recyc_3/colab/2002949_0000_unrelaxed_rank_005_alphafold2_ptm_model_4_seed_000.pdb,85.94
4011,foldit_recycles/recyc_3/colab/2002766_0006_unrelaxed_rank_002_alphafold2_ptm_model_2_seed_000.pdb,88.44
4012,foldit_recycles/recyc_3/colab/2002766_0000_unrelaxed_rank_005_alphafold2_ptm_model_3_seed_000.pdb,83.51
4013,foldit_recycles/recyc_3/colab/997258_0004_unrelaxed_rank_001_alphafold2_ptm_model_1_seed_000.pdb,86.72
4014,foldit_recycles/recyc_3/colab/1998925_s008_unrelaxed_rank_003_alphafold2_ptm_model_5_seed_000.pdb,77.28
4015,foldit_recycles/recyc_3/colab/2003333_1013_unrelaxed_rank_004_alphafold2_ptm_model_4_seed_000.pdb,54.28
4016,foldit_recycles/recyc_3/colab/2003048_1050_unrelaxed_rank_004_alphafold2_ptm_model_4_seed_000.pdb,85.28
4017,foldit_recycles/recyc_3/colab/2002290_S122_unrelaxed_rank_001_alphafold2_ptm_model_4_seed_000.pdb,92.78
4018,foldit_recycles/recyc_3/colab/2003485_1036_unrelaxed_rank_003_alphafold2_ptm_model_1_seed_000.pdb,80.12
4019,foldit_recycles/recyc_3/colab/2000518_S468_unrelaxed_rank_005_alphafold2_ptm_model_2_seed_000.pdb,58.27
4020,foldit_recycles/recyc_3/colab/2003382_0004_unrelaxed_rank_005_alphafold2_ptm_model_3_seed_000.pdb,62.9
4021,foldit_recycles/recyc_3/colab/2002089_0001_unrelaxed_rank_004_alphafold2_ptm_model_5_seed_000.pdb,65.79
4022,foldit_recycles/recyc_3/colab/2003169_S953_unrelaxed_rank_005_alphafold2_ptm_model_5_seed_000.pdb,88.64
4023,foldit_recycles/recyc_3/colab/2002766_0002_unrelaxed_rank_004_alphafold2_ptm_model_3_seed_000.pdb,86.81
4024,foldit_recycles/recyc_3/colab/2002308_0005_unrelaxed_rank_003_alphafold2_ptm_model_2_seed_000.pdb,72.7
4025,foldit_recycles/recyc_3/colab/2002243_1016_unrelaxed_rank_005_alphafold2_ptm_model_2_seed_000.pdb,85.46
4026,foldit_recycles/recyc_3/colab/2003333_s001_unrelaxed_rank_004_alphafold2_ptm_model_1_seed_000.pdb,72.33
4027,foldit_recycles/recyc_3/colab/997523_1040_unrelaxed_rank_001_alphafold2_ptm_model_2_seed_000.pdb,93.5
4028,foldit_recycles/recyc_3/colab/2002990_0006_unrelaxed_rank_004_alphafold2_ptm_model_4_seed_000.pdb,85.84
4029,foldit_recycles/recyc_3/colab/2003308_0009_unrelaxed_rank_001_alphafold2_ptm_model_4_seed_000.pdb,76.01
4030,foldit_recycles/recyc_3/colab/2002922_s004_unrelaxed_rank_003_alphafold2_ptm_model_4_seed_000.pdb,87.64
4031,foldit_recycles/recyc_3/colab/997915_0000_unrelaxed_rank_002_alphafold2_ptm_model_5_seed_000.pdb,86.05
4032,foldit_recycles/recyc_3/colab/997383_s346_unrelaxed_rank_004_alphafold2_ptm_model_2_seed_000.pdb,75.05
4033,foldit_recycles/recyc_3/colab/2003594_S028_unrelaxed_rank_004_alphafold2_ptm_model_1_seed_000.pdb,84.05
4034,foldit_recycles/recyc_3/colab/2003485_0002_unrelaxed_rank_004_alphafold2_ptm_model_5_seed_000.pdb,89.6
4035,foldit_recycles/recyc_3/colab/2000485_1070_unrelaxed_rank_004_alphafold2_ptm_model_2_seed_000.pdb,41.24
4036,foldit_recycles/recyc_3/colab/2002745_0001_unrelaxed_rank_002_alphafold2_ptm_model_2_seed_000.pdb,92.56
4037,foldit_recycles/recyc_3/colab/2003333_1006_unrelaxed_rank_005_alphafold2_ptm_model_5_seed_000.pdb,59.65
4038,foldit_recycles/recyc_3/colab/2003048_s009_unrelaxed_rank_002_alphafold2_ptm_model_2_seed_000.pdb,79.93
4039,foldit_recycles/recyc_3/colab/997383_s346_unrelaxed_rank_001_alphafold2_ptm_model_1_seed_000.pdb,77.2
4040,foldit_recycles/recyc_3/colab/2003455_S943_unrelaxed_rank_001_alphafold2_ptm_model_5_seed_000.pdb,84.08
4041,foldit_recycles/recyc_3/colab/2002469_0001_unrelaxed_rank_003_alphafold2_ptm_model_3_seed_000.pdb,77.46
4042,foldit_recycles/recyc_3/colab/2002469_0001_unrelaxed_rank_004_alphafold2_ptm_model_1_seed_000.pdb,77.33
4043,foldit_recycles/recyc_3/colab/2003205_S722_unrelaxed_rank_005_alphafold2_ptm_model_5_seed_000.pdb,70.02
4044,foldit_recycles/recyc_3/colab/997523_0005_unrelaxed_rank_001_alphafold2_ptm_model_4_seed_000.pdb,84.92
4045,foldit_recycles/recyc_3/colab/2002590_0001_unrelaxed_rank_001_alphafold2_ptm_model_1_seed_000.pdb,80.2
4046,foldit_recycles/recyc_3/colab/2002308_0000_unrelaxed_rank_003_alphafold2_ptm_model_4_seed_000.pdb,78.64
4047,foldit_recycles/recyc_3/colab/2000518_0000_unrelaxed_rank_004_alphafold2_ptm_model_2_seed_000.pdb,65.86
4048,foldit_recycles/recyc_3/colab/2002990_1039_unrelaxed_rank_004_alphafold2_ptm_model_4_seed_000.pdb,84.03
4049,foldit_recycles/recyc_3/colab/2003205_1035_unrelaxed_rank_005_alphafold2_ptm_model_3_seed_000.pdb,65.47
4050,foldit_recycles/recyc_3/colab/2003265_1034_unrelaxed_rank_003_alphafold2_ptm_model_2_seed_000.pdb,90.55
4051,foldit_recycles/recyc_3/colab/2002089_0001_unrelaxed_rank_001_alphafold2_ptm_model_2_seed_000.pdb,71.0
4052,foldit_recycles/recyc_3/colab/997258_0001_unrelaxed_rank_002_alphafold2_ptm_model_5_seed_000.pdb,79.24
4053,foldit_recycles/recyc_3/colab/997383_s346_unrelaxed_rank_003_alphafold2_ptm_model_3_seed_000.pdb,76.57
4054,foldit_recycles/recyc_3/colab/2002486_1048_unrelaxed_rank_004_alphafold2_ptm_model_2_seed_000.pdb,60.66
4055,foldit_recycles/recyc_3/colab/2003205_S722_unrelaxed_rank_004_alphafold2_ptm_model_2_seed_000.pdb,73.3
4056,foldit_recycles/recyc_3/colab/2003205_1035_unrelaxed_rank_001_alphafold2_ptm_model_4_seed_000.pdb,82.59
4057,foldit_recycles/recyc_3/colab/2003382_0002_unrelaxed_rank_005_alphafold2_ptm_model_1_seed_000.pdb,76.71
4058,foldit_recycles/recyc_3/colab/997523_1040_unrelaxed_rank_003_alphafold2_ptm_model_5_seed_000.pdb,91.09
4059,foldit_recycles/recyc_3/colab/2003285_s000_unrelaxed_rank_004_alphafold2_ptm_model_4_seed_000.pdb,90.65
4060,foldit_recycles/recyc_3/colab/2002469_S848_unrelaxed_rank_004_alphafold2_ptm_model_5_seed_000.pdb,73.08
4061,foldit_recycles/recyc_3/colab/2003485_1017_unrelaxed_rank_001_alphafold2_ptm_model_2_seed_000.pdb,78.79
4062,foldit_recycles/recyc_3/colab/2002745_0004_unrelaxed_rank_002_alphafold2_ptm_model_3_seed_000.pdb,89.32
4063,foldit_recycles/recyc_3/colab/2002990_s006_unrelaxed_rank_001_alphafold2_ptm_model_2_seed_000.pdb,90.14
4064,foldit_recycles/recyc_3/colab/2003382_s008_unrelaxed_rank_003_alphafold2_ptm_model_2_seed_000.pdb,81.93
4065,foldit_recycles/recyc_3/colab/2002089_1029_unrelaxed_rank_005_alphafold2_ptm_model_3_seed_000.pdb,66.16
4066,foldit_recycles/recyc_3/colab/2003485_0000_unrelaxed_rank_004_alphafold2_ptm_model_4_seed_000.pdb,80.87
4067,foldit_recycles/recyc_3/colab/2003455_0009_unrelaxed_rank_003_alphafold2_ptm_model_5_seed_000.pdb,72.04
4068,foldit_recycles/recyc_3/colab/2003205_s002_unrelaxed_rank_001_alphafold2_ptm_model_3_seed_000.pdb,90.51
4069,foldit_recycles/recyc_3/colab/2003333_s003_unrelaxed_rank_002_alphafold2_ptm_model_1_seed_000.pdb,84.13
4070,foldit_recycles/recyc_3/colab/2003205_s002_unrelaxed_rank_005_alphafold2_ptm_model_4_seed_000.pdb,87.05
4071,foldit_recycles/recyc_3/colab/2002565_0002_unrelaxed_rank_001_alphafold2_ptm_model_3_seed_000.pdb,85.58
4072,foldit_recycles/recyc_3/colab/2003265_s003_unrelaxed_rank_004_alphafold2_ptm_model_3_seed_000.pdb,84.15
4073,foldit_recycles/recyc_3/colab/2002745_0001_unrelaxed_rank_001_alphafold2_ptm_model_3_seed_000.pdb,96.51
4074,foldit_recycles/recyc_3/colab/2003333_1006_unrelaxed_rank_001_alphafold2_ptm_model_1_seed_000.pdb,84.87
4075,foldit_recycles/recyc_3/colab/2003382_s005_unrelaxed_rank_001_alphafold2_ptm_model_3_seed_000.pdb,76.74
4076,foldit_recycles/recyc_3/colab/2002745_0003_unrelaxed_rank_001_alphafold2_ptm_model_3_seed_000.pdb,90.21
4077,foldit_recycles/recyc_3/colab/2003285_s005_unrelaxed_rank_002_alphafold2_ptm_model_1_seed_000.pdb,83.99
4078,foldit_recycles/recyc_3/colab/2003205_S506_unrelaxed_rank_001_alphafold2_ptm_model_5_seed_000.pdb,84.45
4079,foldit_recycles/recyc_3/colab/2003205_0003_unrelaxed_rank_003_alphafold2_ptm_model_5_seed_000.pdb,84.22
4080,foldit_recycles/recyc_3/colab/2000518_0003_unrelaxed_rank_004_alphafold2_ptm_model_3_seed_000.pdb,81.61
4081,foldit_recycles/recyc_3/colab/2003285_0000_unrelaxed_rank_005_alphafold2_ptm_model_1_seed_000.pdb,90.36
4082,foldit_recycles/recyc_3/colab/2003360_s003_unrelaxed_rank_003_alphafold2_ptm_model_3_seed_000.pdb,83.94
4083,foldit_recycles/recyc_3/colab/2003594_S028_unrelaxed_rank_001_alphafold2_ptm_model_2_seed_000.pdb,92.23
4084,foldit_recycles/recyc_3/colab/2003455_0009_unrelaxed_rank_005_alphafold2_ptm_model_3_seed_000.pdb,68.92
4085,foldit_recycles/recyc_3/colab/2003048_0003_unrelaxed_rank_002_alphafold2_ptm_model_2_seed_000.pdb,85.72
4086,foldit_recycles/recyc_3/colab/2003265_S714_unrelaxed_rank_002_alphafold2_ptm_model_3_seed_000.pdb,81.06
4087,foldit_recycles/recyc_3/colab/2002990_s006_unrelaxed_rank_004_alphafold2_ptm_model_3_seed_000.pdb,80.74
4088,foldit_recycles/recyc_3/colab/2003455_s008_unrelaxed_rank_001_alphafold2_ptm_model_3_seed_000.pdb,62.46
4089,foldit_recycles/recyc_3/colab/2002766_0000_unrelaxed_rank_004_alphafold2_ptm_model_4_seed_000.pdb,87.01
4090,foldit_recycles/recyc_3/colab/2003048_0003_unrelaxed_rank_001_alphafold2_ptm_model_3_seed_000.pdb,85.84
4091,foldit_recycles/recyc_3/colab/2002766_0002_unrelaxed_rank_003_alphafold2_ptm_model_5_seed_000.pdb,87.25
4092,foldit_recycles/recyc_3/colab/2002766_0006_unrelaxed_rank_001_alphafold2_ptm_model_3_seed_000.pdb,89.71
4093,foldit_recycles/recyc_3/colab/2003333_s001_unrelaxed_rank_003_alphafold2_ptm_model_5_seed_000.pdb,73.77
4094,foldit_recycles/recyc_3/colab/2002922_1013_unrelaxed_rank_002_alphafold2_ptm_model_4_seed_000.pdb,84.11
4095,foldit_recycles/recyc_3/colab/2003169_s001_unrelaxed_rank_003_alphafold2_ptm_model_1_seed_000.pdb,83.04
4096,foldit_recycles/recyc_3/colab/2003265_S115_unrelaxed_rank_005_alphafold2_ptm_model_4_seed_000.pdb,88.24
4097,foldit_recycles/recyc_3/colab/997523_0003_unrelaxed_rank_001_alphafold2_ptm_model_3_seed_000.pdb,86.38
4098,foldit_recycles/recyc_3/colab/2002486_0006_unrelaxed_rank_004_alphafold2_ptm_model_2_seed_000.pdb,71.48
4099,foldit_recycles/recyc_3/colab/2003333_s001_unrelaxed_rank_001_alphafold2_ptm_model_2_seed_000.pdb,82.03
4100,foldit_recycles/recyc_3/colab/997523_1003_unrelaxed_rank_004_alphafold2_ptm_model_2_seed_000.pdb,74.29
4101,foldit_recycles/recyc_3/colab/2002713_0004_unrelaxed_rank_002_alphafold2_ptm_model_1_seed_000.pdb,85.49
4102,foldit_recycles/recyc_3/colab/2002766_0002_unrelaxed_rank_001_alphafold2_ptm_model_2_seed_000.pdb,88.7
4103,foldit_recycles/recyc_3/colab/997915_0000_unrelaxed_rank_004_alphafold2_ptm_model_2_seed_000.pdb,84.69
4104,foldit_recycles/recyc_3/colab/2003265_s008_unrelaxed_rank_002_alphafold2_ptm_model_3_seed_000.pdb,84.58
4105,foldit_recycles/recyc_3/colab/2003308_1010_unrelaxed_rank_005_alphafold2_ptm_model_5_seed_000.pdb,82.78
4106,foldit_recycles/recyc_3/colab/2002486_0006_unrelaxed_rank_001_alphafold2_ptm_model_5_seed_000.pdb,75.07
4107,foldit_recycles/recyc_3/colab/2002469_S848_unrelaxed_rank_005_alphafold2_ptm_model_3_seed_000.pdb,69.31
4108,foldit_recycles/recyc_3/colab/2003455_s008_unrelaxed_rank_004_alphafold2_ptm_model_4_seed_000.pdb,49.92
4109,foldit_recycles/recyc_3/colab/997523_0005_unrelaxed_rank_005_alphafold2_ptm_model_5_seed_000.pdb,78.69
4110,foldit_recycles/recyc_3/colab/2002713_1006_unrelaxed_rank_003_alphafold2_ptm_model_3_seed_000.pdb,90.02
4111,foldit_recycles/recyc_3/colab/2003455_S886_unrelaxed_rank_002_alphafold2_ptm_model_1_seed_000.pdb,80.05
4112,foldit_recycles/recyc_3/colab/2003285_s008_unrelaxed_rank_004_alphafold2_ptm_model_5_seed_000.pdb,87.64
4113,foldit_recycles/recyc_3/colab/2003285_0000_unrelaxed_rank_003_alphafold2_ptm_model_4_seed_000.pdb,91.05
4114,foldit_recycles/recyc_3/colab/2002745_0000_unrelaxed_rank_003_alphafold2_ptm_model_4_seed_000.pdb,88.13
4115,foldit_recycles/recyc_3/colab/2003048_1024_unrelaxed_rank_005_alphafold2_ptm_model_2_seed_000.pdb,63.86
4116,foldit_recycles/recyc_3/colab/2002590_S567_unrelaxed_rank_001_alphafold2_ptm_model_4_seed_000.pdb,79.23
4117,foldit_recycles/recyc_3/colab/997915_0000_unrelaxed_rank_001_alphafold2_ptm_model_3_seed_000.pdb,87.57
4118,foldit_recycles/recyc_3/colab/2003485_0002_unrelaxed_rank_001_alphafold2_ptm_model_2_seed_000.pdb,91.71
4119,foldit_recycles/recyc_3/colab/2002469_0001_unrelaxed_rank_005_alphafold2_ptm_model_4_seed_000.pdb,75.2
4120,foldit_recycles/recyc_3/colab/2003205_S506_unrelaxed_rank_005_alphafold2_ptm_model_2_seed_000.pdb,78.45
4121,foldit_recycles/recyc_3/colab/2003308_0004_unrelaxed_rank_003_alphafold2_ptm_model_1_seed_000.pdb,86.58
4122,foldit_recycles/recyc_3/colab/2003485_S412_unrelaxed_rank_002_alphafold2_ptm_model_3_seed_000.pdb,80.6
4123,foldit_recycles/recyc_3/colab/2003265_0007_unrelaxed_rank_003_alphafold2_ptm_model_3_seed_000.pdb,88.99
4124,foldit_recycles/recyc_3/colab/997523_0005_unrelaxed_rank_003_alphafold2_ptm_model_1_seed_000.pdb,84.15
4125,foldit_recycles/recyc_3/colab/2003333_1006_unrelaxed_rank_003_alphafold2_ptm_model_3_seed_000.pdb,80.97
4126,foldit_recycles/recyc_3/colab/2002590_0001_unrelaxed_rank_003_alphafold2_ptm_model_5_seed_000.pdb,79.99
4127,foldit_recycles/recyc_3/colab/997523_1040_unrelaxed_rank_005_alphafold2_ptm_model_4_seed_000.pdb,73.92
4128,foldit_recycles/recyc_3/colab/2002376_0000_unrelaxed_rank_001_alphafold2_ptm_model_3_seed_000.pdb,77.13
4129,foldit_recycles/recyc_3/colab/2003048_0003_unrelaxed_rank_004_alphafold2_ptm_model_4_seed_000.pdb,84.7
4130,foldit_recycles/recyc_3/colab/2002553_0000_unrelaxed_rank_005_alphafold2_ptm_model_3_seed_000.pdb,70.0
4131,foldit_recycles/recyc_3/colab/2002544_0000_unrelaxed_rank_004_alphafold2_ptm_model_5_seed_000.pdb,85.06
4132,foldit_recycles/recyc_3/colab/2003414_1018_unrelaxed_rank_002_alphafold2_ptm_model_1_seed_000.pdb,85.28
4133,foldit_recycles/recyc_3/colab/2003485_1017_unrelaxed_rank_005_alphafold2_ptm_model_4_seed_000.pdb,67.19
4134,foldit_recycles/recyc_3/colab/2002334_0005_unrelaxed_rank_003_alphafold2_ptm_model_2_seed_000.pdb,80.06
4135,foldit_recycles/recyc_3/colab/2003360_s004_unrelaxed_rank_002_alphafold2_ptm_model_5_seed_000.pdb,89.6
4136,foldit_recycles/recyc_3/colab/2002553_s003_unrelaxed_rank_004_alphafold2_ptm_model_4_seed_000.pdb,82.46
4137,foldit_recycles/recyc_3/colab/2002745_0003_unrelaxed_rank_002_alphafold2_ptm_model_5_seed_000.pdb,89.69
4138,foldit_recycles/recyc_3/colab/2003308_1010_unrelaxed_rank_004_alphafold2_ptm_model_3_seed_000.pdb,85.28
4139,foldit_recycles/recyc_3/colab/2003594_S603_unrelaxed_rank_002_alphafold2_ptm_model_5_seed_000.pdb,72.09
4140,foldit_recycles/recyc_3/colab/2003285_s000_unrelaxed_rank_005_alphafold2_ptm_model_1_seed_000.pdb,90.37
4141,foldit_recycles/recyc_3/colab/2003205_S506_unrelaxed_rank_003_alphafold2_ptm_model_3_seed_000.pdb,82.12
4142,foldit_recycles/recyc_3/colab/2002766_0001_unrelaxed_rank_002_alphafold2_ptm_model_3_seed_000.pdb,92.94
4143,foldit_recycles/recyc_3/colab/997523_0000_unrelaxed_rank_001_alphafold2_ptm_model_4_seed_000.pdb,82.15
4144,foldit_recycles/recyc_3/colab/2002713_0004_unrelaxed_rank_003_alphafold2_ptm_model_3_seed_000.pdb,85.07
4145,foldit_recycles/recyc_3/colab/2002334_0005_unrelaxed_rank_002_alphafold2_ptm_model_4_seed_000.pdb,80.06
4146,foldit_recycles/recyc_3/colab/2003532_1022_unrelaxed_rank_005_alphafold2_ptm_model_2_seed_000.pdb,70.02
4147,foldit_recycles/recyc_3/colab/2001044_0000_unrelaxed_rank_001_alphafold2_ptm_model_1_seed_000.pdb,88.6
4148,foldit_recycles/recyc_3/colab/2003485_1036_unrelaxed_rank_001_alphafold2_ptm_model_4_seed_000.pdb,80.89
4149,foldit_recycles/recyc_3/colab/2003360_0005_unrelaxed_rank_003_alphafold2_ptm_model_1_seed_000.pdb,90.02
4150,foldit_recycles/recyc_3/colab/2002949_0007_unrelaxed_rank_003_alphafold2_ptm_model_2_seed_000.pdb,79.98
4151,foldit_recycles/recyc_3/colab/1998469_0000_unrelaxed_rank_005_alphafold2_ptm_model_2_seed_000.pdb,77.35
4152,foldit_recycles/recyc_3/colab/2002486_1048_unrelaxed_rank_002_alphafold2_ptm_model_5_seed_000.pdb,64.19
4153,foldit_recycles/recyc_3/colab/2002290_S122_unrelaxed_rank_003_alphafold2_ptm_model_2_seed_000.pdb,88.92
4154,foldit_recycles/recyc_3/colab/2003308_0005_unrelaxed_rank_005_alphafold2_ptm_model_5_seed_000.pdb,75.44
4155,foldit_recycles/recyc_3/colab/1998469_0000_unrelaxed_rank_003_alphafold2_ptm_model_3_seed_000.pdb,78.94
4156,foldit_recycles/recyc_3/colab/2003382_s008_unrelaxed_rank_002_alphafold2_ptm_model_1_seed_000.pdb,83.14
4157,foldit_recycles/recyc_3/colab/2002745_0008_unrelaxed_rank_002_alphafold2_ptm_model_3_seed_000.pdb,90.73
4158,foldit_recycles/recyc_3/colab/2002376_0000_unrelaxed_rank_003_alphafold2_ptm_model_4_seed_000.pdb,73.24
4159,foldit_recycles/recyc_3/colab/997523_0000_unrelaxed_rank_002_alphafold2_ptm_model_3_seed_000.pdb,80.54
4160,foldit_recycles/recyc_3/colab/2003265_S115_unrelaxed_rank_001_alphafold2_ptm_model_5_seed_000.pdb,90.37
4161,foldit_recycles/recyc_3/colab/2003333_0006_unrelaxed_rank_003_alphafold2_ptm_model_3_seed_000.pdb,92.97
4162,foldit_recycles/recyc_3/colab/2002089_1029_unrelaxed_rank_003_alphafold2_ptm_model_4_seed_000.pdb,77.49
4163,foldit_recycles/recyc_3/colab/2002990_1039_unrelaxed_rank_003_alphafold2_ptm_model_1_seed_000.pdb,86.13
4164,foldit_recycles/recyc_3/colab/2002334_0005_unrelaxed_rank_004_alphafold2_ptm_model_3_seed_000.pdb,77.64
4165,foldit_recycles/recyc_3/colab/2003485_1029_unrelaxed_rank_004_alphafold2_ptm_model_3_seed_000.pdb,70.39
4166,foldit_recycles/recyc_3/colab/2002486_0006_unrelaxed_rank_003_alphafold2_ptm_model_1_seed_000.pdb,73.44
4167,foldit_recycles/recyc_3/colab/1998555_1041_unrelaxed_rank_003_alphafold2_ptm_model_1_seed_000.pdb,71.41
4168,foldit_recycles/recyc_3/colab/2003285_s008_unrelaxed_rank_002_alphafold2_ptm_model_2_seed_000.pdb,88.73
4169,foldit_recycles/recyc_3/colab/2002766_0006_unrelaxed_rank_004_alphafold2_ptm_model_1_seed_000.pdb,87.88
4170,foldit_recycles/recyc_3/colab/2002877_s005_unrelaxed_rank_004_alphafold2_ptm_model_3_seed_000.pdb,74.03
4171,foldit_recycles/recyc_3/colab/2003333_0005_unrelaxed_rank_004_alphafold2_ptm_model_5_seed_000.pdb,81.93
4172,foldit_recycles/recyc_3/colab/997523_0005_unrelaxed_rank_002_alphafold2_ptm_model_3_seed_000.pdb,84.37
4173,foldit_recycles/recyc_3/colab/2003455_0002_unrelaxed_rank_004_alphafold2_ptm_model_1_seed_000.pdb,69.35
4174,foldit_recycles/recyc_3/colab/2002713_0000_unrelaxed_rank_003_alphafold2_ptm_model_2_seed_000.pdb,80.82
4175,foldit_recycles/recyc_3/colab/2003245_S385_unrelaxed_rank_002_alphafold2_ptm_model_1_seed_000.pdb,84.91
4176,foldit_recycles/recyc_3/colab/2003333_1013_unrelaxed_rank_001_alphafold2_ptm_model_5_seed_000.pdb,66.75
4177,foldit_recycles/recyc_3/colab/2003455_S886_unrelaxed_rank_001_alphafold2_ptm_model_3_seed_000.pdb,82.4
4178,foldit_recycles/recyc_3/colab/2002787_0005_unrelaxed_rank_002_alphafold2_ptm_model_1_seed_000.pdb,88.59
4179,foldit_recycles/recyc_3/colab/2003594_0000_unrelaxed_rank_002_alphafold2_ptm_model_1_seed_000.pdb,92.61
4180,foldit_recycles/recyc_3/colab/2002990_0006_unrelaxed_rank_002_alphafold2_ptm_model_5_seed_000.pdb,86.42
4181,foldit_recycles/recyc_3/colab/997523_1040_unrelaxed_rank_002_alphafold2_ptm_model_3_seed_000.pdb,92.83
4182,foldit_recycles/recyc_3/colab/2002990_1031_unrelaxed_rank_003_alphafold2_ptm_model_5_seed_000.pdb,80.9
4183,foldit_recycles/recyc_3/colab/1998520_0002_unrelaxed_rank_004_alphafold2_ptm_model_3_seed_000.pdb,59.52
4184,foldit_recycles/recyc_3/colab/2003308_0009_unrelaxed_rank_002_alphafold2_ptm_model_3_seed_000.pdb,75.5
4185,foldit_recycles/recyc_3/colab/2002553_s003_unrelaxed_rank_001_alphafold2_ptm_model_5_seed_000.pdb,85.8
4186,foldit_recycles/recyc_3/colab/2003169_s008_unrelaxed_rank_003_alphafold2_ptm_model_1_seed_000.pdb,78.45
4187,foldit_recycles/recyc_3/colab/2003594_S603_unrelaxed_rank_005_alphafold2_ptm_model_3_seed_000.pdb,67.3
4188,foldit_recycles/recyc_3/colab/2003360_s004_unrelaxed_rank_001_alphafold2_ptm_model_2_seed_000.pdb,91.32
4189,foldit_recycles/recyc_3/colab/2003594_0000_unrelaxed_rank_001_alphafold2_ptm_model_2_seed_000.pdb,94.36
4190,foldit_recycles/recyc_3/colab/2003414_1018_unrelaxed_rank_004_alphafold2_ptm_model_4_seed_000.pdb,84.54
4191,foldit_recycles/recyc_3/colab/2003169_S953_unrelaxed_rank_004_alphafold2_ptm_model_4_seed_000.pdb,89.62
4192,foldit_recycles/recyc_3/colab/2003285_0000_unrelaxed_rank_002_alphafold2_ptm_model_5_seed_000.pdb,91.16
4193,foldit_recycles/recyc_3/colab/2003360_1013_unrelaxed_rank_005_alphafold2_ptm_model_3_seed_000.pdb,79.87
4194,foldit_recycles/recyc_3/colab/2000665_1003_unrelaxed_rank_005_alphafold2_ptm_model_4_seed_000.pdb,47.74
4195,foldit_recycles/recyc_3/colab/2003205_0008_unrelaxed_rank_001_alphafold2_ptm_model_1_seed_000.pdb,84.32
4196,foldit_recycles/recyc_3/colab/2003265_s008_unrelaxed_rank_004_alphafold2_ptm_model_4_seed_000.pdb,84.49
4197,foldit_recycles/recyc_3/colab/2002949_0000_unrelaxed_rank_003_alphafold2_ptm_model_1_seed_000.pdb,87.29
4198,foldit_recycles/recyc_3/colab/2002877_s005_unrelaxed_rank_002_alphafold2_ptm_model_4_seed_000.pdb,77.74
4199,foldit_recycles/recyc_3/colab/2002334_0005_unrelaxed_rank_005_alphafold2_ptm_model_5_seed_000.pdb,67.76
4200,foldit_recycles/recyc_3/colab/997915_0000_unrelaxed_rank_003_alphafold2_ptm_model_1_seed_000.pdb,86.05
4201,foldit_recycles/recyc_3/colab/2002243_1016_unrelaxed_rank_002_alphafold2_ptm_model_3_seed_000.pdb,86.56
4202,foldit_recycles/recyc_3/colab/2003308_0009_unrelaxed_rank_003_alphafold2_ptm_model_1_seed_000.pdb,74.22
4203,foldit_recycles/recyc_3/colab/2003532_1022_unrelaxed_rank_001_alphafold2_ptm_model_5_seed_000.pdb,81.22
4204,foldit_recycles/recyc_3/colab/2002553_s003_unrelaxed_rank_003_alphafold2_ptm_model_1_seed_000.pdb,83.48
4205,foldit_recycles/recyc_3/colab/2000518_S468_unrelaxed_rank_001_alphafold2_ptm_model_4_seed_000.pdb,72.14
4206,foldit_recycles/recyc_3/colab/2002745_0003_unrelaxed_rank_004_alphafold2_ptm_model_4_seed_000.pdb,87.76
4207,foldit_recycles/recyc_3/colab/2003048_1050_unrelaxed_rank_005_alphafold2_ptm_model_3_seed_000.pdb,83.76
4208,foldit_recycles/recyc_3/colab/2000240_s003_unrelaxed_rank_003_alphafold2_ptm_model_5_seed_000.pdb,67.47
4209,foldit_recycles/recyc_3/colab/2002308_0000_unrelaxed_rank_001_alphafold2_ptm_model_1_seed_000.pdb,79.71
4210,foldit_recycles/recyc_3/colab/2003265_S115_unrelaxed_rank_002_alphafold2_ptm_model_3_seed_000.pdb,90.35
4211,foldit_recycles/recyc_3/colab/2003594_s008_unrelaxed_rank_004_alphafold2_ptm_model_4_seed_000.pdb,70.45
4212,foldit_recycles/recyc_3/colab/2003169_s001_unrelaxed_rank_004_alphafold2_ptm_model_5_seed_000.pdb,81.64
4213,foldit_recycles/recyc_3/colab/997791_1027_unrelaxed_rank_003_alphafold2_ptm_model_2_seed_000.pdb,88.86
4214,foldit_recycles/recyc_3/colab/2003382_0009_unrelaxed_rank_004_alphafold2_ptm_model_5_seed_000.pdb,52.82
4215,foldit_recycles/recyc_3/colab/2003265_s008_unrelaxed_rank_003_alphafold2_ptm_model_2_seed_000.pdb,84.56
4216,foldit_recycles/recyc_3/colab/2003594_s008_unrelaxed_rank_002_alphafold2_ptm_model_2_seed_000.pdb,76.08
4217,foldit_recycles/recyc_3/colab/2002713_0004_unrelaxed_rank_004_alphafold2_ptm_model_2_seed_000.pdb,83.29
4218,foldit_recycles/recyc_3/colab/2002990_1039_unrelaxed_rank_001_alphafold2_ptm_model_3_seed_000.pdb,87.29
4219,foldit_recycles/recyc_3/colab/2003382_s008_unrelaxed_rank_004_alphafold2_ptm_model_5_seed_000.pdb,78.18
4220,foldit_recycles/recyc_3/colab/2002290_S122_unrelaxed_rank_002_alphafold2_ptm_model_1_seed_000.pdb,92.7
4221,foldit_recycles/recyc_3/colab/2003048_S697_unrelaxed_rank_002_alphafold2_ptm_model_5_seed_000.pdb,81.89
4222,foldit_recycles/recyc_3/colab/2003455_S886_unrelaxed_rank_003_alphafold2_ptm_model_2_seed_000.pdb,78.64
4223,foldit_recycles/recyc_3/colab/2002089_1029_unrelaxed_rank_001_alphafold2_ptm_model_1_seed_000.pdb,81.19
4224,foldit_recycles/recyc_3/colab/2000665_1003_unrelaxed_rank_003_alphafold2_ptm_model_5_seed_000.pdb,52.67
4225,foldit_recycles/recyc_3/colab/2002766_0004_unrelaxed_rank_005_alphafold2_ptm_model_2_seed_000.pdb,80.53
4226,foldit_recycles/recyc_3/colab/2000518_S468_unrelaxed_rank_004_alphafold2_ptm_model_1_seed_000.pdb,65.68
4227,foldit_recycles/recyc_3/colab/2002990_0006_unrelaxed_rank_005_alphafold2_ptm_model_2_seed_000.pdb,84.96
4228,foldit_recycles/recyc_3/colab/2000518_0003_unrelaxed_rank_003_alphafold2_ptm_model_1_seed_000.pdb,83.15
4229,foldit_recycles/recyc_3/colab/2003455_0009_unrelaxed_rank_001_alphafold2_ptm_model_1_seed_000.pdb,80.02
4230,foldit_recycles/recyc_3/colab/2003360_s000_unrelaxed_rank_002_alphafold2_ptm_model_5_seed_000.pdb,84.67
4231,foldit_recycles/recyc_3/colab/2002949_0000_unrelaxed_rank_002_alphafold2_ptm_model_2_seed_000.pdb,87.52
4232,foldit_recycles/recyc_3/colab/2003455_1023_unrelaxed_rank_001_alphafold2_ptm_model_2_seed_000.pdb,91.16
4233,foldit_recycles/recyc_3/colab/2003414_1018_unrelaxed_rank_005_alphafold2_ptm_model_2_seed_000.pdb,83.28
4234,foldit_recycles/recyc_3/colab/2003594_S028_unrelaxed_rank_005_alphafold2_ptm_model_5_seed_000.pdb,76.4
4235,foldit_recycles/recyc_3/colab/2003205_1035_unrelaxed_rank_003_alphafold2_ptm_model_5_seed_000.pdb,68.31
4236,foldit_recycles/recyc_3/colab/2002553_s003_unrelaxed_rank_005_alphafold2_ptm_model_3_seed_000.pdb,79.88
4237,foldit_recycles/recyc_3/colab/2002613_0004_unrelaxed_rank_001_alphafold2_ptm_model_3_seed_000.pdb,81.15
4238,foldit_recycles/recyc_3/colab/2003485_1036_unrelaxed_rank_005_alphafold2_ptm_model_2_seed_000.pdb,78.39
4239,foldit_recycles/recyc_3/colab/997523_0003_unrelaxed_rank_003_alphafold2_ptm_model_2_seed_000.pdb,84.98
4240,foldit_recycles/recyc_3/colab/2002308_S695_unrelaxed_rank_002_alphafold2_ptm_model_4_seed_000.pdb,59.78
4241,foldit_recycles/recyc_3/colab/2002553_0000_unrelaxed_rank_003_alphafold2_ptm_model_4_seed_000.pdb,79.61
4242,foldit_recycles/recyc_3/colab/2003333_0006_unrelaxed_rank_001_alphafold2_ptm_model_2_seed_000.pdb,94.7
4243,foldit_recycles/recyc_3/colab/997523_0000_unrelaxed_rank_003_alphafold2_ptm_model_1_seed_000.pdb,78.43
4244,foldit_recycles/recyc_3/colab/2003382_1021_unrelaxed_rank_005_alphafold2_ptm_model_5_seed_000.pdb,71.31
4245,foldit_recycles/recyc_3/colab/2003333_0000_unrelaxed_rank_002_alphafold2_ptm_model_2_seed_000.pdb,88.36
4246,foldit_recycles/recyc_3/colab/2003360_s002_unrelaxed_rank_002_alphafold2_ptm_model_1_seed_000.pdb,88.63
4247,foldit_recycles/recyc_3/colab/2002990_s006_unrelaxed_rank_005_alphafold2_ptm_model_5_seed_000.pdb,73.95
4248,foldit_recycles/recyc_3/colab/997523_1003_unrelaxed_rank_005_alphafold2_ptm_model_3_seed_000.pdb,74.18
4249,foldit_recycles/recyc_3/colab/2000240_0002_unrelaxed_rank_003_alphafold2_ptm_model_3_seed_000.pdb,83.18
4250,foldit_recycles/recyc_3/colab/2003308_0009_unrelaxed_rank_005_alphafold2_ptm_model_2_seed_000.pdb,70.94
4251,foldit_recycles/recyc_3/colab/2003360_0005_unrelaxed_rank_002_alphafold2_ptm_model_3_seed_000.pdb,90.02
4252,foldit_recycles/recyc_3/colab/2003265_S714_unrelaxed_rank_005_alphafold2_ptm_model_4_seed_000.pdb,75.85
4253,foldit_recycles/recyc_3/colab/2003455_S943_unrelaxed_rank_002_alphafold2_ptm_model_3_seed_000.pdb,83.23
4254,foldit_recycles/recyc_3/colab/2003048_1024_unrelaxed_rank_001_alphafold2_ptm_model_4_seed_000.pdb,71.21
4255,foldit_recycles/recyc_3/colab/2002922_1018_unrelaxed_rank_005_alphafold2_ptm_model_5_seed_000.pdb,81.13
4256,foldit_recycles/recyc_3/colab/2003205_s002_unrelaxed_rank_002_alphafold2_ptm_model_2_seed_000.pdb,89.69
4257,foldit_recycles/recyc_3/colab/2002745_0000_unrelaxed_rank_001_alphafold2_ptm_model_5_seed_000.pdb,90.82
4258,foldit_recycles/recyc_3/colab/2002949_0007_unrelaxed_rank_002_alphafold2_ptm_model_1_seed_000.pdb,80.23
4259,foldit_recycles/recyc_3/colab/2003594_s008_unrelaxed_rank_003_alphafold2_ptm_model_3_seed_000.pdb,74.61
4260,foldit_recycles/recyc_3/colab/2003455_0002_unrelaxed_rank_003_alphafold2_ptm_model_4_seed_000.pdb,69.37
4261,foldit_recycles/recyc_3/colab/2002949_0007_unrelaxed_rank_005_alphafold2_ptm_model_4_seed_000.pdb,77.22
4262,foldit_recycles/recyc_3/colab/2003265_S714_unrelaxed_rank_003_alphafold2_ptm_model_2_seed_000.pdb,79.63
4263,foldit_recycles/recyc_3/colab/2003169_S953_unrelaxed_rank_002_alphafold2_ptm_model_3_seed_000.pdb,90.86
4264,foldit_recycles/recyc_3/colab/2002990_s006_unrelaxed_rank_002_alphafold2_ptm_model_1_seed_000.pdb,89.47
4265,foldit_recycles/recyc_3/colab/2003360_s003_unrelaxed_rank_005_alphafold2_ptm_model_4_seed_000.pdb,82.74
4266,foldit_recycles/recyc_3/colab/2000518_0000_unrelaxed_rank_003_alphafold2_ptm_model_1_seed_000.pdb,68.96
4267,foldit_recycles/recyc_3/colab/2003532_0000_unrelaxed_rank_001_alphafold2_ptm_model_1_seed_000.pdb,86.33
4268,foldit_recycles/recyc_3/colab/2003333_0000_unrelaxed_rank_004_alphafold2_ptm_model_3_seed_000.pdb,86.79
4269,foldit_recycles/recyc_3/colab/2003455_S886_unrelaxed_rank_005_alphafold2_ptm_model_4_seed_000.pdb,67.33
4270,foldit_recycles/recyc_3/colab/2002308_0005_unrelaxed_rank_002_alphafold2_ptm_model_1_seed_000.pdb,76.76
4271,foldit_recycles/recyc_3/colab/2003455_0009_unrelaxed_rank_002_alphafold2_ptm_model_2_seed_000.pdb,73.5
4272,foldit_recycles/recyc_3/colab/2002949_0000_unrelaxed_rank_001_alphafold2_ptm_model_3_seed_000.pdb,88.25
4273,foldit_recycles/recyc_3/colab/2003205_0003_unrelaxed_rank_001_alphafold2_ptm_model_1_seed_000.pdb,90.06
4274,foldit_recycles/recyc_3/colab/997523_1003_unrelaxed_rank_001_alphafold2_ptm_model_1_seed_000.pdb,80.8
4275,foldit_recycles/recyc_3/colab/2003265_s008_unrelaxed_rank_001_alphafold2_ptm_model_5_seed_000.pdb,84.79
4276,foldit_recycles/recyc_3/colab/2003485_0000_unrelaxed_rank_003_alphafold2_ptm_model_3_seed_000.pdb,80.93
4277,foldit_recycles/recyc_3/colab/997523_0008_unrelaxed_rank_004_alphafold2_ptm_model_1_seed_000.pdb,89.01
4278,foldit_recycles/recyc_3/colab/2002766_0003_unrelaxed_rank_003_alphafold2_ptm_model_5_seed_000.pdb,83.57
4279,foldit_recycles/recyc_3/colab/2002766_0001_unrelaxed_rank_001_alphafold2_ptm_model_2_seed_000.pdb,93.98
4280,foldit_recycles/recyc_3/colab/2002922_s004_unrelaxed_rank_002_alphafold2_ptm_model_1_seed_000.pdb,87.77
4281,foldit_recycles/recyc_3/colab/2000665_1003_unrelaxed_rank_001_alphafold2_ptm_model_1_seed_000.pdb,54.12
4282,foldit_recycles/recyc_3/colab/2003360_s004_unrelaxed_rank_003_alphafold2_ptm_model_1_seed_000.pdb,89.19
4283,foldit_recycles/recyc_3/colab/2003455_0009_unrelaxed_rank_004_alphafold2_ptm_model_4_seed_000.pdb,69.5
4284,foldit_recycles/recyc_3/colab/997791_1027_unrelaxed_rank_001_alphafold2_ptm_model_5_seed_000.pdb,90.25
4285,foldit_recycles/recyc_3/colab/1998469_0000_unrelaxed_rank_004_alphafold2_ptm_model_1_seed_000.pdb,77.63
4286,foldit_recycles/recyc_3/colab/2002243_1016_unrelaxed_rank_001_alphafold2_ptm_model_5_seed_000.pdb,87.12
4287,foldit_recycles/recyc_3/colab/2002766_0000_unrelaxed_rank_001_alphafold2_ptm_model_5_seed_000.pdb,88.43
4288,foldit_recycles/recyc_3/colab/1998925_s008_unrelaxed_rank_002_alphafold2_ptm_model_2_seed_000.pdb,81.94
4289,foldit_recycles/recyc_3/colab/2000518_0000_unrelaxed_rank_001_alphafold2_ptm_model_5_seed_000.pdb,76.39
4290,foldit_recycles/recyc_3/colab/2002469_S848_unrelaxed_rank_003_alphafold2_ptm_model_4_seed_000.pdb,73.16
4291,foldit_recycles/recyc_3/colab/2003382_s008_unrelaxed_rank_001_alphafold2_ptm_model_4_seed_000.pdb,83.37
4292,foldit_recycles/recyc_3/colab/997523_0006_unrelaxed_rank_005_alphafold2_ptm_model_3_seed_000.pdb,72.91
4293,foldit_recycles/recyc_3/colab/2003382_0004_unrelaxed_rank_004_alphafold2_ptm_model_4_seed_000.pdb,75.29
4294,foldit_recycles/recyc_3/colab/2002766_0003_unrelaxed_rank_005_alphafold2_ptm_model_4_seed_000.pdb,75.69
4295,foldit_recycles/recyc_3/colab/2003048_1050_unrelaxed_rank_001_alphafold2_ptm_model_5_seed_000.pdb,86.13
4296,foldit_recycles/recyc_3/colab/997258_0001_unrelaxed_rank_003_alphafold2_ptm_model_1_seed_000.pdb,76.94
4297,foldit_recycles/recyc_3/colab/2003382_s005_unrelaxed_rank_004_alphafold2_ptm_model_4_seed_000.pdb,74.66
4298,foldit_recycles/recyc_3/colab/2002766_0003_unrelaxed_rank_002_alphafold2_ptm_model_3_seed_000.pdb,84.78
4299,foldit_recycles/recyc_3/colab/2002486_1048_unrelaxed_rank_003_alphafold2_ptm_model_1_seed_000.pdb,63.1
4300,foldit_recycles/recyc_3/colab/2002745_0001_unrelaxed_rank_004_alphafold2_ptm_model_1_seed_000.pdb,84.29
4301,foldit_recycles/recyc_3/colab/2003169_s008_unrelaxed_rank_005_alphafold2_ptm_model_3_seed_000.pdb,76.04
4302,foldit_recycles/recyc_3/colab/2000485_1070_unrelaxed_rank_003_alphafold2_ptm_model_5_seed_000.pdb,46.69
4303,foldit_recycles/recyc_3/colab/997523_0006_unrelaxed_rank_004_alphafold2_ptm_model_4_seed_000.pdb,76.26
4304,foldit_recycles/recyc_3/colab/2003265_s003_unrelaxed_rank_002_alphafold2_ptm_model_4_seed_000.pdb,85.45
4305,foldit_recycles/recyc_3/colab/2003333_1013_unrelaxed_rank_002_alphafold2_ptm_model_1_seed_000.pdb,61.22
4306,foldit_recycles/recyc_3/colab/2003308_0004_unrelaxed_rank_001_alphafold2_ptm_model_2_seed_000.pdb,89.57
4307,foldit_recycles/recyc_3/colab/1998925_s008_unrelaxed_rank_004_alphafold2_ptm_model_1_seed_000.pdb,76.55
4308,foldit_recycles/recyc_3/colab/2002376_0000_unrelaxed_rank_004_alphafold2_ptm_model_5_seed_000.pdb,71.24
4309,foldit_recycles/recyc_3/colab/2002713_0000_unrelaxed_rank_001_alphafold2_ptm_model_3_seed_000.pdb,85.47
4310,foldit_recycles/recyc_3/colab/2002486_0006_unrelaxed_rank_005_alphafold2_ptm_model_4_seed_000.pdb,70.43
4311,foldit_recycles/recyc_3/colab/2002590_S567_unrelaxed_rank_005_alphafold2_ptm_model_2_seed_000.pdb,76.58
4312,foldit_recycles/recyc_3/colab/2003205_0003_unrelaxed_rank_002_alphafold2_ptm_model_4_seed_000.pdb,86.22
4313,foldit_recycles/recyc_3/colab/2002590_S567_unrelaxed_rank_002_alphafold2_ptm_model_3_seed_000.pdb,79.17
4314,foldit_recycles/recyc_3/colab/2003205_0000_unrelaxed_rank_005_alphafold2_ptm_model_3_seed_000.pdb,81.84
4315,foldit_recycles/recyc_3/colab/2002766_0004_unrelaxed_rank_004_alphafold2_ptm_model_1_seed_000.pdb,80.79
4316,foldit_recycles/recyc_3/colab/2003285_s000_unrelaxed_rank_001_alphafold2_ptm_model_3_seed_000.pdb,91.65
4317,foldit_recycles/recyc_3/colab/2003360_1013_unrelaxed_rank_002_alphafold2_ptm_model_2_seed_000.pdb,84.87
4318,foldit_recycles/recyc_3/colab/2002308_0005_unrelaxed_rank_001_alphafold2_ptm_model_4_seed_000.pdb,84.9
4319,foldit_recycles/recyc_3/colab/2002486_1048_unrelaxed_rank_005_alphafold2_ptm_model_3_seed_000.pdb,59.95
4320,foldit_recycles/recyc_3/colab/2003455_s008_unrelaxed_rank_002_alphafold2_ptm_model_2_seed_000.pdb,57.16
4321,foldit_recycles/recyc_3/colab/2003333_0006_unrelaxed_rank_005_alphafold2_ptm_model_4_seed_000.pdb,92.51
4322,foldit_recycles/recyc_3/colab/2003245_S383_unrelaxed_rank_003_alphafold2_ptm_model_5_seed_000.pdb,91.65
4323,foldit_recycles/recyc_3/colab/2000240_s003_unrelaxed_rank_002_alphafold2_ptm_model_2_seed_000.pdb,68.48
4324,foldit_recycles/recyc_3/colab/2003532_0000_unrelaxed_rank_003_alphafold2_ptm_model_5_seed_000.pdb,84.61
4325,foldit_recycles/recyc_3/colab/2003360_1013_unrelaxed_rank_004_alphafold2_ptm_model_5_seed_000.pdb,81.06
4326,foldit_recycles/recyc_3/colab/2002745_0004_unrelaxed_rank_001_alphafold2_ptm_model_2_seed_000.pdb,89.85
4327,foldit_recycles/recyc_3/colab/2003333_0005_unrelaxed_rank_002_alphafold2_ptm_model_2_seed_000.pdb,83.89
4328,foldit_recycles/recyc_3/colab/2003485_0002_unrelaxed_rank_003_alphafold2_ptm_model_1_seed_000.pdb,90.63
4329,foldit_recycles/recyc_3/colab/2003594_s008_unrelaxed_rank_005_alphafold2_ptm_model_5_seed_000.pdb,70.06
4330,foldit_recycles/recyc_3/colab/2002787_0005_unrelaxed_rank_003_alphafold2_ptm_model_5_seed_000.pdb,86.57
4331,foldit_recycles/recyc_3/colab/2002486_1048_unrelaxed_rank_001_alphafold2_ptm_model_4_seed_000.pdb,65.84
4332,foldit_recycles/recyc_3/colab/2000518_0000_unrelaxed_rank_002_alphafold2_ptm_model_4_seed_000.pdb,72.62
4333,foldit_recycles/recyc_3/colab/2003169_s001_unrelaxed_rank_005_alphafold2_ptm_model_4_seed_000.pdb,81.56
4334,foldit_recycles/recyc_3/colab/2003265_0007_unrelaxed_rank_005_alphafold2_ptm_model_1_seed_000.pdb,87.54
4335,foldit_recycles/recyc_3/colab/1998925_s005_unrelaxed_rank_005_alphafold2_ptm_model_3_seed_000.pdb,69.0
4336,foldit_recycles/recyc_3/colab/2003245_S385_unrelaxed_rank_005_alphafold2_ptm_model_5_seed_000.pdb,83.4
4337,foldit_recycles/recyc_3/colab/2003485_1029_unrelaxed_rank_001_alphafold2_ptm_model_4_seed_000.pdb,73.49
4338,foldit_recycles/recyc_3/colab/2002922_s004_unrelaxed_rank_004_alphafold2_ptm_model_3_seed_000.pdb,87.65
4339,foldit_recycles/recyc_3/colab/2003455_1023_unrelaxed_rank_005_alphafold2_ptm_model_3_seed_000.pdb,88.06
4340,foldit_recycles/recyc_3/colab/2002990_s006_unrelaxed_rank_003_alphafold2_ptm_model_4_seed_000.pdb,85.72
4341,foldit_recycles/recyc_3/colab/2003360_s002_unrelaxed_rank_005_alphafold2_ptm_model_3_seed_000.pdb,82.93
4342,foldit_recycles/recyc_3/colab/997523_0003_unrelaxed_rank_005_alphafold2_ptm_model_5_seed_000.pdb,82.6
4343,foldit_recycles/recyc_3/colab/2000518_S468_unrelaxed_rank_002_alphafold2_ptm_model_3_seed_000.pdb,70.61
4344,foldit_recycles/recyc_3/colab/2003360_s003_unrelaxed_rank_004_alphafold2_ptm_model_5_seed_000.pdb,83.31
4345,foldit_recycles/recyc_3/colab/997258_0004_unrelaxed_rank_003_alphafold2_ptm_model_3_seed_000.pdb,85.19
4346,foldit_recycles/recyc_3/colab/2002486_1012_unrelaxed_rank_001_alphafold2_ptm_model_2_seed_000.pdb,84.17
4347,foldit_recycles/recyc_3/colab/2003169_s008_unrelaxed_rank_002_alphafold2_ptm_model_2_seed_000.pdb,79.33
4348,foldit_recycles/recyc_3/colab/2003048_0005_unrelaxed_rank_005_alphafold2_ptm_model_1_seed_000.pdb,71.27
4349,foldit_recycles/recyc_3/colab/2003265_0007_unrelaxed_rank_004_alphafold2_ptm_model_4_seed_000.pdb,88.26
4350,foldit_recycles/recyc_3/colab/2003285_s000_unrelaxed_rank_002_alphafold2_ptm_model_2_seed_000.pdb,91.36
4351,foldit_recycles/recyc_3/colab/997258_0001_unrelaxed_rank_005_alphafold2_ptm_model_2_seed_000.pdb,76.03
4352,foldit_recycles/recyc_3/colab/2000240_0002_unrelaxed_rank_001_alphafold2_ptm_model_2_seed_000.pdb,84.67
4353,foldit_recycles/recyc_3/colab/997523_0003_unrelaxed_rank_002_alphafold2_ptm_model_4_seed_000.pdb,85.4
4354,foldit_recycles/recyc_3/colab/2002745_0003_unrelaxed_rank_003_alphafold2_ptm_model_2_seed_000.pdb,88.51
4355,foldit_recycles/recyc_3/colab/997523_1003_unrelaxed_rank_002_alphafold2_ptm_model_5_seed_000.pdb,78.13
4356,foldit_recycles/recyc_3/colab/2002713_1006_unrelaxed_rank_001_alphafold2_ptm_model_2_seed_000.pdb,90.93
4357,foldit_recycles/recyc_3/colab/2003308_0005_unrelaxed_rank_001_alphafold2_ptm_model_2_seed_000.pdb,79.12
4358,foldit_recycles/recyc_3/colab/2002787_0005_unrelaxed_rank_001_alphafold2_ptm_model_2_seed_000.pdb,89.58
4359,foldit_recycles/recyc_3/colab/2002290_S122_unrelaxed_rank_004_alphafold2_ptm_model_3_seed_000.pdb,86.63
4360,foldit_recycles/recyc_3/colab/2003205_s002_unrelaxed_rank_003_alphafold2_ptm_model_5_seed_000.pdb,88.33
4361,foldit_recycles/recyc_3/colab/2003455_0002_unrelaxed_rank_002_alphafold2_ptm_model_3_seed_000.pdb,74.54
4362,foldit_recycles/recyc_3/colab/2002990_1031_unrelaxed_rank_002_alphafold2_ptm_model_3_seed_000.pdb,81.62
4363,foldit_recycles/recyc_3/colab/2003205_S722_unrelaxed_rank_001_alphafold2_ptm_model_4_seed_000.pdb,76.94
4364,foldit_recycles/recyc_3/colab/2003485_0000_unrelaxed_rank_002_alphafold2_ptm_model_5_seed_000.pdb,81.57
4365,foldit_recycles/recyc_3/colab/2003245_S385_unrelaxed_rank_004_alphafold2_ptm_model_3_seed_000.pdb,84.19
4366,foldit_recycles/recyc_3/colab/2002713_0000_unrelaxed_rank_004_alphafold2_ptm_model_1_seed_000.pdb,80.82
4367,foldit_recycles/recyc_3/colab/2003205_0006_unrelaxed_rank_003_alphafold2_ptm_model_3_seed_000.pdb,69.61
4368,foldit_recycles/recyc_3/colab/2002089_1029_unrelaxed_rank_002_alphafold2_ptm_model_5_seed_000.pdb,79.39
4369,foldit_recycles/recyc_3/colab/2003485_1017_unrelaxed_rank_002_alphafold2_ptm_model_5_seed_000.pdb,72.47
4370,foldit_recycles/recyc_3/colab/2003048_0003_unrelaxed_rank_003_alphafold2_ptm_model_1_seed_000.pdb,85.04
4371,foldit_recycles/recyc_3/colab/1998925_s008_unrelaxed_rank_001_alphafold2_ptm_model_4_seed_000.pdb,84.06
4372,foldit_recycles/recyc_3/colab/1998555_1041_unrelaxed_rank_004_alphafold2_ptm_model_5_seed_000.pdb,70.51
4373,foldit_recycles/recyc_3/colab/2002990_0006_unrelaxed_rank_003_alphafold2_ptm_model_1_seed_000.pdb,86.32
4374,foldit_recycles/recyc_3/colab/2002877_s005_unrelaxed_rank_003_alphafold2_ptm_model_5_seed_000.pdb,74.23
4375,foldit_recycles/recyc_3/colab/2003169_S953_unrelaxed_rank_003_alphafold2_ptm_model_1_seed_000.pdb,90.08
4376,foldit_recycles/recyc_3/colab/2003455_S943_unrelaxed_rank_005_alphafold2_ptm_model_2_seed_000.pdb,81.91
4377,foldit_recycles/recyc_3/colab/2003048_S697_unrelaxed_rank_004_alphafold2_ptm_model_2_seed_000.pdb,80.2
4378,foldit_recycles/recyc_3/colab/2003048_0003_unrelaxed_rank_005_alphafold2_ptm_model_5_seed_000.pdb,84.23
4379,foldit_recycles/recyc_3/colab/2003333_s003_unrelaxed_rank_004_alphafold2_ptm_model_2_seed_000.pdb,83.6
4380,foldit_recycles/recyc_3/colab/997258_0004_unrelaxed_rank_005_alphafold2_ptm_model_2_seed_000.pdb,83.21
4381,foldit_recycles/recyc_3/colab/2003265_S714_unrelaxed_rank_001_alphafold2_ptm_model_1_seed_000.pdb,81.41
4382,foldit_recycles/recyc_3/colab/2002613_0004_unrelaxed_rank_005_alphafold2_ptm_model_4_seed_000.pdb,79.16
4383,foldit_recycles/recyc_3/colab/2003485_1036_unrelaxed_rank_002_alphafold2_ptm_model_3_seed_000.pdb,80.77
4384,foldit_recycles/recyc_3/colab/2003382_1021_unrelaxed_rank_001_alphafold2_ptm_model_2_seed_000.pdb,83.83
4385,foldit_recycles/recyc_3/colab/2002922_1013_unrelaxed_rank_001_alphafold2_ptm_model_3_seed_000.pdb,84.91
4386,foldit_recycles/recyc_3/colab/2003333_1013_unrelaxed_rank_005_alphafold2_ptm_model_3_seed_000.pdb,53.48
4387,foldit_recycles/recyc_3/colab/2003382_1021_unrelaxed_rank_004_alphafold2_ptm_model_3_seed_000.pdb,81.4
4388,foldit_recycles/recyc_3/colab/997383_s346_unrelaxed_rank_005_alphafold2_ptm_model_4_seed_000.pdb,72.4
4389,foldit_recycles/recyc_3/colab/2002553_0000_unrelaxed_rank_002_alphafold2_ptm_model_2_seed_000.pdb,81.26
4390,foldit_recycles/recyc_3/colab/2003485_1017_unrelaxed_rank_004_alphafold2_ptm_model_1_seed_000.pdb,71.29
4391,foldit_recycles/recyc_3/colab/2002308_S695_unrelaxed_rank_003_alphafold2_ptm_model_5_seed_000.pdb,57.09
4392,foldit_recycles/recyc_3/colab/2003265_1034_unrelaxed_rank_005_alphafold2_ptm_model_1_seed_000.pdb,89.69
4393,foldit_recycles/recyc_3/colab/2003205_0008_unrelaxed_rank_004_alphafold2_ptm_model_5_seed_000.pdb,73.94
4394,foldit_recycles/recyc_3/colab/2002766_0004_unrelaxed_rank_002_alphafold2_ptm_model_5_seed_000.pdb,81.57
4395,foldit_recycles/recyc_3/colab/2002922_s004_unrelaxed_rank_001_alphafold2_ptm_model_5_seed_000.pdb,88.59
4396,foldit_recycles/recyc_3/colab/2003532_0000_unrelaxed_rank_005_alphafold2_ptm_model_2_seed_000.pdb,83.73
4397,foldit_recycles/recyc_3/colab/2003485_0002_unrelaxed_rank_002_alphafold2_ptm_model_3_seed_000.pdb,90.82
4398,foldit_recycles/recyc_3/colab/2003205_0006_unrelaxed_rank_005_alphafold2_ptm_model_4_seed_000.pdb,67.19
4399,foldit_recycles/recyc_3/colab/2002949_0007_unrelaxed_rank_001_alphafold2_ptm_model_3_seed_000.pdb,81.37
4400,foldit_recycles/recyc_3/colab/2003382_0009_unrelaxed_rank_005_alphafold2_ptm_model_3_seed_000.pdb,50.22
4401,foldit_recycles/recyc_3/colab/2003333_0006_unrelaxed_rank_004_alphafold2_ptm_model_1_seed_000.pdb,92.69
4402,foldit_recycles/recyc_3/colab/2003485_1029_unrelaxed_rank_005_alphafold2_ptm_model_2_seed_000.pdb,66.94
4403,foldit_recycles/recyc_3/colab/2003333_s003_unrelaxed_rank_003_alphafold2_ptm_model_4_seed_000.pdb,84.0
4404,foldit_recycles/recyc_3/colab/997258_0001_unrelaxed_rank_001_alphafold2_ptm_model_3_seed_000.pdb,84.71
4405,foldit_recycles/recyc_3/colab/2003265_s003_unrelaxed_rank_005_alphafold2_ptm_model_5_seed_000.pdb,81.89
4406,foldit_recycles/recyc_3/colab/2002877_s005_unrelaxed_rank_001_alphafold2_ptm_model_1_seed_000.pdb,79.29
4407,foldit_recycles/recyc_3/colab/2003333_s001_unrelaxed_rank_002_alphafold2_ptm_model_3_seed_000.pdb,80.19
4408,foldit_recycles/recyc_3/colab/2003048_0005_unrelaxed_rank_004_alphafold2_ptm_model_2_seed_000.pdb,74.6
4409,foldit_recycles/recyc_3/colab/1998925_s008_unrelaxed_rank_005_alphafold2_ptm_model_3_seed_000.pdb,71.46
4410,foldit_recycles/recyc_3/colab/2003205_0002_unrelaxed_rank_005_alphafold2_ptm_model_1_seed_000.pdb,89.74
4411,foldit_recycles/recyc_3/colab/2002766_0004_unrelaxed_rank_003_alphafold2_ptm_model_4_seed_000.pdb,81.42
4412,foldit_recycles/recyc_3/colab/2003308_0005_unrelaxed_rank_003_alphafold2_ptm_model_3_seed_000.pdb,78.93
4413,foldit_recycles/recyc_3/colab/2003532_1022_unrelaxed_rank_002_alphafold2_ptm_model_3_seed_000.pdb,80.44
4414,foldit_recycles/recyc_3/colab/2002376_0003_unrelaxed_rank_005_alphafold2_ptm_model_5_seed_000.pdb,68.02
4415,foldit_recycles/recyc_3/colab/2003205_0003_unrelaxed_rank_004_alphafold2_ptm_model_3_seed_000.pdb,83.75
4416,foldit_recycles/recyc_3/colab/2002766_0003_unrelaxed_rank_004_alphafold2_ptm_model_1_seed_000.pdb,76.78
4417,foldit_recycles/recyc_3/colab/2003308_0005_unrelaxed_rank_002_alphafold2_ptm_model_4_seed_000.pdb,79.03
4418,foldit_recycles/recyc_3/colab/2003245_S383_unrelaxed_rank_001_alphafold2_ptm_model_3_seed_000.pdb,92.21
4419,foldit_recycles/recyc_3/colab/2003245_S385_unrelaxed_rank_003_alphafold2_ptm_model_2_seed_000.pdb,84.53
4420,foldit_recycles/recyc_3/colab/2003382_0009_unrelaxed_rank_002_alphafold2_ptm_model_1_seed_000.pdb,57.48
4421,foldit_recycles/recyc_3/colab/2003594_S028_unrelaxed_rank_002_alphafold2_ptm_model_3_seed_000.pdb,91.61
4422,foldit_recycles/recyc_3/colab/2002590_0001_unrelaxed_rank_005_alphafold2_ptm_model_2_seed_000.pdb,78.06
4423,foldit_recycles/recyc_3/colab/2002766_0000_unrelaxed_rank_003_alphafold2_ptm_model_2_seed_000.pdb,88.17
4424,foldit_recycles/recyc_3/colab/997523_0006_unrelaxed_rank_002_alphafold2_ptm_model_1_seed_000.pdb,84.35
4425,foldit_recycles/recyc_3/colab/2002766_0003_unrelaxed_rank_001_alphafold2_ptm_model_2_seed_000.pdb,90.97
4426,foldit_recycles/recyc_3/colab/2002766_0004_unrelaxed_rank_001_alphafold2_ptm_model_3_seed_000.pdb,81.65
4427,foldit_recycles/recyc_3/colab/2003455_1023_unrelaxed_rank_004_alphafold2_ptm_model_5_seed_000.pdb,88.16
4428,foldit_recycles/recyc_3/colab/2003169_s001_unrelaxed_rank_001_alphafold2_ptm_model_3_seed_000.pdb,83.66
4429,foldit_recycles/recyc_3/colab/2003285_s008_unrelaxed_rank_003_alphafold2_ptm_model_1_seed_000.pdb,88.02
4430,foldit_recycles/recyc_3/colab/2003594_S603_unrelaxed_rank_004_alphafold2_ptm_model_2_seed_000.pdb,67.98
4431,foldit_recycles/recyc_3/colab/2000518_0003_unrelaxed_rank_005_alphafold2_ptm_model_2_seed_000.pdb,79.31
4432,foldit_recycles/recyc_3/colab/2002745_0008_unrelaxed_rank_004_alphafold2_ptm_model_1_seed_000.pdb,87.92
4433,foldit_recycles/recyc_3/colab/2003265_s005_unrelaxed_rank_005_alphafold2_ptm_model_4_seed_000.pdb,87.04
4434,foldit_recycles/recyc_3/colab/2003265_s005_unrelaxed_rank_002_alphafold2_ptm_model_2_seed_000.pdb,88.25
4435,foldit_recycles/recyc_3/colab/2003532_1022_unrelaxed_rank_004_alphafold2_ptm_model_4_seed_000.pdb,74.01
4436,foldit_recycles/recyc_3/colab/2002766_0006_unrelaxed_rank_003_alphafold2_ptm_model_5_seed_000.pdb,88.38
4437,foldit_recycles/recyc_3/colab/2002713_0004_unrelaxed_rank_001_alphafold2_ptm_model_5_seed_000.pdb,86.01
4438,foldit_recycles/recyc_3/colab/2002766_0001_unrelaxed_rank_003_alphafold2_ptm_model_5_seed_000.pdb,92.46
4439,foldit_recycles/recyc_3/colab/2003333_s001_unrelaxed_rank_005_alphafold2_ptm_model_4_seed_000.pdb,71.13
4440,foldit_recycles/recyc_3/colab/1998925_s005_unrelaxed_rank_002_alphafold2_ptm_model_1_seed_000.pdb,71.93
4441,foldit_recycles/recyc_3/colab/1998925_s005_unrelaxed_rank_004_alphafold2_ptm_model_2_seed_000.pdb,70.43
4442,foldit_recycles/recyc_3/colab/2003360_1013_unrelaxed_rank_003_alphafold2_ptm_model_4_seed_000.pdb,81.39
4443,foldit_recycles/recyc_3/colab/2003169_s008_unrelaxed_rank_001_alphafold2_ptm_model_4_seed_000.pdb,80.67
4444,foldit_recycles/recyc_3/colab/2003532_1020_unrelaxed_rank_001_alphafold2_ptm_model_3_seed_000.pdb,84.11
4445,foldit_recycles/recyc_3/colab/2003455_0001_unrelaxed_rank_001_alphafold2_ptm_model_3_seed_000.pdb,86.0
4446,foldit_recycles/recyc_3/colab/2002613_0004_unrelaxed_rank_004_alphafold2_ptm_model_2_seed_000.pdb,79.65
4447,foldit_recycles/recyc_3/colab/2003485_S412_unrelaxed_rank_003_alphafold2_ptm_model_5_seed_000.pdb,78.38
4448,foldit_recycles/recyc_3/colab/2003308_0004_unrelaxed_rank_002_alphafold2_ptm_model_4_seed_000.pdb,87.42
4449,foldit_recycles/recyc_3/colab/2003414_1018_unrelaxed_rank_003_alphafold2_ptm_model_5_seed_000.pdb,85.16
4450,foldit_recycles/recyc_3/colab/2002553_s003_unrelaxed_rank_002_alphafold2_ptm_model_2_seed_000.pdb,83.63
4451,foldit_recycles/recyc_3/colab/2003455_0002_unrelaxed_rank_001_alphafold2_ptm_model_2_seed_000.pdb,78.37
4452,foldit_recycles/recyc_3/colab/2003205_0000_unrelaxed_rank_002_alphafold2_ptm_model_5_seed_000.pdb,88.75
4453,foldit_recycles/recyc_3/colab/2002613_0004_unrelaxed_rank_003_alphafold2_ptm_model_5_seed_000.pdb,80.09
4454,foldit_recycles/recyc_3/colab/2003285_s008_unrelaxed_rank_005_alphafold2_ptm_model_4_seed_000.pdb,87.02
4455,foldit_recycles/recyc_3/colab/2003048_s009_unrelaxed_rank_005_alphafold2_ptm_model_5_seed_000.pdb,77.66
4456,foldit_recycles/recyc_3/colab/2003048_s009_unrelaxed_rank_001_alphafold2_ptm_model_1_seed_000.pdb,83.39
4457,foldit_recycles/recyc_3/colab/2002745_0000_unrelaxed_rank_005_alphafold2_ptm_model_1_seed_000.pdb,86.54
4458,foldit_recycles/recyc_3/colab/2003245_0004_unrelaxed_rank_002_alphafold2_ptm_model_2_seed_000.pdb,90.33
4459,foldit_recycles/recyc_3/colab/2003205_S506_unrelaxed_rank_004_alphafold2_ptm_model_4_seed_000.pdb,81.97
4460,foldit_recycles/recyc_3/colab/2002308_0005_unrelaxed_rank_004_alphafold2_ptm_model_3_seed_000.pdb,68.08
4461,foldit_recycles/recyc_3/colab/2003265_0007_unrelaxed_rank_001_alphafold2_ptm_model_5_seed_000.pdb,90.32
4462,foldit_recycles/recyc_3/colab/2003285_s005_unrelaxed_rank_001_alphafold2_ptm_model_2_seed_000.pdb,84.38
4463,foldit_recycles/recyc_3/colab/2003382_0004_unrelaxed_rank_001_alphafold2_ptm_model_5_seed_000.pdb,78.19
4464,foldit_recycles/recyc_3/colab/997383_s346_unrelaxed_rank_002_alphafold2_ptm_model_5_seed_000.pdb,77.02
4465,foldit_recycles/recyc_3/colab/997523_1040_unrelaxed_rank_004_alphafold2_ptm_model_1_seed_000.pdb,90.67
4466,foldit_recycles/recyc_3/colab/2003285_s005_unrelaxed_rank_003_alphafold2_ptm_model_5_seed_000.pdb,83.69
4467,foldit_recycles/recyc_3/colab/2003594_S603_unrelaxed_rank_003_alphafold2_ptm_model_4_seed_000.pdb,71.2
4468,foldit_recycles/recyc_3/colab/2002544_0000_unrelaxed_rank_005_alphafold2_ptm_model_4_seed_000.pdb,84.46
4469,foldit_recycles/recyc_3/colab/2003265_S115_unrelaxed_rank_004_alphafold2_ptm_model_1_seed_000.pdb,89.31
4470,foldit_recycles/recyc_3/colab/2003205_0002_unrelaxed_rank_004_alphafold2_ptm_model_3_seed_000.pdb,90.12
4471,foldit_recycles/recyc_3/colab/2003382_0009_unrelaxed_rank_003_alphafold2_ptm_model_4_seed_000.pdb,53.6
4472,foldit_recycles/recyc_3/colab/2000240_s003_unrelaxed_rank_001_alphafold2_ptm_model_1_seed_000.pdb,69.42
4473,foldit_recycles/recyc_3/colab/2003455_0001_unrelaxed_rank_002_alphafold2_ptm_model_1_seed_000.pdb,85.37
4474,foldit_recycles/recyc_3/colab/2003245_S383_unrelaxed_rank_004_alphafold2_ptm_model_1_seed_000.pdb,90.83
4475,foldit_recycles/recyc_3/colab/2003382_0002_unrelaxed_rank_002_alphafold2_ptm_model_3_seed_000.pdb,81.78
4476,foldit_recycles/recyc_3/colab/2002766_0002_unrelaxed_rank_005_alphafold2_ptm_model_4_seed_000.pdb,86.69
4477,foldit_recycles/recyc_3/colab/2002469_S848_unrelaxed_rank_002_alphafold2_ptm_model_1_seed_000.pdb,74.1
4478,foldit_recycles/recyc_3/colab/2002745_0003_unrelaxed_rank_005_alphafold2_ptm_model_1_seed_000.pdb,87.68
4479,foldit_recycles/recyc_3/colab/2003048_s009_unrelaxed_rank_004_alphafold2_ptm_model_4_seed_000.pdb,79.51
4480,foldit_recycles/recyc_3/colab/2003360_s000_unrelaxed_rank_003_alphafold2_ptm_model_3_seed_000.pdb,84.08
4481,foldit_recycles/recyc_3/colab/2002469_0001_unrelaxed_rank_001_alphafold2_ptm_model_2_seed_000.pdb,88.11
4482,foldit_recycles/recyc_3/colab/2000240_0002_unrelaxed_rank_005_alphafold2_ptm_model_4_seed_000.pdb,82.94
4483,foldit_recycles/recyc_3/colab/2003532_1020_unrelaxed_rank_002_alphafold2_ptm_model_5_seed_000.pdb,83.92
4484,foldit_recycles/recyc_3/colab/2003265_S714_unrelaxed_rank_004_alphafold2_ptm_model_5_seed_000.pdb,76.76
4485,foldit_recycles/recyc_3/colab/1998555_1041_unrelaxed_rank_005_alphafold2_ptm_model_2_seed_000.pdb,69.82
4486,foldit_recycles/recyc_3/colab/2002544_0000_unrelaxed_rank_002_alphafold2_ptm_model_1_seed_000.pdb,86.83
4487,foldit_recycles/recyc_3/colab/2003333_0000_unrelaxed_rank_003_alphafold2_ptm_model_4_seed_000.pdb,87.63
4488,foldit_recycles/recyc_3/colab/2003360_s004_unrelaxed_rank_004_alphafold2_ptm_model_3_seed_000.pdb,89.0
4489,foldit_recycles/recyc_3/colab/2003485_0002_unrelaxed_rank_005_alphafold2_ptm_model_4_seed_000.pdb,88.1
4490,foldit_recycles/recyc_3/colab/2003333_0006_unrelaxed_rank_002_alphafold2_ptm_model_5_seed_000.pdb,93.49
4491,foldit_recycles/recyc_3/colab/2003532_1020_unrelaxed_rank_005_alphafold2_ptm_model_2_seed_000.pdb,82.87
4492,foldit_recycles/recyc_3/colab/2002565_0002_unrelaxed_rank_002_alphafold2_ptm_model_5_seed_000.pdb,85.01
4493,foldit_recycles/recyc_3/colab/2003455_S886_unrelaxed_rank_004_alphafold2_ptm_model_5_seed_000.pdb,77.82
4494,foldit_recycles/recyc_3/colab/2002990_1039_unrelaxed_rank_002_alphafold2_ptm_model_5_seed_000.pdb,86.41
4495,foldit_recycles/recyc_3/colab/2002308_0005_unrelaxed_rank_005_alphafold2_ptm_model_5_seed_000.pdb,66.13
4496,foldit_recycles/recyc_3/colab/2002565_0002_unrelaxed_rank_004_alphafold2_ptm_model_1_seed_000.pdb,83.13
4497,foldit_recycles/recyc_3/colab/2003265_s003_unrelaxed_rank_003_alphafold2_ptm_model_1_seed_000.pdb,85.07
4498,foldit_recycles/recyc_3/colab/997523_1003_unrelaxed_rank_003_alphafold2_ptm_model_4_seed_000.pdb,75.39
4499,foldit_recycles/recyc_3/colab/2003205_1035_unrelaxed_rank_002_alphafold2_ptm_model_1_seed_000.pdb,70.07
4500,foldit_recycles/recyc_3/colab/2002990_1031_unrelaxed_rank_001_alphafold2_ptm_model_1_seed_000.pdb,83.79
4501,foldit_recycles/recyc_3/colab/2002243_1016_unrelaxed_rank_003_alphafold2_ptm_model_1_seed_000.pdb,86.12
4502,foldit_recycles/recyc_3/colab/2003205_0000_unrelaxed_rank_001_alphafold2_ptm_model_4_seed_000.pdb,89.63
4503,foldit_recycles/recyc_3/colab/2002766_0000_unrelaxed_rank_002_alphafold2_ptm_model_1_seed_000.pdb,88.26
4504,foldit_recycles/recyc_3/colab/2002376_0000_unrelaxed_rank_002_alphafold2_ptm_model_1_seed_000.pdb,75.5
4505,foldit_recycles/recyc_3/colab/2002745_0004_unrelaxed_rank_004_alphafold2_ptm_model_1_seed_000.pdb,88.48
4506,foldit_recycles/recyc_3/colab/1998520_0002_unrelaxed_rank_002_alphafold2_ptm_model_2_seed_000.pdb,75.43
4507,foldit_recycles/recyc_3/colab/2003360_s002_unrelaxed_rank_003_alphafold2_ptm_model_5_seed_000.pdb,85.38
4508,foldit_recycles/recyc_3/colab/2003333_0005_unrelaxed_rank_003_alphafold2_ptm_model_1_seed_000.pdb,83.42
4509,foldit_recycles/recyc_3/colab/2003485_S412_unrelaxed_rank_005_alphafold2_ptm_model_2_seed_000.pdb,76.5
4510,foldit_recycles/recyc_3/colab/2002334_0005_unrelaxed_rank_001_alphafold2_ptm_model_1_seed_000.pdb,88.66
4511,foldit_recycles/recyc_3/colab/997258_0001_unrelaxed_rank_004_alphafold2_ptm_model_4_seed_000.pdb,76.16
4512,foldit_recycles/recyc_3/colab/2003594_S603_unrelaxed_rank_001_alphafold2_ptm_model_1_seed_000.pdb,88.95
4513,foldit_recycles/recyc_3/colab/2003265_0007_unrelaxed_rank_002_alphafold2_ptm_model_2_seed_000.pdb,89.98
4514,foldit_recycles/recyc_3/colab/2000240_0002_unrelaxed_rank_002_alphafold2_ptm_model_1_seed_000.pdb,83.36
4515,foldit_recycles/recyc_3/colab/2002486_1012_unrelaxed_rank_004_alphafold2_ptm_model_4_seed_000.pdb,82.17
4516,foldit_recycles/recyc_3/colab/2002089_0001_unrelaxed_rank_005_alphafold2_ptm_model_3_seed_000.pdb,59.44
4517,foldit_recycles/recyc_3/colab/2002766_0001_unrelaxed_rank_004_alphafold2_ptm_model_1_seed_000.pdb,91.55
4518,foldit_recycles/recyc_3/colab/2002308_0000_unrelaxed_rank_005_alphafold2_ptm_model_5_seed_000.pdb,67.27
4519,foldit_recycles/recyc_3/colab/1998469_0000_unrelaxed_rank_002_alphafold2_ptm_model_5_seed_000.pdb,80.38
4520,foldit_recycles/recyc_3/colab/2001044_0000_unrelaxed_rank_005_alphafold2_ptm_model_4_seed_000.pdb,87.08
4521,foldit_recycles/recyc_3/colab/2003485_S412_unrelaxed_rank_001_alphafold2_ptm_model_4_seed_000.pdb,80.87
4522,foldit_recycles/recyc_3/colab/2001044_0000_unrelaxed_rank_004_alphafold2_ptm_model_3_seed_000.pdb,87.58
4523,foldit_recycles/recyc_3/colab/2003048_1050_unrelaxed_rank_003_alphafold2_ptm_model_1_seed_000.pdb,85.83
4524,foldit_recycles/recyc_3/colab/1998925_s005_unrelaxed_rank_003_alphafold2_ptm_model_4_seed_000.pdb,71.85
4525,foldit_recycles/recyc_3/colab/2000485_1070_unrelaxed_rank_002_alphafold2_ptm_model_1_seed_000.pdb,47.6
4526,foldit_recycles/recyc_3/colab/997258_0004_unrelaxed_rank_004_alphafold2_ptm_model_5_seed_000.pdb,84.68
4527,foldit_recycles/recyc_3/colab/2003333_1013_unrelaxed_rank_003_alphafold2_ptm_model_2_seed_000.pdb,54.45
4528,foldit_recycles/recyc_3/colab/2002990_0006_unrelaxed_rank_001_alphafold2_ptm_model_3_seed_000.pdb,87.66
4529,foldit_recycles/recyc_3/colab/2003205_0008_unrelaxed_rank_003_alphafold2_ptm_model_3_seed_000.pdb,74.7
4530,foldit_recycles/recyc_3/colab/2003360_1013_unrelaxed_rank_001_alphafold2_ptm_model_1_seed_000.pdb,85.6
4531,foldit_recycles/recyc_3/colab/2003382_0002_unrelaxed_rank_004_alphafold2_ptm_model_4_seed_000.pdb,79.55
4532,foldit_recycles/recyc_3/colab/2002787_0005_unrelaxed_rank_004_alphafold2_ptm_model_3_seed_000.pdb,80.46
4533,foldit_recycles/recyc_3/colab/2003205_S722_unrelaxed_rank_002_alphafold2_ptm_model_3_seed_000.pdb,76.46
4534,foldit_recycles/recyc_3/colab/2003333_0005_unrelaxed_rank_005_alphafold2_ptm_model_3_seed_000.pdb,79.03
4535,foldit_recycles/recyc_3/colab/2002308_S695_unrelaxed_rank_004_alphafold2_ptm_model_2_seed_000.pdb,55.58
4536,foldit_recycles/recyc_3/colab/2003245_0004_unrelaxed_rank_003_alphafold2_ptm_model_1_seed_000.pdb,89.87
4537,foldit_recycles/recyc_3/colab/997523_0000_unrelaxed_rank_004_alphafold2_ptm_model_5_seed_000.pdb,78.01
4538,foldit_recycles/recyc_3/colab/2000240_0002_unrelaxed_rank_004_alphafold2_ptm_model_5_seed_000.pdb,82.92
4539,foldit_recycles/recyc_3/colab/2003485_0000_unrelaxed_rank_001_alphafold2_ptm_model_1_seed_000.pdb,84.17
4540,foldit_recycles/recyc_3/colab/2003382_s005_unrelaxed_rank_005_alphafold2_ptm_model_2_seed_000.pdb,72.89
4541,foldit_recycles/recyc_3/colab/2000485_1070_unrelaxed_rank_005_alphafold2_ptm_model_4_seed_000.pdb,38.71
4542,foldit_recycles/recyc_3/colab/2002922_1018_unrelaxed_rank_004_alphafold2_ptm_model_4_seed_000.pdb,81.4
4543,foldit_recycles/recyc_3/colab/1998520_0002_unrelaxed_rank_003_alphafold2_ptm_model_1_seed_000.pdb,64.43
4544,foldit_recycles/recyc_3/colab/2002949_0000_unrelaxed_rank_004_alphafold2_ptm_model_5_seed_000.pdb,86.14
4545,foldit_recycles/recyc_3/colab/2003594_0000_unrelaxed_rank_003_alphafold2_ptm_model_5_seed_000.pdb,92.34
4546,foldit_recycles/recyc_3/colab/2003205_0008_unrelaxed_rank_002_alphafold2_ptm_model_2_seed_000.pdb,81.82
4547,foldit_recycles/recyc_3/colab/2002308_S695_unrelaxed_rank_001_alphafold2_ptm_model_1_seed_000.pdb,61.02
4548,foldit_recycles/recyc_3/colab/2003205_0006_unrelaxed_rank_002_alphafold2_ptm_model_1_seed_000.pdb,70.0
4549,foldit_recycles/recyc_3/colab/2002745_0004_unrelaxed_rank_005_alphafold2_ptm_model_4_seed_000.pdb,86.45
4550,foldit_recycles/recyc_3/colab/1998555_1041_unrelaxed_rank_002_alphafold2_ptm_model_4_seed_000.pdb,72.73
4551,foldit_recycles/recyc_3/colab/2003048_S697_unrelaxed_rank_005_alphafold2_ptm_model_3_seed_000.pdb,79.34
4552,foldit_recycles/recyc_3/colab/2003360_s000_unrelaxed_rank_004_alphafold2_ptm_model_2_seed_000.pdb,84.07
4553,foldit_recycles/recyc_3/colab/2003169_s001_unrelaxed_rank_002_alphafold2_ptm_model_2_seed_000.pdb,83.06
4554,foldit_recycles/recyc_3/colab/2003265_s005_unrelaxed_rank_001_alphafold2_ptm_model_1_seed_000.pdb,88.78
4555,foldit_recycles/recyc_3/colab/2002469_S848_unrelaxed_rank_001_alphafold2_ptm_model_2_seed_000.pdb,75.98
4556,foldit_recycles/recyc_3/colab/2003455_1023_unrelaxed_rank_002_alphafold2_ptm_model_1_seed_000.pdb,89.9
4557,foldit_recycles/recyc_3/colab/997523_0008_unrelaxed_rank_002_alphafold2_ptm_model_3_seed_000.pdb,90.35
4558,foldit_recycles/recyc_3/colab/2002745_0008_unrelaxed_rank_005_alphafold2_ptm_model_5_seed_000.pdb,87.25
4559,foldit_recycles/recyc_3/colab/2002376_0003_unrelaxed_rank_002_alphafold2_ptm_model_1_seed_000.pdb,75.58
4560,foldit_recycles/recyc_3/colab/2002553_0000_unrelaxed_rank_004_alphafold2_ptm_model_1_seed_000.pdb,73.52
4561,foldit_recycles/recyc_3/colab/2002990_1039_unrelaxed_rank_005_alphafold2_ptm_model_2_seed_000.pdb,83.5
4562,foldit_recycles/recyc_3/colab/2003048_S697_unrelaxed_rank_003_alphafold2_ptm_model_4_seed_000.pdb,81.3
4563,foldit_recycles/recyc_3/colab/2003360_s002_unrelaxed_rank_001_alphafold2_ptm_model_2_seed_000.pdb,88.99
4564,foldit_recycles/recyc_3/colab/2003333_s003_unrelaxed_rank_001_alphafold2_ptm_model_3_seed_000.pdb,85.66
4565,foldit_recycles/recyc_3/colab/2002565_0002_unrelaxed_rank_003_alphafold2_ptm_model_4_seed_000.pdb,84.91
4566,foldit_recycles/recyc_3/colab/2003594_S028_unrelaxed_rank_003_alphafold2_ptm_model_4_seed_000.pdb,90.58
4567,foldit_recycles/recyc_3/colab/2003455_0001_unrelaxed_rank_003_alphafold2_ptm_model_4_seed_000.pdb,84.89
4568,foldit_recycles/recyc_3/colab/2003265_s005_unrelaxed_rank_004_alphafold2_ptm_model_3_seed_000.pdb,87.78
4569,foldit_recycles/recyc_3/colab/997523_0008_unrelaxed_rank_005_alphafold2_ptm_model_4_seed_000.pdb,88.76
4570,foldit_recycles/recyc_3/colab/2003205_s002_unrelaxed_rank_004_alphafold2_ptm_model_1_seed_000.pdb,87.82
4571,foldit_recycles/recyc_3/colab/2003382_1021_unrelaxed_rank_002_alphafold2_ptm_model_4_seed_000.pdb,83.2
4572,foldit_recycles/recyc_3/colab/997258_0004_unrelaxed_rank_002_alphafold2_ptm_model_4_seed_000.pdb,85.99
4573,foldit_recycles/recyc_3/colab/2002486_1012_unrelaxed_rank_005_alphafold2_ptm_model_5_seed_000.pdb,81.3
4574,foldit_recycles/recyc_3/colab/2003360_0005_unrelaxed_rank_001_alphafold2_ptm_model_5_seed_000.pdb,91.29
4575,foldit_recycles/recyc_3/colab/2003382_s005_unrelaxed_rank_002_alphafold2_ptm_model_5_seed_000.pdb,76.25
4576,foldit_recycles/recyc_3/colab/2003245_S383_unrelaxed_rank_002_alphafold2_ptm_model_2_seed_000.pdb,91.66
4577,foldit_recycles/recyc_3/colab/2002713_0000_unrelaxed_rank_005_alphafold2_ptm_model_4_seed_000.pdb,78.32
4578,foldit_recycles/recyc_3/colab/2003532_0000_unrelaxed_rank_004_alphafold2_ptm_model_3_seed_000.pdb,83.85
4579,foldit_recycles/recyc_3/colab/2000518_0003_unrelaxed_rank_001_alphafold2_ptm_model_5_seed_000.pdb,85.7
4580,foldit_recycles/recyc_3/colab/2003048_0005_unrelaxed_rank_002_alphafold2_ptm_model_3_seed_000.pdb,76.48
4581,foldit_recycles/recyc_3/colab/2000240_s003_unrelaxed_rank_005_alphafold2_ptm_model_4_seed_000.pdb,61.49
4582,foldit_recycles/recyc_3/colab/2002713_1006_unrelaxed_rank_004_alphafold2_ptm_model_4_seed_000.pdb,89.48
4583,foldit_recycles/recyc_3/colab/2002565_0002_unrelaxed_rank_005_alphafold2_ptm_model_2_seed_000.pdb,77.67
4584,foldit_recycles/recyc_3/colab/2002745_0001_unrelaxed_rank_003_alphafold2_ptm_model_5_seed_000.pdb,85.3
4585,foldit_recycles/recyc_3/colab/997523_0000_unrelaxed_rank_005_alphafold2_ptm_model_2_seed_000.pdb,75.96
4586,foldit_recycles/recyc_3/colab/2003532_1022_unrelaxed_rank_003_alphafold2_ptm_model_1_seed_000.pdb,79.97
4587,foldit_recycles/recyc_3/colab/2002766_0002_unrelaxed_rank_002_alphafold2_ptm_model_1_seed_000.pdb,88.33
