,tm_score,sample_path,rmsd,rmsd_tm,plddt,pct_helix,pct_strand,pct_coil
0,0.7959014340653998,./colab_comb/H5_fold-0-Ana_unrelaxed_rank_001_alphafold2_ptm_model_3_seed_000.pdb,1.7991933679303735,1.9095491797362598,90.21,0.8351648351648352,0.0,0.16483516483516483
1,0.8074047147975717,./colab_comb/H5_fold-0-Ana_unrelaxed_rank_002_alphafold2_ptm_model_2_seed_000.pdb,1.7300889012825944,1.84640838366041,89.45,0.8351648351648352,0.0,0.16483516483516483
2,0.8117493130946787,./colab_comb/H5_fold-0-Ana_unrelaxed_rank_003_alphafold2_ptm_model_1_seed_000.pdb,1.6716887821791617,1.7998759084165121,88.64,0.8351648351648352,0.0,0.16483516483516483
3,0.845466569710167,./colab_comb/H5_fold-0-Ana_unrelaxed_rank_004_alphafold2_ptm_model_5_seed_000.pdb,1.4104834474723662,1.5960316542151323,88.39,0.8351648351648352,0.0,0.16483516483516483
4,0.8188570978325239,./colab_comb/H5_fold-0-Ana_unrelaxed_rank_005_alphafold2_ptm_model_4_seed_000.pdb,1.6337779628757874,1.743331887782849,88.04,0.8351648351648352,0.0,0.16483516483516483
5,0.8078657876436072,./colab_comb/H5_fold-0-Bill_unrelaxed_rank_001_alphafold2_ptm_model_3_seed_000.pdb,1.7576535783450447,1.8154843330749983,91.39,0.8241758241758241,0.0,0.17582417582417584
6,0.835204038906123,./colab_comb/H5_fold-0-Bill_unrelaxed_rank_002_alphafold2_ptm_model_2_seed_000.pdb,1.5176935427506582,1.6707629423473611,88.35,0.8241758241758241,0.0,0.17582417582417584
7,0.8402263699831295,./colab_comb/H5_fold-0-Bill_unrelaxed_rank_003_alphafold2_ptm_model_1_seed_000.pdb,1.4779597157032072,1.6318364928179865,88.29,0.8241758241758241,0.0,0.17582417582417584
8,0.8214254195242178,./colab_comb/H5_fold-0-Bill_unrelaxed_rank_004_alphafold2_ptm_model_5_seed_000.pdb,1.6419699641499799,1.7095120288233143,87.46,0.8351648351648352,0.0,0.16483516483516483
9,0.8503551830210665,./colab_comb/H5_fold-0-Bill_unrelaxed_rank_005_alphafold2_ptm_model_4_seed_000.pdb,1.4071030462590668,1.5384953330260953,87.09,0.8241758241758241,0.0,0.17582417582417584
10,0.9397434493595038,./colab_comb/H5_fold-0-Chantal_unrelaxed_rank_001_alphafold2_ptm_model_3_seed_000.pdb,0.8095513858607164,0.8959752821019553,93.97,0.8351648351648352,0.0,0.16483516483516483
11,0.9367314987779283,./colab_comb/H5_fold-0-Chantal_unrelaxed_rank_002_alphafold2_ptm_model_2_seed_000.pdb,0.8371806972103809,0.9143772852826176,91.63,0.8351648351648352,0.0,0.16483516483516483
12,0.940090726719858,./colab_comb/H5_fold-0-Chantal_unrelaxed_rank_003_alphafold2_ptm_model_5_seed_000.pdb,0.8071066927881666,0.890536318541167,91.07,0.8351648351648352,0.0,0.16483516483516483
13,0.9459002803864928,./colab_comb/H5_fold-0-Chantal_unrelaxed_rank_004_alphafold2_ptm_model_1_seed_000.pdb,0.7607832979705192,0.8421051636772592,90.52,0.8351648351648352,0.0,0.16483516483516483
14,0.9386561111092868,./colab_comb/H5_fold-0-Chantal_unrelaxed_rank_005_alphafold2_ptm_model_4_seed_000.pdb,0.8226399370048945,0.9029489476505813,90.12,0.8351648351648352,0.0,0.16483516483516483
15,0.9420667518548689,./colab_comb/H5_fold-0-Chris_unrelaxed_rank_001_alphafold2_ptm_model_2_seed_000.pdb,0.79153362736705,0.8743815352876378,90.13,0.8351648351648352,0.0,0.16483516483516483
16,0.9457653517922077,./colab_comb/H5_fold-0-Chris_unrelaxed_rank_002_alphafold2_ptm_model_1_seed_000.pdb,0.7431739074247363,0.8497411865652347,89.59,0.8351648351648352,0.0,0.16483516483516483
17,0.9217477030294471,./colab_comb/H5_fold-0-Chris_unrelaxed_rank_003_alphafold2_ptm_model_3_seed_000.pdb,0.897725600787064,1.0516317199382428,88.34,0.8351648351648352,0.0,0.16483516483516483
18,0.9377043507770241,./colab_comb/H5_fold-0-Chris_unrelaxed_rank_004_alphafold2_ptm_model_5_seed_000.pdb,0.7972293774074679,0.9254649382553698,88.11,0.8351648351648352,0.0,0.16483516483516483
19,0.9231633804212174,./colab_comb/H5_fold-0-Chris_unrelaxed_rank_005_alphafold2_ptm_model_4_seed_000.pdb,0.916704890525984,1.0448984427159886,87.72,0.8351648351648352,0.0,0.16483516483516483
20,0.9190638205768807,./colab_comb/H5_fold-0-Danny_unrelaxed_rank_001_alphafold2_ptm_model_3_seed_000.pdb,0.9847819557877819,1.115191340859993,91.69,0.8241758241758241,0.0,0.17582417582417584
21,0.9001838650008162,./colab_comb/H5_fold-0-Danny_unrelaxed_rank_002_alphafold2_ptm_model_2_seed_000.pdb,1.1090664793103546,1.2661515732798239,90.69,0.8241758241758241,0.0,0.17582417582417584
22,0.8967085718050027,./colab_comb/H5_fold-0-Danny_unrelaxed_rank_003_alphafold2_ptm_model_5_seed_000.pdb,1.1221032777669697,1.2390179292677332,89.76,0.8241758241758241,0.0,0.17582417582417584
23,0.8897267248703399,./colab_comb/H5_fold-0-Danny_unrelaxed_rank_004_alphafold2_ptm_model_4_seed_000.pdb,1.187654436177996,1.3923575637867913,89.11,0.8241758241758241,0.0,0.17582417582417584
24,0.9273396334037157,./colab_comb/H5_fold-0-Danny_unrelaxed_rank_005_alphafold2_ptm_model_1_seed_000.pdb,0.9164890378859805,1.047140621136246,88.68,0.8241758241758241,0.0,0.17582417582417584
25,0.9440751788098141,./colab_comb/H5_fold-0-Elsa_unrelaxed_rank_001_alphafold2_ptm_model_2_seed_000.pdb,0.7721477246189731,0.9654555468512122,90.64,0.8241758241758241,0.0,0.17582417582417584
26,0.9299847452373139,./colab_comb/H5_fold-0-Elsa_unrelaxed_rank_002_alphafold2_ptm_model_5_seed_000.pdb,0.8905391715538168,1.0590245393076667,89.58,0.8241758241758241,0.0,0.17582417582417584
27,0.927903062369112,./colab_comb/H5_fold-0-Elsa_unrelaxed_rank_003_alphafold2_ptm_model_4_seed_000.pdb,0.9035116953866559,1.0684273842851872,89.11,0.8241758241758241,0.0,0.17582417582417584
28,0.9413626702974673,./colab_comb/H5_fold-0-Elsa_unrelaxed_rank_004_alphafold2_ptm_model_1_seed_000.pdb,0.7857348558659792,1.0103724985467977,89.15,0.8241758241758241,0.0,0.17582417582417584
29,0.9394187006758563,./colab_comb/H5_fold-0-Elsa_unrelaxed_rank_005_alphafold2_ptm_model_3_seed_000.pdb,0.8135598824364749,0.8916445069953848,88.46,0.8241758241758241,0.0,0.17582417582417584
30,0.9538986673163286,./colab_comb/H5_fold-0-Fay_unrelaxed_rank_001_alphafold2_ptm_model_3_seed_000.pdb,0.6989450144564702,0.7663164983434839,91.85,0.8351648351648352,0.0,0.16483516483516483
31,0.9463429389645259,./colab_comb/H5_fold-0-Fay_unrelaxed_rank_002_alphafold2_ptm_model_5_seed_000.pdb,0.7564300634766429,0.8394960229282479,90.54,0.8241758241758241,0.0,0.17582417582417584
32,0.9385579461800149,./colab_comb/H5_fold-0-Fay_unrelaxed_rank_003_alphafold2_ptm_model_2_seed_000.pdb,0.8055343338600254,0.9530536876902564,89.38,0.8131868131868132,0.0,0.18681318681318682
33,0.9403568595644324,./colab_comb/H5_fold-0-Fay_unrelaxed_rank_004_alphafold2_ptm_model_4_seed_000.pdb,0.8038965194531273,0.8881504927887546,88.81,0.8351648351648352,0.0,0.16483516483516483
34,0.8643762633501805,./colab_comb/H5_fold-0-Fay_unrelaxed_rank_005_alphafold2_ptm_model_1_seed_000.pdb,1.3058845691282317,1.5914841128610353,84.1,0.7802197802197802,0.0,0.21978021978021978
35,0.9104197526561048,./colab_comb/H5_fold-0-Flanklin_unrelaxed_rank_001_alphafold2_ptm_model_3_seed_000.pdb,1.016124467903539,1.1407930797682508,91.17,0.8351648351648352,0.0,0.16483516483516483
36,0.9004815092337621,./colab_comb/H5_fold-0-Flanklin_unrelaxed_rank_002_alphafold2_ptm_model_2_seed_000.pdb,1.0965298023528085,1.245676357479914,90.16,0.8131868131868132,0.0,0.18681318681318682
37,0.8867766949124896,./colab_comb/H5_fold-0-Flanklin_unrelaxed_rank_003_alphafold2_ptm_model_5_seed_000.pdb,1.1826077132763628,1.3218875678783133,88.17,0.8351648351648352,0.0,0.16483516483516483
38,0.896201087741158,./colab_comb/H5_fold-0-Flanklin_unrelaxed_rank_004_alphafold2_ptm_model_4_seed_000.pdb,1.1216728241900566,1.2536883735341864,88.16,0.8351648351648352,0.0,0.16483516483516483
39,0.903019905962119,./colab_comb/H5_fold-0-Flanklin_unrelaxed_rank_005_alphafold2_ptm_model_1_seed_000.pdb,1.077016623960991,1.2209915094960369,87.92,0.8241758241758241,0.0,0.17582417582417584
40,0.8024086700914236,./colab_comb/H5_fold-0-Hermine_unrelaxed_rank_001_alphafold2_ptm_model_4_seed_000.pdb,1.7667674860986573,1.8497041772469667,85.74,0.8351648351648352,0.0,0.16483516483516483
41,0.7945915563704822,./colab_comb/H5_fold-0-Hermine_unrelaxed_rank_002_alphafold2_ptm_model_3_seed_000.pdb,2.039005468378607,1.9596411402636567,85.69,0.8351648351648352,0.0,0.16483516483516483
42,0.8033553921305063,./colab_comb/H5_fold-0-Hermine_unrelaxed_rank_003_alphafold2_ptm_model_5_seed_000.pdb,1.7841142642843377,1.920344364271922,85.15,0.8351648351648352,0.0,0.16483516483516483
43,0.8558298175737625,./colab_comb/H5_fold-0-Hermine_unrelaxed_rank_004_alphafold2_ptm_model_1_seed_000.pdb,1.3360008719661325,1.5150153402352264,85.13,0.8351648351648352,0.0,0.16483516483516483
44,0.8473013165991753,./colab_comb/H5_fold-0-Hermine_unrelaxed_rank_005_alphafold2_ptm_model_2_seed_000.pdb,1.4019149559757509,1.572166670623354,83.87,0.8351648351648352,0.0,0.16483516483516483
45,0.8700405662955516,./colab_comb/H5_fold-0-Larry_unrelaxed_rank_001_alphafold2_ptm_model_3_seed_000.pdb,1.2723827752257968,1.3918186614579182,91.47,0.8351648351648352,0.0,0.16483516483516483
46,0.8727275695819798,./colab_comb/H5_fold-0-Larry_unrelaxed_rank_002_alphafold2_ptm_model_2_seed_000.pdb,1.2614564234805519,1.371312928620912,90.96,0.8241758241758241,0.0,0.17582417582417584
47,0.872309401217695,./colab_comb/H5_fold-0-Larry_unrelaxed_rank_003_alphafold2_ptm_model_1_seed_000.pdb,1.260054216993358,1.3710393584263643,89.51,0.8241758241758241,0.0,0.17582417582417584
48,0.8618370056053217,./colab_comb/H5_fold-0-Larry_unrelaxed_rank_004_alphafold2_ptm_model_5_seed_000.pdb,1.3292830489507947,1.4377849998847687,88.92,0.8351648351648352,0.0,0.16483516483516483
49,0.8559866755465603,./colab_comb/H5_fold-0-Larry_unrelaxed_rank_005_alphafold2_ptm_model_4_seed_000.pdb,1.3632839563576293,1.4703584505954803,87.75,0.8351648351648352,0.0,0.16483516483516483
50,0.8889933519437028,./colab_comb/H6_fold-C-Cyrus_unrelaxed_rank_001_alphafold2_ptm_model_3_seed_000.pdb,1.324088470527503,1.547060413901512,91.51,0.8407079646017699,0.0,0.1592920353982301
51,0.8755363782196307,./colab_comb/H6_fold-C-Cyrus_unrelaxed_rank_002_alphafold2_ptm_model_2_seed_000.pdb,1.4249169151391456,1.6517010664185707,90.81,0.8407079646017699,0.0,0.1592920353982301
52,0.8559049242412623,./colab_comb/H6_fold-C-Cyrus_unrelaxed_rank_003_alphafold2_ptm_model_5_seed_000.pdb,1.5535482538056702,1.7756545813517977,90.23,0.8495575221238938,0.0,0.1504424778761062
53,0.8854920825717453,./colab_comb/H6_fold-C-Cyrus_unrelaxed_rank_004_alphafold2_ptm_model_1_seed_000.pdb,1.34984692633324,1.554523960931781,89.7,0.8407079646017699,0.0,0.1592920353982301
54,0.891958079534459,./colab_comb/H6_fold-C-Cyrus_unrelaxed_rank_005_alphafold2_ptm_model_4_seed_000.pdb,1.3012540908596628,1.5378340226272207,88.68,0.8495575221238938,0.0,0.1504424778761062
55,0.9045982906228781,./colab_comb/H6_fold-C-Dan_unrelaxed_rank_001_alphafold2_ptm_model_3_seed_000.pdb,1.2145996294142518,1.3144772450053652,92.81,0.8495575221238938,0.0,0.1504424778761062
56,0.9279064888345506,./colab_comb/H6_fold-C-Dan_unrelaxed_rank_002_alphafold2_ptm_model_2_seed_000.pdb,1.0251700617483286,1.1363432088226046,92.57,0.8495575221238938,0.0,0.1504424778761062
57,0.9046163973276041,./colab_comb/H6_fold-C-Dan_unrelaxed_rank_003_alphafold2_ptm_model_5_seed_000.pdb,1.2089806390272047,1.3188654860822502,91.1,0.8495575221238938,0.0,0.1504424778761062
58,0.9281074626723822,./colab_comb/H6_fold-C-Dan_unrelaxed_rank_004_alphafold2_ptm_model_1_seed_000.pdb,1.0289996117856721,1.127108011818583,91.08,0.8584070796460177,0.0,0.1415929203539823
59,0.9109708868829393,./colab_comb/H6_fold-C-Dan_unrelaxed_rank_005_alphafold2_ptm_model_4_seed_000.pdb,1.1663892085137328,1.2688281559253398,90.98,0.8495575221238938,0.0,0.1504424778761062
60,0.8916053544566446,./colab_comb/H6_fold-C-Max_unrelaxed_rank_001_alphafold2_ptm_model_2_seed_000.pdb,1.295119335535872,1.404971454670978,92.41,0.8495575221238938,0.0,0.1504424778761062
61,0.9007970437184223,./colab_comb/H6_fold-C-Max_unrelaxed_rank_002_alphafold2_ptm_model_3_seed_000.pdb,1.233464196021141,1.3360088785366675,92.24,0.8407079646017699,0.0,0.1592920353982301
62,0.8917938095102881,./colab_comb/H6_fold-C-Max_unrelaxed_rank_003_alphafold2_ptm_model_5_seed_000.pdb,1.2890509467562679,1.4104615203599984,91.83,0.8495575221238938,0.0,0.1504424778761062
63,0.9062612587416886,./colab_comb/H6_fold-C-Max_unrelaxed_rank_004_alphafold2_ptm_model_1_seed_000.pdb,1.1882665250416247,1.2949174908042007,90.87,0.8495575221238938,0.0,0.1504424778761062
64,0.9019228817962304,./colab_comb/H6_fold-C-Max_unrelaxed_rank_005_alphafold2_ptm_model_4_seed_000.pdb,1.2240686512722458,1.323301120286152,90.41,0.8495575221238938,0.0,0.1504424778761062
65,0.9167190142359755,./colab_comb/H6_fold-C-Melvin_unrelaxed_rank_001_alphafold2_ptm_model_5_seed_000.pdb,1.0716408258373082,1.2480954185687398,89.79,0.8584070796460177,0.0,0.1415929203539823
66,0.9166862238769734,./colab_comb/H6_fold-C-Melvin_unrelaxed_rank_002_alphafold2_ptm_model_3_seed_000.pdb,1.0880404800270111,1.3461994976071474,89.13,0.8495575221238938,0.0,0.1504424778761062
67,0.9351536636437549,./colab_comb/H6_fold-C-Melvin_unrelaxed_rank_003_alphafold2_ptm_model_1_seed_000.pdb,0.9509343925220202,1.066802335135437,87.59,0.8495575221238938,0.0,0.1504424778761062
68,0.9229609568310179,./colab_comb/H6_fold-C-Melvin_unrelaxed_rank_004_alphafold2_ptm_model_4_seed_000.pdb,1.0394979588595015,1.2762086090935445,87.41,0.8584070796460177,0.0,0.1415929203539823
69,0.944635742842015,./colab_comb/H6_fold-C-Melvin_unrelaxed_rank_005_alphafold2_ptm_model_2_seed_000.pdb,0.8426776660229823,0.9952933150855031,84.45,0.8495575221238938,0.0,0.1504424778761062
70,0.8805955956370413,./colab_comb/H6_fold-C-Moca_unrelaxed_rank_001_alphafold2_ptm_model_3_seed_000.pdb,1.3844495095089897,1.5373147767314328,95.01,0.8584070796460177,0.0,0.1415929203539823
71,0.8892374111985923,./colab_comb/H6_fold-C-Moca_unrelaxed_rank_002_alphafold2_ptm_model_2_seed_000.pdb,1.320937054168181,1.4544760987222238,94.26,0.8495575221238938,0.0,0.1504424778761062
72,0.8884453330435887,./colab_comb/H6_fold-C-Moca_unrelaxed_rank_003_alphafold2_ptm_model_5_seed_000.pdb,1.3283204335809309,1.455132018384731,93.88,0.8407079646017699,0.0,0.1592920353982301
73,0.8962904966965809,./colab_comb/H6_fold-C-Moca_unrelaxed_rank_004_alphafold2_ptm_model_1_seed_000.pdb,1.2693004879503533,1.398830546104108,92.65,0.8495575221238938,0.0,0.1504424778761062
74,0.8818860848819444,./colab_comb/H6_fold-C-Moca_unrelaxed_rank_005_alphafold2_ptm_model_4_seed_000.pdb,1.3802779850376723,1.5068497976882316,91.72,0.8495575221238938,0.0,0.1504424778761062
75,0.9069745063268648,./colab_comb/H6_fold-C-Paul_unrelaxed_rank_001_alphafold2_ptm_model_3_seed_000.pdb,1.1583463194432977,1.3152729325732808,91.41,0.8495575221238938,0.0,0.1504424778761062
76,0.9125771639556645,./colab_comb/H6_fold-C-Paul_unrelaxed_rank_002_alphafold2_ptm_model_5_seed_000.pdb,1.1121002099670176,1.2728317162567633,88.82,0.8495575221238938,0.0,0.1504424778761062
77,0.9055876914595248,./colab_comb/H6_fold-C-Paul_unrelaxed_rank_003_alphafold2_ptm_model_2_seed_000.pdb,1.173274391478492,1.3151238411173722,88.76,0.8495575221238938,0.0,0.1504424778761062
78,0.9098928867814976,./colab_comb/H6_fold-C-Paul_unrelaxed_rank_004_alphafold2_ptm_model_4_seed_000.pdb,1.1397462368020992,1.2802167680408347,88.08,0.8495575221238938,0.0,0.1504424778761062
79,0.9017248249599901,./colab_comb/H6_fold-C-Paul_unrelaxed_rank_005_alphafold2_ptm_model_1_seed_000.pdb,1.2036261972046545,1.3389899399815686,86.31,0.8495575221238938,0.0,0.1504424778761062
80,0.9122733457408642,./colab_comb/H6_fold-C-Rei_unrelaxed_rank_001_alphafold2_ptm_model_3_seed_000.pdb,1.0965588649543467,1.4132168823292584,92.62,0.8407079646017699,0.0,0.1592920353982301
81,0.9343528612545597,./colab_comb/H6_fold-C-Rei_unrelaxed_rank_002_alphafold2_ptm_model_5_seed_000.pdb,0.9049541649774815,1.1433519675782264,91.15,0.8672566371681416,0.0,0.13274336283185842
82,0.9231619144511791,./colab_comb/H6_fold-C-Rei_unrelaxed_rank_003_alphafold2_ptm_model_2_seed_000.pdb,1.0175266289997273,1.391961211890128,91.07,0.8407079646017699,0.0,0.1592920353982301
83,0.9245411164401636,./colab_comb/H6_fold-C-Rei_unrelaxed_rank_004_alphafold2_ptm_model_4_seed_000.pdb,1.002417286207678,1.3610595198775346,90.31,0.8407079646017699,0.0,0.1592920353982301
84,0.9506104011410809,./colab_comb/H6_fold-C-Rei_unrelaxed_rank_005_alphafold2_ptm_model_1_seed_000.pdb,0.762717684648483,0.9605867814817814,88.72,0.8495575221238938,0.0,0.1504424778761062
85,0.9350776135865533,./colab_comb/H6_fold-U-Cacyd_unrelaxed_rank_001_alphafold2_ptm_model_3_seed_000.pdb,0.9587568537379886,1.0840269065286217,91.31,0.8508771929824561,0.0,0.14912280701754385
86,0.9312882674375839,./colab_comb/H6_fold-U-Cacyd_unrelaxed_rank_002_alphafold2_ptm_model_1_seed_000.pdb,0.9867644276637795,1.1336966620810394,89.91,0.8596491228070176,0.0,0.14035087719298245
87,0.9334024374818682,./colab_comb/H6_fold-U-Cacyd_unrelaxed_rank_003_alphafold2_ptm_model_2_seed_000.pdb,0.9706855211027989,1.1008433651144913,89.48,0.868421052631579,0.0,0.13157894736842105
88,0.92533482456512,./colab_comb/H6_fold-U-Cacyd_unrelaxed_rank_004_alphafold2_ptm_model_4_seed_000.pdb,1.0305852761569818,1.1870294009055895,88.96,0.8596491228070176,0.0,0.14035087719298245
89,0.9257245970271104,./colab_comb/H6_fold-U-Cacyd_unrelaxed_rank_005_alphafold2_ptm_model_5_seed_000.pdb,1.0345689524583097,1.1725570285112425,88.62,0.8596491228070176,0.0,0.14035087719298245
90,0.921180201190474,./colab_comb/H6_fold-U-Hatake_unrelaxed_rank_001_alphafold2_ptm_model_3_seed_000.pdb,1.0551334746811414,1.2012329901319068,92.98,0.8508771929824561,0.0,0.14912280701754385
91,0.920971298808956,./colab_comb/H6_fold-U-Hatake_unrelaxed_rank_002_alphafold2_ptm_model_4_seed_000.pdb,1.052273024139118,1.2194196002993676,89.97,0.868421052631579,0.0,0.13157894736842105
92,0.9228697545743304,./colab_comb/H6_fold-U-Hatake_unrelaxed_rank_003_alphafold2_ptm_model_1_seed_000.pdb,1.034214097447316,1.2049545977218006,89.71,0.868421052631579,0.0,0.13157894736842105
93,0.9193485239655428,./colab_comb/H6_fold-U-Hatake_unrelaxed_rank_004_alphafold2_ptm_model_5_seed_000.pdb,1.0683390938641815,1.2241062985821893,89.5,0.868421052631579,0.0,0.13157894736842105
94,0.8941902574497282,./colab_comb/H6_fold-U-Hatake_unrelaxed_rank_005_alphafold2_ptm_model_2_seed_000.pdb,1.254889587685397,1.4997925380733585,89.41,0.8333333333333334,0.0,0.16666666666666666
95,0.9451203917969236,./colab_comb/H6_fold-U-Kazi_unrelaxed_rank_001_alphafold2_ptm_model_3_seed_000.pdb,0.8663448465857359,1.0354948712065022,90.67,0.868421052631579,0.0,0.13157894736842105
96,0.9391938731364492,./colab_comb/H6_fold-U-Kazi_unrelaxed_rank_002_alphafold2_ptm_model_1_seed_000.pdb,0.9129146547956977,1.1155021167923806,89.84,0.868421052631579,0.0,0.13157894736842105
97,0.9386385616115176,./colab_comb/H6_fold-U-Kazi_unrelaxed_rank_003_alphafold2_ptm_model_2_seed_000.pdb,0.9118584651517532,1.0926655475875031,88.46,0.8596491228070176,0.0,0.14035087719298245
98,0.8689771825163635,./colab_comb/H6_fold-U-Kazi_unrelaxed_rank_004_alphafold2_ptm_model_5_seed_000.pdb,1.4608590246268376,1.6050458689595049,84.99,0.868421052631579,0.0,0.13157894736842105
99,0.8794843179214505,./colab_comb/H6_fold-U-Kazi_unrelaxed_rank_005_alphafold2_ptm_model_4_seed_000.pdb,1.381587890229002,1.52828229089714,84.05,0.868421052631579,0.0,0.13157894736842105
100,0.9144593909576939,./colab_comb/H6_fold-U-Morit_unrelaxed_rank_001_alphafold2_ptm_model_3_seed_000.pdb,1.1351662430546063,1.2420722397482518,90.05,0.8596491228070176,0.0,0.14035087719298245
101,0.9147798969586265,./colab_comb/H6_fold-U-Morit_unrelaxed_rank_002_alphafold2_ptm_model_1_seed_000.pdb,1.129424369850777,1.246487811396075,86.53,0.8508771929824561,0.0,0.14912280701754385
102,0.9140724622248219,./colab_comb/H6_fold-U-Morit_unrelaxed_rank_003_alphafold2_ptm_model_4_seed_000.pdb,1.1374237134694751,1.2524250452507835,86.42,0.8596491228070176,0.0,0.14035087719298245
103,0.9107176700655915,./colab_comb/H6_fold-U-Morit_unrelaxed_rank_004_alphafold2_ptm_model_2_seed_000.pdb,1.1583698414297827,1.276603669004507,85.39,0.8596491228070176,0.0,0.14035087719298245
104,0.904583055298771,./colab_comb/H6_fold-U-Morit_unrelaxed_rank_005_alphafold2_ptm_model_5_seed_000.pdb,1.221143036092944,1.3207187382549272,84.47,0.8596491228070176,0.0,0.14035087719298245
105,0.9625388011076507,./colab_comb/H6_fold-U-Nomur_unrelaxed_rank_001_alphafold2_ptm_model_2_seed_000.pdb,0.6580907229186684,0.8387243013875731,87.88,0.868421052631579,0.0,0.13157894736842105
106,0.6597978033896633,./colab_comb/H6_fold-U-Nomur_unrelaxed_rank_002_alphafold2_ptm_model_3_seed_000.pdb,6.426484391703902,2.4272930295528043,86.74,0.8508771929824561,0.0,0.14912280701754385
107,0.6682424271142606,./colab_comb/H6_fold-U-Nomur_unrelaxed_rank_003_alphafold2_ptm_model_1_seed_000.pdb,6.610530791160812,2.339426157957055,85.41,0.8596491228070176,0.0,0.14035087719298245
108,0.6603184273707958,./colab_comb/H6_fold-U-Nomur_unrelaxed_rank_004_alphafold2_ptm_model_4_seed_000.pdb,6.457377670955546,2.5485282528267925,83.91,0.8596491228070176,0.0,0.14035087719298245
109,0.6494847412620968,./colab_comb/H6_fold-U-Nomur_unrelaxed_rank_005_alphafold2_ptm_model_5_seed_000.pdb,6.676364120135336,2.402715943569213,83.64,0.8596491228070176,0.0,0.14035087719298245
110,0.9516284068757589,./colab_comb/H6_fold-U-Sait_unrelaxed_rank_001_alphafold2_ptm_model_3_seed_000.pdb,0.7867210650024382,1.0162248029647265,92.67,0.8508771929824561,0.0,0.14912280701754385
111,0.9433103898460788,./colab_comb/H6_fold-U-Sait_unrelaxed_rank_002_alphafold2_ptm_model_5_seed_000.pdb,0.8986291950871157,1.2904452463958644,90.29,0.8508771929824561,0.0,0.14912280701754385
112,0.9453354406798716,./colab_comb/H6_fold-U-Sait_unrelaxed_rank_003_alphafold2_ptm_model_2_seed_000.pdb,0.8539963659153819,1.011589534187418,89.34,0.8508771929824561,0.0,0.14912280701754385
113,0.9494354828864898,./colab_comb/H6_fold-U-Sait_unrelaxed_rank_004_alphafold2_ptm_model_1_seed_000.pdb,0.8163576349883861,0.9903274102585177,89.14,0.8596491228070176,0.0,0.14035087719298245
114,0.9436987206171521,./colab_comb/H6_fold-U-Sait_unrelaxed_rank_005_alphafold2_ptm_model_4_seed_000.pdb,0.8565091316327585,1.1032114865764524,87.95,0.8508771929824561,0.0,0.14912280701754385
115,0.9214996277171178,./colab_comb/H6_fold-U-Sho_unrelaxed_rank_001_alphafold2_ptm_model_3_seed_000.pdb,1.0435316141709554,1.2608436718186287,91.35,0.868421052631579,0.0,0.13157894736842105
116,0.921880103306911,./colab_comb/H6_fold-U-Sho_unrelaxed_rank_002_alphafold2_ptm_model_1_seed_000.pdb,1.0476409008604712,1.2900349387575796,89.53,0.8508771929824561,0.0,0.14912280701754385
117,0.9020484454833567,./colab_comb/H6_fold-U-Sho_unrelaxed_rank_003_alphafold2_ptm_model_5_seed_000.pdb,1.1999973667007933,1.389356120730233,88.59,0.868421052631579,0.0,0.13157894736842105
118,0.9170359993375813,./colab_comb/H6_fold-U-Sho_unrelaxed_rank_004_alphafold2_ptm_model_4_seed_000.pdb,1.0837650971522645,1.3013551813220983,88.44,0.868421052631579,0.0,0.13157894736842105
119,0.921619756070289,./colab_comb/H6_fold-U-Sho_unrelaxed_rank_005_alphafold2_ptm_model_2_seed_000.pdb,1.0627791706252891,1.2437243536017182,87.28,0.8596491228070176,0.0,0.14035087719298245
120,0.8906071239448685,./colab_comb/H6_fold-U-Takin_unrelaxed_rank_001_alphafold2_ptm_model_3_seed_000.pdb,1.3122333238939135,1.4973386367833639,89.25,0.8421052631578947,0.0,0.15789473684210525
121,0.9090963438857741,./colab_comb/H6_fold-U-Takin_unrelaxed_rank_002_alphafold2_ptm_model_1_seed_000.pdb,1.1680764653200626,1.3490449489684433,88.88,0.8508771929824561,0.0,0.14912280701754385
122,0.913902383844382,./colab_comb/H6_fold-U-Takin_unrelaxed_rank_003_alphafold2_ptm_model_2_seed_000.pdb,1.131358933519954,1.293517153318344,87.89,0.8508771929824561,0.0,0.14912280701754385
123,0.800188604071214,./colab_comb/H6_fold-U-Takin_unrelaxed_rank_004_alphafold2_ptm_model_5_seed_000.pdb,1.9115644009895862,2.108716550596511,85.47,0.8771929824561403,0.0,0.12280701754385964
124,0.8785436658015247,./colab_comb/H6_fold-U-Takin_unrelaxed_rank_005_alphafold2_ptm_model_4_seed_000.pdb,1.3972807114404726,1.5779332859946964,85.36,0.8508771929824561,0.0,0.14912280701754385
125,0.9189901346324856,./colab_comb/H6_fold-Z-Gogy_unrelaxed_rank_001_alphafold2_ptm_model_3_seed_000.pdb,1.1505843513978296,1.2417167532058915,92.16,0.8524590163934426,0.0,0.14754098360655737
126,0.9096133366766752,./colab_comb/H6_fold-Z-Gogy_unrelaxed_rank_002_alphafold2_ptm_model_2_seed_000.pdb,1.22560935567519,1.3177307090551182,91.23,0.8524590163934426,0.0,0.14754098360655737
127,0.9148728600956717,./colab_comb/H6_fold-Z-Gogy_unrelaxed_rank_003_alphafold2_ptm_model_1_seed_000.pdb,1.182427955195887,1.2714104734181026,90.76,0.860655737704918,0.0,0.13934426229508196
128,0.9131417293394519,./colab_comb/H6_fold-Z-Gogy_unrelaxed_rank_004_alphafold2_ptm_model_5_seed_000.pdb,1.1910395336604085,1.3003673901481276,90.42,0.8524590163934426,0.0,0.14754098360655737
129,0.9135923480090803,./colab_comb/H6_fold-Z-Gogy_unrelaxed_rank_005_alphafold2_ptm_model_4_seed_000.pdb,1.194240593096587,1.2857195995989277,89.42,0.8524590163934426,0.0,0.14754098360655737
130,0.8543792491588144,./colab_comb/H6_fold-Z-Hoto_unrelaxed_rank_001_alphafold2_ptm_model_2_seed_000.pdb,1.6058730305940492,1.7717464846696558,91.88,0.8524590163934426,0.0,0.14754098360655737
131,0.8541241203091823,./colab_comb/H6_fold-Z-Hoto_unrelaxed_rank_002_alphafold2_ptm_model_3_seed_000.pdb,1.6067107649875894,1.7841867805668008,91.75,0.8524590163934426,0.0,0.14754098360655737
132,0.8605193898158182,./colab_comb/H6_fold-Z-Hoto_unrelaxed_rank_003_alphafold2_ptm_model_1_seed_000.pdb,1.5580591241556752,1.7304685588632622,90.43,0.8524590163934426,0.0,0.14754098360655737
133,0.8547288692238177,./colab_comb/H6_fold-Z-Hoto_unrelaxed_rank_004_alphafold2_ptm_model_5_seed_000.pdb,1.599413708203843,1.790838946543699,89.15,0.860655737704918,0.0,0.13934426229508196
134,0.5967346496551885,./colab_comb/H6_fold-Z-Hoto_unrelaxed_rank_005_alphafold2_ptm_model_4_seed_000.pdb,5.604066877110636,3.3340384905853684,78.61,0.8278688524590164,0.0,0.1721311475409836
135,0.8481252126463342,./colab_comb/H6_fold-Z-Kome_unrelaxed_rank_001_alphafold2_ptm_model_3_seed_000.pdb,1.9962263982607809,1.6555658175900896,91.33,0.860655737704918,0.0,0.13934426229508196
136,0.7750493409191886,./colab_comb/H6_fold-Z-Kome_unrelaxed_rank_002_alphafold2_ptm_model_1_seed_000.pdb,2.454233131108183,2.476522754938173,89.24,0.8524590163934426,0.0,0.14754098360655737
137,0.8279984309758095,./colab_comb/H6_fold-Z-Kome_unrelaxed_rank_003_alphafold2_ptm_model_2_seed_000.pdb,2.247661546203751,1.79403518420906,89.15,0.860655737704918,0.0,0.13934426229508196
138,0.8467462557238967,./colab_comb/H6_fold-Z-Kome_unrelaxed_rank_004_alphafold2_ptm_model_4_seed_000.pdb,1.6871323974937962,1.9479650413764589,87.06,0.8524590163934426,0.0,0.14754098360655737
139,0.8752721828658654,./colab_comb/H6_fold-Z-Kome_unrelaxed_rank_005_alphafold2_ptm_model_5_seed_000.pdb,1.4644189062827895,1.720249246478525,87.02,0.860655737704918,0.0,0.13934426229508196
140,0.8168088734985697,./colab_comb/H6_fold-Z-Nazu_unrelaxed_rank_001_alphafold2_ptm_model_3_seed_000.pdb,1.883173462051832,2.0996575511092344,88.65,0.860655737704918,0.0,0.13934426229508196
141,0.8680725529056927,./colab_comb/H6_fold-Z-Nazu_unrelaxed_rank_002_alphafold2_ptm_model_1_seed_000.pdb,1.493711533700657,1.7060214999358478,87.37,0.860655737704918,0.0,0.13934426229508196
142,0.8706272653102705,./colab_comb/H6_fold-Z-Nazu_unrelaxed_rank_003_alphafold2_ptm_model_5_seed_000.pdb,1.5052358518427456,1.7196839006405873,86.89,0.860655737704918,0.0,0.13934426229508196
143,0.8584547493098442,./colab_comb/H6_fold-Z-Nazu_unrelaxed_rank_004_alphafold2_ptm_model_2_seed_000.pdb,1.557556760776342,1.7999478931627215,85.96,0.8524590163934426,0.0,0.14754098360655737
144,0.8776648408315016,./colab_comb/H6_fold-Z-Nazu_unrelaxed_rank_005_alphafold2_ptm_model_4_seed_000.pdb,1.45823670661399,1.7072326312261141,84.06,0.860655737704918,0.0,0.13934426229508196
145,0.8932782605974772,./colab_comb/H6_fold-Z-Seri_unrelaxed_rank_001_alphafold2_ptm_model_3_seed_000.pdb,1.3211798428356567,1.5474507451711048,89.5,0.8688524590163934,0.0,0.13114754098360656
146,0.8856875195582056,./colab_comb/H6_fold-Z-Seri_unrelaxed_rank_002_alphafold2_ptm_model_5_seed_000.pdb,1.3832752236774941,1.6076692793912952,88.95,0.860655737704918,0.0,0.13934426229508196
147,0.8900204412442394,./colab_comb/H6_fold-Z-Seri_unrelaxed_rank_003_alphafold2_ptm_model_1_seed_000.pdb,1.3458633182415967,1.6636129259743195,88.11,0.860655737704918,0.0,0.13934426229508196
148,0.8870247398626844,./colab_comb/H6_fold-Z-Seri_unrelaxed_rank_004_alphafold2_ptm_model_4_seed_000.pdb,1.368088461436315,1.6359128872539783,87.58,0.860655737704918,0.0,0.13934426229508196
149,0.8717673591596811,./colab_comb/H6_fold-Z-Seri_unrelaxed_rank_005_alphafold2_ptm_model_2_seed_000.pdb,1.513836801005173,1.8639055200216426,86.83,0.860655737704918,0.0,0.13934426229508196
150,0.902115445042575,./colab_comb/H6_fold-Z-Siro_unrelaxed_rank_001_alphafold2_ptm_model_2_seed_000.pdb,1.2423186393727539,1.474334992058135,90.5,0.8442622950819673,0.0,0.1557377049180328
151,0.9069962985190853,./colab_comb/H6_fold-Z-Siro_unrelaxed_rank_002_alphafold2_ptm_model_1_seed_000.pdb,1.2006296951257858,1.432764661964328,89.92,0.860655737704918,0.0,0.13934426229508196
152,0.8899624550537483,./colab_comb/H6_fold-Z-Siro_unrelaxed_rank_003_alphafold2_ptm_model_3_seed_000.pdb,1.3614564732352636,1.724197653172195,89.29,0.860655737704918,0.0,0.13934426229508196
153,0.8881184172548059,./colab_comb/H6_fold-Z-Siro_unrelaxed_rank_004_alphafold2_ptm_model_5_seed_000.pdb,1.3587894085292256,1.6235078736249597,88.52,0.860655737704918,0.0,0.13934426229508196
154,0.6034817692279505,./colab_comb/H6_fold-Z-Siro_unrelaxed_rank_005_alphafold2_ptm_model_4_seed_000.pdb,6.499778725302613,2.9944814561439173,79.63,0.8278688524590164,0.0,0.1721311475409836
155,0.8665977946573278,./colab_comb/H6_fold-Z-Suzu_unrelaxed_rank_001_alphafold2_ptm_model_2_seed_000.pdb,1.5308964595506809,1.7517340292082724,90.45,0.8278688524590164,0.0,0.1721311475409836
156,0.8654888414912849,./colab_comb/H6_fold-Z-Suzu_unrelaxed_rank_002_alphafold2_ptm_model_3_seed_000.pdb,1.5429415733321143,1.7804310186632728,90.25,0.860655737704918,0.0,0.13934426229508196
157,0.8683769788364765,./colab_comb/H6_fold-Z-Suzu_unrelaxed_rank_003_alphafold2_ptm_model_1_seed_000.pdb,1.5175539138968281,1.7584242046088914,90.12,0.8360655737704918,0.0,0.16393442622950818
158,0.8705628302955417,./colab_comb/H6_fold-Z-Suzu_unrelaxed_rank_004_alphafold2_ptm_model_5_seed_000.pdb,1.4912184425905375,1.7015704863691117,90.01,0.8524590163934426,0.0,0.14754098360655737
159,0.8621244089512334,./colab_comb/H6_fold-Z-Suzu_unrelaxed_rank_005_alphafold2_ptm_model_4_seed_000.pdb,1.5601609466338122,1.79993281132589,88.67,0.8360655737704918,0.0,0.16393442622950818
160,0.8828889968502734,./colab_comb/H7_fold-K-Chario_unrelaxed_rank_001_alphafold2_ptm_model_3_seed_000.pdb,1.422544870202525,1.6951279084514455,94.35,0.8449612403100775,0.0,0.15503875968992248
161,0.8876544527130079,./colab_comb/H7_fold-K-Chario_unrelaxed_rank_002_alphafold2_ptm_model_2_seed_000.pdb,1.3840593272030213,1.649280852451571,92.09,0.8527131782945736,0.0,0.14728682170542637
162,0.9019804094302272,./colab_comb/H7_fold-K-Chario_unrelaxed_rank_003_alphafold2_ptm_model_4_seed_000.pdb,1.2769628661062162,1.512060872381322,91.25,0.8372093023255814,0.0,0.16279069767441862
163,0.9071591315448325,./colab_comb/H7_fold-K-Chario_unrelaxed_rank_004_alphafold2_ptm_model_1_seed_000.pdb,1.2213108020857883,1.486604675569553,90.78,0.8449612403100775,0.0,0.15503875968992248
164,0.8787010417273313,./colab_comb/H7_fold-K-Chario_unrelaxed_rank_005_alphafold2_ptm_model_5_seed_000.pdb,1.453442554090209,1.7474428057470484,90.53,0.8527131782945736,0.0,0.14728682170542637
165,0.8920143531217761,./colab_comb/H7_fold-K-Dark_unrelaxed_rank_001_alphafold2_ptm_model_3_seed_000.pdb,1.3733623635886112,1.5649714766720721,93.98,0.8294573643410853,0.0,0.17054263565891473
166,0.898351245038121,./colab_comb/H7_fold-K-Dark_unrelaxed_rank_002_alphafold2_ptm_model_2_seed_000.pdb,1.329004133023865,1.5405024006334551,93.43,0.8372093023255814,0.0,0.16279069767441862
167,0.8985762686303397,./colab_comb/H7_fold-K-Dark_unrelaxed_rank_003_alphafold2_ptm_model_1_seed_000.pdb,1.3251553750502434,1.4986242397982639,89.8,0.8527131782945736,0.0,0.14728682170542637
168,0.9071648974615424,./colab_comb/H7_fold-K-Dark_unrelaxed_rank_004_alphafold2_ptm_model_4_seed_000.pdb,1.245249858728074,1.419456565147259,89.18,0.8527131782945736,0.0,0.14728682170542637
169,0.9047422996805584,./colab_comb/H7_fold-K-Dark_unrelaxed_rank_005_alphafold2_ptm_model_5_seed_000.pdb,1.261176632927175,1.4366413833896392,89.01,0.8604651162790697,0.0,0.13953488372093023
170,0.8586714063443518,./colab_comb/H7_fold-K-Jazzbird_unrelaxed_rank_001_alphafold2_ptm_model_3_seed_000.pdb,1.6282781930818562,1.8658880994046423,91.62,0.8527131782945736,0.0,0.14728682170542637
171,0.8638323271757412,./colab_comb/H7_fold-K-Jazzbird_unrelaxed_rank_002_alphafold2_ptm_model_1_seed_000.pdb,1.592176026076355,1.8111541321945606,90.32,0.8604651162790697,0.0,0.13953488372093023
172,0.8560694595691126,./colab_comb/H7_fold-K-Jazzbird_unrelaxed_rank_003_alphafold2_ptm_model_5_seed_000.pdb,1.651441645434987,1.897644270847174,89.33,0.8527131782945736,0.0,0.14728682170542637
173,0.8692144793700092,./colab_comb/H7_fold-K-Jazzbird_unrelaxed_rank_004_alphafold2_ptm_model_4_seed_000.pdb,1.5559772890915309,1.7783362853175753,87.59,0.8604651162790697,0.0,0.13953488372093023
174,0.5851746724603735,./colab_comb/H7_fold-K-Jazzbird_unrelaxed_rank_005_alphafold2_ptm_model_2_seed_000.pdb,4.79266468583311,4.086490002597119,84.92,0.8449612403100775,0.0,0.15503875968992248
175,0.8845561055992516,./colab_comb/H7_fold-K-Mussoc_unrelaxed_rank_001_alphafold2_ptm_model_3_seed_000.pdb,1.878454778335439,2.052952624314337,90.8,0.8372093023255814,0.0,0.16279069767441862
176,0.8607233936557976,./colab_comb/H7_fold-K-Mussoc_unrelaxed_rank_002_alphafold2_ptm_model_5_seed_000.pdb,2.2559327254552235,1.7856289418677713,88.48,0.8449612403100775,0.0,0.15503875968992248
177,0.8782577175306508,./colab_comb/H7_fold-K-Mussoc_unrelaxed_rank_003_alphafold2_ptm_model_2_seed_000.pdb,1.930003563346156,2.104579494276638,88.53,0.8294573643410853,0.0,0.17054263565891473
178,0.8748298870445472,./colab_comb/H7_fold-K-Mussoc_unrelaxed_rank_004_alphafold2_ptm_model_4_seed_000.pdb,2.0789515178476368,1.9351530461685869,88.29,0.8372093023255814,0.0,0.16279069767441862
179,0.8725123770375478,./colab_comb/H7_fold-K-Mussoc_unrelaxed_rank_005_alphafold2_ptm_model_1_seed_000.pdb,2.078904309410932,1.9493278054086942,88.34,0.8294573643410853,0.0,0.17054263565891473
180,0.8520961231134659,./colab_comb/H7_fold-K-NewWave_unrelaxed_rank_001_alphafold2_ptm_model_2_seed_000.pdb,1.692413126624995,1.9880568950512685,91.17,0.8384615384615385,0.0,0.16153846153846155
181,0.8556063309418365,./colab_comb/H7_fold-K-NewWave_unrelaxed_rank_002_alphafold2_ptm_model_1_seed_000.pdb,1.6614135327678072,1.9510731466748426,89.89,0.8461538461538461,0.0,0.15384615384615385
182,0.8207667823651382,./colab_comb/H7_fold-K-NewWave_unrelaxed_rank_003_alphafold2_ptm_model_3_seed_000.pdb,1.9300341892277175,2.2036349774479422,88.06,0.8461538461538461,0.0,0.15384615384615385
183,0.8980812213489554,./colab_comb/H7_fold-K-NewWave_unrelaxed_rank_004_alphafold2_ptm_model_5_seed_000.pdb,1.315776257192133,1.6208195573263344,86.45,0.8538461538461538,0.0,0.14615384615384616
184,0.8971361483018178,./colab_comb/H7_fold-K-NewWave_unrelaxed_rank_005_alphafold2_ptm_model_4_seed_000.pdb,1.3297415563100867,1.5432665689206337,86.11,0.8615384615384616,0.0,0.13846153846153847
185,0.9326346891909661,./colab_comb/H7_fold-K-R3_unrelaxed_rank_001_alphafold2_ptm_model_3_seed_000.pdb,1.028273446817574,1.1755510923772619,94.48,0.8372093023255814,0.0,0.16279069767441862
186,0.9516445917158807,./colab_comb/H7_fold-K-R3_unrelaxed_rank_002_alphafold2_ptm_model_2_seed_000.pdb,0.8553464738206866,0.9867563669439702,93.29,0.8294573643410853,0.0,0.17054263565891473
187,0.9432844887225159,./colab_comb/H7_fold-K-R3_unrelaxed_rank_003_alphafold2_ptm_model_1_seed_000.pdb,0.9417681782937461,1.1143007589958445,91.44,0.8372093023255814,0.0,0.16279069767441862
188,0.9465555677933147,./colab_comb/H7_fold-K-R3_unrelaxed_rank_004_alphafold2_ptm_model_4_seed_000.pdb,0.8996303062440494,1.052455108239549,90.73,0.8449612403100775,0.0,0.15503875968992248
189,0.8749581482907495,./colab_comb/H7_fold-K-R3_unrelaxed_rank_005_alphafold2_ptm_model_5_seed_000.pdb,2.0590399214853763,2.0807920880948125,89.98,0.8449612403100775,0.0,0.15503875968992248
190,0.8953309254086899,./colab_comb/H7_fold-K-Rush_unrelaxed_rank_001_alphafold2_ptm_model_3_seed_000.pdb,1.3620743833662599,1.5274743712367578,94.16,0.8449612403100775,0.0,0.15503875968992248
191,0.8936955168038884,./colab_comb/H7_fold-K-Rush_unrelaxed_rank_002_alphafold2_ptm_model_2_seed_000.pdb,1.3848486050442965,1.5696552141043958,94.1,0.8449612403100775,0.0,0.15503875968992248
192,0.877133837725666,./colab_comb/H7_fold-K-Rush_unrelaxed_rank_003_alphafold2_ptm_model_5_seed_000.pdb,1.556312669460953,1.7529395832341665,91.58,0.8527131782945736,0.0,0.14728682170542637
193,0.8846389362210167,./colab_comb/H7_fold-K-Rush_unrelaxed_rank_004_alphafold2_ptm_model_1_seed_000.pdb,1.4638389606892486,1.6340467819976976,91.38,0.8527131782945736,0.0,0.14728682170542637
194,0.887617034022675,./colab_comb/H7_fold-K-Rush_unrelaxed_rank_005_alphafold2_ptm_model_4_seed_000.pdb,1.439221823257409,1.6183632499017144,89.19,0.8527131782945736,0.0,0.14728682170542637
195,0.9151250273550935,./colab_comb/H7_fold-K-Third_unrelaxed_rank_001_alphafold2_ptm_model_3_seed_000.pdb,1.2628990705995249,1.5541776145458275,93.89,0.8372093023255814,0.0,0.16279069767441862
196,0.9155784411765907,./colab_comb/H7_fold-K-Third_unrelaxed_rank_002_alphafold2_ptm_model_2_seed_000.pdb,1.2193348409994402,1.4561110582648846,92.46,0.8449612403100775,0.0,0.15503875968992248
197,0.9201808411589371,./colab_comb/H7_fold-K-Third_unrelaxed_rank_003_alphafold2_ptm_model_1_seed_000.pdb,1.2363327288109551,1.566405468692217,90.15,0.8527131782945736,0.0,0.14728682170542637
198,0.8918063378482377,./colab_comb/H7_fold-K-Third_unrelaxed_rank_004_alphafold2_ptm_model_5_seed_000.pdb,1.9722902507549718,1.347077785393693,83.45,0.8372093023255814,0.0,0.16279069767441862
199,0.6382541417595775,./colab_comb/H7_fold-K-Third_unrelaxed_rank_005_alphafold2_ptm_model_4_seed_000.pdb,4.479970675424771,3.6883837797502315,79.98,0.8449612403100775,0.0,0.15503875968992248
200,0.8970355642405088,./colab_comb/NF1-01_unrelaxed_rank_001_alphafold2_ptm_model_5_seed_000.pdb,1.1815885794899434,1.3588204258387298,86.06,0.5196078431372549,0.21568627450980393,0.2647058823529412
201,0.7425232037663372,./colab_comb/NF1-01_unrelaxed_rank_002_alphafold2_ptm_model_3_seed_000.pdb,2.384149965527257,2.87104469688194,77.48,0.5196078431372549,0.2549019607843137,0.22549019607843138
202,0.7754736158217056,./colab_comb/NF1-01_unrelaxed_rank_003_alphafold2_ptm_model_1_seed_000.pdb,2.067564214496848,2.6180443398797695,75.67,0.5196078431372549,0.20588235294117646,0.27450980392156865
203,0.7486267219855149,./colab_comb/NF1-01_unrelaxed_rank_004_alphafold2_ptm_model_2_seed_000.pdb,2.3085163952637364,2.8543729090441556,74.69,0.5196078431372549,0.2549019607843137,0.22549019607843138
204,0.7752917586432231,./colab_comb/NF1-01_unrelaxed_rank_005_alphafold2_ptm_model_4_seed_000.pdb,2.0941607768177875,2.6572496942095505,71.93,0.5196078431372549,0.20588235294117646,0.27450980392156865
205,0.8895779938489322,./colab_comb/NF1-02_unrelaxed_rank_001_alphafold2_ptm_model_5_seed_000.pdb,1.2366072589617054,1.4557613359867423,88.9,0.5294117647058824,0.22549019607843138,0.24509803921568626
206,0.7611930239697069,./colab_comb/NF1-02_unrelaxed_rank_002_alphafold2_ptm_model_1_seed_000.pdb,2.170363193264184,2.6341182765626816,78.25,0.5490196078431373,0.19607843137254902,0.2549019607843137
207,0.7732979076731534,./colab_comb/NF1-02_unrelaxed_rank_003_alphafold2_ptm_model_3_seed_000.pdb,2.1274124675000206,2.5662156949505746,76.15,0.5196078431372549,0.19607843137254902,0.28431372549019607
208,0.7596024770739674,./colab_comb/NF1-02_unrelaxed_rank_004_alphafold2_ptm_model_2_seed_000.pdb,2.1631145854465204,2.726756269348675,75.56,0.5588235294117647,0.18627450980392157,0.2549019607843137
209,0.7694227639462605,./colab_comb/NF1-02_unrelaxed_rank_005_alphafold2_ptm_model_4_seed_000.pdb,2.131493925122781,2.587672376707884,75.48,0.5196078431372549,0.19607843137254902,0.28431372549019607
210,0.7578832019737375,./colab_comb/NF1-03_unrelaxed_rank_001_alphafold2_ptm_model_1_seed_000.pdb,2.2195181181180894,2.7698328672710466,76.12,0.5196078431372549,0.2549019607843137,0.22549019607843138
211,0.7192415556900885,./colab_comb/NF1-03_unrelaxed_rank_002_alphafold2_ptm_model_3_seed_000.pdb,2.482011753714177,2.8960279685403725,73.69,0.5196078431372549,0.23529411764705882,0.24509803921568626
212,0.7119585860381112,./colab_comb/NF1-03_unrelaxed_rank_003_alphafold2_ptm_model_5_seed_000.pdb,2.5839180894831344,3.0652299558654654,73.65,0.5490196078431373,0.18627450980392157,0.2647058823529412
213,0.7457889390870777,./colab_comb/NF1-03_unrelaxed_rank_004_alphafold2_ptm_model_2_seed_000.pdb,2.301175496880222,2.8579009734380616,73.0,0.5196078431372549,0.2549019607843137,0.22549019607843138
214,0.7489605074448424,./colab_comb/NF1-03_unrelaxed_rank_005_alphafold2_ptm_model_4_seed_000.pdb,2.222627509248511,2.7696220487367107,71.95,0.5196078431372549,0.21568627450980393,0.2647058823529412
215,0.8865969374298032,./colab_comb/NF1-04_unrelaxed_rank_001_alphafold2_ptm_model_3_seed_000.pdb,1.2352075182238968,1.4821045073084749,87.66,0.5196078431372549,0.22549019607843138,0.2549019607843137
216,0.8881615577396101,./colab_comb/NF1-04_unrelaxed_rank_002_alphafold2_ptm_model_4_seed_000.pdb,1.2373195458188733,1.4969195691775878,87.27,0.5196078431372549,0.22549019607843138,0.2549019607843137
217,0.903882385398572,./colab_comb/NF1-04_unrelaxed_rank_003_alphafold2_ptm_model_2_seed_000.pdb,1.1396361091114977,1.316155675646183,85.15,0.5196078431372549,0.21568627450980393,0.2647058823529412
218,0.781941689862429,./colab_comb/NF1-04_unrelaxed_rank_004_alphafold2_ptm_model_5_seed_000.pdb,2.0179135518472515,2.5679706206636443,74.72,0.5196078431372549,0.1568627450980392,0.3235294117647059
219,0.7647917832615923,./colab_comb/NF1-04_unrelaxed_rank_005_alphafold2_ptm_model_1_seed_000.pdb,2.186032925000345,2.736785834387129,72.09,0.5196078431372549,0.19607843137254902,0.28431372549019607
220,0.8994955415761718,./colab_comb/NF1-05_unrelaxed_rank_001_alphafold2_ptm_model_3_seed_000.pdb,1.1717154238866014,1.3742423330731155,88.14,0.5196078431372549,0.22549019607843138,0.2549019607843137
221,0.7877431602018033,./colab_comb/NF1-05_unrelaxed_rank_002_alphafold2_ptm_model_1_seed_000.pdb,2.0282774655775357,2.6180601306246096,79.53,0.5098039215686274,0.2549019607843137,0.23529411764705882
222,0.7734672356239921,./colab_comb/NF1-05_unrelaxed_rank_003_alphafold2_ptm_model_2_seed_000.pdb,2.124142253265932,2.671100562238895,77.88,0.5098039215686274,0.2549019607843137,0.23529411764705882
223,0.789207321244624,./colab_comb/NF1-05_unrelaxed_rank_004_alphafold2_ptm_model_5_seed_000.pdb,1.9902580931283889,2.5243511636740985,73.67,0.5196078431372549,0.20588235294117646,0.27450980392156865
224,0.7860163369251584,./colab_comb/NF1-05_unrelaxed_rank_005_alphafold2_ptm_model_4_seed_000.pdb,2.0074927543723717,2.5483959085635823,72.12,0.5196078431372549,0.12745098039215685,0.35294117647058826
225,0.8914886356512174,./colab_comb/NF1-06_unrelaxed_rank_001_alphafold2_ptm_model_5_seed_000.pdb,1.2327554030895436,1.3878422223993607,83.94,0.5196078431372549,0.22549019607843138,0.2549019607843137
226,0.7882462259185826,./colab_comb/NF1-06_unrelaxed_rank_002_alphafold2_ptm_model_4_seed_000.pdb,1.9835652989250705,2.582712669718374,73.54,0.5196078431372549,0.18627450980392157,0.29411764705882354
227,0.7889605265112979,./colab_comb/NF1-06_unrelaxed_rank_003_alphafold2_ptm_model_3_seed_000.pdb,1.998197464705398,2.6203560411035616,70.69,0.5196078431372549,0.09803921568627451,0.38235294117647056
228,0.799538882385519,./colab_comb/NF1-06_unrelaxed_rank_004_alphafold2_ptm_model_1_seed_000.pdb,1.9224506423144008,2.580285153681864,69.8,0.5392156862745098,0.16666666666666666,0.29411764705882354
229,0.7924678119413525,./colab_comb/NF1-06_unrelaxed_rank_005_alphafold2_ptm_model_2_seed_000.pdb,1.9601550053606356,2.566626440622705,63.08,0.5196078431372549,0.0784313725490196,0.4019607843137255
230,0.9524891665575872,./colab_comb/NF1-07_unrelaxed_rank_001_alphafold2_ptm_model_5_seed_000.pdb,0.7428401911018045,0.8480337408948594,87.94,0.5196078431372549,0.22549019607843138,0.2549019607843137
231,0.5430196570075416,./colab_comb/NF1-07_unrelaxed_rank_002_alphafold2_ptm_model_3_seed_000.pdb,9.607922036042549,2.7244502882879065,74.81,0.5098039215686274,0.21568627450980393,0.27450980392156865
232,0.7195015405650689,./colab_comb/NF1-07_unrelaxed_rank_003_alphafold2_ptm_model_4_seed_000.pdb,2.453887605324916,2.707056590661726,73.25,0.5196078431372549,0.21568627450980393,0.2647058823529412
233,0.7536834254400092,./colab_comb/NF1-07_unrelaxed_rank_004_alphafold2_ptm_model_2_seed_000.pdb,2.2363961032137976,2.6481731500237666,69.89,0.5098039215686274,0.22549019607843138,0.2647058823529412
234,0.4595035476028212,./colab_comb/NF1-07_unrelaxed_rank_005_alphafold2_ptm_model_1_seed_000.pdb,9.85154270456232,3.318527299306721,60.86,0.4803921568627451,0.16666666666666666,0.35294117647058826
235,0.934304685468019,./colab_comb/NF1-08_unrelaxed_rank_001_alphafold2_ptm_model_3_seed_000.pdb,0.8873207620200398,1.0317876457097108,90.01,0.5196078431372549,0.22549019607843138,0.2549019607843137
236,0.9274081650329244,./colab_comb/NF1-08_unrelaxed_rank_002_alphafold2_ptm_model_1_seed_000.pdb,0.925382437055823,1.1180632024896895,88.69,0.5098039215686274,0.22549019607843138,0.2647058823529412
237,0.7510335566468163,./colab_comb/NF1-08_unrelaxed_rank_003_alphafold2_ptm_model_4_seed_000.pdb,2.2073572161585493,2.7448251431167243,75.99,0.5196078431372549,0.21568627450980393,0.2647058823529412
238,0.7756516827106144,./colab_comb/NF1-08_unrelaxed_rank_004_alphafold2_ptm_model_5_seed_000.pdb,2.0295066449267423,2.6424125102287492,71.5,0.5196078431372549,0.19607843137254902,0.28431372549019607
239,0.7836532491199119,./colab_comb/NF1-08_unrelaxed_rank_005_alphafold2_ptm_model_2_seed_000.pdb,2.0023729573149747,2.650034848178006,71.44,0.5196078431372549,0.1568627450980392,0.3235294117647059
240,0.9092508335971927,./colab_comb/NF1-09_unrelaxed_rank_001_alphafold2_ptm_model_3_seed_000.pdb,1.114428904396993,1.2970024348390616,87.16,0.5098039215686274,0.22549019607843138,0.2647058823529412
241,0.6488017894497511,./colab_comb/NF1-09_unrelaxed_rank_002_alphafold2_ptm_model_5_seed_000.pdb,2.9254336494736006,3.168032279658703,83.05,0.5,0.19607843137254902,0.30392156862745096
242,0.6714568939955984,./colab_comb/NF1-09_unrelaxed_rank_003_alphafold2_ptm_model_1_seed_000.pdb,2.888394350256243,3.26723314011836,79.55,0.5098039215686274,0.22549019607843138,0.2647058823529412
243,0.6480657731076853,./colab_comb/NF1-09_unrelaxed_rank_004_alphafold2_ptm_model_4_seed_000.pdb,2.994852757915466,3.3630834234262657,78.02,0.5098039215686274,0.21568627450980393,0.27450980392156865
244,0.7514182791906387,./colab_comb/NF1-09_unrelaxed_rank_005_alphafold2_ptm_model_2_seed_000.pdb,2.312846336897481,2.7517353310824064,77.57,0.5098039215686274,0.22549019607843138,0.2647058823529412
245,0.7531830306905677,./colab_comb/NF1-10_unrelaxed_rank_001_alphafold2_ptm_model_4_seed_000.pdb,2.390881595578427,2.5763452583197064,84.06,0.5196078431372549,0.22549019607843138,0.2549019607843137
246,0.7370056266075949,./colab_comb/NF1-10_unrelaxed_rank_002_alphafold2_ptm_model_5_seed_000.pdb,2.451818441271041,2.7359694173106437,80.91,0.5196078431372549,0.20588235294117646,0.27450980392156865
247,0.7567654297690493,./colab_comb/NF1-10_unrelaxed_rank_003_alphafold2_ptm_model_3_seed_000.pdb,2.334735152557904,2.720485928009219,74.95,0.5196078431372549,0.20588235294117646,0.27450980392156865
248,0.7657794125015038,./colab_comb/NF1-10_unrelaxed_rank_004_alphafold2_ptm_model_2_seed_000.pdb,2.2490160480055574,2.6543060565649323,74.55,0.5098039215686274,0.21568627450980393,0.27450980392156865
249,0.7159350591861223,./colab_comb/NF1-10_unrelaxed_rank_005_alphafold2_ptm_model_1_seed_000.pdb,2.6212612953826904,2.929186342723715,73.84,0.5098039215686274,0.21568627450980393,0.27450980392156865
250,0.83585952750593,./colab_comb/NF1-11_unrelaxed_rank_001_alphafold2_ptm_model_3_seed_000.pdb,1.7007721930624915,1.7195948330790467,82.76,0.5196078431372549,0.22549019607843138,0.2549019607843137
251,0.7419891550108738,./colab_comb/NF1-11_unrelaxed_rank_002_alphafold2_ptm_model_2_seed_000.pdb,2.3459420202094092,2.7779965399129014,75.93,0.5196078431372549,0.23529411764705882,0.24509803921568626
252,0.8148123770571591,./colab_comb/NF1-11_unrelaxed_rank_003_alphafold2_ptm_model_1_seed_000.pdb,1.8191596832628598,2.338059420958961,72.92,0.5098039215686274,0.22549019607843138,0.2647058823529412
253,0.7812624142831307,./colab_comb/NF1-11_unrelaxed_rank_004_alphafold2_ptm_model_4_seed_000.pdb,2.125913309848883,2.6177135273712415,72.62,0.5098039215686274,0.22549019607843138,0.2647058823529412
254,0.74287351884734,./colab_comb/NF1-11_unrelaxed_rank_005_alphafold2_ptm_model_5_seed_000.pdb,2.299202138586284,2.636847605015729,71.97,0.5098039215686274,0.21568627450980393,0.27450980392156865
255,0.691243280530808,./colab_comb/NF1-12_unrelaxed_rank_001_alphafold2_ptm_model_5_seed_000.pdb,2.9793728177963996,3.0248494747528665,86.69,0.5098039215686274,0.19607843137254902,0.29411764705882354
256,0.7061012430524712,./colab_comb/NF1-12_unrelaxed_rank_002_alphafold2_ptm_model_2_seed_000.pdb,2.761945377463016,2.754769996652457,86.06,0.5098039215686274,0.21568627450980393,0.27450980392156865
257,0.7140273329635798,./colab_comb/NF1-12_unrelaxed_rank_003_alphafold2_ptm_model_1_seed_000.pdb,2.730006752114183,2.9557741552863543,83.73,0.5196078431372549,0.19607843137254902,0.28431372549019607
258,0.6690025323695812,./colab_comb/NF1-12_unrelaxed_rank_004_alphafold2_ptm_model_3_seed_000.pdb,2.9376661540548996,3.082138362422626,77.6,0.5196078431372549,0.18627450980392157,0.29411764705882354
259,0.6606991062978977,./colab_comb/NF1-12_unrelaxed_rank_005_alphafold2_ptm_model_4_seed_000.pdb,2.9961259394253448,3.221303178414398,73.63,0.5196078431372549,0.19607843137254902,0.28431372549019607
260,0.8457938086530598,./colab_comb/NF1-13_unrelaxed_rank_001_alphafold2_ptm_model_3_seed_000.pdb,1.5453178695004257,1.6701962951686717,83.45,0.5196078431372549,0.22549019607843138,0.2549019607843137
261,0.7360874516051976,./colab_comb/NF1-13_unrelaxed_rank_002_alphafold2_ptm_model_5_seed_000.pdb,2.341818072389215,2.881089564254683,77.74,0.5098039215686274,0.21568627450980393,0.27450980392156865
262,0.7343102662797742,./colab_comb/NF1-13_unrelaxed_rank_003_alphafold2_ptm_model_4_seed_000.pdb,2.3748659242244767,2.9429602319286143,77.0,0.5098039215686274,0.21568627450980393,0.27450980392156865
263,0.7421202165250959,./colab_comb/NF1-13_unrelaxed_rank_004_alphafold2_ptm_model_1_seed_000.pdb,2.3252538074364737,2.8249099905423445,76.23,0.5098039215686274,0.24509803921568626,0.24509803921568626
264,0.7566848473068587,./colab_comb/NF1-13_unrelaxed_rank_005_alphafold2_ptm_model_2_seed_000.pdb,2.212127717413384,2.6862049259710736,75.26,0.5098039215686274,0.22549019607843138,0.2647058823529412
265,0.9503698713627913,./colab_comb/NF1-14_unrelaxed_rank_001_alphafold2_ptm_model_3_seed_000.pdb,0.7419060322355121,0.9067601309806305,87.84,0.5196078431372549,0.22549019607843138,0.2549019607843137
266,0.6950670516992551,./colab_comb/NF1-14_unrelaxed_rank_002_alphafold2_ptm_model_2_seed_000.pdb,2.9506795439708027,2.8058500528966674,86.71,0.5196078431372549,0.2549019607843137,0.22549019607843138
267,0.7633171863564305,./colab_comb/NF1-14_unrelaxed_rank_003_alphafold2_ptm_model_1_seed_000.pdb,2.2779937839342064,2.6237443355231425,83.9,0.5196078431372549,0.2549019607843137,0.22549019607843138
268,0.7787168211695035,./colab_comb/NF1-14_unrelaxed_rank_004_alphafold2_ptm_model_5_seed_000.pdb,2.0952962729152715,2.5271445880318804,81.48,0.5196078431372549,0.21568627450980393,0.2647058823529412
269,0.7800153450984528,./colab_comb/NF1-14_unrelaxed_rank_005_alphafold2_ptm_model_4_seed_000.pdb,2.096128621945288,2.48009317574861,81.01,0.5098039215686274,0.22549019607843138,0.2647058823529412
270,0.9262612411359814,./colab_comb/NF1-15_unrelaxed_rank_001_alphafold2_ptm_model_1_seed_000.pdb,0.9665474793471642,1.1024771380291847,87.07,0.5098039215686274,0.23529411764705882,0.2549019607843137
271,0.8678199872427678,./colab_comb/NF1-15_unrelaxed_rank_002_alphafold2_ptm_model_3_seed_000.pdb,1.4259897726078643,1.6138480584518653,85.83,0.5098039215686274,0.22549019607843138,0.2647058823529412
272,0.909519313389093,./colab_comb/NF1-15_unrelaxed_rank_003_alphafold2_ptm_model_2_seed_000.pdb,1.0726868909928529,1.2666273601460014,85.22,0.5196078431372549,0.23529411764705882,0.24509803921568626
273,0.8846681564569497,./colab_comb/NF1-15_unrelaxed_rank_004_alphafold2_ptm_model_4_seed_000.pdb,1.355045850394744,1.3300347085636934,81.22,0.5196078431372549,0.23529411764705882,0.24509803921568626
274,0.7035101568568698,./colab_comb/NF1-15_unrelaxed_rank_005_alphafold2_ptm_model_5_seed_000.pdb,2.6632985618732645,2.913563297573829,71.59,0.5294117647058824,0.23529411764705882,0.23529411764705882
275,0.9086465622986862,./colab_comb/NF1-16_unrelaxed_rank_001_alphafold2_ptm_model_3_seed_000.pdb,1.0850183982193247,1.2266671045582205,86.99,0.5196078431372549,0.23529411764705882,0.24509803921568626
276,0.7070470845752057,./colab_comb/NF1-16_unrelaxed_rank_002_alphafold2_ptm_model_4_seed_000.pdb,3.347005680426477,2.7908787977122698,83.19,0.5196078431372549,0.22549019607843138,0.2549019607843137
277,0.7023858075335717,./colab_comb/NF1-16_unrelaxed_rank_003_alphafold2_ptm_model_1_seed_000.pdb,2.7518722791214505,3.012419203373422,82.81,0.5098039215686274,0.24509803921568626,0.24509803921568626
278,0.7036979490629903,./colab_comb/NF1-16_unrelaxed_rank_004_alphafold2_ptm_model_5_seed_000.pdb,3.1160452267536805,2.708262811011128,81.41,0.5294117647058824,0.21568627450980393,0.2549019607843137
279,0.718098121016631,./colab_comb/NF1-16_unrelaxed_rank_005_alphafold2_ptm_model_2_seed_000.pdb,2.8248431285354116,2.767755773763802,78.07,0.5098039215686274,0.24509803921568626,0.24509803921568626
280,0.8583822317173774,./colab_comb/NF2-01_unrelaxed_rank_001_alphafold2_ptm_model_3_seed_000.pdb,1.1132060557877224,1.2558053028806373,90.65,0.4117647058823529,0.35294117647058826,0.23529411764705882
281,0.8791860527465594,./colab_comb/NF2-01_unrelaxed_rank_002_alphafold2_ptm_model_1_seed_000.pdb,0.9947305454612542,1.1212004959401536,90.17,0.4117647058823529,0.36764705882352944,0.22058823529411764
282,0.8638040515774467,./colab_comb/NF2-01_unrelaxed_rank_003_alphafold2_ptm_model_5_seed_000.pdb,1.0790637232540483,1.1925230584797661,90.14,0.4117647058823529,0.36764705882352944,0.22058823529411764
283,0.8731732744931574,./colab_comb/NF2-01_unrelaxed_rank_004_alphafold2_ptm_model_4_seed_000.pdb,1.0309258326724149,1.1724155948495538,90.03,0.4117647058823529,0.35294117647058826,0.23529411764705882
284,0.8789659341669248,./colab_comb/NF2-01_unrelaxed_rank_005_alphafold2_ptm_model_2_seed_000.pdb,1.0130448090779312,1.1442083942720758,90.01,0.4117647058823529,0.36764705882352944,0.22058823529411764
285,0.9221494357449116,./colab_comb/NF2-02_unrelaxed_rank_001_alphafold2_ptm_model_2_seed_000.pdb,0.7729219739920156,1.0578137465766664,90.9,0.4117647058823529,0.35294117647058826,0.23529411764705882
286,0.9206123248026069,./colab_comb/NF2-02_unrelaxed_rank_002_alphafold2_ptm_model_3_seed_000.pdb,0.7599932379973781,0.9878282307731088,90.82,0.4117647058823529,0.36764705882352944,0.22058823529411764
287,0.9383440558004078,./colab_comb/NF2-02_unrelaxed_rank_003_alphafold2_ptm_model_4_seed_000.pdb,0.6503549577676117,0.8690592781597044,90.31,0.4117647058823529,0.36764705882352944,0.22058823529411764
288,0.930059564829329,./colab_comb/NF2-02_unrelaxed_rank_004_alphafold2_ptm_model_5_seed_000.pdb,0.7050890650931483,0.8884093279625077,90.04,0.4117647058823529,0.36764705882352944,0.22058823529411764
289,0.9365897681084611,./colab_comb/NF2-02_unrelaxed_rank_005_alphafold2_ptm_model_1_seed_000.pdb,0.6618049659985215,0.8922459557789446,89.5,0.4117647058823529,0.36764705882352944,0.22058823529411764
290,0.947621040487388,./colab_comb/NF2-03_unrelaxed_rank_001_alphafold2_ptm_model_3_seed_000.pdb,0.597790894546929,0.7855927456399309,92.47,0.39705882352941174,0.3235294117647059,0.27941176470588236
291,0.9229997575987332,./colab_comb/NF2-03_unrelaxed_rank_002_alphafold2_ptm_model_5_seed_000.pdb,0.7683826941602335,0.9272406578291559,91.3,0.39705882352941174,0.3235294117647059,0.27941176470588236
292,0.9467706328451454,./colab_comb/NF2-03_unrelaxed_rank_003_alphafold2_ptm_model_2_seed_000.pdb,0.6113355466444492,0.8597789741577471,91.06,0.39705882352941174,0.3235294117647059,0.27941176470588236
293,0.9441993331641239,./colab_comb/NF2-03_unrelaxed_rank_004_alphafold2_ptm_model_1_seed_000.pdb,0.6174173103862093,0.8207674858196968,89.82,0.4117647058823529,0.3235294117647059,0.2647058823529412
294,0.7727700642173758,./colab_comb/NF2-03_unrelaxed_rank_005_alphafold2_ptm_model_4_seed_000.pdb,1.6815866265925241,1.5381868766962463,87.84,0.4117647058823529,0.3235294117647059,0.2647058823529412
295,0.890044571681067,./colab_comb/NF2-04_unrelaxed_rank_001_alphafold2_ptm_model_1_seed_000.pdb,0.9482540974339783,1.0621100250465212,86.59,0.4117647058823529,0.36764705882352944,0.22058823529411764
296,0.8903903609140967,./colab_comb/NF2-04_unrelaxed_rank_002_alphafold2_ptm_model_5_seed_000.pdb,0.9507214862687497,1.0579793801031854,85.68,0.4117647058823529,0.35294117647058826,0.23529411764705882
297,0.8607510089298834,./colab_comb/NF2-04_unrelaxed_rank_003_alphafold2_ptm_model_4_seed_000.pdb,1.1450365407009602,1.3679748706293757,85.12,0.4117647058823529,0.3382352941176471,0.25
298,0.8364305870753243,./colab_comb/NF2-04_unrelaxed_rank_004_alphafold2_ptm_model_2_seed_000.pdb,1.4884323714979464,1.57254700413097,84.28,0.39705882352941174,0.3235294117647059,0.27941176470588236
299,0.9183770668236886,./colab_comb/NF2-04_unrelaxed_rank_005_alphafold2_ptm_model_3_seed_000.pdb,0.8209080115507545,1.050474034367982,82.14,0.39705882352941174,0.35294117647058826,0.25
300,0.9220636809471457,./colab_comb/NF3-01_unrelaxed_rank_001_alphafold2_ptm_model_3_seed_000.pdb,0.9832383189775593,1.1070138648900785,86.83,0.57,0.21,0.22
301,0.9258112259357405,./colab_comb/NF3-01_unrelaxed_rank_002_alphafold2_ptm_model_1_seed_000.pdb,0.9497409587856539,1.0821147625366212,86.05,0.55,0.21,0.24
302,0.942521047208894,./colab_comb/NF3-01_unrelaxed_rank_003_alphafold2_ptm_model_4_seed_000.pdb,0.8268302768007163,0.9327822558275225,85.97,0.57,0.21,0.22
303,0.9240123941374206,./colab_comb/NF3-01_unrelaxed_rank_004_alphafold2_ptm_model_5_seed_000.pdb,0.952486285622582,1.1096474661671063,84.57,0.56,0.21,0.23
304,0.9239023175703651,./colab_comb/NF3-01_unrelaxed_rank_005_alphafold2_ptm_model_2_seed_000.pdb,0.9476323594541454,1.1152721321614165,84.42,0.55,0.21,0.24
305,0.9562933367236814,./colab_comb/NF3-02_unrelaxed_rank_001_alphafold2_ptm_model_4_seed_000.pdb,0.7167187063614685,0.7922653149903032,89.18,0.57,0.2,0.23
306,0.8360852754397529,./colab_comb/NF3-02_unrelaxed_rank_002_alphafold2_ptm_model_5_seed_000.pdb,1.6573513641347484,2.047298876616082,85.35,0.56,0.19,0.25
307,0.8486961984186614,./colab_comb/NF3-02_unrelaxed_rank_003_alphafold2_ptm_model_3_seed_000.pdb,1.5164745859894309,1.9770131625380558,84.3,0.56,0.2,0.24
308,0.8357329340196187,./colab_comb/NF3-02_unrelaxed_rank_004_alphafold2_ptm_model_2_seed_000.pdb,1.6583602316550081,2.06061709946526,81.25,0.55,0.19,0.26
309,0.5621346944658657,./colab_comb/NF3-02_unrelaxed_rank_005_alphafold2_ptm_model_1_seed_000.pdb,7.559626004420686,3.111197121190689,61.88,0.57,0.13,0.3
310,0.9436328810540363,./colab_comb/NF3-03_unrelaxed_rank_001_alphafold2_ptm_model_1_seed_000.pdb,0.8201997388944289,0.9087969859786782,87.38,0.56,0.21,0.23
311,0.9472589521790611,./colab_comb/NF3-03_unrelaxed_rank_002_alphafold2_ptm_model_5_seed_000.pdb,0.7767602609361632,0.8952861135961021,86.85,0.56,0.2,0.24
312,0.9295350492630033,./colab_comb/NF3-03_unrelaxed_rank_003_alphafold2_ptm_model_4_seed_000.pdb,0.9305041011787051,1.056035064205172,86.77,0.57,0.21,0.22
313,0.9078886204264591,./colab_comb/NF3-03_unrelaxed_rank_004_alphafold2_ptm_model_3_seed_000.pdb,1.0856547470649933,1.2167057850549254,86.56,0.55,0.21,0.24
314,0.9559422653217337,./colab_comb/NF3-03_unrelaxed_rank_005_alphafold2_ptm_model_2_seed_000.pdb,0.7163605867120447,0.8033384754824983,86.32,0.56,0.22,0.22
315,0.9207053195727224,./colab_comb/NF3-04_unrelaxed_rank_001_alphafold2_ptm_model_1_seed_000.pdb,0.9753997948340034,1.1099945400026763,86.32,0.57,0.22,0.21
316,0.8993434982878193,./colab_comb/NF3-04_unrelaxed_rank_002_alphafold2_ptm_model_4_seed_000.pdb,1.1335043828308526,1.2915144306174624,85.8,0.57,0.22,0.21
317,0.8556073348995887,./colab_comb/NF3-04_unrelaxed_rank_003_alphafold2_ptm_model_2_seed_000.pdb,1.4708458143016476,1.703701745955964,85.44,0.55,0.22,0.23
318,0.8522580020184887,./colab_comb/NF3-04_unrelaxed_rank_004_alphafold2_ptm_model_3_seed_000.pdb,1.7503063694327703,1.3705585763373502,84.34,0.55,0.22,0.23
319,0.8531745782775794,./colab_comb/NF3-04_unrelaxed_rank_005_alphafold2_ptm_model_5_seed_000.pdb,1.7559250795509966,1.4937694681991354,82.08,0.56,0.22,0.22
320,0.8687875921962833,./colab_comb/NF4-01_unrelaxed_rank_001_alphafold2_ptm_model_1_seed_000.pdb,2.0068654867083766,1.3999837083175803,86.65,0.5217391304347826,0.23478260869565218,0.24347826086956523
321,0.8650679512794739,./colab_comb/NF4-01_unrelaxed_rank_002_alphafold2_ptm_model_4_seed_000.pdb,1.5649965652004083,1.432887992603776,85.92,0.5304347826086957,0.23478260869565218,0.23478260869565218
322,0.8701217032973674,./colab_comb/NF4-01_unrelaxed_rank_003_alphafold2_ptm_model_3_seed_000.pdb,1.6210212803550228,1.390915215686013,85.69,0.5304347826086957,0.23478260869565218,0.23478260869565218
323,0.8628287348074052,./colab_comb/NF4-01_unrelaxed_rank_004_alphafold2_ptm_model_5_seed_000.pdb,1.5296932422346032,1.7373267297855794,84.67,0.5391304347826087,0.22608695652173913,0.23478260869565218
324,0.8668005328131779,./colab_comb/NF4-01_unrelaxed_rank_005_alphafold2_ptm_model_2_seed_000.pdb,1.4790445071449956,1.7025940301570703,84.62,0.4956521739130435,0.23478260869565218,0.26956521739130435
325,0.8586572507926576,./colab_comb/NF4-02_unrelaxed_rank_001_alphafold2_ptm_model_5_seed_000.pdb,1.5379284765836512,1.6864358570876394,84.85,0.5391304347826087,0.23478260869565218,0.22608695652173913
326,0.7654801245636886,./colab_comb/NF4-02_unrelaxed_rank_002_alphafold2_ptm_model_3_seed_000.pdb,2.6814034986699617,2.0966618154674426,82.1,0.5391304347826087,0.23478260869565218,0.22608695652173913
327,0.8338553676444129,./colab_comb/NF4-02_unrelaxed_rank_003_alphafold2_ptm_model_1_seed_000.pdb,1.9805839368055993,1.6820934186363938,81.75,0.5043478260869565,0.23478260869565218,0.2608695652173913
328,0.7782427595909047,./colab_comb/NF4-02_unrelaxed_rank_004_alphafold2_ptm_model_2_seed_000.pdb,2.194784156578673,2.0434400771464962,80.18,0.5304347826086957,0.19130434782608696,0.2782608695652174
329,0.7726596935231473,./colab_comb/NF4-02_unrelaxed_rank_005_alphafold2_ptm_model_4_seed_000.pdb,2.319998245921048,2.1173017790073025,80.0,0.5391304347826087,0.19130434782608696,0.26956521739130435
330,0.9292925373375496,./colab_comb/NF4-03_unrelaxed_rank_001_alphafold2_ptm_model_3_seed_000.pdb,0.9903178712273061,1.1412891489397985,89.9,0.5304347826086957,0.20869565217391303,0.2608695652173913
331,0.9180657831331442,./colab_comb/NF4-03_unrelaxed_rank_002_alphafold2_ptm_model_5_seed_000.pdb,1.0937705696826083,1.2867038363596175,89.2,0.5478260869565217,0.22608695652173913,0.22608695652173913
332,0.926930464646253,./colab_comb/NF4-03_unrelaxed_rank_003_alphafold2_ptm_model_4_seed_000.pdb,1.0326675213910361,1.1540694155959288,88.15,0.5391304347826087,0.22608695652173913,0.23478260869565218
333,0.9244530633689111,./colab_comb/NF4-03_unrelaxed_rank_004_alphafold2_ptm_model_1_seed_000.pdb,1.0518720754019135,1.1697629908610978,87.27,0.5304347826086957,0.22608695652173913,0.24347826086956523
334,0.9400911451018461,./colab_comb/NF4-03_unrelaxed_rank_005_alphafold2_ptm_model_2_seed_000.pdb,0.906701649956959,1.0414422857161676,86.79,0.5391304347826087,0.22608695652173913,0.23478260869565218
335,0.8758697739536236,./colab_comb/NF4-04_unrelaxed_rank_001_alphafold2_ptm_model_2_seed_000.pdb,1.4825094583931229,1.7502320866533783,89.94,0.5304347826086957,0.22608695652173913,0.24347826086956523
336,0.8914370168071934,./colab_comb/NF4-04_unrelaxed_rank_002_alphafold2_ptm_model_3_seed_000.pdb,1.315469808893865,1.513102424959881,88.74,0.5391304347826087,0.22608695652173913,0.23478260869565218
337,0.8805827218859303,./colab_comb/NF4-04_unrelaxed_rank_003_alphafold2_ptm_model_5_seed_000.pdb,1.4212345331272345,1.6283642672182734,88.1,0.5391304347826087,0.22608695652173913,0.23478260869565218
338,0.8900354977456165,./colab_comb/NF4-04_unrelaxed_rank_004_alphafold2_ptm_model_1_seed_000.pdb,1.337198957165554,1.521550810048399,88.04,0.5304347826086957,0.22608695652173913,0.24347826086956523
339,0.8967928255366845,./colab_comb/NF4-04_unrelaxed_rank_005_alphafold2_ptm_model_4_seed_000.pdb,1.2850991446348587,1.4759317300835064,87.38,0.5304347826086957,0.22608695652173913,0.24347826086956523
340,0.9137032463804362,./colab_comb/NF4-05_unrelaxed_rank_001_alphafold2_ptm_model_1_seed_000.pdb,1.120179863194192,1.259019461592829,88.89,0.5304347826086957,0.22608695652173913,0.24347826086956523
341,0.8935189678672512,./colab_comb/NF4-05_unrelaxed_rank_002_alphafold2_ptm_model_2_seed_000.pdb,1.262738156680009,1.455893865311003,88.57,0.5217391304347826,0.22608695652173913,0.25217391304347825
342,0.8984745901801339,./colab_comb/NF4-05_unrelaxed_rank_003_alphafold2_ptm_model_5_seed_000.pdb,1.242974742348209,1.4146721589202211,86.35,0.5391304347826087,0.22608695652173913,0.23478260869565218
343,0.8985284206684878,./colab_comb/NF4-05_unrelaxed_rank_004_alphafold2_ptm_model_3_seed_000.pdb,1.237448660586179,1.4010223279786518,86.34,0.5391304347826087,0.22608695652173913,0.23478260869565218
344,0.8967330559938482,./colab_comb/NF4-05_unrelaxed_rank_005_alphafold2_ptm_model_4_seed_000.pdb,1.252558726955072,1.4490765210691376,85.53,0.5130434782608696,0.22608695652173913,0.2608695652173913
345,0.8942230507564966,./colab_comb/NF4-06_unrelaxed_rank_001_alphafold2_ptm_model_3_seed_000.pdb,1.288482964397947,1.4500322786372075,87.9,0.5391304347826087,0.23478260869565218,0.22608695652173913
346,0.8840668791374907,./colab_comb/NF4-06_unrelaxed_rank_002_alphafold2_ptm_model_2_seed_000.pdb,1.3521710362832458,1.57760182651794,87.37,0.5391304347826087,0.22608695652173913,0.23478260869565218
347,0.8849848141664105,./colab_comb/NF4-06_unrelaxed_rank_003_alphafold2_ptm_model_4_seed_000.pdb,1.3393271356189387,1.521487913792985,86.33,0.5391304347826087,0.22608695652173913,0.23478260869565218
348,0.8829236235218171,./colab_comb/NF4-06_unrelaxed_rank_004_alphafold2_ptm_model_1_seed_000.pdb,1.36356836236683,1.519674408133278,86.34,0.5304347826086957,0.22608695652173913,0.24347826086956523
349,0.866909083003189,./colab_comb/NF4-06_unrelaxed_rank_005_alphafold2_ptm_model_5_seed_000.pdb,1.4934179588902834,1.6306209152850415,85.37,0.5391304347826087,0.22608695652173913,0.23478260869565218
350,0.4600312138389281,./colab_comb/NF5-01_unrelaxed_rank_001_alphafold2_ptm_model_3_seed_000.pdb,10.713807525251706,2.2060799481795317,70.84,0.37623762376237624,0.22772277227722773,0.39603960396039606
351,0.45695879205164824,./colab_comb/NF5-01_unrelaxed_rank_002_alphafold2_ptm_model_5_seed_000.pdb,9.627930958397377,2.016467748741787,70.18,0.5247524752475248,0.21782178217821782,0.25742574257425743
352,0.4431759713525135,./colab_comb/NF5-01_unrelaxed_rank_003_alphafold2_ptm_model_4_seed_000.pdb,10.912170685326075,2.3939497107819756,67.97,0.40594059405940597,0.2079207920792079,0.38613861386138615
353,0.4558101348981498,./colab_comb/NF5-01_unrelaxed_rank_004_alphafold2_ptm_model_1_seed_000.pdb,9.420304806933565,2.59714500404882,66.75,0.48514851485148514,0.21782178217821782,0.297029702970297
354,0.45412886399573765,./colab_comb/NF5-01_unrelaxed_rank_005_alphafold2_ptm_model_2_seed_000.pdb,11.066899133767174,2.527615144165285,61.69,0.39603960396039606,0.19801980198019803,0.40594059405940597
355,0.8888723000064441,./colab_comb/NF5-02_unrelaxed_rank_001_alphafold2_ptm_model_1_seed_000.pdb,1.2262132749074532,1.3826145682700517,88.08,0.5247524752475248,0.21782178217821782,0.25742574257425743
356,0.8838846970076856,./colab_comb/NF5-02_unrelaxed_rank_002_alphafold2_ptm_model_4_seed_000.pdb,1.2725949749875531,1.408711299820412,85.82,0.5247524752475248,0.21782178217821782,0.25742574257425743
357,0.8481506146933468,./colab_comb/NF5-02_unrelaxed_rank_003_alphafold2_ptm_model_2_seed_000.pdb,1.7444948203510282,1.6028473944489274,83.27,0.4752475247524752,0.2079207920792079,0.31683168316831684
358,0.8747555417843458,./colab_comb/NF5-02_unrelaxed_rank_004_alphafold2_ptm_model_3_seed_000.pdb,1.4692673251931632,1.3816207081947407,81.75,0.48514851485148514,0.2079207920792079,0.3069306930693069
359,0.8758577073997458,./colab_comb/NF5-02_unrelaxed_rank_005_alphafold2_ptm_model_5_seed_000.pdb,1.5165751285903237,1.389105531523438,80.44,0.49504950495049505,0.2079207920792079,0.297029702970297
360,0.8930475002067343,./colab_comb/NF5-03_unrelaxed_rank_001_alphafold2_ptm_model_2_seed_000.pdb,1.2186217883680746,1.302510115877545,89.34,0.5247524752475248,0.2079207920792079,0.26732673267326734
361,0.9174321627329618,./colab_comb/NF5-03_unrelaxed_rank_002_alphafold2_ptm_model_1_seed_000.pdb,1.0321588357138634,1.1311098513221147,89.33,0.5247524752475248,0.21782178217821782,0.25742574257425743
362,0.9070285719978353,./colab_comb/NF5-03_unrelaxed_rank_003_alphafold2_ptm_model_3_seed_000.pdb,1.1142342337662203,1.202210523061589,88.66,0.5247524752475248,0.21782178217821782,0.25742574257425743
363,0.9222608452806569,./colab_comb/NF5-03_unrelaxed_rank_004_alphafold2_ptm_model_5_seed_000.pdb,1.0160032740902467,1.082651808308905,88.64,0.5247524752475248,0.21782178217821782,0.25742574257425743
364,0.9233075811618567,./colab_comb/NF5-03_unrelaxed_rank_005_alphafold2_ptm_model_4_seed_000.pdb,1.0007207031243355,1.0757517383024655,88.36,0.5247524752475248,0.21782178217821782,0.25742574257425743
365,0.8937234180166004,./colab_comb/NF5-04_unrelaxed_rank_001_alphafold2_ptm_model_4_seed_000.pdb,1.1990007222484909,1.3337584882670892,87.87,0.5247524752475248,0.21782178217821782,0.25742574257425743
366,0.8994066104580598,./colab_comb/NF5-04_unrelaxed_rank_002_alphafold2_ptm_model_1_seed_000.pdb,1.1616422636622699,1.296580231262047,86.95,0.5247524752475248,0.21782178217821782,0.25742574257425743
367,0.9068100540656405,./colab_comb/NF5-04_unrelaxed_rank_003_alphafold2_ptm_model_3_seed_000.pdb,1.1167798690037183,1.2148805599986199,86.54,0.5247524752475248,0.21782178217821782,0.25742574257425743
368,0.9030011585471375,./colab_comb/NF5-04_unrelaxed_rank_004_alphafold2_ptm_model_5_seed_000.pdb,1.136568842615339,1.2442217163727918,85.37,0.5247524752475248,0.21782178217821782,0.25742574257425743
369,0.8826303365697867,./colab_comb/NF5-04_unrelaxed_rank_005_alphafold2_ptm_model_2_seed_000.pdb,1.2733858067474533,1.3896352720133067,84.61,0.5247524752475248,0.21782178217821782,0.25742574257425743
370,0.9348139698469118,./colab_comb/NF5-05_unrelaxed_rank_001_alphafold2_ptm_model_1_seed_000.pdb,0.898905001503436,1.0050867803904204,86.51,0.5247524752475248,0.21782178217821782,0.25742574257425743
371,0.9499009423786808,./colab_comb/NF5-05_unrelaxed_rank_002_alphafold2_ptm_model_5_seed_000.pdb,0.7776030024998678,0.873482276492686,85.86,0.5247524752475248,0.21782178217821782,0.25742574257425743
372,0.9176362958054297,./colab_comb/NF5-05_unrelaxed_rank_003_alphafold2_ptm_model_3_seed_000.pdb,1.0421137374690277,1.1608956591643147,85.29,0.5247524752475248,0.21782178217821782,0.25742574257425743
373,0.9318563317507227,./colab_comb/NF5-05_unrelaxed_rank_004_alphafold2_ptm_model_4_seed_000.pdb,0.9341785241352139,1.029700773363838,85.19,0.5247524752475248,0.21782178217821782,0.25742574257425743
374,0.9431126530202646,./colab_comb/NF5-05_unrelaxed_rank_005_alphafold2_ptm_model_2_seed_000.pdb,0.824583111777018,0.9278177938601598,85.17,0.5247524752475248,0.21782178217821782,0.25742574257425743
375,0.91817512199972,./colab_comb/NF5-06_unrelaxed_rank_001_alphafold2_ptm_model_3_seed_000.pdb,1.0251676748864416,1.1234590368857693,89.32,0.5148514851485149,0.21782178217821782,0.26732673267326734
376,0.9414516750014059,./colab_comb/NF5-06_unrelaxed_rank_002_alphafold2_ptm_model_2_seed_000.pdb,0.8451608053585428,0.9403405602370538,88.7,0.5247524752475248,0.2079207920792079,0.26732673267326734
377,0.9405918614882701,./colab_comb/NF5-06_unrelaxed_rank_003_alphafold2_ptm_model_4_seed_000.pdb,0.8390293631726605,0.9515871983297003,87.97,0.5247524752475248,0.21782178217821782,0.25742574257425743
378,0.8858500027998177,./colab_comb/NF5-06_unrelaxed_rank_004_alphafold2_ptm_model_1_seed_000.pdb,1.2324866469530646,1.4381010826059957,86.67,0.5148514851485149,0.21782178217821782,0.26732673267326734
379,0.8834912121292766,./colab_comb/NF5-06_unrelaxed_rank_005_alphafold2_ptm_model_5_seed_000.pdb,1.2444286410557817,1.4534763099169155,85.23,0.5247524752475248,0.21782178217821782,0.25742574257425743
380,0.8734918998339531,./colab_comb/NF6-01_unrelaxed_rank_001_alphafold2_ptm_model_3_seed_000.pdb,1.378293625403974,1.452876980855964,89.17,0.5,0.22448979591836735,0.2755102040816326
381,0.8779340744659389,./colab_comb/NF6-01_unrelaxed_rank_002_alphafold2_ptm_model_1_seed_000.pdb,1.3666816651381828,1.4274368802599455,87.56,0.5,0.22448979591836735,0.2755102040816326
382,0.8774831991590811,./colab_comb/NF6-01_unrelaxed_rank_003_alphafold2_ptm_model_2_seed_000.pdb,1.362569426735017,1.4290159011088102,87.1,0.5,0.22448979591836735,0.2755102040816326
383,0.8596109989767025,./colab_comb/NF6-01_unrelaxed_rank_004_alphafold2_ptm_model_5_seed_000.pdb,1.498364536660291,1.5536326732120715,86.88,0.5204081632653061,0.22448979591836735,0.25510204081632654
384,0.8702967796409666,./colab_comb/NF6-01_unrelaxed_rank_005_alphafold2_ptm_model_4_seed_000.pdb,1.3910361334727877,1.4640392641570201,86.61,0.5306122448979592,0.22448979591836735,0.24489795918367346
385,0.8380960018514186,./colab_comb/NF6-02_unrelaxed_rank_001_alphafold2_ptm_model_3_seed_000.pdb,1.646693972104989,1.707413358161439,89.79,0.5,0.21428571428571427,0.2857142857142857
386,0.8733296076272199,./colab_comb/NF6-02_unrelaxed_rank_002_alphafold2_ptm_model_2_seed_000.pdb,1.3695086355501471,1.4312257949352198,88.16,0.5,0.22448979591836735,0.2755102040816326
387,0.8961638044280087,./colab_comb/NF6-02_unrelaxed_rank_003_alphafold2_ptm_model_1_seed_000.pdb,1.1839123108776919,1.2464428641791065,88.14,0.5204081632653061,0.22448979591836735,0.25510204081632654
388,0.8842037660120029,./colab_comb/NF6-02_unrelaxed_rank_004_alphafold2_ptm_model_5_seed_000.pdb,1.267063486362952,1.3369243785644431,85.81,0.5204081632653061,0.22448979591836735,0.25510204081632654
389,0.8878984564505334,./colab_comb/NF6-02_unrelaxed_rank_005_alphafold2_ptm_model_4_seed_000.pdb,1.253325824989338,1.3125011639552697,85.5,0.5306122448979592,0.21428571428571427,0.25510204081632654
390,0.81836218543692,./colab_comb/NF6-03_unrelaxed_rank_001_alphafold2_ptm_model_2_seed_000.pdb,1.7101447728425423,1.898837736853174,84.14,0.4897959183673469,0.17346938775510204,0.336734693877551
391,0.916718851058096,./colab_comb/NF6-03_unrelaxed_rank_002_alphafold2_ptm_model_5_seed_000.pdb,1.0302660196320779,1.1192061053009759,79.73,0.5204081632653061,0.22448979591836735,0.25510204081632654
392,0.84449310799992,./colab_comb/NF6-03_unrelaxed_rank_003_alphafold2_ptm_model_3_seed_000.pdb,1.5894120714116793,1.6355503926942874,78.0,0.5204081632653061,0.21428571428571427,0.2653061224489796
393,0.9099925159811599,./colab_comb/NF6-03_unrelaxed_rank_004_alphafold2_ptm_model_4_seed_000.pdb,1.0744792326058186,1.1771252800306695,77.86,0.5306122448979592,0.22448979591836735,0.24489795918367346
394,0.8821515515203388,./colab_comb/NF6-03_unrelaxed_rank_005_alphafold2_ptm_model_1_seed_000.pdb,1.2910584104722027,1.5125453198908805,77.39,0.5102040816326531,0.17346938775510204,0.3163265306122449
395,0.9274940540360646,./colab_comb/NF6-04_unrelaxed_rank_001_alphafold2_ptm_model_3_seed_000.pdb,0.9467868132950736,1.0496746642965435,89.01,0.5204081632653061,0.22448979591836735,0.25510204081632654
396,0.9042310231125447,./colab_comb/NF6-04_unrelaxed_rank_002_alphafold2_ptm_model_1_seed_000.pdb,1.115687950227786,1.236323940550019,88.31,0.5102040816326531,0.22448979591836735,0.2653061224489796
397,0.8904917509067604,./colab_comb/NF6-04_unrelaxed_rank_003_alphafold2_ptm_model_2_seed_000.pdb,1.199646771295956,1.3299298317269792,88.12,0.4897959183673469,0.22448979591836735,0.2857142857142857
398,0.8785141705524578,./colab_comb/NF6-04_unrelaxed_rank_004_alphafold2_ptm_model_5_seed_000.pdb,1.294514860320077,1.373016496836482,86.42,0.5306122448979592,0.22448979591836735,0.24489795918367346
399,0.8926360589904949,./colab_comb/NF6-04_unrelaxed_rank_005_alphafold2_ptm_model_4_seed_000.pdb,1.1857544673785985,1.328733783851086,83.53,0.5306122448979592,0.22448979591836735,0.24489795918367346
400,0.9542810832357509,./colab_comb/NF6-05_unrelaxed_rank_001_alphafold2_ptm_model_3_seed_000.pdb,0.7192057228733375,0.8096919590529966,85.45,0.5204081632653061,0.21428571428571427,0.2653061224489796
401,0.8989418556498433,./colab_comb/NF6-05_unrelaxed_rank_002_alphafold2_ptm_model_5_seed_000.pdb,1.1265563912262677,1.297836781323458,81.94,0.5306122448979592,0.21428571428571427,0.25510204081632654
402,0.898865379364129,./colab_comb/NF6-05_unrelaxed_rank_003_alphafold2_ptm_model_4_seed_000.pdb,1.1250104395994995,1.2796512467058623,81.69,0.5306122448979592,0.21428571428571427,0.25510204081632654
403,0.915182026946439,./colab_comb/NF6-05_unrelaxed_rank_004_alphafold2_ptm_model_1_seed_000.pdb,1.014177352513888,1.1631386091768838,80.49,0.5204081632653061,0.17346938775510204,0.30612244897959184
404,0.9499558479822664,./colab_comb/NF6-05_unrelaxed_rank_005_alphafold2_ptm_model_2_seed_000.pdb,0.7645792000675818,0.8490808101686864,79.94,0.5204081632653061,0.21428571428571427,0.2653061224489796
405,0.9033702992651188,./colab_comb/NF6-06_unrelaxed_rank_001_alphafold2_ptm_model_3_seed_000.pdb,1.0805036252956108,1.2787727356739835,85.81,0.5102040816326531,0.17346938775510204,0.3163265306122449
406,0.8999351442910491,./colab_comb/NF6-06_unrelaxed_rank_002_alphafold2_ptm_model_5_seed_000.pdb,1.1164060624974534,1.3180456944704684,85.59,0.5306122448979592,0.22448979591836735,0.24489795918367346
407,0.9025644303560758,./colab_comb/NF6-06_unrelaxed_rank_003_alphafold2_ptm_model_4_seed_000.pdb,1.0978636987736567,1.2777219171905847,84.87,0.5204081632653061,0.17346938775510204,0.30612244897959184
408,0.9041926940809135,./colab_comb/NF6-06_unrelaxed_rank_004_alphafold2_ptm_model_1_seed_000.pdb,1.0801270415232493,1.2686245326104535,84.77,0.5102040816326531,0.17346938775510204,0.3163265306122449
409,0.9376935073352445,./colab_comb/NF6-06_unrelaxed_rank_005_alphafold2_ptm_model_2_seed_000.pdb,0.8615793166911431,0.9534966671021272,83.11,0.5,0.17346938775510204,0.32653061224489793
410,0.7158718320087729,./colab_comb/NF7-01_unrelaxed_rank_001_alphafold2_ptm_model_3_seed_000.pdb,2.600989465388335,2.950795623622256,87.81,0.5,0.22413793103448276,0.27586206896551724
411,0.709254061554628,./colab_comb/NF7-01_unrelaxed_rank_002_alphafold2_ptm_model_1_seed_000.pdb,2.653950588565741,3.098362790225716,85.77,0.5,0.23275862068965517,0.2672413793103448
412,0.7270481260280026,./colab_comb/NF7-01_unrelaxed_rank_003_alphafold2_ptm_model_2_seed_000.pdb,2.4974852500755294,2.8943126789476863,85.27,0.5,0.23275862068965517,0.2672413793103448
413,0.7064292626685001,./colab_comb/NF7-01_unrelaxed_rank_004_alphafold2_ptm_model_4_seed_000.pdb,2.6870982342723075,3.1306980346008064,85.11,0.5,0.22413793103448276,0.27586206896551724
414,0.9122808961799069,./colab_comb/NF7-01_unrelaxed_rank_005_alphafold2_ptm_model_5_seed_000.pdb,1.1497748612166718,1.516858792451253,84.92,0.5258620689655172,0.23275862068965517,0.2413793103448276
415,0.9321868077855706,./colab_comb/NF7-02_unrelaxed_rank_001_alphafold2_ptm_model_4_seed_000.pdb,1.0043167363120822,1.0945330270713618,86.9,0.5344827586206896,0.22413793103448276,0.2413793103448276
416,0.9395448396360789,./colab_comb/NF7-02_unrelaxed_rank_002_alphafold2_ptm_model_5_seed_000.pdb,0.9500908909273155,1.0254682703206686,86.38,0.5344827586206896,0.22413793103448276,0.2413793103448276
417,0.8906363157336737,./colab_comb/NF7-02_unrelaxed_rank_003_alphafold2_ptm_model_2_seed_000.pdb,1.3391489491140196,1.5665886361487231,78.73,0.5086206896551724,0.1724137931034483,0.31896551724137934
418,0.8983462428664787,./colab_comb/NF7-02_unrelaxed_rank_004_alphafold2_ptm_model_1_seed_000.pdb,1.3075409450605942,1.4841964379280557,78.39,0.5086206896551724,0.1724137931034483,0.31896551724137934
419,0.6502732230555548,./colab_comb/NF7-02_unrelaxed_rank_005_alphafold2_ptm_model_3_seed_000.pdb,3.7013687536147803,3.1964805973459423,77.54,0.5086206896551724,0.19827586206896552,0.29310344827586204
420,0.9109825862365886,./colab_comb/NF7-03_unrelaxed_rank_001_alphafold2_ptm_model_2_seed_000.pdb,1.1993770013815723,1.5490894514493785,87.71,0.49137931034482757,0.22413793103448276,0.28448275862068967
421,0.9170766731966583,./colab_comb/NF7-03_unrelaxed_rank_002_alphafold2_ptm_model_1_seed_000.pdb,1.1590068309736328,1.4726903110045122,87.14,0.5172413793103449,0.22413793103448276,0.25862068965517243
422,0.9125141522296915,./colab_comb/NF7-03_unrelaxed_rank_003_alphafold2_ptm_model_4_seed_000.pdb,1.1942529524897352,1.5094684659323285,86.63,0.5258620689655172,0.22413793103448276,0.25
423,0.9174297131420647,./colab_comb/NF7-03_unrelaxed_rank_004_alphafold2_ptm_model_5_seed_000.pdb,1.1514226586954108,1.4981273062754685,86.56,0.5172413793103449,0.22413793103448276,0.25862068965517243
424,0.7082483477030393,./colab_comb/NF7-03_unrelaxed_rank_005_alphafold2_ptm_model_3_seed_000.pdb,2.7953087997811368,2.971250543858972,83.57,0.5172413793103449,0.22413793103448276,0.25862068965517243
425,0.7437366403735752,./colab_comb/NF7-04_unrelaxed_rank_001_alphafold2_ptm_model_2_seed_000.pdb,2.3684119387031655,2.9137746499005095,85.42,0.5086206896551724,0.2413793103448276,0.25
426,0.7472668864212637,./colab_comb/NF7-04_unrelaxed_rank_002_alphafold2_ptm_model_3_seed_000.pdb,2.443628867072155,2.6866383207165754,85.29,0.5172413793103449,0.2413793103448276,0.2413793103448276
427,0.7328862185682986,./colab_comb/NF7-04_unrelaxed_rank_003_alphafold2_ptm_model_4_seed_000.pdb,2.447805320692158,2.964640881920828,85.12,0.5258620689655172,0.2413793103448276,0.23275862068965517
428,0.7410784807517575,./colab_comb/NF7-04_unrelaxed_rank_004_alphafold2_ptm_model_1_seed_000.pdb,2.378523143095768,2.891512998785116,84.8,0.5,0.2413793103448276,0.25862068965517243
429,0.739508061168223,./colab_comb/NF7-04_unrelaxed_rank_005_alphafold2_ptm_model_5_seed_000.pdb,2.480284475206365,2.7150705555671064,84.73,0.5086206896551724,0.2413793103448276,0.25
430,0.9362520111589784,./colab_comb/NF7-05_unrelaxed_rank_001_alphafold2_ptm_model_5_seed_000.pdb,0.9523918062200551,1.0940812964900024,87.55,0.5172413793103449,0.23275862068965517,0.25
431,0.7462325449553849,./colab_comb/NF7-05_unrelaxed_rank_002_alphafold2_ptm_model_3_seed_000.pdb,2.3524219036219116,2.781709014620235,85.56,0.5,0.22413793103448276,0.27586206896551724
432,0.7664644889367476,./colab_comb/NF7-05_unrelaxed_rank_003_alphafold2_ptm_model_1_seed_000.pdb,2.2130859064768726,2.684727208359825,83.79,0.49137931034482757,0.22413793103448276,0.28448275862068967
433,0.3588533526428016,./colab_comb/NF7-05_unrelaxed_rank_004_alphafold2_ptm_model_2_seed_000.pdb,12.694292736107057,4.977968398345235,62.41,0.4827586206896552,0.16379310344827586,0.35344827586206895
434,0.3918004314335797,./colab_comb/NF7-05_unrelaxed_rank_005_alphafold2_ptm_model_4_seed_000.pdb,12.632374157615015,3.2594321361947554,51.69,0.5086206896551724,0.16379310344827586,0.3275862068965517
435,0.9039566685607003,./colab_comb/NF7-06_unrelaxed_rank_001_alphafold2_ptm_model_1_seed_000.pdb,1.2783340979100832,1.7948914830843392,86.13,0.49137931034482757,0.22413793103448276,0.28448275862068967
436,0.6573241336146521,./colab_comb/NF7-06_unrelaxed_rank_002_alphafold2_ptm_model_4_seed_000.pdb,3.098670644863192,3.334948984527815,85.94,0.5086206896551724,0.23275862068965517,0.25862068965517243
437,0.6974047888619155,./colab_comb/NF7-06_unrelaxed_rank_003_alphafold2_ptm_model_5_seed_000.pdb,2.903883239473687,3.1797053242061937,85.34,0.49137931034482757,0.21551724137931033,0.29310344827586204
438,0.7013333165365074,./colab_comb/NF7-06_unrelaxed_rank_004_alphafold2_ptm_model_3_seed_000.pdb,2.8768968634821888,2.9365350522430775,83.38,0.49137931034482757,0.21551724137931033,0.29310344827586204
439,0.6885490268912325,./colab_comb/NF7-06_unrelaxed_rank_005_alphafold2_ptm_model_2_seed_000.pdb,2.9254005620548935,3.0145717393502287,71.39,0.5,0.1810344827586207,0.31896551724137934
440,0.9332815698316926,./colab_comb/NF8-01_unrelaxed_rank_001_alphafold2_ptm_model_3_seed_000.pdb,0.8046529534455865,0.860600734182967,90.4,0.45,0.3,0.25
441,0.7501214771768855,./colab_comb/NF8-01_unrelaxed_rank_002_alphafold2_ptm_model_1_seed_000.pdb,2.5410263673723676,2.4689984934687152,89.83,0.4875,0.25,0.2625
442,0.7428850823422875,./colab_comb/NF8-01_unrelaxed_rank_003_alphafold2_ptm_model_4_seed_000.pdb,2.588466198145929,2.510112220915325,89.31,0.4875,0.25,0.2625
443,0.7431917977682517,./colab_comb/NF8-01_unrelaxed_rank_004_alphafold2_ptm_model_5_seed_000.pdb,2.267593990154255,2.6605462625714837,86.71,0.45,0.25,0.3
444,0.741431504353941,./colab_comb/NF8-01_unrelaxed_rank_005_alphafold2_ptm_model_2_seed_000.pdb,2.255171587309317,2.717762543203479,77.06,0.45,0.25,0.3
445,0.9178855685697869,./colab_comb/NF8-02_unrelaxed_rank_001_alphafold2_ptm_model_2_seed_000.pdb,0.8908260995682225,1.0354546438839778,91.27,0.4375,0.325,0.2375
446,0.9082211596667329,./colab_comb/NF8-02_unrelaxed_rank_002_alphafold2_ptm_model_3_seed_000.pdb,0.9450770531644713,1.1025331764948343,88.42,0.45,0.325,0.225
447,0.6435034770595657,./colab_comb/NF8-02_unrelaxed_rank_003_alphafold2_ptm_model_4_seed_000.pdb,2.983633291140242,3.192994643663289,70.84,0.4375,0.15,0.4125
448,0.6402194718109463,./colab_comb/NF8-02_unrelaxed_rank_004_alphafold2_ptm_model_5_seed_000.pdb,2.967961361848476,2.949320787562929,68.39,0.4375,0.2125,0.35
449,0.543621175908302,./colab_comb/NF8-02_unrelaxed_rank_005_alphafold2_ptm_model_1_seed_000.pdb,8.377163861978923,2.554376136991993,67.73,0.4375,0.2875,0.275
450,0.9054140030034774,./colab_comb/NF8-03_unrelaxed_rank_001_alphafold2_ptm_model_3_seed_000.pdb,0.9825367223253992,1.0497341663878974,90.59,0.45,0.3,0.25
451,0.7240400233518308,./colab_comb/NF8-03_unrelaxed_rank_002_alphafold2_ptm_model_2_seed_000.pdb,2.2379089133554015,2.92997002303679,88.89,0.45,0.25,0.3
452,0.9179657402575552,./colab_comb/NF8-03_unrelaxed_rank_003_alphafold2_ptm_model_1_seed_000.pdb,0.9004303389748707,0.974511163333618,88.67,0.45,0.3,0.25
453,0.517597221425448,./colab_comb/NF8-03_unrelaxed_rank_004_alphafold2_ptm_model_5_seed_000.pdb,8.745382788102381,2.729450065244329,66.61,0.45,0.1,0.45
454,0.49578834119688947,./colab_comb/NF8-03_unrelaxed_rank_005_alphafold2_ptm_model_4_seed_000.pdb,6.4102101919545795,3.0256446581652257,62.43,0.4625,0.2625,0.275
455,0.5340553782228059,./colab_comb/NF8-04_unrelaxed_rank_001_alphafold2_ptm_model_5_seed_000.pdb,7.512029065610851,2.766786709483598,82.49,0.425,0.2875,0.2875
456,0.518909184455989,./colab_comb/NF8-04_unrelaxed_rank_002_alphafold2_ptm_model_4_seed_000.pdb,7.458615159820088,2.8179290775968906,81.41,0.425,0.325,0.25
457,0.5372609865683008,./colab_comb/NF8-04_unrelaxed_rank_003_alphafold2_ptm_model_1_seed_000.pdb,6.809227144334938,2.8411865709011734,76.54,0.4125,0.25,0.3375
458,0.49116081606234435,./colab_comb/NF8-04_unrelaxed_rank_004_alphafold2_ptm_model_2_seed_000.pdb,8.49472011210224,2.9701829542501654,68.88,0.425,0.2125,0.3625
459,0.5340168066310418,./colab_comb/NF8-04_unrelaxed_rank_005_alphafold2_ptm_model_3_seed_000.pdb,7.270221673555723,2.7512104865886986,68.2,0.425,0.275,0.3
460,0.84541395028233,./colab_comb/NF8-05_unrelaxed_rank_001_alphafold2_ptm_model_3_seed_000.pdb,1.3201692669830738,1.460601400575712,88.88,0.4375,0.3375,0.225
461,0.8197080600625796,./colab_comb/NF8-05_unrelaxed_rank_002_alphafold2_ptm_model_5_seed_000.pdb,1.5000201786988399,1.745291862618929,88.67,0.45,0.3,0.25
462,0.69050997008237,./colab_comb/NF8-05_unrelaxed_rank_003_alphafold2_ptm_model_1_seed_000.pdb,2.685630331662822,2.9734199034578683,70.08,0.45,0.175,0.375
463,0.6449350066186514,./colab_comb/NF8-05_unrelaxed_rank_004_alphafold2_ptm_model_4_seed_000.pdb,2.999874221771951,3.1596137148066616,68.54,0.45,0.225,0.325
464,0.6392071026839462,./colab_comb/NF8-05_unrelaxed_rank_005_alphafold2_ptm_model_2_seed_000.pdb,2.7837890159895755,3.1964631638965435,66.11,0.4375,0.1,0.4625
465,0.9191989179141757,./colab_comb/NF8-06_unrelaxed_rank_001_alphafold2_ptm_model_3_seed_000.pdb,0.8622367513998318,0.96938247597121,92.65,0.4625,0.3,0.2375
466,0.9081497613354924,./colab_comb/NF8-06_unrelaxed_rank_002_alphafold2_ptm_model_2_seed_000.pdb,0.9560479446475372,1.0402671774532253,90.53,0.4375,0.3,0.2625
467,0.9012933215233301,./colab_comb/NF8-06_unrelaxed_rank_003_alphafold2_ptm_model_1_seed_000.pdb,0.9967052313705107,1.0886375539521471,89.39,0.45,0.3,0.25
468,0.9016428924729262,./colab_comb/NF8-06_unrelaxed_rank_004_alphafold2_ptm_model_4_seed_000.pdb,0.9989098080308426,1.0859879007773163,89.16,0.45,0.3,0.25
469,0.900700128460795,./colab_comb/NF8-06_unrelaxed_rank_005_alphafold2_ptm_model_5_seed_000.pdb,0.9858503397995783,1.1498833395453067,89.02,0.45,0.3125,0.2375
470,0.4779774048013847,./colab_comb/NF8-07_unrelaxed_rank_001_alphafold2_ptm_model_2_seed_000.pdb,8.582495475843446,3.075893670947298,74.55,0.475,0.2375,0.2875
471,0.4828186340170875,./colab_comb/NF8-07_unrelaxed_rank_002_alphafold2_ptm_model_5_seed_000.pdb,8.321211189515084,2.7593041615973455,68.33,0.475,0.2375,0.2875
472,0.4334474453417868,./colab_comb/NF8-07_unrelaxed_rank_003_alphafold2_ptm_model_3_seed_000.pdb,8.511056175769351,3.380292378249073,67.22,0.475,0.2125,0.3125
473,0.42466287213039006,./colab_comb/NF8-07_unrelaxed_rank_004_alphafold2_ptm_model_1_seed_000.pdb,8.629303758566234,3.4961764833186217,66.69,0.475,0.25,0.275
474,0.5042124300270039,./colab_comb/NF8-07_unrelaxed_rank_005_alphafold2_ptm_model_4_seed_000.pdb,8.020678821864832,2.7705746087636665,65.72,0.4875,0.125,0.3875
475,0.4936644768024883,./colab_comb/NF8-08_unrelaxed_rank_001_alphafold2_ptm_model_1_seed_000.pdb,8.263920072403444,3.0425258097182324,79.27,0.4875,0.25,0.2625
476,0.4637326488923794,./colab_comb/NF8-08_unrelaxed_rank_002_alphafold2_ptm_model_5_seed_000.pdb,8.562209165927849,3.175893341206333,70.09,0.4875,0.2375,0.275
477,0.5178295565473052,./colab_comb/NF8-08_unrelaxed_rank_003_alphafold2_ptm_model_3_seed_000.pdb,8.090129908502519,2.397804583791253,68.22,0.4625,0.2125,0.325
478,0.505648961453461,./colab_comb/NF8-08_unrelaxed_rank_004_alphafold2_ptm_model_4_seed_000.pdb,8.287187415645056,2.899674305994046,65.6,0.4625,0.2375,0.3
479,0.5125351541254641,./colab_comb/NF8-08_unrelaxed_rank_005_alphafold2_ptm_model_2_seed_000.pdb,8.121643025638996,2.453435283306237,63.66,0.4625,0.2375,0.3
480,0.5649798883309233,./colab_comb/NF8-09_unrelaxed_rank_001_alphafold2_ptm_model_1_seed_000.pdb,8.21944643169622,2.4224800048269817,77.88,0.4375,0.3125,0.25
481,0.5313395120556913,./colab_comb/NF8-09_unrelaxed_rank_002_alphafold2_ptm_model_2_seed_000.pdb,8.042387207925737,2.482150065753512,75.04,0.4625,0.2125,0.325
482,0.550966069914545,./colab_comb/NF8-09_unrelaxed_rank_003_alphafold2_ptm_model_5_seed_000.pdb,8.554791349589832,2.6584473179898187,71.62,0.45,0.2375,0.3125
483,0.6671419394849961,./colab_comb/NF8-09_unrelaxed_rank_004_alphafold2_ptm_model_4_seed_000.pdb,2.780066209768221,2.971090439940912,70.03,0.4375,0.225,0.3375
484,0.5656687049013162,./colab_comb/NF8-09_unrelaxed_rank_005_alphafold2_ptm_model_3_seed_000.pdb,7.456075449404301,2.7408863182307637,68.5,0.4125,0.2625,0.325
485,0.5820473051481848,./colab_comb/NF8-10_unrelaxed_rank_001_alphafold2_ptm_model_1_seed_000.pdb,7.3670382729033035,2.954128589761581,76.77,0.375,0.25,0.375
486,0.5431077182487881,./colab_comb/NF8-10_unrelaxed_rank_002_alphafold2_ptm_model_2_seed_000.pdb,7.76647528907125,2.791593943867782,69.17,0.375,0.25,0.375
487,0.4910152877083973,./colab_comb/NF8-10_unrelaxed_rank_003_alphafold2_ptm_model_4_seed_000.pdb,7.750291445662755,3.134118529880883,65.46,0.325,0.25,0.425
488,0.512066207884384,./colab_comb/NF8-10_unrelaxed_rank_004_alphafold2_ptm_model_5_seed_000.pdb,8.050475223321255,3.308043976832731,64.32,0.3875,0.25,0.3625
489,0.460799571745765,./colab_comb/NF8-10_unrelaxed_rank_005_alphafold2_ptm_model_3_seed_000.pdb,8.193544936138357,3.417083234172444,63.39,0.3625,0.2375,0.4
490,0.5494015919983414,./colab_comb/NF8-11_unrelaxed_rank_001_alphafold2_ptm_model_4_seed_000.pdb,8.36825047612722,2.731309862029784,73.16,0.4125,0.3,0.2875
491,0.5547254711479638,./colab_comb/NF8-11_unrelaxed_rank_002_alphafold2_ptm_model_1_seed_000.pdb,7.460171524633353,2.5966409426265438,72.34,0.3625,0.2875,0.35
492,0.5173051310072682,./colab_comb/NF8-11_unrelaxed_rank_003_alphafold2_ptm_model_2_seed_000.pdb,8.261029251781695,2.8599878744862615,71.99,0.45,0.2375,0.3125
493,0.5011482825329346,./colab_comb/NF8-11_unrelaxed_rank_004_alphafold2_ptm_model_5_seed_000.pdb,8.265785584072985,3.0045248911138556,69.59,0.4625,0.25,0.2875
494,0.5483197959085583,./colab_comb/NF8-11_unrelaxed_rank_005_alphafold2_ptm_model_3_seed_000.pdb,8.167594169201475,2.7422211560242227,68.12,0.3125,0.25,0.4375
495,0.6182491508536113,./colab_comb/NF8-12_unrelaxed_rank_001_alphafold2_ptm_model_1_seed_000.pdb,8.037421947507083,2.041507116394283,77.63,0.375,0.325,0.3
496,0.6300432537675823,./colab_comb/NF8-12_unrelaxed_rank_002_alphafold2_ptm_model_5_seed_000.pdb,8.296675506613623,2.3210891007865535,76.18,0.3875,0.325,0.2875
497,0.6185384791046935,./colab_comb/NF8-12_unrelaxed_rank_003_alphafold2_ptm_model_3_seed_000.pdb,8.008911167927653,2.2811367199040835,73.66,0.3875,0.3,0.3125
498,0.5811915032759374,./colab_comb/NF8-12_unrelaxed_rank_004_alphafold2_ptm_model_4_seed_000.pdb,8.321854795252118,2.250261969914326,70.98,0.375,0.325,0.3
499,0.6327782961487569,./colab_comb/NF8-12_unrelaxed_rank_005_alphafold2_ptm_model_2_seed_000.pdb,7.935868427695741,1.954227675151615,70.54,0.4,0.2875,0.3125
500,0.8099205788188175,./colab_comb/Pl2x3_BP_10_unrelaxed_rank_001_alphafold2_ptm_model_1_seed_000.pdb,2.0266082098421125,2.530783902486623,85.96,0.5396825396825397,0.21428571428571427,0.24603174603174602
501,0.8182614862276211,./colab_comb/Pl2x3_BP_10_unrelaxed_rank_002_alphafold2_ptm_model_3_seed_000.pdb,1.919360445925165,2.1232702518284747,84.83,0.5238095238095238,0.23015873015873015,0.24603174603174602
502,0.8245549745920205,./colab_comb/Pl2x3_BP_10_unrelaxed_rank_003_alphafold2_ptm_model_4_seed_000.pdb,1.870769603608921,2.0732329720582565,84.71,0.5317460317460317,0.23015873015873015,0.23809523809523808
503,0.8179196834374306,./colab_comb/Pl2x3_BP_10_unrelaxed_rank_004_alphafold2_ptm_model_5_seed_000.pdb,2.0866831714151464,1.930252607846218,83.65,0.5238095238095238,0.23015873015873015,0.24603174603174602
504,0.8019477460815425,./colab_comb/Pl2x3_BP_10_unrelaxed_rank_005_alphafold2_ptm_model_2_seed_000.pdb,2.082792625321139,2.5694354407930473,83.31,0.5396825396825397,0.21428571428571427,0.24603174603174602
505,0.9153391418054664,./colab_comb/Pl2x3_BP_11_unrelaxed_rank_001_alphafold2_ptm_model_3_seed_000.pdb,1.1793328501234073,1.4059743545350367,82.43,0.5317460317460317,0.23809523809523808,0.23015873015873015
506,0.8785046227223059,./colab_comb/Pl2x3_BP_11_unrelaxed_rank_002_alphafold2_ptm_model_5_seed_000.pdb,1.488038820707384,1.6872707874926811,82.32,0.5317460317460317,0.23809523809523808,0.23015873015873015
507,0.8775334420665881,./colab_comb/Pl2x3_BP_11_unrelaxed_rank_003_alphafold2_ptm_model_4_seed_000.pdb,1.4819065987387283,1.7131569828267474,81.1,0.5317460317460317,0.23015873015873015,0.23809523809523808
508,0.9123355499409096,./colab_comb/Pl2x3_BP_11_unrelaxed_rank_004_alphafold2_ptm_model_1_seed_000.pdb,1.2189723791699167,1.3504275794615976,81.15,0.5396825396825397,0.23809523809523808,0.2222222222222222
509,0.8904443178129742,./colab_comb/Pl2x3_BP_11_unrelaxed_rank_005_alphafold2_ptm_model_2_seed_000.pdb,1.3914310266789425,1.5741787079643006,78.83,0.5238095238095238,0.23809523809523808,0.23809523809523808
510,0.8219920170565198,./colab_comb/Pl2x3_BP_12_unrelaxed_rank_001_alphafold2_ptm_model_4_seed_000.pdb,1.9038360692865712,2.096126124727414,84.58,0.5317460317460317,0.23015873015873015,0.23809523809523808
511,0.8459170150761163,./colab_comb/Pl2x3_BP_12_unrelaxed_rank_002_alphafold2_ptm_model_3_seed_000.pdb,1.7346189139958632,1.8807393044287917,84.37,0.5396825396825397,0.23015873015873015,0.23015873015873015
512,0.829427456347394,./colab_comb/Pl2x3_BP_12_unrelaxed_rank_003_alphafold2_ptm_model_5_seed_000.pdb,1.850443645066003,2.0508636860185976,83.07,0.5396825396825397,0.23015873015873015,0.23015873015873015
513,0.8410927749749254,./colab_comb/Pl2x3_BP_12_unrelaxed_rank_004_alphafold2_ptm_model_2_seed_000.pdb,1.769775432766262,1.9656436083583837,81.73,0.5238095238095238,0.23809523809523808,0.23809523809523808
514,0.6980400716946912,./colab_comb/Pl2x3_BP_12_unrelaxed_rank_005_alphafold2_ptm_model_1_seed_000.pdb,4.572139985533179,2.940908243556247,66.0,0.5238095238095238,0.20634920634920634,0.2698412698412698
515,0.8854940145648412,./colab_comb/Pl2x3_BP_1_unrelaxed_rank_001_alphafold2_ptm_model_3_seed_000.pdb,1.398541137177525,1.6239517986684449,82.83,0.5158730158730159,0.23015873015873015,0.25396825396825395
516,0.870528594751055,./colab_comb/Pl2x3_BP_1_unrelaxed_rank_002_alphafold2_ptm_model_4_seed_000.pdb,1.5119009532615801,1.7310408329068796,81.65,0.5158730158730159,0.23809523809523808,0.24603174603174602
517,0.8654561702888562,./colab_comb/Pl2x3_BP_1_unrelaxed_rank_003_alphafold2_ptm_model_5_seed_000.pdb,1.5576009774221158,1.7839908505041673,81.05,0.49206349206349204,0.2222222222222222,0.2857142857142857
518,0.9064094873696845,./colab_comb/Pl2x3_BP_1_unrelaxed_rank_004_alphafold2_ptm_model_2_seed_000.pdb,1.2286142518473016,1.466458246133474,78.88,0.5158730158730159,0.2222222222222222,0.2619047619047619
519,0.9091545801422604,./colab_comb/Pl2x3_BP_1_unrelaxed_rank_005_alphafold2_ptm_model_1_seed_000.pdb,1.2073315403761373,1.4044016562264305,78.56,0.5158730158730159,0.23809523809523808,0.24603174603174602
520,0.861806952318754,./colab_comb/Pl2x3_BP_2_unrelaxed_rank_001_alphafold2_ptm_model_3_seed_000.pdb,1.5830758666764424,1.8699149635922923,85.33,0.5396825396825397,0.23809523809523808,0.2222222222222222
521,0.8487035823946039,./colab_comb/Pl2x3_BP_2_unrelaxed_rank_002_alphafold2_ptm_model_5_seed_000.pdb,1.762525086357672,1.7453204067437968,83.08,0.5317460317460317,0.1984126984126984,0.2698412698412698
522,0.7641969205890595,./colab_comb/Pl2x3_BP_2_unrelaxed_rank_003_alphafold2_ptm_model_1_seed_000.pdb,2.3635095092604486,2.7715530797278682,80.11,0.5,0.21428571428571427,0.2857142857142857
523,0.7828480110271963,./colab_comb/Pl2x3_BP_2_unrelaxed_rank_004_alphafold2_ptm_model_2_seed_000.pdb,2.2220478786306406,2.732819883573321,77.4,0.5,0.21428571428571427,0.2857142857142857
524,0.7478591924884764,./colab_comb/Pl2x3_BP_2_unrelaxed_rank_005_alphafold2_ptm_model_4_seed_000.pdb,2.482731809973142,2.8615378452821214,77.32,0.49206349206349204,0.21428571428571427,0.29365079365079366
525,0.8024961817183331,./colab_comb/Pl2x3_BP_3_unrelaxed_rank_001_alphafold2_ptm_model_3_seed_000.pdb,2.3184890720035787,1.9324347065917657,86.99,0.5238095238095238,0.21428571428571427,0.2619047619047619
526,0.8118965085046815,./colab_comb/Pl2x3_BP_3_unrelaxed_rank_002_alphafold2_ptm_model_1_seed_000.pdb,2.1993397490868034,1.8830760706449798,86.08,0.5238095238095238,0.23809523809523808,0.23809523809523808
527,0.8203066575713055,./colab_comb/Pl2x3_BP_3_unrelaxed_rank_003_alphafold2_ptm_model_5_seed_000.pdb,1.9595949392375998,2.4473810677054897,72.39,0.5238095238095238,0.21428571428571427,0.2619047619047619
528,0.7999847179233069,./colab_comb/Pl2x3_BP_3_unrelaxed_rank_004_alphafold2_ptm_model_4_seed_000.pdb,2.102694804144856,2.6032957119088906,72.27,0.49206349206349204,0.23015873015873015,0.2777777777777778
529,0.8444089901156353,./colab_comb/Pl2x3_BP_3_unrelaxed_rank_005_alphafold2_ptm_model_2_seed_000.pdb,1.7531189126331401,2.335028815222189,70.07,0.5317460317460317,0.19047619047619047,0.2777777777777778
530,0.859470993462406,./colab_comb/Pl2x3_BP_4_unrelaxed_rank_001_alphafold2_ptm_model_5_seed_000.pdb,1.6237247428285295,1.8954621543238586,82.45,0.5079365079365079,0.2222222222222222,0.2698412698412698
531,0.8469675447222532,./colab_comb/Pl2x3_BP_4_unrelaxed_rank_002_alphafold2_ptm_model_2_seed_000.pdb,1.7307550673214804,2.0210442985648216,81.41,0.48412698412698413,0.23809523809523808,0.2777777777777778
532,0.7354260329816132,./colab_comb/Pl2x3_BP_4_unrelaxed_rank_003_alphafold2_ptm_model_3_seed_000.pdb,2.5567924809302216,2.976622893015315,81.13,0.5396825396825397,0.19047619047619047,0.2698412698412698
533,0.7178211835506175,./colab_comb/Pl2x3_BP_4_unrelaxed_rank_004_alphafold2_ptm_model_1_seed_000.pdb,2.694505813684267,3.08687346735693,79.66,0.5158730158730159,0.1746031746031746,0.30952380952380953
534,0.7371887256953539,./colab_comb/Pl2x3_BP_4_unrelaxed_rank_005_alphafold2_ptm_model_4_seed_000.pdb,2.546998421906978,2.935019078015991,78.85,0.5396825396825397,0.18253968253968253,0.2777777777777778
535,0.885113383734288,./colab_comb/Pl2x3_BP_5_unrelaxed_rank_001_alphafold2_ptm_model_4_seed_000.pdb,1.4216565169857913,1.5802970255951527,86.98,0.5396825396825397,0.23809523809523808,0.2222222222222222
536,0.7612593200445604,./colab_comb/Pl2x3_BP_5_unrelaxed_rank_002_alphafold2_ptm_model_5_seed_000.pdb,2.5683265973467457,2.6396132607151253,85.32,0.5317460317460317,0.23015873015873015,0.23809523809523808
537,0.7858146270175019,./colab_comb/Pl2x3_BP_5_unrelaxed_rank_003_alphafold2_ptm_model_1_seed_000.pdb,2.3880116744797295,2.500666788474813,84.27,0.5238095238095238,0.23809523809523808,0.23809523809523808
538,0.8896148623565131,./colab_comb/Pl2x3_BP_5_unrelaxed_rank_004_alphafold2_ptm_model_2_seed_000.pdb,1.3856255588094413,1.5482028877348686,83.89,0.5317460317460317,0.23809523809523808,0.23015873015873015
539,0.7288897439593647,./colab_comb/Pl2x3_BP_5_unrelaxed_rank_005_alphafold2_ptm_model_3_seed_000.pdb,2.619665793089617,2.9683816673904646,81.52,0.5238095238095238,0.1746031746031746,0.30158730158730157
540,0.8215447274603493,./colab_comb/Pl2x3_BP_6_unrelaxed_rank_001_alphafold2_ptm_model_5_seed_000.pdb,1.8867091147257296,2.1065776665596063,82.8,0.5,0.23809523809523808,0.2619047619047619
541,0.8317678144954865,./colab_comb/Pl2x3_BP_6_unrelaxed_rank_002_alphafold2_ptm_model_2_seed_000.pdb,1.8315568678766925,2.0692375789308746,82.47,0.5079365079365079,0.23809523809523808,0.25396825396825395
542,0.848506283507964,./colab_comb/Pl2x3_BP_6_unrelaxed_rank_003_alphafold2_ptm_model_1_seed_000.pdb,1.6953151692549382,1.8771151930893315,82.17,0.5079365079365079,0.23809523809523808,0.25396825396825395
543,0.8364685245066952,./colab_comb/Pl2x3_BP_6_unrelaxed_rank_004_alphafold2_ptm_model_4_seed_000.pdb,1.7800095946923806,2.0007164967517146,82.14,0.5317460317460317,0.23809523809523808,0.23015873015873015
544,0.8548814553797185,./colab_comb/Pl2x3_BP_6_unrelaxed_rank_005_alphafold2_ptm_model_3_seed_000.pdb,1.6553567261194233,1.8322951139135553,81.87,0.5317460317460317,0.23809523809523808,0.23015873015873015
545,0.8866336553126553,./colab_comb/Pl2x3_BP_7_unrelaxed_rank_001_alphafold2_ptm_model_4_seed_000.pdb,1.4058325923210717,1.622820535508784,88.5,0.5396825396825397,0.23015873015873015,0.23015873015873015
546,0.9045666177862424,./colab_comb/Pl2x3_BP_7_unrelaxed_rank_002_alphafold2_ptm_model_2_seed_000.pdb,1.2669352645865322,1.4502689249155083,88.01,0.5317460317460317,0.23015873015873015,0.23809523809523808
547,0.7538092804908386,./colab_comb/Pl2x3_BP_7_unrelaxed_rank_003_alphafold2_ptm_model_3_seed_000.pdb,2.440583833727967,2.89881234775795,81.45,0.5396825396825397,0.1746031746031746,0.2857142857142857
548,0.7806572509605292,./colab_comb/Pl2x3_BP_7_unrelaxed_rank_004_alphafold2_ptm_model_5_seed_000.pdb,2.34611522117393,2.4849692330484845,74.93,0.5079365079365079,0.1984126984126984,0.29365079365079366
549,0.7146403734134998,./colab_comb/Pl2x3_BP_7_unrelaxed_rank_005_alphafold2_ptm_model_1_seed_000.pdb,4.539755405752454,3.0492424322778673,73.33,0.5158730158730159,0.1984126984126984,0.2857142857142857
550,0.8317110541699927,./colab_comb/Pl2x3_BP_8_unrelaxed_rank_001_alphafold2_ptm_model_2_seed_000.pdb,1.8294656997375252,2.048423543753771,86.74,0.5238095238095238,0.23015873015873015,0.24603174603174602
551,0.820147957980336,./colab_comb/Pl2x3_BP_8_unrelaxed_rank_002_alphafold2_ptm_model_4_seed_000.pdb,1.917016960302764,2.1495662820286254,85.33,0.5317460317460317,0.2222222222222222,0.24603174603174602
552,0.8239296278061754,./colab_comb/Pl2x3_BP_8_unrelaxed_rank_003_alphafold2_ptm_model_5_seed_000.pdb,1.8905071034236531,2.0924146786924065,85.14,0.5238095238095238,0.2222222222222222,0.25396825396825395
553,0.7420098603926198,./colab_comb/Pl2x3_BP_8_unrelaxed_rank_004_alphafold2_ptm_model_3_seed_000.pdb,2.5793117899554336,2.8101511496427802,83.26,0.5396825396825397,0.20634920634920634,0.25396825396825395
554,0.85255688453795,./colab_comb/Pl2x3_BP_8_unrelaxed_rank_005_alphafold2_ptm_model_1_seed_000.pdb,1.6774119852750768,1.8623338591185148,82.81,0.5238095238095238,0.2222222222222222,0.25396825396825395
555,0.8182023334326306,./colab_comb/Pl2x3_BP_9_unrelaxed_rank_001_alphafold2_ptm_model_4_seed_000.pdb,1.905542437988442,2.1341023853906784,87.82,0.5317460317460317,0.23015873015873015,0.23809523809523808
556,0.8150649818864025,./colab_comb/Pl2x3_BP_9_unrelaxed_rank_002_alphafold2_ptm_model_5_seed_000.pdb,1.9266483007123774,2.1446030603266855,86.78,0.5317460317460317,0.23015873015873015,0.23809523809523808
557,0.8665206073738331,./colab_comb/Pl2x3_BP_9_unrelaxed_rank_003_alphafold2_ptm_model_3_seed_000.pdb,1.5697443431802376,1.7658907490287257,86.12,0.5317460317460317,0.23015873015873015,0.23809523809523808
558,0.8685275422997126,./colab_comb/Pl2x3_BP_9_unrelaxed_rank_004_alphafold2_ptm_model_1_seed_000.pdb,1.5466222935510348,1.7072347445809162,84.59,0.5079365079365079,0.23015873015873015,0.2619047619047619
559,0.8390989004435819,./colab_comb/Pl2x3_BP_9_unrelaxed_rank_005_alphafold2_ptm_model_2_seed_000.pdb,1.76255322491197,1.962314672338971,84.39,0.5317460317460317,0.23809523809523808,0.23015873015873015
560,0.8449194135118658,./colab_comb/R2x3_BP1_A10_unrelaxed_rank_001_alphafold2_ptm_model_4_seed_000.pdb,1.7374874239310143,1.921133092347369,76.17,0.5403225806451613,0.1774193548387097,0.28225806451612906
561,0.8172148371094974,./colab_comb/R2x3_BP1_A10_unrelaxed_rank_002_alphafold2_ptm_model_5_seed_000.pdb,2.0758573087169787,2.223951714859186,70.14,0.5241935483870968,0.1774193548387097,0.29838709677419356
562,0.8106989885990703,./colab_comb/R2x3_BP1_A10_unrelaxed_rank_003_alphafold2_ptm_model_1_seed_000.pdb,1.971585364622559,2.153939826496726,69.92,0.5483870967741935,0.1693548387096774,0.28225806451612906
563,0.7324191906407153,./colab_comb/R2x3_BP1_A10_unrelaxed_rank_004_alphafold2_ptm_model_3_seed_000.pdb,2.799354080844538,2.6663710313733975,67.46,0.5403225806451613,0.14516129032258066,0.31451612903225806
564,0.710680372462547,./colab_comb/R2x3_BP1_A10_unrelaxed_rank_005_alphafold2_ptm_model_2_seed_000.pdb,3.25394404376848,3.2045818505710955,66.06,0.43548387096774194,0.23387096774193547,0.33064516129032256
565,0.7552397675255087,./colab_comb/R2x3_BP1_A11_unrelaxed_rank_001_alphafold2_ptm_model_3_seed_000.pdb,2.5979218508251134,2.483497431326455,75.56,0.532258064516129,0.22580645161290322,0.24193548387096775
566,0.7007911110701049,./colab_comb/R2x3_BP1_A11_unrelaxed_rank_002_alphafold2_ptm_model_2_seed_000.pdb,3.187555280677623,2.880497177929854,72.33,0.5241935483870968,0.12903225806451613,0.3467741935483871
567,0.7736003439135483,./colab_comb/R2x3_BP1_A11_unrelaxed_rank_003_alphafold2_ptm_model_4_seed_000.pdb,2.5316426316836633,2.3223551470245827,69.33,0.5403225806451613,0.16129032258064516,0.29838709677419356
568,0.6871836261299952,./colab_comb/R2x3_BP1_A11_unrelaxed_rank_004_alphafold2_ptm_model_5_seed_000.pdb,3.3599349533013942,3.0526790827964523,69.26,0.5403225806451613,0.21774193548387097,0.24193548387096775
569,0.7515782923720395,./colab_comb/R2x3_BP1_A11_unrelaxed_rank_005_alphafold2_ptm_model_1_seed_000.pdb,2.5455574108098964,2.4584359624914787,68.66,0.5241935483870968,0.1935483870967742,0.28225806451612906
570,0.7942395024397325,./colab_comb/R2x3_BP1_A12_unrelaxed_rank_001_alphafold2_ptm_model_3_seed_000.pdb,2.1990872365255076,2.241494837994702,82.54,0.5080645161290323,0.24193548387096775,0.25
571,0.7828102029258525,./colab_comb/R2x3_BP1_A12_unrelaxed_rank_002_alphafold2_ptm_model_2_seed_000.pdb,2.3162163164987786,2.314189817936062,81.69,0.4838709677419355,0.25,0.2661290322580645
572,0.7951617652173356,./colab_comb/R2x3_BP1_A12_unrelaxed_rank_003_alphafold2_ptm_model_1_seed_000.pdb,2.1787463707735886,2.2020520841188,81.14,0.47580645161290325,0.25,0.27419354838709675
573,0.8131386705010138,./colab_comb/R2x3_BP1_A12_unrelaxed_rank_004_alphafold2_ptm_model_5_seed_000.pdb,2.018696717304764,1.9888094011743747,80.92,0.5080645161290323,0.25,0.24193548387096775
574,0.7036036715211634,./colab_comb/R2x3_BP1_A12_unrelaxed_rank_005_alphafold2_ptm_model_4_seed_000.pdb,2.809849335318463,3.0964727440910846,78.7,0.5,0.24193548387096775,0.25806451612903225
575,0.8395698750952985,./colab_comb/R2x3_BP1_A13_unrelaxed_rank_001_alphafold2_ptm_model_4_seed_000.pdb,1.730603699083732,2.0320565879106893,81.61,0.5564516129032258,0.20967741935483872,0.23387096774193547
576,0.8004822793250126,./colab_comb/R2x3_BP1_A13_unrelaxed_rank_002_alphafold2_ptm_model_5_seed_000.pdb,2.069235784789378,2.1764692679703956,79.18,0.5564516129032258,0.21774193548387097,0.22580645161290322
577,0.8680323080504175,./colab_comb/R2x3_BP1_A13_unrelaxed_rank_003_alphafold2_ptm_model_3_seed_000.pdb,1.55862703561602,1.6980985923097824,77.21,0.5645161290322581,0.21774193548387097,0.21774193548387097
578,0.8607544798625496,./colab_comb/R2x3_BP1_A13_unrelaxed_rank_004_alphafold2_ptm_model_2_seed_000.pdb,1.5934427938856874,1.7989357697702162,76.92,0.5403225806451613,0.20967741935483872,0.25
579,0.6376892456425893,./colab_comb/R2x3_BP1_A13_unrelaxed_rank_005_alphafold2_ptm_model_1_seed_000.pdb,6.911732099767942,2.206518997168328,70.22,0.5725806451612904,0.20161290322580644,0.22580645161290322
580,0.7667320713519966,./colab_comb/R2x3_BP1_A14_unrelaxed_rank_001_alphafold2_ptm_model_3_seed_000.pdb,2.5499508334532655,2.808789892916989,78.32,0.532258064516129,0.24193548387096775,0.22580645161290322
581,0.7906302800152112,./colab_comb/R2x3_BP1_A14_unrelaxed_rank_002_alphafold2_ptm_model_4_seed_000.pdb,2.3272470580520386,2.2973354281662304,75.32,0.5080645161290323,0.25,0.24193548387096775
582,0.749109919801885,./colab_comb/R2x3_BP1_A14_unrelaxed_rank_003_alphafold2_ptm_model_5_seed_000.pdb,2.6506919901016914,2.886599472843632,70.7,0.532258064516129,0.22580645161290322,0.24193548387096775
583,0.7823493888504636,./colab_comb/R2x3_BP1_A14_unrelaxed_rank_004_alphafold2_ptm_model_1_seed_000.pdb,2.331597379639297,2.518422221742566,70.16,0.5,0.21774193548387097,0.28225806451612906
584,0.7533221317238332,./colab_comb/R2x3_BP1_A14_unrelaxed_rank_005_alphafold2_ptm_model_2_seed_000.pdb,2.574384090647733,2.7851635313840624,66.88,0.5080645161290323,0.18548387096774194,0.3064516129032258
585,0.7973354237703939,./colab_comb/R2x3_BP1_A15_unrelaxed_rank_001_alphafold2_ptm_model_3_seed_000.pdb,2.1567848590844214,2.160209972625168,83.86,0.5080645161290323,0.22580645161290322,0.2661290322580645
586,0.7819172375953395,./colab_comb/R2x3_BP1_A15_unrelaxed_rank_002_alphafold2_ptm_model_4_seed_000.pdb,2.2223872072901476,2.321648768234799,82.65,0.5080645161290323,0.23387096774193547,0.25806451612903225
587,0.8312588663051804,./colab_comb/R2x3_BP1_A15_unrelaxed_rank_003_alphafold2_ptm_model_1_seed_000.pdb,1.8002722856477054,2.015261463631663,75.56,0.5564516129032258,0.22580645161290322,0.21774193548387097
588,0.735310735586797,./colab_comb/R2x3_BP1_A15_unrelaxed_rank_004_alphafold2_ptm_model_5_seed_000.pdb,2.7830940860859057,2.7870055572908776,75.34,0.5241935483870968,0.23387096774193547,0.24193548387096775
589,0.8314097794325729,./colab_comb/R2x3_BP1_A15_unrelaxed_rank_005_alphafold2_ptm_model_2_seed_000.pdb,1.8124487358326113,2.0991028073037197,70.35,0.5161290322580645,0.23387096774193547,0.25
590,0.718252784677918,./colab_comb/R2x3_BP1_A16_unrelaxed_rank_001_alphafold2_ptm_model_5_seed_000.pdb,2.938849678148368,2.848668560567451,89.39,0.532258064516129,0.25,0.21774193548387097
591,0.7438192908464181,./colab_comb/R2x3_BP1_A16_unrelaxed_rank_002_alphafold2_ptm_model_3_seed_000.pdb,2.7156712631588418,2.6078804470386725,88.18,0.5,0.24193548387096775,0.25806451612903225
592,0.7488798630751805,./colab_comb/R2x3_BP1_A16_unrelaxed_rank_003_alphafold2_ptm_model_4_seed_000.pdb,2.68747184351898,2.452296276955134,84.66,0.5241935483870968,0.25,0.22580645161290322
593,0.7831964497117611,./colab_comb/R2x3_BP1_A16_unrelaxed_rank_004_alphafold2_ptm_model_1_seed_000.pdb,2.2042356677220862,2.2881224987668123,84.67,0.532258064516129,0.24193548387096775,0.22580645161290322
594,0.7577497353117092,./colab_comb/R2x3_BP1_A16_unrelaxed_rank_005_alphafold2_ptm_model_2_seed_000.pdb,2.530867279465518,2.4119061050594834,80.6,0.5241935483870968,0.25806451612903225,0.21774193548387097
595,0.6975115273969993,./colab_comb/R2x3_BP1_A17_unrelaxed_rank_001_alphafold2_ptm_model_1_seed_000.pdb,3.138889420636904,2.931064279126307,75.79,0.5080645161290323,0.1935483870967742,0.29838709677419356
596,0.7079593518966025,./colab_comb/R2x3_BP1_A17_unrelaxed_rank_002_alphafold2_ptm_model_3_seed_000.pdb,3.1186955707686246,2.8152096674392704,71.84,0.49193548387096775,0.08064516129032258,0.4274193548387097
597,0.7769142796151564,./colab_comb/R2x3_BP1_A17_unrelaxed_rank_003_alphafold2_ptm_model_2_seed_000.pdb,2.214685832537124,2.499816324905438,71.51,0.532258064516129,0.1935483870967742,0.27419354838709675
598,0.691275005760962,./colab_comb/R2x3_BP1_A17_unrelaxed_rank_004_alphafold2_ptm_model_4_seed_000.pdb,3.2914691128682816,3.095601132105393,69.85,0.49193548387096775,0.1693548387096774,0.3387096774193548
599,0.6855931444802034,./colab_comb/R2x3_BP1_A17_unrelaxed_rank_005_alphafold2_ptm_model_5_seed_000.pdb,3.333547202388817,3.175734240292651,68.03,0.5,0.04032258064516129,0.4596774193548387
600,0.7955207109397748,./colab_comb/R2x3_BP1_A18_unrelaxed_rank_001_alphafold2_ptm_model_3_seed_000.pdb,2.321572332003735,2.224043405597266,81.46,0.5080645161290323,0.2661290322580645,0.22580645161290322
601,0.8070085693937817,./colab_comb/R2x3_BP1_A18_unrelaxed_rank_002_alphafold2_ptm_model_4_seed_000.pdb,2.1285312074840115,2.2333948297307424,81.09,0.532258064516129,0.25806451612903225,0.20967741935483872
602,0.8100951192713218,./colab_comb/R2x3_BP1_A18_unrelaxed_rank_003_alphafold2_ptm_model_5_seed_000.pdb,2.1896985740019352,2.1273425677887596,80.48,0.5403225806451613,0.25806451612903225,0.20161290322580644
603,0.7707413349604356,./colab_comb/R2x3_BP1_A18_unrelaxed_rank_004_alphafold2_ptm_model_1_seed_000.pdb,2.46205962760985,2.471136014343251,80.03,0.5,0.25806451612903225,0.24193548387096775
604,0.7953514895014279,./colab_comb/R2x3_BP1_A18_unrelaxed_rank_005_alphafold2_ptm_model_2_seed_000.pdb,2.1717798376983017,2.301185895750491,76.89,0.47580645161290325,0.23387096774193547,0.2903225806451613
605,0.9051018506415073,./colab_comb/R2x3_BP1_A1_unrelaxed_rank_001_alphafold2_ptm_model_2_seed_000.pdb,1.291428211431555,1.6086945928236713,91.86,0.532258064516129,0.23387096774193547,0.23387096774193547
606,0.9099688789315814,./colab_comb/R2x3_BP1_A1_unrelaxed_rank_002_alphafold2_ptm_model_1_seed_000.pdb,1.2436305771591272,1.537038585551857,91.35,0.5483870967741935,0.23387096774193547,0.21774193548387097
607,0.9070023342303477,./colab_comb/R2x3_BP1_A1_unrelaxed_rank_003_alphafold2_ptm_model_3_seed_000.pdb,1.25366314589307,1.518004907936761,89.83,0.5645161290322581,0.21774193548387097,0.21774193548387097
608,0.913986958216385,./colab_comb/R2x3_BP1_A1_unrelaxed_rank_004_alphafold2_ptm_model_4_seed_000.pdb,1.2098215130137706,1.5390020295592501,89.49,0.5645161290322581,0.23387096774193547,0.20161290322580644
609,0.8916173583807043,./colab_comb/R2x3_BP1_A1_unrelaxed_rank_005_alphafold2_ptm_model_5_seed_000.pdb,1.4025056778262464,1.710247137402182,84.05,0.5645161290322581,0.23387096774193547,0.20161290322580644
610,0.9012578407839362,./colab_comb/R2x3_BP1_A2_unrelaxed_rank_001_alphafold2_ptm_model_1_seed_000.pdb,1.2671113034360348,1.4877871051544769,89.98,0.5403225806451613,0.23387096774193547,0.22580645161290322
611,0.8633826430776109,./colab_comb/R2x3_BP1_A2_unrelaxed_rank_002_alphafold2_ptm_model_3_seed_000.pdb,1.5655653789631447,1.8757487239457824,87.9,0.532258064516129,0.23387096774193547,0.23387096774193547
612,0.8508468445853876,./colab_comb/R2x3_BP1_A2_unrelaxed_rank_003_alphafold2_ptm_model_5_seed_000.pdb,1.7268812716564916,1.8908825940875893,87.86,0.532258064516129,0.22580645161290322,0.24193548387096775
613,0.8999531014127666,./colab_comb/R2x3_BP1_A2_unrelaxed_rank_004_alphafold2_ptm_model_4_seed_000.pdb,1.285580028998679,1.5179083973756866,87.78,0.5483870967741935,0.23387096774193547,0.21774193548387097
614,0.8496496475135381,./colab_comb/R2x3_BP1_A2_unrelaxed_rank_005_alphafold2_ptm_model_2_seed_000.pdb,1.6725485018850552,2.01459507618165,84.59,0.5161290322580645,0.24193548387096775,0.24193548387096775
615,0.8738133331487014,./colab_comb/R2x3_BP1_A3_unrelaxed_rank_001_alphafold2_ptm_model_3_seed_000.pdb,1.4825456056275732,1.6970802087258572,78.53,0.532258064516129,0.21774193548387097,0.25
616,0.9144132189849277,./colab_comb/R2x3_BP1_A3_unrelaxed_rank_002_alphafold2_ptm_model_1_seed_000.pdb,1.1677253250207862,1.3763610804076531,77.73,0.532258064516129,0.21774193548387097,0.25
617,0.8593164149661862,./colab_comb/R2x3_BP1_A3_unrelaxed_rank_003_alphafold2_ptm_model_4_seed_000.pdb,1.602477316269837,1.8522873152752908,77.15,0.532258064516129,0.21774193548387097,0.25
618,0.8785184170039753,./colab_comb/R2x3_BP1_A3_unrelaxed_rank_004_alphafold2_ptm_model_5_seed_000.pdb,1.45592431876817,1.7561367321155283,76.3,0.5241935483870968,0.21774193548387097,0.25806451612903225
619,0.8696813771984114,./colab_comb/R2x3_BP1_A3_unrelaxed_rank_005_alphafold2_ptm_model_2_seed_000.pdb,1.5179530077888823,1.8005381164751164,75.89,0.532258064516129,0.23387096774193547,0.23387096774193547
620,0.9193102400326918,./colab_comb/R2x3_BP1_A4_unrelaxed_rank_001_alphafold2_ptm_model_2_seed_000.pdb,1.0962483149720306,1.322758316299322,86.67,0.532258064516129,0.23387096774193547,0.23387096774193547
621,0.9081919243918594,./colab_comb/R2x3_BP1_A4_unrelaxed_rank_002_alphafold2_ptm_model_3_seed_000.pdb,1.1930097920409521,1.3842907647447158,85.45,0.5403225806451613,0.20967741935483872,0.25
622,0.9161629504661446,./colab_comb/R2x3_BP1_A4_unrelaxed_rank_003_alphafold2_ptm_model_1_seed_000.pdb,1.1267631670150875,1.3640094154938374,85.05,0.5403225806451613,0.21774193548387097,0.24193548387096775
623,0.9101377389372546,./colab_comb/R2x3_BP1_A4_unrelaxed_rank_004_alphafold2_ptm_model_4_seed_000.pdb,1.1729323005090921,1.4257780145449457,84.57,0.5403225806451613,0.23387096774193547,0.22580645161290322
624,0.9019392195290141,./colab_comb/R2x3_BP1_A4_unrelaxed_rank_005_alphafold2_ptm_model_5_seed_000.pdb,1.232922623474412,1.4807037550835316,82.17,0.5483870967741935,0.20967741935483872,0.24193548387096775
625,0.853966614072447,./colab_comb/R2x3_BP1_A5_unrelaxed_rank_001_alphafold2_ptm_model_3_seed_000.pdb,1.6977774456620753,1.8875183158038296,82.61,0.5403225806451613,0.23387096774193547,0.22580645161290322
626,0.8764758600166713,./colab_comb/R2x3_BP1_A5_unrelaxed_rank_002_alphafold2_ptm_model_2_seed_000.pdb,1.482860313067995,1.7339708152048283,80.26,0.5564516129032258,0.23387096774193547,0.20967741935483872
627,0.9106971897315705,./colab_comb/R2x3_BP1_A5_unrelaxed_rank_003_alphafold2_ptm_model_1_seed_000.pdb,1.228846750839743,1.4380771560033963,80.2,0.5564516129032258,0.21774193548387097,0.22580645161290322
628,0.8959398097795611,./colab_comb/R2x3_BP1_A5_unrelaxed_rank_004_alphafold2_ptm_model_5_seed_000.pdb,1.3173472338324026,1.6109404012266477,79.67,0.5403225806451613,0.23387096774193547,0.22580645161290322
629,0.9179321217046503,./colab_comb/R2x3_BP1_A5_unrelaxed_rank_005_alphafold2_ptm_model_4_seed_000.pdb,1.1410391980190786,1.383127347570941,76.96,0.5564516129032258,0.21774193548387097,0.22580645161290322
630,0.8019514097274282,./colab_comb/R2x3_BP1_A6_unrelaxed_rank_001_alphafold2_ptm_model_2_seed_000.pdb,2.086475806900151,2.1257400827000117,89.51,0.5080645161290323,0.20161290322580644,0.2903225806451613
631,0.8875427890210157,./colab_comb/R2x3_BP1_A6_unrelaxed_rank_002_alphafold2_ptm_model_1_seed_000.pdb,1.4839624953693984,1.484831718861191,82.22,0.5483870967741935,0.23387096774193547,0.21774193548387097
632,0.875881514071658,./colab_comb/R2x3_BP1_A6_unrelaxed_rank_003_alphafold2_ptm_model_3_seed_000.pdb,1.4699319635423596,1.6384146392154886,81.19,0.5403225806451613,0.23387096774193547,0.22580645161290322
633,0.8821893647755339,./colab_comb/R2x3_BP1_A6_unrelaxed_rank_004_alphafold2_ptm_model_4_seed_000.pdb,1.4082756376402645,1.5952085375767682,75.9,0.5564516129032258,0.23387096774193547,0.20967741935483872
634,0.8680691363594547,./colab_comb/R2x3_BP1_A6_unrelaxed_rank_005_alphafold2_ptm_model_5_seed_000.pdb,1.528149711655074,1.666045549369214,74.86,0.5483870967741935,0.20967741935483872,0.24193548387096775
635,0.8329799236087191,./colab_comb/R2x3_BP1_A7_unrelaxed_rank_001_alphafold2_ptm_model_2_seed_000.pdb,1.8061117767941872,2.1137135434069605,82.74,0.5483870967741935,0.22580645161290322,0.22580645161290322
636,0.8378782385842742,./colab_comb/R2x3_BP1_A7_unrelaxed_rank_002_alphafold2_ptm_model_1_seed_000.pdb,1.7910715569830566,2.001441387330402,82.19,0.5483870967741935,0.22580645161290322,0.22580645161290322
637,0.775417499129665,./colab_comb/R2x3_BP1_A7_unrelaxed_rank_003_alphafold2_ptm_model_3_seed_000.pdb,2.276571223109736,2.6004963672604466,81.62,0.5403225806451613,0.20161290322580644,0.25806451612903225
638,0.8058180588481219,./colab_comb/R2x3_BP1_A7_unrelaxed_rank_004_alphafold2_ptm_model_5_seed_000.pdb,2.0139099885193428,2.267819159844468,80.47,0.532258064516129,0.22580645161290322,0.24193548387096775
639,0.8134856297454258,./colab_comb/R2x3_BP1_A7_unrelaxed_rank_005_alphafold2_ptm_model_4_seed_000.pdb,1.940422036124518,2.258434742737781,78.91,0.5403225806451613,0.22580645161290322,0.23387096774193547
640,0.8978106893032237,./colab_comb/R2x3_BP1_A8_unrelaxed_rank_001_alphafold2_ptm_model_1_seed_000.pdb,1.2936400364732696,1.49656605058502,86.12,0.5403225806451613,0.23387096774193547,0.22580645161290322
641,0.9000783644820238,./colab_comb/R2x3_BP1_A8_unrelaxed_rank_002_alphafold2_ptm_model_3_seed_000.pdb,1.2747490196195588,1.5257718902609196,84.96,0.5241935483870968,0.25806451612903225,0.21774193548387097
642,0.8717948301050453,./colab_comb/R2x3_BP1_A8_unrelaxed_rank_003_alphafold2_ptm_model_4_seed_000.pdb,1.5098799614243121,1.749061871256201,84.5,0.5241935483870968,0.25806451612903225,0.21774193548387097
643,0.8744486773423705,./colab_comb/R2x3_BP1_A8_unrelaxed_rank_004_alphafold2_ptm_model_5_seed_000.pdb,1.4991262065176494,1.8195115305390226,81.56,0.532258064516129,0.24193548387096775,0.22580645161290322
644,0.8977233487276418,./colab_comb/R2x3_BP1_A8_unrelaxed_rank_005_alphafold2_ptm_model_2_seed_000.pdb,1.284477143167363,1.6064831363891188,78.78,0.5241935483870968,0.25806451612903225,0.21774193548387097
645,0.9096657977906357,./colab_comb/R2x3_BP1_A9_unrelaxed_rank_001_alphafold2_ptm_model_2_seed_000.pdb,1.191355780597187,1.4244826333663574,84.66,0.5483870967741935,0.23387096774193547,0.21774193548387097
646,0.9219346400996364,./colab_comb/R2x3_BP1_A9_unrelaxed_rank_002_alphafold2_ptm_model_3_seed_000.pdb,1.088191787870214,1.303006075435659,84.08,0.5483870967741935,0.23387096774193547,0.21774193548387097
647,0.927769506895409,./colab_comb/R2x3_BP1_A9_unrelaxed_rank_003_alphafold2_ptm_model_1_seed_000.pdb,1.0415532772601417,1.2694665866589177,83.93,0.5483870967741935,0.23387096774193547,0.21774193548387097
648,0.9306965270817544,./colab_comb/R2x3_BP1_A9_unrelaxed_rank_004_alphafold2_ptm_model_4_seed_000.pdb,1.0192356165511214,1.262774709323653,83.41,0.5564516129032258,0.23387096774193547,0.20967741935483872
649,0.9187124981320841,./colab_comb/R2x3_BP1_A9_unrelaxed_rank_005_alphafold2_ptm_model_5_seed_000.pdb,1.1070937226304922,1.3811589466375607,83.37,0.5483870967741935,0.23387096774193547,0.21774193548387097
650,0.8637144206191356,./colab_comb/R2x3_BP1_B10_unrelaxed_rank_001_alphafold2_ptm_model_1_seed_000.pdb,1.5701007944349494,1.6977840357345293,90.52,0.5483870967741935,0.22580645161290322,0.22580645161290322
651,0.8672212104375223,./colab_comb/R2x3_BP1_B10_unrelaxed_rank_002_alphafold2_ptm_model_2_seed_000.pdb,1.5505837687238324,1.6953943908865834,88.17,0.5483870967741935,0.22580645161290322,0.22580645161290322
652,0.870875174675187,./colab_comb/R2x3_BP1_B10_unrelaxed_rank_003_alphafold2_ptm_model_3_seed_000.pdb,1.5235614653713798,1.6455622625543878,87.72,0.5403225806451613,0.22580645161290322,0.23387096774193547
653,0.8903942481118233,./colab_comb/R2x3_BP1_B10_unrelaxed_rank_004_alphafold2_ptm_model_4_seed_000.pdb,1.366878112830153,1.5334317567615487,87.63,0.532258064516129,0.22580645161290322,0.24193548387096775
654,0.8796432808351348,./colab_comb/R2x3_BP1_B10_unrelaxed_rank_005_alphafold2_ptm_model_5_seed_000.pdb,1.452812431329194,1.585036120834961,85.99,0.5483870967741935,0.22580645161290322,0.22580645161290322
655,0.7100267186893443,./colab_comb/R2x3_BP1_B11_unrelaxed_rank_001_alphafold2_ptm_model_1_seed_000.pdb,3.698535995409352,2.8928027062685087,75.83,0.5483870967741935,0.1532258064516129,0.29838709677419356
656,0.7236399443033522,./colab_comb/R2x3_BP1_B11_unrelaxed_rank_002_alphafold2_ptm_model_2_seed_000.pdb,3.5387782771841736,3.0614699889068366,72.36,0.5483870967741935,0.1693548387096774,0.28225806451612906
657,0.8243598661644045,./colab_comb/R2x3_BP1_B11_unrelaxed_rank_003_alphafold2_ptm_model_4_seed_000.pdb,2.129549452393631,1.8348285314084318,69.76,0.5483870967741935,0.1774193548387097,0.27419354838709675
658,0.8195864663282135,./colab_comb/R2x3_BP1_B11_unrelaxed_rank_004_alphafold2_ptm_model_5_seed_000.pdb,2.015506058694337,1.9590868980068987,69.2,0.532258064516129,0.1532258064516129,0.31451612903225806
659,0.676558877055569,./colab_comb/R2x3_BP1_B11_unrelaxed_rank_005_alphafold2_ptm_model_3_seed_000.pdb,3.4358478306333597,3.1141609993876895,66.48,0.5403225806451613,0.1935483870967742,0.2661290322580645
660,0.6882732115251158,./colab_comb/R2x3_BP1_B12_unrelaxed_rank_001_alphafold2_ptm_model_3_seed_000.pdb,2.987616994905712,3.149813936017211,79.83,0.532258064516129,0.1935483870967742,0.27419354838709675
661,0.7187244864073623,./colab_comb/R2x3_BP1_B12_unrelaxed_rank_002_alphafold2_ptm_model_2_seed_000.pdb,2.7304568388378057,2.6737400123746853,79.39,0.5161290322580645,0.20967741935483872,0.27419354838709675
662,0.8077014625003112,./colab_comb/R2x3_BP1_B12_unrelaxed_rank_003_alphafold2_ptm_model_4_seed_000.pdb,1.989700582722226,2.2229990940496025,76.85,0.532258064516129,0.1774193548387097,0.2903225806451613
663,0.7544783858326478,./colab_comb/R2x3_BP1_B12_unrelaxed_rank_004_alphafold2_ptm_model_5_seed_000.pdb,2.493592790089594,2.4685791300784445,75.4,0.532258064516129,0.1774193548387097,0.2903225806451613
664,0.7961361560748261,./colab_comb/R2x3_BP1_B12_unrelaxed_rank_005_alphafold2_ptm_model_1_seed_000.pdb,2.0897231518945336,2.302216283779645,72.27,0.5080645161290323,0.1532258064516129,0.3387096774193548
665,0.7917335758586683,./colab_comb/R2x3_BP1_B13_unrelaxed_rank_001_alphafold2_ptm_model_2_seed_000.pdb,2.3581555180862934,2.084146172778141,81.84,0.5403225806451613,0.20161290322580644,0.25806451612903225
666,0.7341387936471482,./colab_comb/R2x3_BP1_B13_unrelaxed_rank_002_alphafold2_ptm_model_3_seed_000.pdb,3.2315360361490995,2.4045711019653484,80.03,0.532258064516129,0.20161290322580644,0.2661290322580645
667,0.7422056707239418,./colab_comb/R2x3_BP1_B13_unrelaxed_rank_003_alphafold2_ptm_model_1_seed_000.pdb,2.938330857049899,2.388212999122204,79.24,0.5241935483870968,0.20161290322580644,0.27419354838709675
668,0.7346538146783641,./colab_comb/R2x3_BP1_B13_unrelaxed_rank_004_alphafold2_ptm_model_4_seed_000.pdb,3.1965347212575566,2.3979311024569254,78.81,0.5241935483870968,0.20161290322580644,0.27419354838709675
669,0.7455773024940217,./colab_comb/R2x3_BP1_B13_unrelaxed_rank_005_alphafold2_ptm_model_5_seed_000.pdb,2.8633890646028433,2.3902059944276326,78.3,0.5483870967741935,0.20161290322580644,0.25
670,0.7540279304492805,./colab_comb/R2x3_BP1_B1_unrelaxed_rank_001_alphafold2_ptm_model_2_seed_000.pdb,2.7376313222457993,2.6176034131084984,79.95,0.5483870967741935,0.18548387096774194,0.2661290322580645
671,0.8337165522456957,./colab_comb/R2x3_BP1_B1_unrelaxed_rank_002_alphafold2_ptm_model_4_seed_000.pdb,2.113389858823226,1.8660452918299035,78.6,0.532258064516129,0.21774193548387097,0.25
672,0.8358464850532645,./colab_comb/R2x3_BP1_B1_unrelaxed_rank_003_alphafold2_ptm_model_1_seed_000.pdb,2.1140640277450733,1.8414418892762414,78.6,0.5483870967741935,0.20967741935483872,0.24193548387096775
673,0.834691056138426,./colab_comb/R2x3_BP1_B1_unrelaxed_rank_004_alphafold2_ptm_model_3_seed_000.pdb,2.088380224769222,1.8474150949157726,77.31,0.5241935483870968,0.21774193548387097,0.25806451612903225
674,0.8144289767120044,./colab_comb/R2x3_BP1_B1_unrelaxed_rank_005_alphafold2_ptm_model_5_seed_000.pdb,2.3565660525792262,2.047124222219608,77.16,0.5483870967741935,0.21774193548387097,0.23387096774193547
675,0.7566551327550888,./colab_comb/R2x3_BP1_B2_unrelaxed_rank_001_alphafold2_ptm_model_5_seed_000.pdb,2.84030185773446,2.283351928788724,71.53,0.532258064516129,0.1935483870967742,0.27419354838709675
676,0.767444120678543,./colab_comb/R2x3_BP1_B2_unrelaxed_rank_002_alphafold2_ptm_model_3_seed_000.pdb,3.0240135724667914,2.399653604977126,71.13,0.532258064516129,0.11290322580645161,0.3548387096774194
677,0.78092301163317,./colab_comb/R2x3_BP1_B2_unrelaxed_rank_003_alphafold2_ptm_model_4_seed_000.pdb,2.8384333594246205,2.272808467504507,70.0,0.5403225806451613,0.04838709677419355,0.4112903225806452
678,0.7705391426667634,./colab_comb/R2x3_BP1_B2_unrelaxed_rank_004_alphafold2_ptm_model_2_seed_000.pdb,2.712732946513937,2.2995394771054127,69.31,0.532258064516129,0.1693548387096774,0.29838709677419356
679,0.7780557757007307,./colab_comb/R2x3_BP1_B2_unrelaxed_rank_005_alphafold2_ptm_model_1_seed_000.pdb,2.6519322966362666,2.2403904969882964,67.97,0.5403225806451613,0.06451612903225806,0.3951612903225806
680,0.7352014643738127,./colab_comb/R2x3_BP1_B3_unrelaxed_rank_001_alphafold2_ptm_model_4_seed_000.pdb,2.8728039285536835,2.4304920521969153,72.05,0.532258064516129,0.11290322580645161,0.3548387096774194
681,0.7577062410405047,./colab_comb/R2x3_BP1_B3_unrelaxed_rank_002_alphafold2_ptm_model_3_seed_000.pdb,2.827910495528286,2.298782600722416,71.61,0.5403225806451613,0.06451612903225806,0.3951612903225806
682,0.7355475507837693,./colab_comb/R2x3_BP1_B3_unrelaxed_rank_003_alphafold2_ptm_model_5_seed_000.pdb,2.8869176300937935,2.4023608290054344,71.04,0.5403225806451613,0.14516129032258066,0.31451612903225806
683,0.7696026428140325,./colab_comb/R2x3_BP1_B3_unrelaxed_rank_004_alphafold2_ptm_model_2_seed_000.pdb,2.6066434126758202,2.2734237592354423,69.73,0.5403225806451613,0.0967741935483871,0.3629032258064516
684,0.7484296160813563,./colab_comb/R2x3_BP1_B3_unrelaxed_rank_005_alphafold2_ptm_model_1_seed_000.pdb,2.76526448528342,2.4076041768409584,69.33,0.5403225806451613,0.11290322580645161,0.3467741935483871
685,0.8105800420216713,./colab_comb/R2x3_BP1_B4_unrelaxed_rank_001_alphafold2_ptm_model_2_seed_000.pdb,2.141720771541705,2.112170073600927,75.25,0.5483870967741935,0.1935483870967742,0.25806451612903225
686,0.8284739281164293,./colab_comb/R2x3_BP1_B4_unrelaxed_rank_002_alphafold2_ptm_model_1_seed_000.pdb,1.944691254945754,1.9383658345288968,73.55,0.5403225806451613,0.20967741935483872,0.25
687,0.8056910113866816,./colab_comb/R2x3_BP1_B4_unrelaxed_rank_003_alphafold2_ptm_model_5_seed_000.pdb,2.2087028973084646,2.1374508594348445,71.01,0.5403225806451613,0.20967741935483872,0.25
688,0.7118719685131182,./colab_comb/R2x3_BP1_B4_unrelaxed_rank_004_alphafold2_ptm_model_3_seed_000.pdb,2.956467361583176,2.908919680859369,70.87,0.5403225806451613,0.16129032258064516,0.29838709677419356
689,0.8068426335845088,./colab_comb/R2x3_BP1_B4_unrelaxed_rank_005_alphafold2_ptm_model_4_seed_000.pdb,2.1878952934894023,2.0822884018708323,70.69,0.5403225806451613,0.21774193548387097,0.24193548387096775
690,0.9231683759102586,./colab_comb/R2x3_BP1_B5_unrelaxed_rank_001_alphafold2_ptm_model_4_seed_000.pdb,1.1201703839664015,1.2115620980203468,83.15,0.5564516129032258,0.22580645161290322,0.21774193548387097
691,0.8766726740285938,./colab_comb/R2x3_BP1_B5_unrelaxed_rank_002_alphafold2_ptm_model_5_seed_000.pdb,1.4812244793146925,1.6426937823619971,81.5,0.5161290322580645,0.25,0.23387096774193547
692,0.7904973986596179,./colab_comb/R2x3_BP1_B5_unrelaxed_rank_003_alphafold2_ptm_model_2_seed_000.pdb,2.2639772062538643,2.3277824515482326,78.86,0.49193548387096775,0.23387096774193547,0.27419354838709675
693,0.8688375577075141,./colab_comb/R2x3_BP1_B5_unrelaxed_rank_004_alphafold2_ptm_model_1_seed_000.pdb,1.5407620217166078,1.7116016150975548,78.53,0.532258064516129,0.23387096774193547,0.23387096774193547
694,0.8518835380560891,./colab_comb/R2x3_BP1_B5_unrelaxed_rank_005_alphafold2_ptm_model_3_seed_000.pdb,1.6641873731731824,1.8130740725543597,77.75,0.5403225806451613,0.23387096774193547,0.22580645161290322
695,0.8489963674646606,./colab_comb/R2x3_BP1_B6_unrelaxed_rank_001_alphafold2_ptm_model_2_seed_000.pdb,1.6829106483784166,1.8830484454062786,88.57,0.5080645161290323,0.22580645161290322,0.2661290322580645
696,0.9164846778029087,./colab_comb/R2x3_BP1_B6_unrelaxed_rank_002_alphafold2_ptm_model_1_seed_000.pdb,1.1662247018171346,1.279481629068168,88.31,0.5483870967741935,0.21774193548387097,0.23387096774193547
697,0.8966435649623549,./colab_comb/R2x3_BP1_B6_unrelaxed_rank_003_alphafold2_ptm_model_3_seed_000.pdb,1.3395175405835564,1.46402604231496,84.12,0.5483870967741935,0.20967741935483872,0.24193548387096775
698,0.9040021585482482,./colab_comb/R2x3_BP1_B6_unrelaxed_rank_004_alphafold2_ptm_model_4_seed_000.pdb,1.2709717851817777,1.4256523137622783,82.78,0.5403225806451613,0.23387096774193547,0.22580645161290322
699,0.6251734651167118,./colab_comb/R2x3_BP1_B6_unrelaxed_rank_005_alphafold2_ptm_model_5_seed_000.pdb,3.6466982310529437,3.375033690895669,82.36,0.5483870967741935,0.22580645161290322,0.22580645161290322
700,0.8967991040720581,./colab_comb/R2x3_BP1_B7_unrelaxed_rank_001_alphafold2_ptm_model_1_seed_000.pdb,1.321424439700692,1.457747497944989,86.04,0.5564516129032258,0.22580645161290322,0.21774193548387097
701,0.6415783889148502,./colab_comb/R2x3_BP1_B7_unrelaxed_rank_002_alphafold2_ptm_model_5_seed_000.pdb,3.537646214435424,3.1495212003783832,84.22,0.5483870967741935,0.22580645161290322,0.22580645161290322
702,0.6291146412974092,./colab_comb/R2x3_BP1_B7_unrelaxed_rank_003_alphafold2_ptm_model_3_seed_000.pdb,3.5086666007597387,3.2329208910502008,83.16,0.5403225806451613,0.23387096774193547,0.22580645161290322
703,0.8586254780925995,./colab_comb/R2x3_BP1_B7_unrelaxed_rank_004_alphafold2_ptm_model_4_seed_000.pdb,1.7879721756995564,1.9094756771491121,79.46,0.5564516129032258,0.1935483870967742,0.25
704,0.8510684743983249,./colab_comb/R2x3_BP1_B7_unrelaxed_rank_005_alphafold2_ptm_model_2_seed_000.pdb,1.647124318225992,1.8445831548619154,78.61,0.5483870967741935,0.12903225806451613,0.3225806451612903
705,0.7999519634071665,./colab_comb/R2x3_BP1_B8_unrelaxed_rank_001_alphafold2_ptm_model_3_seed_000.pdb,2.1308686537508787,2.4418393474680955,88.37,0.5,0.22580645161290322,0.27419354838709675
706,0.8088771873938964,./colab_comb/R2x3_BP1_B8_unrelaxed_rank_002_alphafold2_ptm_model_2_seed_000.pdb,2.0471258037316655,2.3089148148873706,87.45,0.5161290322580645,0.22580645161290322,0.25806451612903225
707,0.8285188950127487,./colab_comb/R2x3_BP1_B8_unrelaxed_rank_003_alphafold2_ptm_model_1_seed_000.pdb,1.8338115306273326,1.9682500952584967,86.77,0.5564516129032258,0.22580645161290322,0.21774193548387097
708,0.8090205046119697,./colab_comb/R2x3_BP1_B8_unrelaxed_rank_004_alphafold2_ptm_model_4_seed_000.pdb,2.0328138280097794,2.32861037673238,85.59,0.5241935483870968,0.22580645161290322,0.25
709,0.8064372802184494,./colab_comb/R2x3_BP1_B8_unrelaxed_rank_005_alphafold2_ptm_model_5_seed_000.pdb,2.3373137785091314,2.0958562682427404,75.49,0.5080645161290323,0.23387096774193547,0.25806451612903225
710,0.8415357936070127,./colab_comb/R2x3_BP1_B9_unrelaxed_rank_001_alphafold2_ptm_model_1_seed_000.pdb,1.7387156237304722,1.945904361678566,87.26,0.5483870967741935,0.21774193548387097,0.23387096774193547
711,0.6740319273608719,./colab_comb/R2x3_BP1_B9_unrelaxed_rank_002_alphafold2_ptm_model_3_seed_000.pdb,3.051723919220172,3.1748432612485016,85.6,0.5161290322580645,0.22580645161290322,0.25806451612903225
712,0.8481684770783376,./colab_comb/R2x3_BP1_B9_unrelaxed_rank_003_alphafold2_ptm_model_2_seed_000.pdb,1.6979622438569897,1.8996448854787356,84.85,0.5483870967741935,0.22580645161290322,0.22580645161290322
713,0.8571693867567313,./colab_comb/R2x3_BP1_B9_unrelaxed_rank_004_alphafold2_ptm_model_4_seed_000.pdb,1.6363827909888815,1.839777199639971,84.72,0.5403225806451613,0.22580645161290322,0.23387096774193547
714,0.8592256638213212,./colab_comb/R2x3_BP1_B9_unrelaxed_rank_005_alphafold2_ptm_model_5_seed_000.pdb,1.6105839119822072,1.9292668309295702,82.77,0.5564516129032258,0.20967741935483872,0.23387096774193547
715,0.9086180788657162,./colab_comb/R2x3_BP2_1_unrelaxed_rank_001_alphafold2_ptm_model_3_seed_000.pdb,1.1609666239215999,1.3111729905376093,91.37,0.5304347826086957,0.22608695652173913,0.24347826086956523
716,0.8965767209208725,./colab_comb/R2x3_BP2_1_unrelaxed_rank_002_alphafold2_ptm_model_2_seed_000.pdb,1.2569091322283292,1.3996792287094673,91.04,0.5304347826086957,0.22608695652173913,0.24347826086956523
717,0.9142194333448806,./colab_comb/R2x3_BP2_1_unrelaxed_rank_003_alphafold2_ptm_model_5_seed_000.pdb,1.1286774217188014,1.2543284936345145,90.99,0.5304347826086957,0.22608695652173913,0.24347826086956523
718,0.9081851146159434,./colab_comb/R2x3_BP2_1_unrelaxed_rank_004_alphafold2_ptm_model_1_seed_000.pdb,1.1728508359159353,1.3058287604944563,90.21,0.5304347826086957,0.22608695652173913,0.24347826086956523
719,0.9261754632806235,./colab_comb/R2x3_BP2_1_unrelaxed_rank_005_alphafold2_ptm_model_4_seed_000.pdb,1.039638769357058,1.1434125314337156,88.99,0.5217391304347826,0.22608695652173913,0.25217391304347825
720,0.9017315533866151,./colab_comb/R2x3_BP2_2_unrelaxed_rank_001_alphafold2_ptm_model_4_seed_000.pdb,1.2207488143300405,1.4776949336270353,88.86,0.5217391304347826,0.20869565217391303,0.26956521739130435
721,0.8993661984136856,./colab_comb/R2x3_BP2_2_unrelaxed_rank_002_alphafold2_ptm_model_3_seed_000.pdb,1.2296343252848119,1.4621825769894086,88.06,0.5217391304347826,0.20869565217391303,0.26956521739130435
722,0.9000909619163572,./colab_comb/R2x3_BP2_2_unrelaxed_rank_003_alphafold2_ptm_model_1_seed_000.pdb,1.2340133484582814,1.484316589114854,87.81,0.5217391304347826,0.20869565217391303,0.26956521739130435
723,0.9140305342743551,./colab_comb/R2x3_BP2_2_unrelaxed_rank_004_alphafold2_ptm_model_5_seed_000.pdb,1.0978894044030214,1.3338465745182158,87.22,0.5217391304347826,0.2,0.2782608695652174
724,0.9155540914340544,./colab_comb/R2x3_BP2_2_unrelaxed_rank_005_alphafold2_ptm_model_2_seed_000.pdb,1.0732200434191297,1.3120069053051266,86.93,0.5217391304347826,0.22608695652173913,0.25217391304347825
725,0.9039580528204316,./colab_comb/R2x3_BP2_3_unrelaxed_rank_001_alphafold2_ptm_model_3_seed_000.pdb,1.188329215656322,1.4380004231374401,86.87,0.4956521739130435,0.22608695652173913,0.2782608695652174
726,0.905855462432429,./colab_comb/R2x3_BP2_3_unrelaxed_rank_002_alphafold2_ptm_model_4_seed_000.pdb,1.1700069085580445,1.4065835013078953,86.3,0.4956521739130435,0.22608695652173913,0.2782608695652174
727,0.913410607678429,./colab_comb/R2x3_BP2_3_unrelaxed_rank_003_alphafold2_ptm_model_5_seed_000.pdb,1.1382094091526154,1.2951848585162464,85.38,0.5217391304347826,0.22608695652173913,0.25217391304347825
728,0.9203967022908036,./colab_comb/R2x3_BP2_3_unrelaxed_rank_004_alphafold2_ptm_model_1_seed_000.pdb,1.0516374271265936,1.2919377700062953,85.32,0.5130434782608696,0.22608695652173913,0.2608695652173913
729,0.8992110606332459,./colab_comb/R2x3_BP2_3_unrelaxed_rank_005_alphafold2_ptm_model_2_seed_000.pdb,1.2247581456441947,1.4804789168189152,84.99,0.48695652173913045,0.22608695652173913,0.28695652173913044
730,0.9275673990047396,./colab_comb/R2x3_BP2_4_unrelaxed_rank_001_alphafold2_ptm_model_1_seed_000.pdb,1.0068050449085029,1.1945025760764587,89.95,0.5304347826086957,0.20869565217391303,0.2608695652173913
731,0.9075766807101435,./colab_comb/R2x3_BP2_4_unrelaxed_rank_002_alphafold2_ptm_model_3_seed_000.pdb,1.1765841139213615,1.3607013471406297,87.62,0.5217391304347826,0.20869565217391303,0.26956521739130435
732,0.9224108440727087,./colab_comb/R2x3_BP2_4_unrelaxed_rank_003_alphafold2_ptm_model_5_seed_000.pdb,1.0455680706727368,1.2450596693011224,86.49,0.5217391304347826,0.22608695652173913,0.25217391304347825
733,0.9280102232769959,./colab_comb/R2x3_BP2_4_unrelaxed_rank_004_alphafold2_ptm_model_4_seed_000.pdb,0.9870374806180405,1.196051399500631,86.44,0.5217391304347826,0.22608695652173913,0.25217391304347825
734,0.9183540074151167,./colab_comb/R2x3_BP2_4_unrelaxed_rank_005_alphafold2_ptm_model_2_seed_000.pdb,1.0732224204830942,1.305737205451652,85.57,0.5217391304347826,0.22608695652173913,0.25217391304347825
735,0.8979630723777615,./colab_comb/R2x3_BP2_5_unrelaxed_rank_001_alphafold2_ptm_model_5_seed_000.pdb,1.2587545271997371,1.4520941200287654,90.81,0.5304347826086957,0.20869565217391303,0.2608695652173913
736,0.9071313878207338,./colab_comb/R2x3_BP2_5_unrelaxed_rank_002_alphafold2_ptm_model_2_seed_000.pdb,1.18157352170059,1.3642995849539146,90.13,0.5217391304347826,0.20869565217391303,0.26956521739130435
737,0.9058625250545442,./colab_comb/R2x3_BP2_5_unrelaxed_rank_003_alphafold2_ptm_model_4_seed_000.pdb,1.195956884850527,1.3873711032573115,89.93,0.5304347826086957,0.20869565217391303,0.2608695652173913
738,0.9051510922914806,./colab_comb/R2x3_BP2_5_unrelaxed_rank_004_alphafold2_ptm_model_3_seed_000.pdb,1.1922331338497874,1.4159701005909047,89.94,0.5304347826086957,0.20869565217391303,0.2608695652173913
739,0.9009295849015108,./colab_comb/R2x3_BP2_5_unrelaxed_rank_005_alphafold2_ptm_model_1_seed_000.pdb,1.238466965624523,1.4294371364810923,89.69,0.5304347826086957,0.20869565217391303,0.2608695652173913
740,0.9174889510104403,./colab_comb/R2x3_BP2_6_unrelaxed_rank_001_alphafold2_ptm_model_3_seed_000.pdb,1.1002248745520908,1.2833067258893118,88.99,0.5130434782608696,0.23478260869565218,0.25217391304347825
741,0.9130698585492997,./colab_comb/R2x3_BP2_6_unrelaxed_rank_002_alphafold2_ptm_model_1_seed_000.pdb,1.1471382461756763,1.2942588258198235,87.14,0.5304347826086957,0.23478260869565218,0.23478260869565218
742,0.9322035907080167,./colab_comb/R2x3_BP2_6_unrelaxed_rank_003_alphafold2_ptm_model_5_seed_000.pdb,0.982985041512413,1.1010002204844334,86.43,0.5304347826086957,0.22608695652173913,0.24347826086956523
743,0.9104093087558542,./colab_comb/R2x3_BP2_6_unrelaxed_rank_004_alphafold2_ptm_model_4_seed_000.pdb,1.1356787834505813,1.32704203832629,85.82,0.5217391304347826,0.22608695652173913,0.25217391304347825
744,0.9035452956075192,./colab_comb/R2x3_BP2_6_unrelaxed_rank_005_alphafold2_ptm_model_2_seed_000.pdb,1.2253817117809584,1.3731579107906604,83.18,0.5304347826086957,0.22608695652173913,0.24347826086956523
745,0.9222550002245393,./colab_comb/R2x3_BP2_7_unrelaxed_rank_001_alphafold2_ptm_model_1_seed_000.pdb,1.0636240467461064,1.2635847954056656,90.08,0.5217391304347826,0.22608695652173913,0.25217391304347825
746,0.8779344985174868,./colab_comb/R2x3_BP2_7_unrelaxed_rank_002_alphafold2_ptm_model_3_seed_000.pdb,1.3987458187904085,1.692798917585447,89.15,0.5304347826086957,0.20869565217391303,0.2608695652173913
747,0.9292360153191216,./colab_comb/R2x3_BP2_7_unrelaxed_rank_003_alphafold2_ptm_model_5_seed_000.pdb,1.0080912612816577,1.2084298575956098,89.04,0.5304347826086957,0.21739130434782608,0.25217391304347825
748,0.9403451775943776,./colab_comb/R2x3_BP2_7_unrelaxed_rank_004_alphafold2_ptm_model_4_seed_000.pdb,0.9055642126738358,1.1202145641451977,88.76,0.5304347826086957,0.21739130434782608,0.25217391304347825
749,0.9382491648566169,./colab_comb/R2x3_BP2_7_unrelaxed_rank_005_alphafold2_ptm_model_2_seed_000.pdb,0.9223116127908486,1.111502594532919,87.78,0.5217391304347826,0.21739130434782608,0.2608695652173913
750,0.8553049058903427,./colab_comb/R2x3_BP2_8_unrelaxed_rank_001_alphafold2_ptm_model_1_seed_000.pdb,1.6363815830457866,1.6910932477053233,90.46,0.5304347826086957,0.20869565217391303,0.2608695652173913
751,0.8589945593260748,./colab_comb/R2x3_BP2_8_unrelaxed_rank_002_alphafold2_ptm_model_2_seed_000.pdb,1.6081171412002464,1.6587919577437857,86.21,0.5304347826086957,0.21739130434782608,0.25217391304347825
752,0.8845700935988817,./colab_comb/R2x3_BP2_8_unrelaxed_rank_003_alphafold2_ptm_model_4_seed_000.pdb,1.3997373180324921,1.4535142892962287,85.33,0.5391304347826087,0.21739130434782608,0.24347826086956523
753,0.8726849425490764,./colab_comb/R2x3_BP2_8_unrelaxed_rank_004_alphafold2_ptm_model_5_seed_000.pdb,1.4959137507609541,1.542264544101959,84.7,0.5391304347826087,0.21739130434782608,0.24347826086956523
754,0.8797454277228646,./colab_comb/R2x3_BP2_8_unrelaxed_rank_005_alphafold2_ptm_model_3_seed_000.pdb,1.4545427200278103,1.4839944745793112,84.41,0.5391304347826087,0.21739130434782608,0.24347826086956523
755,0.9067806176294463,./colab_comb/R3x3_BP1_10_unrelaxed_rank_001_alphafold2_ptm_model_2_seed_000.pdb,1.3960026040165612,1.5072670849258325,75.86,0.5328947368421053,0.23684210526315788,0.23026315789473684
756,0.8554473397155767,./colab_comb/R3x3_BP1_10_unrelaxed_rank_002_alphafold2_ptm_model_3_seed_000.pdb,2.053540576048034,2.057428195471044,75.51,0.5131578947368421,0.21710526315789475,0.26973684210526316
757,0.8447338035079616,./colab_comb/R3x3_BP1_10_unrelaxed_rank_003_alphafold2_ptm_model_1_seed_000.pdb,2.147653679547554,2.073430477876921,74.41,0.5,0.19736842105263158,0.3026315789473684
758,0.8574622887568232,./colab_comb/R3x3_BP1_10_unrelaxed_rank_004_alphafold2_ptm_model_5_seed_000.pdb,1.9711249569992852,2.0026510871088066,74.39,0.5131578947368421,0.19078947368421054,0.29605263157894735
759,0.8981140145827199,./colab_comb/R3x3_BP1_10_unrelaxed_rank_005_alphafold2_ptm_model_4_seed_000.pdb,1.5316508619277314,1.5287405190914203,74.4,0.5197368421052632,0.15789473684210525,0.3223684210526316
760,0.8867471994977754,./colab_comb/R3x3_BP1_11_unrelaxed_rank_001_alphafold2_ptm_model_3_seed_000.pdb,1.533982521253995,1.7406642000510504,82.18,0.5197368421052632,0.23684210526315788,0.24342105263157895
761,0.8973602459509515,./colab_comb/R3x3_BP1_11_unrelaxed_rank_002_alphafold2_ptm_model_2_seed_000.pdb,1.5602981902763484,1.5728548807934593,81.25,0.5,0.25,0.25
762,0.9100371035386244,./colab_comb/R3x3_BP1_11_unrelaxed_rank_003_alphafold2_ptm_model_4_seed_000.pdb,1.334560299252606,1.5144803488510483,80.53,0.5131578947368421,0.23026315789473684,0.2565789473684211
763,0.8999891898390011,./colab_comb/R3x3_BP1_11_unrelaxed_rank_004_alphafold2_ptm_model_1_seed_000.pdb,1.4208828203920019,1.6087853519231727,79.63,0.5197368421052632,0.25,0.23026315789473684
764,0.8987257478258397,./colab_comb/R3x3_BP1_11_unrelaxed_rank_005_alphafold2_ptm_model_5_seed_000.pdb,1.4282288007598891,1.6401212520517012,79.58,0.48026315789473684,0.25,0.26973684210526316
765,0.8746983597898095,./colab_comb/R3x3_BP1_12_unrelaxed_rank_001_alphafold2_ptm_model_4_seed_000.pdb,1.6877580413811024,1.6187387185791624,84.75,0.5263157894736842,0.23026315789473684,0.24342105263157895
766,0.8575546474460414,./colab_comb/R3x3_BP1_12_unrelaxed_rank_002_alphafold2_ptm_model_5_seed_000.pdb,1.7542774629649796,2.126480927172622,84.66,0.5263157894736842,0.23026315789473684,0.24342105263157895
767,0.8997074865949728,./colab_comb/R3x3_BP1_12_unrelaxed_rank_003_alphafold2_ptm_model_1_seed_000.pdb,1.3948412219982984,1.6264610148606753,81.35,0.5263157894736842,0.20394736842105263,0.26973684210526316
768,0.8157347803917135,./colab_comb/R3x3_BP1_12_unrelaxed_rank_004_alphafold2_ptm_model_3_seed_000.pdb,2.2127536992166577,2.16790153791122,79.7,0.5197368421052632,0.21710526315789475,0.2631578947368421
769,0.8592436202473501,./colab_comb/R3x3_BP1_12_unrelaxed_rank_005_alphafold2_ptm_model_2_seed_000.pdb,1.7916209551502014,2.054447997929823,74.23,0.5263157894736842,0.20394736842105263,0.26973684210526316
770,0.859246889738986,./colab_comb/R3x3_BP1_1_unrelaxed_rank_001_alphafold2_ptm_model_3_seed_000.pdb,1.8546825998596552,1.9490747391517191,76.61,0.5131578947368421,0.21052631578947367,0.27631578947368424
771,0.858743585118272,./colab_comb/R3x3_BP1_1_unrelaxed_rank_002_alphafold2_ptm_model_2_seed_000.pdb,1.899737170904978,1.9239524863556416,76.47,0.5131578947368421,0.23026315789473684,0.2565789473684211
772,0.8645890128152244,./colab_comb/R3x3_BP1_1_unrelaxed_rank_003_alphafold2_ptm_model_1_seed_000.pdb,1.9048088810944246,1.8704887667650798,75.63,0.5263157894736842,0.23684210526315788,0.23684210526315788
773,0.8636749294704754,./colab_comb/R3x3_BP1_1_unrelaxed_rank_004_alphafold2_ptm_model_4_seed_000.pdb,1.8856310924589128,1.8830291620141886,74.61,0.5197368421052632,0.23684210526315788,0.24342105263157895
774,0.8564733011536706,./colab_comb/R3x3_BP1_1_unrelaxed_rank_005_alphafold2_ptm_model_5_seed_000.pdb,1.9236886540193756,1.8878885816621513,74.33,0.5131578947368421,0.24342105263157895,0.24342105263157895
775,0.873648771149905,./colab_comb/R3x3_BP1_2_unrelaxed_rank_001_alphafold2_ptm_model_1_seed_000.pdb,1.7541977125426034,1.748446457879834,78.29,0.5263157894736842,0.2236842105263158,0.25
776,0.8972762855369072,./colab_comb/R3x3_BP1_2_unrelaxed_rank_002_alphafold2_ptm_model_2_seed_000.pdb,1.4807292588241412,1.5987392231164814,77.28,0.5263157894736842,0.20394736842105263,0.26973684210526316
777,0.883705950067201,./colab_comb/R3x3_BP1_2_unrelaxed_rank_003_alphafold2_ptm_model_3_seed_000.pdb,1.627958208504092,1.6807915645405147,75.84,0.5263157894736842,0.19078947368421054,0.28289473684210525
778,0.8751227938578852,./colab_comb/R3x3_BP1_2_unrelaxed_rank_004_alphafold2_ptm_model_5_seed_000.pdb,1.7451978463696676,1.7612966457741361,74.79,0.5197368421052632,0.21052631578947367,0.26973684210526316
779,0.8733680141708026,./colab_comb/R3x3_BP1_2_unrelaxed_rank_005_alphafold2_ptm_model_4_seed_000.pdb,1.7054834617613053,1.7948010845284246,74.76,0.5263157894736842,0.20394736842105263,0.26973684210526316
780,0.8730544379300528,./colab_comb/R3x3_BP1_3_unrelaxed_rank_001_alphafold2_ptm_model_1_seed_000.pdb,1.7027915153733029,1.8133877780967196,81.29,0.48026315789473684,0.23026315789473684,0.2894736842105263
781,0.8556748404695963,./colab_comb/R3x3_BP1_3_unrelaxed_rank_002_alphafold2_ptm_model_2_seed_000.pdb,1.830303155789832,1.985232584024631,80.88,0.47368421052631576,0.23026315789473684,0.29605263157894735
782,0.8729585769437906,./colab_comb/R3x3_BP1_3_unrelaxed_rank_003_alphafold2_ptm_model_5_seed_000.pdb,1.6980446216383567,1.812173379713259,78.6,0.5263157894736842,0.2236842105263158,0.25
783,0.8787494335395316,./colab_comb/R3x3_BP1_3_unrelaxed_rank_004_alphafold2_ptm_model_4_seed_000.pdb,1.6260186542475072,1.7492881662892408,78.46,0.5197368421052632,0.23026315789473684,0.25
784,0.8910228241260635,./colab_comb/R3x3_BP1_3_unrelaxed_rank_005_alphafold2_ptm_model_3_seed_000.pdb,1.576480310022909,1.631711665084156,78.05,0.506578947368421,0.21710526315789475,0.27631578947368424
785,0.8541957385365369,./colab_comb/R3x3_BP1_4_unrelaxed_rank_001_alphafold2_ptm_model_2_seed_000.pdb,1.9668489357339245,1.9624710618147232,83.42,0.506578947368421,0.23684210526315788,0.2565789473684211
786,0.853132882116403,./colab_comb/R3x3_BP1_4_unrelaxed_rank_002_alphafold2_ptm_model_3_seed_000.pdb,1.9783651823531148,1.9100150280835724,80.16,0.5197368421052632,0.24342105263157895,0.23684210526315788
787,0.8597922803521398,./colab_comb/R3x3_BP1_4_unrelaxed_rank_003_alphafold2_ptm_model_1_seed_000.pdb,1.9236347753868563,1.8596994822815398,77.82,0.5197368421052632,0.25,0.23026315789473684
788,0.8800895759863804,./colab_comb/R3x3_BP1_4_unrelaxed_rank_004_alphafold2_ptm_model_5_seed_000.pdb,1.713585489276739,1.7261313607867357,77.14,0.5263157894736842,0.23026315789473684,0.24342105263157895
789,0.8736928978126873,./colab_comb/R3x3_BP1_4_unrelaxed_rank_005_alphafold2_ptm_model_4_seed_000.pdb,1.841400490987443,1.729412028258348,76.56,0.5263157894736842,0.21710526315789475,0.2565789473684211
790,0.8472130805607265,./colab_comb/R3x3_BP1_5_unrelaxed_rank_001_alphafold2_ptm_model_2_seed_000.pdb,1.9136817673422566,2.0031617439137093,80.08,0.5197368421052632,0.23026315789473684,0.25
791,0.7559294740590987,./colab_comb/R3x3_BP1_5_unrelaxed_rank_002_alphafold2_ptm_model_1_seed_000.pdb,2.698403202065291,2.9992912274194174,79.68,0.5197368421052632,0.23026315789473684,0.25
792,0.8768776385601509,./colab_comb/R3x3_BP1_5_unrelaxed_rank_003_alphafold2_ptm_model_4_seed_000.pdb,1.7127719959478545,1.7242568577827488,77.04,0.5197368421052632,0.2236842105263158,0.2565789473684211
793,0.880452045754508,./colab_comb/R3x3_BP1_5_unrelaxed_rank_004_alphafold2_ptm_model_3_seed_000.pdb,1.6672839776311799,1.6390049651649852,76.36,0.5263157894736842,0.21052631578947367,0.2631578947368421
794,0.8654775710190087,./colab_comb/R3x3_BP1_5_unrelaxed_rank_005_alphafold2_ptm_model_5_seed_000.pdb,1.8729873519736835,1.7881749911145193,73.99,0.5263157894736842,0.21710526315789475,0.2565789473684211
795,0.8909160769826496,./colab_comb/R3x3_BP1_6_unrelaxed_rank_001_alphafold2_ptm_model_4_seed_000.pdb,1.6153668898472182,1.627700404244649,76.81,0.5131578947368421,0.19736842105263158,0.2894736842105263
796,0.8718175005892415,./colab_comb/R3x3_BP1_6_unrelaxed_rank_002_alphafold2_ptm_model_1_seed_000.pdb,1.73976269123074,1.7999045444778212,76.04,0.5131578947368421,0.21052631578947367,0.27631578947368424
797,0.8803290981883395,./colab_comb/R3x3_BP1_6_unrelaxed_rank_003_alphafold2_ptm_model_2_seed_000.pdb,1.6566285098658022,1.7354257163902769,75.17,0.506578947368421,0.21710526315789475,0.27631578947368424
798,0.8811059314945561,./colab_comb/R3x3_BP1_6_unrelaxed_rank_004_alphafold2_ptm_model_3_seed_000.pdb,1.6558921510972493,1.728566768715408,73.65,0.5197368421052632,0.17763157894736842,0.3026315789473684
799,0.8702443284837746,./colab_comb/R3x3_BP1_6_unrelaxed_rank_005_alphafold2_ptm_model_5_seed_000.pdb,1.7859570305755856,1.8210707081490536,72.45,0.5131578947368421,0.21052631578947367,0.27631578947368424
800,0.8627659774949384,./colab_comb/R3x3_BP1_7_unrelaxed_rank_001_alphafold2_ptm_model_2_seed_000.pdb,1.7743195492910038,1.9254280573281455,81.13,0.5,0.2236842105263158,0.27631578947368424
801,0.8865119336400531,./colab_comb/R3x3_BP1_7_unrelaxed_rank_002_alphafold2_ptm_model_4_seed_000.pdb,1.5792037436145527,1.7107482968930148,78.97,0.5263157894736842,0.19736842105263158,0.27631578947368424
802,0.8263257826508609,./colab_comb/R3x3_BP1_7_unrelaxed_rank_003_alphafold2_ptm_model_3_seed_000.pdb,2.118937813193858,2.301407832067554,77.07,0.5263157894736842,0.21052631578947367,0.2631578947368421
803,0.8321191178277687,./colab_comb/R3x3_BP1_7_unrelaxed_rank_004_alphafold2_ptm_model_5_seed_000.pdb,2.139529868346362,2.3414108290333373,76.08,0.5,0.2236842105263158,0.27631578947368424
804,0.8291538188345151,./colab_comb/R3x3_BP1_7_unrelaxed_rank_005_alphafold2_ptm_model_1_seed_000.pdb,2.155483367380933,2.256002605407484,76.01,0.5197368421052632,0.19078947368421054,0.2894736842105263
805,0.8119694119921075,./colab_comb/R3x3_BP1_8_unrelaxed_rank_001_alphafold2_ptm_model_2_seed_000.pdb,2.2270831929487023,2.3102926279616414,86.27,0.5131578947368421,0.23026315789473684,0.2565789473684211
806,0.8401041248577964,./colab_comb/R3x3_BP1_8_unrelaxed_rank_002_alphafold2_ptm_model_1_seed_000.pdb,2.037797376490566,2.060981175273474,84.44,0.5197368421052632,0.24342105263157895,0.23684210526315788
807,0.8605383880042287,./colab_comb/R3x3_BP1_8_unrelaxed_rank_003_alphafold2_ptm_model_3_seed_000.pdb,1.909134082031699,1.8219021182022055,77.66,0.5197368421052632,0.21052631578947367,0.26973684210526316
808,0.8702701157065938,./colab_comb/R3x3_BP1_8_unrelaxed_rank_004_alphafold2_ptm_model_4_seed_000.pdb,1.8111731128049346,1.7426161076346165,75.45,0.5197368421052632,0.21710526315789475,0.2631578947368421
809,0.8693552797025674,./colab_comb/R3x3_BP1_8_unrelaxed_rank_005_alphafold2_ptm_model_5_seed_000.pdb,1.8449127537113559,1.7530151969247891,74.86,0.5197368421052632,0.23026315789473684,0.25
810,0.8604542831249131,./colab_comb/R3x3_BP1_9_unrelaxed_rank_001_alphafold2_ptm_model_2_seed_000.pdb,1.8578326162579895,1.944663735107167,82.41,0.5,0.23026315789473684,0.26973684210526316
811,0.8647972301126124,./colab_comb/R3x3_BP1_9_unrelaxed_rank_002_alphafold2_ptm_model_3_seed_000.pdb,1.895608910524783,1.931348514773238,81.21,0.5,0.2236842105263158,0.27631578947368424
812,0.8521058811207222,./colab_comb/R3x3_BP1_9_unrelaxed_rank_003_alphafold2_ptm_model_4_seed_000.pdb,1.8677644392701793,1.9367845520101579,78.33,0.506578947368421,0.2236842105263158,0.26973684210526316
813,0.8396542713082347,./colab_comb/R3x3_BP1_9_unrelaxed_rank_004_alphafold2_ptm_model_1_seed_000.pdb,2.0546954714861583,2.1574030614963404,77.85,0.5,0.20394736842105263,0.29605263157894735
814,0.8699889499834407,./colab_comb/R3x3_BP1_9_unrelaxed_rank_005_alphafold2_ptm_model_5_seed_000.pdb,1.7539311953908616,1.7874110461498607,76.71,0.5197368421052632,0.21052631578947367,0.26973684210526316
815,0.892768526856396,./colab_comb/R3x3_BP2_10_unrelaxed_rank_001_alphafold2_ptm_model_3_seed_000.pdb,1.4533510865154409,1.6762491595962423,86.3,0.4931506849315068,0.22602739726027396,0.2808219178082192
816,0.8841114470801065,./colab_comb/R3x3_BP2_10_unrelaxed_rank_002_alphafold2_ptm_model_4_seed_000.pdb,1.5254759906208355,1.8203191778579575,85.3,0.4931506849315068,0.22602739726027396,0.2808219178082192
817,0.8871080336041705,./colab_comb/R3x3_BP2_10_unrelaxed_rank_003_alphafold2_ptm_model_5_seed_000.pdb,1.4984865724703365,1.7786092747646713,85.1,0.5,0.22602739726027396,0.273972602739726
818,0.8740286674638535,./colab_comb/R3x3_BP2_10_unrelaxed_rank_004_alphafold2_ptm_model_1_seed_000.pdb,1.6225110360377302,1.9034977884046074,83.71,0.5136986301369864,0.23972602739726026,0.2465753424657534
819,0.8533105791223898,./colab_comb/R3x3_BP2_10_unrelaxed_rank_005_alphafold2_ptm_model_2_seed_000.pdb,1.7985637655363496,1.97877284204244,77.88,0.5136986301369864,0.1780821917808219,0.3082191780821918
820,0.8195989514319695,./colab_comb/R3x3_BP2_11_unrelaxed_rank_001_alphafold2_ptm_model_5_seed_000.pdb,2.072500880941719,2.3859450875248487,87.15,0.5342465753424658,0.1780821917808219,0.2876712328767123
821,0.8694395028308626,./colab_comb/R3x3_BP2_11_unrelaxed_rank_002_alphafold2_ptm_model_4_seed_000.pdb,1.669568157476017,1.9038632659927277,84.9,0.5342465753424658,0.21232876712328766,0.2534246575342466
822,0.8391396379538512,./colab_comb/R3x3_BP2_11_unrelaxed_rank_003_alphafold2_ptm_model_3_seed_000.pdb,2.0165201980732963,1.9207334691237659,83.96,0.5273972602739726,0.1917808219178082,0.2808219178082192
823,0.8638032324737268,./colab_comb/R3x3_BP2_11_unrelaxed_rank_004_alphafold2_ptm_model_2_seed_000.pdb,1.7140857384134691,1.862760297394523,80.88,0.5205479452054794,0.21232876712328766,0.2671232876712329
824,0.8400711158954786,./colab_comb/R3x3_BP2_11_unrelaxed_rank_005_alphafold2_ptm_model_1_seed_000.pdb,1.910522645352685,2.0334341337186506,80.38,0.5342465753424658,0.1780821917808219,0.2876712328767123
825,0.8954559376762199,./colab_comb/R3x3_BP2_12_unrelaxed_rank_001_alphafold2_ptm_model_4_seed_000.pdb,1.4399182233206833,1.620111931616655,85.42,0.5205479452054794,0.23972602739726026,0.23972602739726026
826,0.8719275012087603,./colab_comb/R3x3_BP2_12_unrelaxed_rank_002_alphafold2_ptm_model_1_seed_000.pdb,1.6284828670664295,1.838367303301954,85.41,0.5136986301369864,0.23972602739726026,0.2465753424657534
827,0.8855799882706458,./colab_comb/R3x3_BP2_12_unrelaxed_rank_003_alphafold2_ptm_model_3_seed_000.pdb,1.492641421876157,1.7038890836333576,82.71,0.5342465753424658,0.23972602739726026,0.22602739726027396
828,0.8848566279547307,./colab_comb/R3x3_BP2_12_unrelaxed_rank_004_alphafold2_ptm_model_5_seed_000.pdb,1.5248605326470919,1.717037387016355,80.68,0.5273972602739726,0.23972602739726026,0.2328767123287671
829,0.8844913236485459,./colab_comb/R3x3_BP2_12_unrelaxed_rank_005_alphafold2_ptm_model_2_seed_000.pdb,1.5112376855150853,1.7315199714089153,79.28,0.5136986301369864,0.23972602739726026,0.2465753424657534
830,0.9027435656371389,./colab_comb/R3x3_BP2_13_unrelaxed_rank_001_alphafold2_ptm_model_3_seed_000.pdb,1.362316149902606,1.5760983800966282,83.35,0.5136986301369864,0.22602739726027396,0.2602739726027397
831,0.8946731292341921,./colab_comb/R3x3_BP2_13_unrelaxed_rank_002_alphafold2_ptm_model_1_seed_000.pdb,1.4446009915362203,1.7017249798124778,82.16,0.5205479452054794,0.22602739726027396,0.2534246575342466
832,0.9172906403804569,./colab_comb/R3x3_BP2_13_unrelaxed_rank_003_alphafold2_ptm_model_4_seed_000.pdb,1.2392660570821539,1.4479598123160538,80.74,0.5273972602739726,0.22602739726027396,0.2465753424657534
833,0.8999563289301395,./colab_comb/R3x3_BP2_13_unrelaxed_rank_004_alphafold2_ptm_model_5_seed_000.pdb,1.3998749275599214,1.6243800749803379,79.99,0.5205479452054794,0.21232876712328766,0.2671232876712329
834,0.8674635177357705,./colab_comb/R3x3_BP2_13_unrelaxed_rank_005_alphafold2_ptm_model_2_seed_000.pdb,1.6886562442110014,1.8936976785687243,79.05,0.5136986301369864,0.22602739726027396,0.2602739726027397
835,0.8714395665277971,./colab_comb/R3x3_BP2_14_unrelaxed_rank_001_alphafold2_ptm_model_3_seed_000.pdb,1.6294800887492393,1.8802639073767689,88.34,0.4657534246575342,0.23972602739726026,0.2945205479452055
836,0.8628334803616009,./colab_comb/R3x3_BP2_14_unrelaxed_rank_002_alphafold2_ptm_model_2_seed_000.pdb,1.7282582316905009,1.9071213413192294,87.71,0.5068493150684932,0.23972602739726026,0.2534246575342466
837,0.8631436139054955,./colab_comb/R3x3_BP2_14_unrelaxed_rank_003_alphafold2_ptm_model_4_seed_000.pdb,1.7277439707838118,1.8828235397429807,87.5,0.5136986301369864,0.22602739726027396,0.2602739726027397
838,0.8616564735932735,./colab_comb/R3x3_BP2_14_unrelaxed_rank_004_alphafold2_ptm_model_1_seed_000.pdb,1.7332356109641682,1.902884720468752,87.41,0.5068493150684932,0.23972602739726026,0.2534246575342466
839,0.8732968189167685,./colab_comb/R3x3_BP2_14_unrelaxed_rank_005_alphafold2_ptm_model_5_seed_000.pdb,1.6131009416804505,1.8429640394696145,86.28,0.5136986301369864,0.23972602739726026,0.2465753424657534
840,0.8831625918591314,./colab_comb/R3x3_BP2_15_unrelaxed_rank_001_alphafold2_ptm_model_1_seed_000.pdb,1.5409168780017228,1.7095692010676566,84.58,0.5342465753424658,0.22602739726027396,0.23972602739726026
841,0.8947775509638368,./colab_comb/R3x3_BP2_15_unrelaxed_rank_002_alphafold2_ptm_model_3_seed_000.pdb,1.4526528935957783,1.608981309675785,83.17,0.5342465753424658,0.22602739726027396,0.23972602739726026
842,0.8967324998736466,./colab_comb/R3x3_BP2_15_unrelaxed_rank_003_alphafold2_ptm_model_4_seed_000.pdb,1.4506940473929537,1.5913048020707707,82.31,0.5342465753424658,0.21232876712328766,0.2534246575342466
843,0.8958274872249091,./colab_comb/R3x3_BP2_15_unrelaxed_rank_004_alphafold2_ptm_model_5_seed_000.pdb,1.456686589532074,1.5989893684364438,81.82,0.5342465753424658,0.21232876712328766,0.2534246575342466
844,0.8912250873027965,./colab_comb/R3x3_BP2_15_unrelaxed_rank_005_alphafold2_ptm_model_2_seed_000.pdb,1.4767224214287737,1.647280851685556,81.07,0.5342465753424658,0.22602739726027396,0.23972602739726026
845,0.8869780591752623,./colab_comb/R3x3_BP2_16_unrelaxed_rank_001_alphafold2_ptm_model_4_seed_000.pdb,1.5074059172026593,1.7084885759404504,87.56,0.5205479452054794,0.22602739726027396,0.2534246575342466
846,0.8964228852833133,./colab_comb/R3x3_BP2_16_unrelaxed_rank_002_alphafold2_ptm_model_1_seed_000.pdb,1.4358036763461979,1.5876857498555397,87.33,0.5273972602739726,0.21232876712328766,0.2602739726027397
847,0.8849318414879899,./colab_comb/R3x3_BP2_16_unrelaxed_rank_003_alphafold2_ptm_model_2_seed_000.pdb,1.5254503645180502,1.7149479518320137,84.5,0.5205479452054794,0.23972602739726026,0.23972602739726026
848,0.8869028571009361,./colab_comb/R3x3_BP2_16_unrelaxed_rank_004_alphafold2_ptm_model_3_seed_000.pdb,1.5045642320136303,1.6992093705692306,83.2,0.5273972602739726,0.23972602739726026,0.2328767123287671
849,0.8819719698281436,./colab_comb/R3x3_BP2_16_unrelaxed_rank_005_alphafold2_ptm_model_5_seed_000.pdb,1.5360609921767032,1.7573564298995903,80.71,0.5205479452054794,0.23972602739726026,0.23972602739726026
850,0.9045986186349876,./colab_comb/R3x3_BP2_1_unrelaxed_rank_001_alphafold2_ptm_model_3_seed_000.pdb,1.3557348608726123,1.5334851376731502,84.16,0.5068493150684932,0.22602739726027396,0.2671232876712329
851,0.9122990445610585,./colab_comb/R3x3_BP2_1_unrelaxed_rank_002_alphafold2_ptm_model_5_seed_000.pdb,1.2827653998059891,1.476943752036944,84.12,0.5,0.2054794520547945,0.2945205479452055
852,0.9112156709056125,./colab_comb/R3x3_BP2_1_unrelaxed_rank_003_alphafold2_ptm_model_4_seed_000.pdb,1.2970886807241566,1.4924042521005914,83.47,0.5273972602739726,0.2054794520547945,0.2671232876712329
853,0.8970372109531642,./colab_comb/R3x3_BP2_1_unrelaxed_rank_004_alphafold2_ptm_model_1_seed_000.pdb,1.4277941035132156,1.6237236999525775,80.57,0.5205479452054794,0.21232876712328766,0.2671232876712329
854,0.9087380630429274,./colab_comb/R3x3_BP2_1_unrelaxed_rank_005_alphafold2_ptm_model_2_seed_000.pdb,1.3245688633902062,1.4821531960922447,79.57,0.5273972602739726,0.2328767123287671,0.23972602739726026
855,0.8612093957839791,./colab_comb/R3x3_BP2_2_unrelaxed_rank_001_alphafold2_ptm_model_4_seed_000.pdb,1.7337389660974134,1.967787824511593,87.35,0.5068493150684932,0.22602739726027396,0.2671232876712329
856,0.8523555226886831,./colab_comb/R3x3_BP2_2_unrelaxed_rank_002_alphafold2_ptm_model_3_seed_000.pdb,1.7896291566298277,2.080555613757861,86.46,0.4794520547945205,0.22602739726027396,0.2945205479452055
857,0.8499840289970702,./colab_comb/R3x3_BP2_2_unrelaxed_rank_003_alphafold2_ptm_model_2_seed_000.pdb,1.8268514754105125,2.06830922787704,86.1,0.4931506849315068,0.22602739726027396,0.2808219178082192
858,0.860531378050558,./colab_comb/R3x3_BP2_2_unrelaxed_rank_004_alphafold2_ptm_model_5_seed_000.pdb,1.7284610889491896,1.9875785120389076,86.0,0.4931506849315068,0.22602739726027396,0.2808219178082192
859,0.854308586582802,./colab_comb/R3x3_BP2_2_unrelaxed_rank_005_alphafold2_ptm_model_1_seed_000.pdb,1.7973301650629938,1.9956461836516215,85.29,0.4794520547945205,0.22602739726027396,0.2945205479452055
860,0.8240124804584616,./colab_comb/R3x3_BP2_3_unrelaxed_rank_001_alphafold2_ptm_model_5_seed_000.pdb,2.025542432836819,2.3187224073399655,86.11,0.5,0.1780821917808219,0.3219178082191781
861,0.8695514368397257,./colab_comb/R3x3_BP2_3_unrelaxed_rank_002_alphafold2_ptm_model_4_seed_000.pdb,1.6579738682289056,1.8264091441718244,85.05,0.4931506849315068,0.21232876712328766,0.2945205479452055
862,0.8775642835932772,./colab_comb/R3x3_BP2_3_unrelaxed_rank_003_alphafold2_ptm_model_1_seed_000.pdb,1.5930075226828366,1.7624181275032715,84.27,0.5,0.22602739726027396,0.273972602739726
863,0.8623942437654396,./colab_comb/R3x3_BP2_3_unrelaxed_rank_004_alphafold2_ptm_model_3_seed_000.pdb,1.7243341022291818,1.8588200187442363,83.14,0.5068493150684932,0.19863013698630136,0.2945205479452055
864,0.8692759857119748,./colab_comb/R3x3_BP2_3_unrelaxed_rank_005_alphafold2_ptm_model_2_seed_000.pdb,1.6552156139217713,1.8257476290760553,82.22,0.5,0.22602739726027396,0.273972602739726
865,0.87775289821925,./colab_comb/R3x3_BP2_4_unrelaxed_rank_001_alphafold2_ptm_model_3_seed_000.pdb,1.5856852487133375,1.8803494221154722,83.92,0.5205479452054794,0.23972602739726026,0.23972602739726026
866,0.8796502801512784,./colab_comb/R3x3_BP2_4_unrelaxed_rank_002_alphafold2_ptm_model_4_seed_000.pdb,1.560420824961439,1.8186697170250792,83.45,0.5136986301369864,0.22602739726027396,0.2602739726027397
867,0.8847947072109832,./colab_comb/R3x3_BP2_4_unrelaxed_rank_003_alphafold2_ptm_model_2_seed_000.pdb,1.5082898744475186,1.7582315772245898,82.73,0.4863013698630137,0.23972602739726026,0.273972602739726
868,0.889238698937418,./colab_comb/R3x3_BP2_4_unrelaxed_rank_004_alphafold2_ptm_model_1_seed_000.pdb,1.4723466630062811,1.7403992996589899,81.93,0.4931506849315068,0.23972602739726026,0.2671232876712329
869,0.6446811408672716,./colab_comb/R3x3_BP2_4_unrelaxed_rank_005_alphafold2_ptm_model_5_seed_000.pdb,3.8388616470277146,3.4312829270011957,71.88,0.5205479452054794,0.19863013698630136,0.2808219178082192
870,0.9037132543346351,./colab_comb/R3x3_BP2_5_unrelaxed_rank_001_alphafold2_ptm_model_2_seed_000.pdb,1.3448910954190734,1.5689476873457757,86.64,0.4931506849315068,0.22602739726027396,0.2808219178082192
871,0.9023997820679095,./colab_comb/R3x3_BP2_5_unrelaxed_rank_002_alphafold2_ptm_model_3_seed_000.pdb,1.3574358410081833,1.5618309093363185,86.05,0.5,0.21232876712328766,0.2876712328767123
872,0.9101414753620904,./colab_comb/R3x3_BP2_5_unrelaxed_rank_003_alphafold2_ptm_model_4_seed_000.pdb,1.3058144987374378,1.4571485450572068,85.18,0.5205479452054794,0.21232876712328766,0.2671232876712329
873,0.9065971178369602,./colab_comb/R3x3_BP2_5_unrelaxed_rank_004_alphafold2_ptm_model_1_seed_000.pdb,1.3296663116734488,1.5238016173301592,84.33,0.5068493150684932,0.22602739726027396,0.2671232876712329
874,0.6774652878093168,./colab_comb/R3x3_BP2_5_unrelaxed_rank_005_alphafold2_ptm_model_5_seed_000.pdb,3.745721953935108,3.2763265237645514,67.22,0.5342465753424658,0.1780821917808219,0.2876712328767123
875,0.874238738547137,./colab_comb/R3x3_BP2_6_unrelaxed_rank_001_alphafold2_ptm_model_2_seed_000.pdb,1.5876208299972356,1.8516179773252004,83.3,0.5,0.23972602739726026,0.2602739726027397
876,0.878136037879541,./colab_comb/R3x3_BP2_6_unrelaxed_rank_002_alphafold2_ptm_model_3_seed_000.pdb,1.5451062363294943,1.8250474136413046,82.45,0.5205479452054794,0.22602739726027396,0.2534246575342466
877,0.8802410950526321,./colab_comb/R3x3_BP2_6_unrelaxed_rank_003_alphafold2_ptm_model_4_seed_000.pdb,1.5452008870420313,1.7891743746317212,81.05,0.5136986301369864,0.23972602739726026,0.2465753424657534
878,0.8788536731810545,./colab_comb/R3x3_BP2_6_unrelaxed_rank_004_alphafold2_ptm_model_5_seed_000.pdb,1.5603079459056395,1.790805400403278,80.42,0.5205479452054794,0.2191780821917808,0.2602739726027397
879,0.8806143709274501,./colab_comb/R3x3_BP2_6_unrelaxed_rank_005_alphafold2_ptm_model_1_seed_000.pdb,1.5667677703817078,1.7780309198810078,77.99,0.5136986301369864,0.2054794520547945,0.2808219178082192
880,0.8767419339163055,./colab_comb/R3x3_BP2_7_unrelaxed_rank_001_alphafold2_ptm_model_5_seed_000.pdb,1.547703402065353,1.8321418500290025,82.88,0.5342465753424658,0.23972602739726026,0.22602739726027396
881,0.8839110142497525,./colab_comb/R3x3_BP2_7_unrelaxed_rank_002_alphafold2_ptm_model_1_seed_000.pdb,1.4823308080280553,1.7818607972001368,81.07,0.5342465753424658,0.22602739726027396,0.23972602739726026
882,0.8628362840776237,./colab_comb/R3x3_BP2_7_unrelaxed_rank_003_alphafold2_ptm_model_2_seed_000.pdb,1.645591431187812,1.960840416574063,80.01,0.5205479452054794,0.22602739726027396,0.2534246575342466
883,0.8731206251564738,./colab_comb/R3x3_BP2_7_unrelaxed_rank_004_alphafold2_ptm_model_4_seed_000.pdb,1.5799165501591768,1.8862171433512396,79.79,0.5342465753424658,0.22602739726027396,0.23972602739726026
884,0.8741179317136832,./colab_comb/R3x3_BP2_7_unrelaxed_rank_005_alphafold2_ptm_model_3_seed_000.pdb,1.57337993334855,1.8371957911790928,76.98,0.5342465753424658,0.21232876712328766,0.2534246575342466
885,0.9096581001081392,./colab_comb/R3x3_BP2_8_unrelaxed_rank_001_alphafold2_ptm_model_4_seed_000.pdb,1.3053738603463054,1.4994487243993166,87.28,0.5,0.21232876712328766,0.2876712328767123
886,0.8802172289383311,./colab_comb/R3x3_BP2_8_unrelaxed_rank_002_alphafold2_ptm_model_5_seed_000.pdb,1.581099958034902,1.7709070814774552,84.6,0.5273972602739726,0.21232876712328766,0.2602739726027397
887,0.9129263830057263,./colab_comb/R3x3_BP2_8_unrelaxed_rank_003_alphafold2_ptm_model_1_seed_000.pdb,1.2848162625134063,1.4498501617456945,83.72,0.5273972602739726,0.22602739726027396,0.2465753424657534
888,0.9236884136668052,./colab_comb/R3x3_BP2_8_unrelaxed_rank_004_alphafold2_ptm_model_3_seed_000.pdb,1.1654223364701188,1.3632729232296346,83.11,0.5205479452054794,0.21232876712328766,0.2671232876712329
889,0.9129143223163955,./colab_comb/R3x3_BP2_8_unrelaxed_rank_005_alphafold2_ptm_model_2_seed_000.pdb,1.2873934964516438,1.4461031081347833,79.77,0.5205479452054794,0.22602739726027396,0.2534246575342466
890,0.8748638303648284,./colab_comb/R3x3_BP2_9_unrelaxed_rank_001_alphafold2_ptm_model_2_seed_000.pdb,1.6310802841865528,1.8531044670668293,87.28,0.4931506849315068,0.23972602739726026,0.2671232876712329
891,0.8790732902637995,./colab_comb/R3x3_BP2_9_unrelaxed_rank_002_alphafold2_ptm_model_4_seed_000.pdb,1.5835792403168103,1.7975448854434761,87.21,0.5205479452054794,0.23972602739726026,0.23972602739726026
892,0.8754689773077832,./colab_comb/R3x3_BP2_9_unrelaxed_rank_003_alphafold2_ptm_model_1_seed_000.pdb,1.6248040347914825,1.833483844721814,87.13,0.5136986301369864,0.23972602739726026,0.2465753424657534
893,0.8860690211008504,./colab_comb/R3x3_BP2_9_unrelaxed_rank_004_alphafold2_ptm_model_5_seed_000.pdb,1.5177319467078836,1.757846923576949,85.7,0.5273972602739726,0.23972602739726026,0.2328767123287671
894,0.8818310282639878,./colab_comb/R3x3_BP2_9_unrelaxed_rank_005_alphafold2_ptm_model_3_seed_000.pdb,1.5480899386412963,1.7574182753126604,85.56,0.5205479452054794,0.23972602739726026,0.23972602739726026
895,0.9094585711794398,./colab_comb/R3x3_BP3_10_unrelaxed_rank_001_alphafold2_ptm_model_2_seed_000.pdb,1.1849358454369032,1.4338290386404131,85.33,0.5078125,0.203125,0.2890625
896,0.9211871619507804,./colab_comb/R3x3_BP3_10_unrelaxed_rank_002_alphafold2_ptm_model_1_seed_000.pdb,1.0859979676958098,1.293463807611622,85.1,0.5,0.2109375,0.2890625
897,0.8594796789960221,./colab_comb/R3x3_BP3_10_unrelaxed_rank_003_alphafold2_ptm_model_3_seed_000.pdb,1.8407714867980087,1.6556609236584707,84.89,0.5078125,0.2109375,0.28125
898,0.9184084767099097,./colab_comb/R3x3_BP3_10_unrelaxed_rank_004_alphafold2_ptm_model_5_seed_000.pdb,1.1374456058776339,1.3420689117171414,81.26,0.5078125,0.203125,0.2890625
899,0.8450942809024197,./colab_comb/R3x3_BP3_10_unrelaxed_rank_005_alphafold2_ptm_model_4_seed_000.pdb,2.0017678636454854,1.779050884333782,78.5,0.4609375,0.203125,0.3359375
900,0.9077457836476631,./colab_comb/R3x3_BP3_1_unrelaxed_rank_001_alphafold2_ptm_model_5_seed_000.pdb,1.2286974167668396,1.4139455596826038,87.7,0.4921875,0.2109375,0.296875
901,0.9228870633692043,./colab_comb/R3x3_BP3_1_unrelaxed_rank_002_alphafold2_ptm_model_3_seed_000.pdb,1.10973180227158,1.2803019063322287,86.78,0.5,0.21875,0.28125
902,0.9313254628947891,./colab_comb/R3x3_BP3_1_unrelaxed_rank_003_alphafold2_ptm_model_4_seed_000.pdb,1.0345952975673924,1.1928626139783742,86.4,0.5,0.2109375,0.2890625
903,0.9151938103761075,./colab_comb/R3x3_BP3_1_unrelaxed_rank_004_alphafold2_ptm_model_1_seed_000.pdb,1.1676840865004157,1.3525123359649265,86.07,0.4765625,0.2265625,0.296875
904,0.8500923975138841,./colab_comb/R3x3_BP3_1_unrelaxed_rank_005_alphafold2_ptm_model_2_seed_000.pdb,1.7121890704516307,1.8394420756396426,85.05,0.4921875,0.21875,0.2890625
905,0.8873941613650245,./colab_comb/R3x3_BP3_2_unrelaxed_rank_001_alphafold2_ptm_model_2_seed_000.pdb,1.4191127847108795,1.5557400091318914,85.79,0.4765625,0.203125,0.3203125
906,0.8790795951645972,./colab_comb/R3x3_BP3_2_unrelaxed_rank_002_alphafold2_ptm_model_1_seed_000.pdb,1.493947721207718,1.6557726051678403,85.2,0.4765625,0.203125,0.3203125
907,0.9013658826309974,./colab_comb/R3x3_BP3_2_unrelaxed_rank_003_alphafold2_ptm_model_3_seed_000.pdb,1.3137411323812234,1.4313006209832193,85.15,0.4921875,0.203125,0.3046875
908,0.8090243075966355,./colab_comb/R3x3_BP3_2_unrelaxed_rank_004_alphafold2_ptm_model_4_seed_000.pdb,2.167147398917113,1.9728278676562885,84.96,0.4921875,0.21875,0.2890625
909,0.8713532964546031,./colab_comb/R3x3_BP3_2_unrelaxed_rank_005_alphafold2_ptm_model_5_seed_000.pdb,1.5584161188309953,1.7307682293415236,84.06,0.4921875,0.21875,0.2890625
910,0.966103075864339,./colab_comb/R3x3_BP3_3_unrelaxed_rank_001_alphafold2_ptm_model_2_seed_000.pdb,0.6966974236199808,0.8272163881347895,88.39,0.5,0.2109375,0.2890625
911,0.9676000022020653,./colab_comb/R3x3_BP3_3_unrelaxed_rank_002_alphafold2_ptm_model_1_seed_000.pdb,0.680852094860707,0.7996034440364731,88.08,0.5,0.2109375,0.2890625
912,0.9655681142888143,./colab_comb/R3x3_BP3_3_unrelaxed_rank_003_alphafold2_ptm_model_4_seed_000.pdb,0.7036027325298186,0.8113326556245556,85.43,0.5078125,0.203125,0.2890625
913,0.8307778609066055,./colab_comb/R3x3_BP3_3_unrelaxed_rank_004_alphafold2_ptm_model_3_seed_000.pdb,1.9067593831959393,2.259408917493999,81.94,0.5078125,0.2109375,0.28125
914,0.9379265440316932,./colab_comb/R3x3_BP3_3_unrelaxed_rank_005_alphafold2_ptm_model_5_seed_000.pdb,1.1328637860942086,1.030430889289716,80.85,0.484375,0.2109375,0.3046875
915,0.9601088737421154,./colab_comb/R3x3_BP3_4_unrelaxed_rank_001_alphafold2_ptm_model_3_seed_000.pdb,0.769724351088476,0.8850436234741779,87.04,0.5078125,0.2109375,0.28125
916,0.9584132776468274,./colab_comb/R3x3_BP3_4_unrelaxed_rank_002_alphafold2_ptm_model_5_seed_000.pdb,0.8076055483573092,0.8897616228486819,85.47,0.4921875,0.1953125,0.3125
917,0.9520238543654427,./colab_comb/R3x3_BP3_4_unrelaxed_rank_003_alphafold2_ptm_model_2_seed_000.pdb,0.8570155617470719,0.9900225399368392,84.91,0.4921875,0.2109375,0.296875
918,0.950829917467612,./colab_comb/R3x3_BP3_4_unrelaxed_rank_004_alphafold2_ptm_model_1_seed_000.pdb,0.8518366520539142,1.0483285726348013,84.38,0.484375,0.2109375,0.3046875
919,0.9562747496983458,./colab_comb/R3x3_BP3_4_unrelaxed_rank_005_alphafold2_ptm_model_4_seed_000.pdb,0.823875771378244,0.9211125872057411,82.99,0.5078125,0.1953125,0.296875
920,0.9375308404961414,./colab_comb/R3x3_BP3_5_unrelaxed_rank_001_alphafold2_ptm_model_3_seed_000.pdb,0.9714089269156627,1.1289744962165542,86.17,0.5078125,0.2109375,0.28125
921,0.9573930069254082,./colab_comb/R3x3_BP3_5_unrelaxed_rank_002_alphafold2_ptm_model_1_seed_000.pdb,0.7582049951890424,0.984203907699235,85.24,0.5,0.2109375,0.2890625
922,0.9445062735325263,./colab_comb/R3x3_BP3_5_unrelaxed_rank_003_alphafold2_ptm_model_5_seed_000.pdb,0.9296520166633111,1.0503993921995622,82.92,0.5,0.203125,0.296875
923,0.94036068773457,./colab_comb/R3x3_BP3_5_unrelaxed_rank_004_alphafold2_ptm_model_2_seed_000.pdb,0.9554579591874807,1.1403327627503774,82.68,0.4921875,0.1953125,0.3125
924,0.94316341884286,./colab_comb/R3x3_BP3_5_unrelaxed_rank_005_alphafold2_ptm_model_4_seed_000.pdb,0.9353634349755076,1.0630961000332588,81.51,0.5078125,0.203125,0.2890625
925,0.9412035420609258,./colab_comb/R3x3_BP3_6_unrelaxed_rank_001_alphafold2_ptm_model_3_seed_000.pdb,0.9601719032853697,1.0793595855703246,82.79,0.5078125,0.1953125,0.296875
926,0.9537053694440675,./colab_comb/R3x3_BP3_6_unrelaxed_rank_002_alphafold2_ptm_model_5_seed_000.pdb,0.8566765405114338,0.9333207820841553,79.89,0.5078125,0.1953125,0.296875
927,0.9277275213331446,./colab_comb/R3x3_BP3_6_unrelaxed_rank_003_alphafold2_ptm_model_1_seed_000.pdb,1.0671303842698008,1.2146823345217757,66.97,0.4921875,0.203125,0.3046875
928,0.6925892659078399,./colab_comb/R3x3_BP3_6_unrelaxed_rank_004_alphafold2_ptm_model_4_seed_000.pdb,5.254631340711904,2.357286661716664,66.35,0.4921875,0.0625,0.4453125
929,0.7114345835992598,./colab_comb/R3x3_BP3_6_unrelaxed_rank_005_alphafold2_ptm_model_2_seed_000.pdb,5.156660731585138,2.20520155717835,63.54,0.4921875,0.1875,0.3203125
930,0.9589311252404781,./colab_comb/R3x3_BP3_7_unrelaxed_rank_001_alphafold2_ptm_model_2_seed_000.pdb,0.7525971868644656,0.8993715093029039,87.38,0.5,0.2109375,0.2890625
931,0.9621631819558575,./colab_comb/R3x3_BP3_7_unrelaxed_rank_002_alphafold2_ptm_model_1_seed_000.pdb,0.7127482063496797,0.8611968791443074,87.0,0.5,0.2109375,0.2890625
932,0.963895945183994,./colab_comb/R3x3_BP3_7_unrelaxed_rank_003_alphafold2_ptm_model_4_seed_000.pdb,0.7024874156713946,0.8345814603292769,86.43,0.5078125,0.1953125,0.296875
933,0.9451333894772243,./colab_comb/R3x3_BP3_7_unrelaxed_rank_004_alphafold2_ptm_model_3_seed_000.pdb,0.8993249268286385,1.0885197002963016,84.6,0.484375,0.1953125,0.3203125
934,0.9586588720381012,./colab_comb/R3x3_BP3_7_unrelaxed_rank_005_alphafold2_ptm_model_5_seed_000.pdb,0.7691053534164021,0.9000008890643708,84.03,0.5,0.1953125,0.3046875
935,0.8779109788143757,./colab_comb/R3x3_BP3_8_unrelaxed_rank_001_alphafold2_ptm_model_3_seed_000.pdb,1.428304528121019,1.696461560555746,86.59,0.5078125,0.2109375,0.28125
936,0.8607753216254437,./colab_comb/R3x3_BP3_8_unrelaxed_rank_002_alphafold2_ptm_model_4_seed_000.pdb,1.9102467066943365,1.6200209648623465,84.46,0.5078125,0.203125,0.2890625
937,0.853939244548638,./colab_comb/R3x3_BP3_8_unrelaxed_rank_003_alphafold2_ptm_model_5_seed_000.pdb,2.1038734526729024,1.7183696798452444,83.92,0.5078125,0.2109375,0.28125
938,0.8664592365320595,./colab_comb/R3x3_BP3_8_unrelaxed_rank_004_alphafold2_ptm_model_1_seed_000.pdb,1.9423820213055767,1.6733754042308995,82.44,0.5,0.2109375,0.2890625
939,0.9276994268916813,./colab_comb/R3x3_BP3_8_unrelaxed_rank_005_alphafold2_ptm_model_2_seed_000.pdb,1.1964540302514979,1.0803590320403098,81.33,0.4765625,0.1953125,0.328125
940,0.9320508976080093,./colab_comb/R3x3_BP3_9_unrelaxed_rank_001_alphafold2_ptm_model_2_seed_000.pdb,1.0312319827050793,1.2558518616403995,85.68,0.5,0.2109375,0.2890625
941,0.9365754597454362,./colab_comb/R3x3_BP3_9_unrelaxed_rank_002_alphafold2_ptm_model_1_seed_000.pdb,0.9837373638700898,1.1978460993700264,85.37,0.5078125,0.2109375,0.28125
942,0.505856775683923,./colab_comb/R3x3_BP3_9_unrelaxed_rank_003_alphafold2_ptm_model_3_seed_000.pdb,7.990556630503756,3.959699966832054,75.15,0.5078125,0.203125,0.2890625
943,0.5138456862587993,./colab_comb/R3x3_BP3_9_unrelaxed_rank_004_alphafold2_ptm_model_5_seed_000.pdb,9.040331450414628,3.8347888621308597,69.29,0.5078125,0.1953125,0.296875
944,0.46156477080799846,./colab_comb/R3x3_BP3_9_unrelaxed_rank_005_alphafold2_ptm_model_4_seed_000.pdb,9.6597002011299,3.853990653832882,62.92,0.5078125,0.21875,0.2734375
