,Unnamed: 0,con,dgram_cce,exp_res,fape,hard,helix,i_ptm,loss,models,pae,plddt,ptm,recycles,seq_ent,seqid,soft,temp,rmsd_io,tm_i,tm_o,tm_io,composite,names,data
HBI_b_01,43,1.6223182678222656,1.661677360534668,0.0094296280294656,0.3384142518043518,1.0,7.644651889801025,0.0,1.661677360534668,[0],3.3774173259735107,0.9297375828027724,0.7915041446685791,3,295.71051025390625,0.9908256880733946,0.0,1.0,0.9251275658607484,1.0,0.9495,0.9495,0.6987286471552924,HBI_b_01,WSB
HBI_b_02,44,1.857967972755432,1.6535027027130127,0.0111033311113715,0.3091640174388885,1.0,7.065669536590576,0.0,1.6535027027130127,[0],4.326475918292999,0.8965897187590599,0.764056384563446,3,295.71051025390625,1.0,0.0,1.0,1.2234407663345337,1.0,0.9266,0.9266,0.6347627886887418,HBI_b_02,WSB
HBI_b_03,45,1.8664947748184204,1.857519030570984,0.008188827894628,0.3710692524909973,1.0,6.737773418426514,0.0,1.857519030570984,[0],4.592413857579231,0.8767365217208862,0.7462140321731567,3,295.71051025390625,1.0,0.0,1.0,1.4997845888137815,1.0,0.904,0.904,0.5914267179042371,HBI_b_03,WSB
HBI_b_04,46,1.8106257915496824,1.4573265314102173,0.0123303700238466,0.261726975440979,1.0,7.486105918884277,0.0,1.4573265314102173,[0],3.7348941192030902,0.9171613827347757,0.7648019790649414,3,295.71051025390625,0.9908256880733946,0.0,1.0,0.6539608836174011,1.0,0.974,0.974,0.6832092227809197,HBI_b_04,WSB
HBI_b_07,47,1.806233286857605,1.6302707195281982,0.0149384653195738,0.3211238384246826,1.0,7.497118949890137,0.0,1.6302707195281982,[0],4.20086582005024,0.8996154740452766,0.7621500492095947,3,295.71051025390625,0.9908256880733946,0.0,1.0,0.8967651128768921,1.0,0.9533,0.9533,0.6536224974494385,HBI_b_07,WSB
HBI_b_08,48,1.5965962409973145,1.5408260822296145,0.0080931717529892,0.2883279621601105,1.0,7.663430213928223,0.0,1.5408260822296145,[0],3.2329958081245422,0.9337535873055458,0.8048523664474487,3,295.71051025390625,1.0,0.0,1.0,0.9486643075942992,1.0,0.9569,0.9569,0.7191426783130893,HBI_b_08,WSB
HBI_b_09,49,1.7059003114700315,1.6897175312042236,0.0137017117813229,0.3319146931171417,1.0,7.478443622589111,0.0,1.6897175312042236,[0],3.959701970219612,0.9087963849306108,0.785369336605072,3,295.71051025390625,1.0,0.0,1.0,1.071677803993225,1.0,0.941,0.941,0.6716301059194609,HBI_b_09,WSB
HBI_b_10,50,1.7226959466934204,1.6304094791412354,0.0112418178468942,0.3368923366069793,1.0,7.541672229766846,0.0,1.6304094791412354,[0],3.734149247407913,0.9159532785415648,0.7850492000579834,3,295.71051025390625,0.9908256880733946,0.0,1.0,1.1382973194122314,1.0,0.9397,0.9397,0.6757085647763874,HBI_b_10,WSB
HBI_b_13,51,1.926336884498596,1.741387963294983,0.0131721664220094,0.3594701886177063,1.0,7.1971964836120605,0.0,1.741387963294983,[0],4.721812754869461,0.8782801702618599,0.7394347190856934,3,295.71051025390625,1.0,0.0,1.0,1.2568150758743286,1.0,0.9274,0.9274,0.6022821711952475,HBI_b_13,WSB
HBI_b_14,52,1.7665009498596191,1.6560218334197998,0.0081651480868458,0.3215450644493103,1.0,7.306697368621826,0.0,1.6560218334197998,[0],4.064660757780075,0.9050029292702676,0.7668513655662537,3,295.71051025390625,0.9908256880733946,0.0,1.0,1.264368176460266,1.0,0.9377,0.9377,0.650766361939272,HBI_b_14,WSB
HBI_b_15,53,1.6984745264053345,1.5537450313568115,0.0095190908759832,0.3078277111053467,1.0,7.537886619567871,0.0,1.5537450313568115,[0],3.4900583401322365,0.9237934127449988,0.7854389548301697,3,295.71051025390625,1.0,0.0,1.0,0.934821367263794,1.0,0.957,0.957,0.6943832492842541,HBI_b_15,WSB
HBI_b_16,54,1.4857960939407349,1.7388218641281128,0.0094334930181503,0.3383097350597381,1.0,8.068113327026367,0.0,1.7388218641281128,[0],3.143700808286667,0.9408713653683662,0.8281102180480957,3,295.71051025390625,1.0,0.0,1.0,0.963734209537506,1.0,0.9465,0.9465,0.7374609237835305,HBI_b_16,WSB
HBI_b_17,55,1.555787444114685,1.6543852090835571,0.0064885630272328,0.2963707745075226,1.0,7.597988128662109,0.0,1.6543852090835571,[0],3.250046327710152,0.9373264983296394,0.8021135330200195,3,295.71051025390625,0.9908256880733946,0.0,1.0,0.8262849450111389,1.0,0.9591,0.9591,0.72109192035948,HBI_b_17,WSB
HBI_b_19,56,1.7655152082443235,1.495847225189209,0.0093066357076168,0.2843745648860931,1.0,7.402525901794434,0.0,1.495847225189209,[0],4.18141508102417,0.8977110683917999,0.775052547454834,3,295.71051025390625,1.0,0.0,1.0,0.7617975473403931,1.0,0.9674,0.9674,0.673091042471269,HBI_b_19,WSB
HBI_b_20,57,1.702346682548523,1.6566017866134644,0.0087999887764453,0.3284848034381866,1.0,7.552922248840332,0.0,1.6566017866134644,[0],3.642053760588169,0.9195205047726632,0.790486216545105,3,295.71051025390625,1.0,0.0,1.0,0.902929961681366,1.0,0.952,0.952,0.691978607180425,HBI_b_20,WSB
HBI_b_21,58,1.6621918678283691,1.73884117603302,0.0097788795828819,0.3743870258331299,1.0,7.379486083984375,0.0,1.73884117603302,[0],3.915054008364677,0.906359001994133,0.7826396226882935,3,295.71051025390625,1.0,0.0,1.0,1.077436089515686,1.0,0.9378,0.9378,0.665230743872227,HBI_b_21,WSB
HBI_b_22,59,1.5816912651062012,1.6501084566116333,0.0097669493407011,0.2930581569671631,1.0,7.8739542961120605,0.0,1.6501084566116333,[0],3.338185101747513,0.93405369669199,0.8212954998016357,3,295.71051025390625,1.0,0.0,1.0,1.014760136604309,1.0,0.9484,0.9484,0.7275499782266367,HBI_b_22,WSB
HBI_b_23,60,1.58494770526886,1.6132850646972656,0.0064734765328466,0.2897716760635376,1.0,7.503744125366211,0.0,1.6132850646972656,[0],3.660262815654278,0.9209329038858414,0.8092681169509888,3,295.71051025390625,0.9908256880733946,0.0,1.0,0.8034855723381042,1.0,0.9618,0.9618,0.7168118784338033,HBI_b_23,WSB
HBI_b_25,61,1.7819602489471436,1.5881547927856443,0.0087075736373662,0.3141267895698547,1.0,7.346435546875,0.0,1.5881547927856443,[0],4.167057648301125,0.8960383385419846,0.7574173212051392,3,295.71051025390625,1.0,0.0,1.0,0.9326570630073548,1.0,0.9536,0.9536,0.647184440020867,HBI_b_25,WSB
HBI_b_26,62,1.6466467380523682,1.639500617980957,0.0080661363899707,0.3250598013401031,1.0,7.795526504516602,0.0,1.639500617980957,[0],3.591900445520878,0.9227700456976892,0.7857469320297241,3,295.71051025390625,0.9908256880733946,0.0,1.0,0.965170681476593,1.0,0.948,0.948,0.6873604182923413,HBI_b_26,WSB
HBI_b_27,63,1.6653437614440918,1.678487777709961,0.0084140580147504,0.3398801982402801,1.0,7.431665897369385,0.0,1.678487777709961,[0],3.856280505657196,0.9111412689089776,0.7861230969429016,3,295.71051025390625,1.0,0.0,1.0,0.9842321872711182,1.0,0.9456,0.9456,0.6773041518011542,HBI_b_27,WSB
HBI_b_28,64,1.747834324836731,1.6417902708053589,0.0093269040808081,0.3086619675159454,1.0,7.343799114227295,0.0,1.6417902708053589,[0],3.9467331171035767,0.9068805128335952,0.776648998260498,3,295.71051025390625,1.0,0.0,1.0,0.8558720350265503,1.0,0.9555,0.9555,0.6729852528725576,HBI_b_28,WSB
HBI_b_29,65,1.6151092052459717,1.6731288433074951,0.0069793411530554,0.2982915937900543,1.0,7.564366817474365,0.0,1.6731288433074951,[0],3.473220311105252,0.9268771708011628,0.8019901514053345,3,295.71051025390625,0.9908256880733946,0.0,1.0,0.932045042514801,1.0,0.9504,0.9504,0.706476382962742,HBI_b_29,WSB
HBI_b_31,66,1.5980383157730105,1.7054306268692017,0.0073142396286129,0.3322660624980926,1.0,7.752684116363525,0.0,1.7054306268692017,[0],3.790550015866757,0.913705751299858,0.7954061627388,3,295.71051025390625,1.0,0.0,1.0,1.0063161849975586,1.0,0.9465,0.9465,0.6878851410888046,HBI_b_31,WSB
HBI_b_32,67,1.736750841140747,1.5891480445861816,0.0134630724787712,0.297366201877594,1.0,7.679009914398193,0.0,1.5891480445861816,[0],3.880481794476509,0.9162309169769288,0.7898215651512146,3,295.71051025390625,0.9908256880733946,0.0,1.0,0.8361968398094177,1.0,0.9584,0.9584,0.6935547251121658,HBI_b_32,WSB
HBI_b_33,68,1.7210474014282229,1.7161592245101929,0.0094538629055023,0.3524539172649383,1.0,7.300333499908447,0.0,1.7161592245101929,[0],4.050798982381821,0.9006477743387222,0.7753395438194275,3,295.71051025390625,1.0,0.0,1.0,1.079638957977295,1.0,0.9405,0.9405,0.6567585183451504,HBI_b_33,WSB
HBI_b_34,69,1.875841498374939,1.755012035369873,0.013871039263904,0.3505337536334991,1.0,7.121889114379883,0.0,1.755012035369873,[0],4.438578084111214,0.8894657641649246,0.7452889084815979,3,295.71051025390625,1.0,0.0,1.0,1.2562154531478882,1.0,0.9276,0.9276,0.6149143591863762,HBI_b_34,WSB
HBI_b_35,70,2.075704336166382,1.7296737432479858,0.015715604647994,0.3035025894641876,1.0,6.776206016540527,0.0,1.7296737432479858,[0],5.255198240280151,0.8508149981498718,0.6971545219421387,3,295.71051025390625,1.0,0.0,1.0,0.9977225065231324,1.0,0.9437,0.9437,0.5597552051347895,HBI_b_35,WSB
HBI_b_37,71,1.679597020149231,1.5970710515975952,0.0090136611834168,0.3141760230064392,1.0,7.508073806762695,0.0,1.5970710515975952,[0],3.5099784061312675,0.9231409206986428,0.792714536190033,3,295.71051025390625,1.0,0.0,1.0,0.8253862857818604,1.0,0.9598,0.9598,0.70236938027272,HBI_b_37,WSB
HBI_b_38,72,1.862756967544556,1.713113784790039,0.0134810740128159,0.3480225205421448,1.0,7.399944305419922,0.0,1.713113784790039,[0],4.377090245485306,0.8940485492348671,0.7488940954208374,3,295.71051025390625,0.9908256880733946,0.0,1.0,1.1975131034851074,1.0,0.9311,0.9311,0.6234158444211445,HBI_b_38,WSB
HBI_b_39,73,1.7750401496887207,1.74943208694458,0.0115607306361198,0.355817973613739,1.0,7.300370216369629,0.0,1.74943208694458,[0],3.825137935578823,0.9117122441530228,0.7755248546600342,3,295.71051025390625,1.0,0.0,1.0,1.0802959203720093,1.0,0.9355,0.9355,0.6614504255248603,HBI_b_39,WSB
HBI_b_40,74,1.697048306465149,1.5741736888885498,0.0119804125279188,0.3015992641448974,1.0,7.467676162719727,0.0,1.5741736888885498,[0],3.3939728811383247,0.9275651648640632,0.7863976359367371,3,295.71051025390625,0.9908256880733946,0.0,1.0,0.8750131726264954,1.0,0.9601,0.9601,0.700330594218597,HBI_b_40,WSB
HBI_b_41,75,1.7555745840072632,1.8070846796035769,0.016844380646944,0.3754523992538452,1.0,7.166863441467285,0.0,1.8070846796035769,[0],4.102299302816391,0.8972734808921814,0.7792105674743652,3,295.71051025390625,1.0,0.0,1.0,1.176061749458313,1.0,0.929,0.929,0.6495242647716714,HBI_b_41,WSB
HBI_b_43,76,1.6554149389266968,1.6150717735290527,0.0085447132587432,0.3122184872627258,1.0,7.386837005615234,0.0,1.6150717735290527,[0],3.69474171847105,0.9151054471731186,0.8012874722480774,3,295.71051025390625,1.0,0.0,1.0,0.8448851704597473,1.0,0.9585,0.9585,0.7028321355856543,HBI_b_43,WSB
HBI_b_44,77,1.6121771335601809,1.792165756225586,0.0074616400524973,0.3272927105426788,1.0,7.690000057220459,0.0,1.792165756225586,[0],3.1579797118902206,0.939604926854372,0.8023782968521118,3,295.71051025390625,0.9908256880733946,0.0,1.0,1.1317434310913086,1.0,0.9392,0.9392,0.7080803499871297,HBI_b_44,WSB
HBI_b_45,78,1.771707534790039,1.596626043319702,0.0087084909901022,0.3102637231349945,1.0,7.356386661529541,0.0,1.596626043319702,[0],3.635842800140381,0.9176736548542976,0.7770215272903442,3,295.71051025390625,1.0,0.0,1.0,0.9188639521598816,1.0,0.9552,0.9552,0.6811074469677635,HBI_b_45,WSB
HBI_b_46,79,1.785352110862732,1.5856584310531616,0.0114547507837414,0.3084375560283661,1.0,7.3892717361450195,0.0,1.5856584310531616,[0],4.037736356258392,0.9029220342636108,0.7668482065200806,3,295.71051025390625,0.9908256880733946,0.0,1.0,0.8933917880058289,1.0,0.9576,0.9576,0.6630462069561661,HBI_b_46,WSB
HBI_b_49,80,1.5511280298233032,1.6005276441574097,0.0081110196188092,0.3105620443820953,1.0,7.792874336242676,0.0,1.6005276441574097,[0],3.125161699950695,0.9403885081410408,0.8137601017951965,3,295.71051025390625,1.0,0.0,1.0,0.8958797454833984,1.0,0.9564,0.9564,0.7318857198542081,HBI_b_49,WSB
HBI_b_50,81,1.4312740564346311,1.6437225341796875,0.0080645000562071,0.3196494877338409,1.0,8.226425170898438,0.0,1.6437225341796875,[0],3.0227327048778534,0.9446923173964024,0.833482027053833,3,295.71051025390625,1.0,0.0,1.0,0.9983364343643188,1.0,0.9605,0.9605,0.7562823969737299,HBI_b_50,WSB
HBI_b_53,82,1.883315920829773,1.7224222421646118,0.01329848729074,0.3624559044837951,1.0,7.20290470123291,0.0,1.7224222421646118,[0],4.324619859457016,0.8896386325359344,0.7484904527664185,3,295.71051025390625,1.0,0.0,1.0,1.0569789409637451,1.0,0.9396,0.9396,0.6256665070842536,HBI_b_53,WSB
HBI_b_55,83,1.8037488460540767,1.509200930595398,0.0121188731864094,0.2921344935894012,1.0,7.614406585693359,0.0,1.509200930595398,[0],3.703706510365009,0.9193653985857964,0.7726322412490845,3,295.71051025390625,0.9908256880733946,0.0,1.0,0.7328097224235535,1.0,0.9687,0.9687,0.6880979772301486,HBI_b_55,WSB
HBI_b_56,84,1.8009612560272217,1.6412973403930664,0.0114138042554259,0.3338813483715057,1.0,7.397134780883789,0.0,1.6412973403930664,[0],3.933624297380448,0.9060873687267303,0.7636752128601074,3,295.71051025390625,0.9908256880733946,0.0,1.0,1.2251356840133667,1.0,0.9342,0.9342,0.646425728839049,HBI_b_56,WSB
TMB2.1,38,1.5294846296310425,1.6524173021316528,0.0127638801932334,0.4072703719139099,1.0,7.732742309570312,0.0,1.6524173021316528,[0],3.638960175216198,0.9327265545725822,0.8172009587287903,3,333.691650390625,0.8699186991869918,0.0,1.0,1.3567867279052734,1.0,0.9391,0.9391,0.715805530019639,TMB2.1,TMB
TMB2.12,32,1.6995426416397097,1.4235833883285522,0.0130634121596813,0.316689133644104,1.0,6.884740352630615,0.0,1.4235833883285522,[0],4.462075844407082,0.899144858121872,0.7789387106895447,3,333.691650390625,0.8699186991869918,0.0,1.0,0.9817969799041748,1.0,0.9585,0.9585,0.6713130189434783,TMB2.12,TMB
TMB2.14,33,1.3898727893829346,1.3069260120391846,0.0074111521244049,0.2730827629566192,1.0,8.380451202392578,0.0,1.3069260120391846,[0],3.339485220611095,0.9438159801065922,0.8398256897926331,3,333.691650390625,0.8699186991869918,0.0,1.0,0.6493865251541138,1.0,0.9767,0.9767,0.7741723734081721,TMB2.14,TMB
TMB2.15,34,1.5291019678115845,1.4341167211532593,0.0105210719630122,0.3335445523262024,1.0,7.699556827545166,0.0,1.4341167211532593,[0],3.8426603227853775,0.9232885092496872,0.8043876886367798,3,333.691650390625,0.8699186991869918,0.0,1.0,1.3584433794021606,1.0,0.9504,0.9504,0.7058448871692014,TMB2.15,TMB
TMB2.17,35,1.4769763946533203,1.578778862953186,0.0094593176618218,0.3319056034088135,1.0,7.936599254608154,0.0,1.578778862953186,[0],3.749251551926136,0.928363896906376,0.8261737823486328,3,333.691650390625,0.8699186991869918,0.0,1.0,0.8584411144256592,1.0,0.9596,0.9596,0.7360035196540933,TMB2.17,TMB
TMB2.18,36,1.471285343170166,1.4168421030044556,0.0102201290428638,0.295502632856369,1.0,8.062744140625,0.0,1.4168421030044556,[0],3.4056818038225174,0.9394113644957542,0.8247421383857727,3,333.691650390625,0.8699186991869918,0.0,1.0,0.7265865206718445,1.0,0.9709,0.9709,0.7522262683746015,TMB2.18,TMB
TMB2.19,37,1.6133760213851929,1.523223042488098,0.0129793919622898,0.3912465870380401,1.0,7.325525283813477,0.0,1.523223042488098,[0],3.86167199164629,0.9231594726443292,0.7840029001235962,3,333.691650390625,0.8699186991869918,0.0,1.0,1.3776488304138184,1.0,0.9425,0.9425,0.6821435208595146,TMB2.19,TMB
TMB2.2,49,1.5621023178100586,1.4037262201309204,0.0138159794732928,0.3041931390762329,1.0,7.470977783203125,0.0,1.4037262201309204,[0],3.975975051522255,0.9199867397546768,0.8113056421279907,3,333.691650390625,0.8699186991869918,0.0,1.0,0.7614517211914062,1.0,0.9683,0.9683,0.7227298559310297,TMB2.2,TMB
TMB2.20,39,1.6402628421783447,1.3840625286102295,0.0130471931770443,0.3252709507942199,1.0,7.294715881347656,0.0,1.3840625286102295,[0],4.238717779517174,0.908565640449524,0.7870446443557739,3,333.691650390625,0.8699186991869918,0.0,1.0,0.6666289567947388,1.0,0.9753,0.9753,0.6974192028438432,TMB2.20,TMB
TMB2.21,40,1.503217697143555,1.4332716464996338,0.0075330082327127,0.3472811877727508,1.0,7.8412184715271,0.0,1.4332716464996338,[0],3.683664262294769,0.9293448701500892,0.8167312145233154,3,333.691650390625,0.8699186991869918,0.0,1.0,1.3849081993103027,1.0,0.9476,0.9476,0.7192520563684397,TMB2.21,TMB
TMB2.22,41,1.5350600481033323,1.351164937019348,0.0122325411066412,0.2804989218711853,1.0,7.68700647354126,0.0,1.351164937019348,[0],3.930177792906761,0.9233834892511368,0.8177953362464905,3,333.691650390625,0.8699186991869918,0.0,1.0,0.6648679971694946,1.0,0.9752,0.9752,0.7364112710418915,TMB2.22,TMB
TMB2.23,42,1.5015994310379028,1.6171294450759888,0.0121874473989009,0.3332220613956451,1.0,7.698581695556641,0.0,1.6171294450759888,[0],3.880110859870911,0.9233161956071854,0.8181043267250061,3,333.691650390625,0.8617886178861789,0.0,1.0,0.9374402165412904,1.0,0.9528,0.9528,0.7197155589622071,TMB2.23,TMB
TMB2.24,43,1.4214134216308594,1.5378340482711792,0.0071892500855028,0.3113311529159546,1.0,8.268767356872559,0.0,1.5378340482711792,[0],3.260616809129715,0.9456695280969144,0.8191894292831421,3,333.691650390625,0.8699186991869918,0.0,1.0,0.8814394474029541,1.0,0.9583,0.9583,0.742378221553962,TMB2.24,TMB
TMB2.25,44,1.4103500843048096,1.51210355758667,0.0084932474419474,0.3121205866336822,1.0,8.222158432006836,0.0,1.51210355758667,[0],3.3685784116387367,0.9409071654081343,0.8275272250175476,3,333.691650390625,0.8699186991869918,0.0,1.0,0.8685600757598877,1.0,0.9613,0.9613,0.7484934579500135,TMB2.25,TMB
TMB2.26,45,1.6804918050765991,1.3910455703735352,0.0133383590728044,0.2954741716384887,1.0,7.191903591156006,0.0,1.3910455703735352,[0],4.530013233423233,0.8996717631816864,0.7933781743049622,3,333.691650390625,0.8699186991869918,0.0,1.0,0.9866143465042114,1.0,0.968,0.968,0.6909389828365146,TMB2.26,TMB
TMB2.27,46,1.5089184045791626,1.3688510656356812,0.0108288740739226,0.2819501757621765,1.0,7.654120445251465,0.0,1.3688510656356812,[0],3.76317060738802,0.9265202432870864,0.8100791573524475,3,333.691650390625,0.8699186991869918,0.0,1.0,0.6865030527114868,1.0,0.9736,0.9736,0.7307400928700553,TMB2.27,TMB
TMB2.28,47,1.4475654363632202,1.3253161907196045,0.0086098909378051,0.2939451336860657,1.0,8.069178581237793,0.0,1.3253161907196045,[0],3.326074756681919,0.9432348981499672,0.8156700730323792,3,333.691650390625,0.8617886178861789,0.0,1.0,0.6684602499008179,1.0,0.9751,0.9751,0.7502112031519816,TMB2.28,TMB
TMB2.29,48,1.5739879608154297,1.4731322526931765,0.013328343629837,0.3443381786346435,1.0,7.470858573913574,0.0,1.4731322526931765,[0],3.9826167672872543,0.9189753979444504,0.8022786974906921,3,333.691650390625,0.8699186991869918,0.0,1.0,1.083115816116333,1.0,0.954,0.954,0.7033597635655764,TMB2.29,TMB
TMB2.3,60,1.5300803184509275,1.4290105104446411,0.0092514464631676,0.3378805518150329,1.0,7.7165913581848145,0.0,1.4290105104446411,[0],4.0866978764534,0.9162362068891524,0.8125576972961426,3,333.691650390625,0.8780487804878049,0.0,1.0,0.9759480953216552,1.0,0.9579,0.9579,0.7131515521080904,TMB2.3,TMB
TMB2.30,50,1.539804220199585,1.427342414855957,0.0107076484709978,0.3014964163303375,1.0,7.731622219085693,0.0,1.427342414855957,[0],4.032540038228035,0.9155577644705772,0.8095049262046814,3,333.691650390625,0.8617886178861789,0.0,1.0,0.7365216612815857,1.0,0.9699,0.9699,0.718839950094905,TMB2.30,TMB
TMB2.31,51,1.4391261339187622,1.517012119293213,0.0092135770246386,0.3115248084068298,1.0,8.18738079071045,0.0,1.517012119293213,[0],3.5252513960003853,0.936572588980198,0.829725980758667,3,333.691650390625,0.8699186991869918,0.0,1.0,0.9106501340866088,1.0,0.9602,0.9602,0.7461700852675361,TMB2.31,TMB
TMB2.32,52,1.7120169401168823,1.3619043827056885,0.0156870540231466,0.2929841876029968,1.0,7.181899547576904,0.0,1.3619043827056885,[0],4.7499659061431885,0.8864550292491913,0.7744019031524658,3,333.691650390625,0.8699186991869918,0.0,1.0,0.8018395900726318,1.0,0.9711,0.9711,0.6666334075662396,TMB2.32,TMB
TMB2.33,53,1.5421329736709597,1.440064787864685,0.0102236615493893,0.3076610863208771,1.0,7.619838714599609,0.0,1.440064787864685,[0],3.866641499102116,0.9228286668658257,0.8171534538269043,3,333.691650390625,0.8780487804878049,0.0,1.0,0.8619615435600281,1.0,0.9604,0.9604,0.7242305641760596,TMB2.33,TMB
TMB2.34,54,1.5231517553329468,1.5376453399658203,0.012987732887268,0.3317663073539734,1.0,7.576655387878418,0.0,1.5376453399658203,[0],3.916425958275795,0.9218929782509804,0.8128016591072083,3,333.691650390625,0.8699186991869918,0.0,1.0,0.8685145974159241,1.0,0.9587,0.9587,0.7183693855671008,TMB2.34,TMB
TMB2.35,55,1.521607518196106,1.4568965435028076,0.0122280474752187,0.312355101108551,1.0,7.6925458908081055,0.0,1.4568965435028076,[0],3.663566119968891,0.9320387989282608,0.809841513633728,3,333.691650390625,0.8699186991869918,0.0,1.0,0.792242169380188,1.0,0.9657,0.9657,0.7289139443784773,TMB2.35,TMB
TMB2.36,56,1.4888887405395508,1.4021388292312622,0.0120987528935074,0.3087912797927856,1.0,7.991569519042969,0.0,1.4021388292312622,[0],3.711602844297886,0.93030546605587,0.8079264760017395,3,333.691650390625,0.8699186991869918,0.0,1.0,0.7357411980628967,1.0,0.9715,0.9715,0.7301972919169982,TMB2.36,TMB
TMB2.37,57,1.6871522665023804,1.577211856842041,0.0111912041902542,0.3516611456871032,1.0,7.092085361480713,0.0,1.577211856842041,[0],4.437881946563721,0.8993455246090889,0.790679931640625,3,333.691650390625,0.8617886178861789,0.0,1.0,0.8562896251678467,1.0,0.96,0.96,0.6826506796024477,TMB2.37,TMB
TMB2.38,58,1.6334998607635498,1.5424892902374268,0.0155950961634516,0.3598055243492126,1.0,7.163003444671631,0.0,1.5424892902374268,[0],4.492326647043228,0.8991057574748993,0.7889000177383423,3,333.691650390625,0.8699186991869918,0.0,1.0,1.000008225440979,1.0,0.95,0.95,0.673839320619564,TMB2.38,TMB
TMB2.39,59,1.633184552192688,1.6013147830963137,0.0125973839312791,0.3740164339542389,1.0,7.343818187713623,0.0,1.6013147830963137,[0],4.076224401593208,0.9145701602101326,0.7884759902954102,3,333.691650390625,0.8699186991869918,0.0,1.0,0.9760028123855592,1.0,0.9504,0.9504,0.685349228773107,TMB2.39,TMB
TMB2.4,69,1.52730131149292,1.4872137308120728,0.010050163604319,0.3623778820037842,1.0,7.711658954620361,0.0,1.4872137308120728,[0],3.829232536256313,0.9221569299697876,0.806024432182312,3,333.691650390625,0.8699186991869918,0.0,1.0,1.276821851730347,1.0,0.9523,0.9523,0.7078265114052703,TMB2.4,TMB
TMB2.41,61,1.4152730703353882,1.4567798376083374,0.0090502751991152,0.3049235045909881,1.0,8.0400972366333,0.0,1.4567798376083374,[0],3.432667180895806,0.9418757408857346,0.8288919925689697,3,333.691650390625,0.8617886178861789,0.0,1.0,0.7944709658622742,1.0,0.9663,0.9663,0.7544032227661206,TMB2.41,TMB
TMB2.42,62,1.6541317701339722,1.4423471689224243,0.0118620032444596,0.3112289309501648,1.0,7.256463527679443,0.0,1.4423471689224243,[0],4.619686558842659,0.8905665725469589,0.7906708121299744,3,333.691650390625,0.8699186991869918,0.0,1.0,0.8780001401901245,1.0,0.9616,0.9616,0.6771058273569257,TMB2.42,TMB
TMB2.43,63,1.442101240158081,1.4128073453903198,0.0079858573153615,0.3048394918441772,1.0,8.00756549835205,0.0,1.4128073453903198,[0],3.4922342896461487,0.9371195137500764,0.8153510093688965,3,333.691650390625,0.8699186991869918,0.0,1.0,0.8220388889312744,1.0,0.9637,0.9637,0.7363451887413086,TMB2.43,TMB
TMB2.44,64,1.5192667245864868,1.7126985788345337,0.0079445512965321,0.3899764716625213,1.0,7.788129806518555,0.0,1.7126985788345337,[0],3.7868815511465073,0.9226459041237832,0.7960612773895264,3,333.691650390625,0.8699186991869918,0.0,1.0,1.2916157245635986,1.0,0.9294,0.9294,0.6826282000177347,TMB2.44,TMB
TMB2.45,65,1.5706592798233032,1.6668931245803833,0.0070647061802446,0.4075292348861694,1.0,7.604060173034668,0.0,1.6668931245803833,[0],3.997581645846367,0.914466679096222,0.802746057510376,3,333.691650390625,0.8699186991869918,0.0,1.0,1.184463620185852,1.0,0.9366,0.9366,0.6875435627142975,TMB2.45,TMB
TMB2.47,66,1.5325819253921509,1.332608938217163,0.0109290545806288,0.2656515538692474,1.0,7.701198577880859,0.0,1.332608938217163,[0],3.972757205367088,0.9199037402868272,0.8142380714416504,3,333.691650390625,0.8617886178861789,0.0,1.0,0.6634615659713745,1.0,0.9754,0.9754,0.7305947394769905,TMB2.47,TMB
TMB2.48,67,1.4869650602340698,1.3352020978927612,0.0122225973755121,0.2656177282333374,1.0,7.864604473114014,0.0,1.3352020978927612,[0],3.892697691917419,0.923551879823208,0.817811906337738,3,333.691650390625,0.8780487804878049,0.0,1.0,0.6585876941680908,1.0,0.9762,0.9762,0.7373157804221466,TMB2.48,TMB
TMB2.49,68,1.5413894653320312,1.4400907754898071,0.0115322535857558,0.3248103559017181,1.0,7.601828575134277,0.0,1.4400907754898071,[0],3.938783660531044,0.9223591834306716,0.8082935810089111,3,333.691650390625,0.8699186991869918,0.0,1.0,0.786430299282074,1.0,0.9679,0.9679,0.7216052694156453,TMB2.49,TMB
TMB2.5,79,1.4894038438796997,1.371747374534607,0.0076680602505803,0.2864364683628082,1.0,7.920373916625977,0.0,1.371747374534607,[0],4.018839478492737,0.9170379862189292,0.8142141103744507,3,333.691650390625,0.8780487804878049,0.0,1.0,0.6992446780204773,1.0,0.9738,0.9738,0.7271026381038481,TMB2.5,TMB
TMB2.50,70,1.541128158569336,1.5030003786087036,0.0122819244861602,0.3593398034572601,1.0,7.648016452789307,0.0,1.5030003786087036,[0],4.253695592284203,0.9083447009325027,0.8033936023712158,3,333.691650390625,0.8699186991869918,0.0,1.0,1.1738718748092651,1.0,0.9517,0.9517,0.6945109945496305,TMB2.50,TMB
TMB2.51,71,1.572554349899292,1.4442927837371826,0.0102159539237618,0.3048382997512817,1.0,7.525331020355225,0.0,1.4442927837371826,[0],4.001080349087715,0.9189962670207024,0.7992422580718994,3,333.691650390625,0.8699186991869918,0.0,1.0,0.7030004262924194,1.0,0.9722,0.9722,0.7140815334984234,TMB2.51,TMB
TMB2.52,72,1.6497316360473633,1.519065260887146,0.0128219258040189,0.3306038677692413,1.0,7.225649833679199,0.0,1.519065260887146,[0],4.25088794529438,0.9023490324616432,0.7750957012176514,3,333.691650390625,0.8780487804878049,0.0,1.0,0.9817328453063964,1.0,0.9546,0.9546,0.6676537847938513,TMB2.52,TMB
TMB2.54,73,1.5143263339996338,1.4487541913986206,0.0117422090843319,0.3133367002010345,1.0,7.741899490356445,0.0,1.4487541913986206,[0],3.7091090828180313,0.9296237230300904,0.8102511167526245,3,333.691650390625,0.8780487804878049,0.0,1.0,0.7959303259849548,1.0,0.9654,0.9654,0.727166948117691,TMB2.54,TMB
TMB2.55,74,1.6145375967025757,1.5704561471939087,0.0203963313251733,0.3949899077415466,1.0,7.393180847167969,0.0,1.5704561471939087,[0],4.258566707372665,0.906646564602852,0.7910518050193787,3,333.691650390625,0.8699186991869918,0.0,1.0,1.3306684494018557,1.0,0.9388,0.9388,0.6733114920753499,TMB2.55,TMB
TMB2.56,75,1.4824368953704834,1.403700828552246,0.0130184097215533,0.314962238073349,1.0,7.957973480224609,0.0,1.403700828552246,[0],3.756937012076378,0.9312189742922784,0.8154629468917847,3,333.691650390625,0.8699186991869918,0.0,1.0,0.9732176661491394,1.0,0.9649,0.9649,0.7327205216068011,TMB2.56,TMB
TMB2.57,76,1.4344927072525024,1.3628586530685425,0.0103021413087844,0.2927849292755127,1.0,8.165928840637207,0.0,1.3628586530685425,[0],3.440993346273899,0.9392494447529316,0.8227455615997314,3,333.691650390625,0.8699186991869918,0.0,1.0,0.6668450236320496,1.0,0.9753,0.9753,0.753676058101421,TMB2.57,TMB
TMB2.58,77,1.444859504699707,1.6408122777938845,0.0092909401282668,0.3705254793167114,1.0,8.113590240478516,0.0,1.6408122777938845,[0],3.5856190398335457,0.9376835376024246,0.8243451118469238,3,333.691650390625,0.8617886178861789,0.0,1.0,1.331999897956848,1.0,0.9416,0.9416,0.7278331099860675,TMB2.58,TMB
TMB2.59,78,1.4760782718658447,1.5984286069869995,0.0132708828896284,0.3514364659786224,1.0,7.951908588409424,0.0,1.5984286069869995,[0],3.5168501660227776,0.9357105642557144,0.8238293528556824,3,333.691650390625,0.8699186991869918,0.0,1.0,1.0701524019241333,1.0,0.9458,0.9458,0.7290849007002939,TMB2.59,TMB
TMB2.6,89,1.494086742401123,1.2862030267715454,0.010958420112729,0.2625980079174042,1.0,7.9495744705200195,0.0,1.2862030267715454,[0],3.905894279479981,0.9251061379909516,0.8161777257919312,3,333.691650390625,0.8699186991869918,0.0,1.0,0.5402522087097168,1.0,0.9834,0.9834,0.7425171768261726,TMB2.6,TMB
TMB2.60,80,1.5076313018798828,1.3752851486206057,0.0129684209823608,0.2911712825298309,1.0,7.941659927368164,0.0,1.3752851486206057,[0],3.5907368287444115,0.935200735926628,0.810627818107605,3,333.691650390625,0.8699186991869918,0.0,1.0,0.6963229179382324,1.0,0.9732,0.9732,0.7377826592377059,TMB2.60,TMB
TMB2.62,81,1.4484583139419556,1.360628604888916,0.009473524056375,0.2568120956420898,1.0,8.043910026550293,0.0,1.360628604888916,[0],3.7415259033441535,0.929217629134655,0.8193420171737671,3,333.691650390625,0.8617886178861789,0.0,1.0,0.6300386190414429,1.0,0.9775,0.9775,0.7442167380990199,TMB2.62,TMB
TMB2.63,82,1.8744473457336424,1.5854426622390747,0.0242961719632148,0.3534530699253082,1.0,6.542741298675537,0.0,1.5854426622390747,[0],4.9021331667900085,0.8838186785578728,0.7584445476531982,3,333.691650390625,0.8617886178861789,0.0,1.0,0.8797303438186646,1.0,0.9575,0.9575,0.6418385409069567,TMB2.63,TMB
TMB2.64,83,1.5090605020523071,1.421488881111145,0.0096593629568815,0.2987734675407409,1.0,7.592159748077393,0.0,1.421488881111145,[0],3.782748609781265,0.9298745691776276,0.8138132095336914,3,333.691650390625,0.8617886178861789,0.0,1.0,0.7896419167518616,1.0,0.9655,0.9655,0.7306365324437897,TMB2.64,TMB
TMB2.65,84,1.572980284690857,1.320918083190918,0.0129332495853304,0.2994036674499511,1.0,7.676692962646484,0.0,1.320918083190918,[0],4.371295258402824,0.9041759744286536,0.8026560544967651,3,333.691650390625,0.8699186991869918,0.0,1.0,0.8477725982666016,1.0,0.967,0.967,0.7017928236388841,TMB2.65,TMB
TMB2.66,85,1.4905234575271606,1.439541220664978,0.0102806100621819,0.280472993850708,1.0,7.932063102722168,0.0,1.439541220664978,[0],3.641268469393253,0.929402269423008,0.815181314945221,3,333.691650390625,0.8617886178861789,0.0,1.0,0.8467305302619934,1.0,0.9655,0.9655,0.7314930820398247,TMB2.66,TMB
TMB2.67,86,1.5188654661178589,1.5857586860656738,0.0135262217372655,0.3480332493782043,1.0,7.755568027496338,0.0,1.5857586860656738,[0],3.948451519012451,0.92138409614563,0.8069068789482117,3,333.691650390625,0.8617886178861789,0.0,1.0,0.8918592929840088,1.0,0.9573,0.9573,0.7117249465736535,TMB2.67,TMB
TMB2.68,87,1.6248250007629397,1.532642841339111,0.0094790225848555,0.3587038218975067,1.0,7.355432510375977,0.0,1.532642841339111,[0],4.433506026864052,0.9023403227329254,0.7850343585014343,3,333.691650390625,0.8699186991869918,0.0,1.0,1.1667861938476562,1.0,0.9488,0.9488,0.6720997067986004,TMB2.68,TMB
TMB2.69,88,1.5695066452026367,1.415461778640747,0.0126388482749462,0.2921084463596344,1.0,7.5602707862854,0.0,1.415461778640747,[0],3.724489241838455,0.9291164427995682,0.8007937669754028,3,333.691650390625,0.8699186991869918,0.0,1.0,0.7491902709007263,1.0,0.9692,0.9692,0.7211145119776544,TMB2.69,TMB
TMB2.7,0,1.464595913887024,1.2812083959579468,0.01029909029603,0.2594532072544098,1.0,7.866698741912842,0.0,1.2812083959579468,[0],3.779996857047081,0.9267395734786988,0.822032630443573,3,333.691650390625,0.8699186991869918,0.0,1.0,0.5626684427261353,1.0,0.982,0.982,0.7480975862750383,TMB2.7,TMB
TMB2.70,90,1.6277838945388794,1.504859209060669,0.0131300399079918,0.3728602230548858,1.0,7.275832176208496,0.0,1.504859209060669,[0],4.33439165353775,0.9061951264739035,0.7998270392417908,3,333.691650390625,0.8617886178861789,0.0,1.0,1.0277069807052612,1.0,0.9543,0.9543,0.6916760340032412,TMB2.70,TMB
TMB2.71,91,1.6054922342300415,1.6034855842590332,0.0089340787380933,0.3884041607379913,1.0,7.528822422027588,0.0,1.6034855842590332,[0],3.981701210141182,0.9147516414523124,0.7811598181724548,3,333.691650390625,0.8699186991869918,0.0,1.0,1.4186861515045166,1.0,0.9352,0.9352,0.6682632696708852,TMB2.71,TMB
TMB2.72,92,1.530795335769653,1.6205542087554932,0.0144113060086965,0.349992960691452,1.0,7.662151336669922,0.0,1.6205542087554932,[0],3.7310545071959496,0.924880973994732,0.7913800477981567,3,333.691650390625,0.8699186991869918,0.0,1.0,0.9637822508811952,1.0,0.9512,0.9512,0.6962140507564679,TMB2.72,TMB
TMB2.73,93,1.5461965799331665,1.498292088508606,0.0115083316341042,0.3337123990058899,1.0,7.414994239807129,0.0,1.498292088508606,[0],3.9440723657608032,0.9228342771530152,0.8151966333389282,3,333.691650390625,0.8699186991869918,0.0,1.0,0.8086232542991638,1.0,0.9647,0.9647,0.7257355095908703,TMB2.73,TMB
TMB2.74,94,1.5076566934585571,1.3763102293014526,0.0119504313915967,0.2957215905189514,1.0,7.950143337249756,0.0,1.3763102293014526,[0],3.7591543048620224,0.9257838502526284,0.8145245909690857,3,333.691650390625,0.8699186991869918,0.0,1.0,0.7183995842933655,1.0,0.9713,0.9713,0.7324317964197619,TMB2.74,TMB
TMB2.75,95,1.6040657758712769,1.42810320854187,0.0084241582080721,0.3401843905448913,1.0,7.477574825286865,0.0,1.42810320854187,[0],4.323786526918411,0.9041248112916946,0.7952443361282349,3,333.691650390625,0.8699186991869918,0.0,1.0,0.8753712177276611,1.0,0.9615,0.9615,0.6913186301224192,TMB2.75,TMB
TMB2.76,96,1.555192947387695,1.3979506492614746,0.0096982615068554,0.2861897647380829,1.0,7.697042465209961,0.0,1.3979506492614746,[0],3.8823845088481903,0.922756128013134,0.799790620803833,3,333.691650390625,0.8699186991869918,0.0,1.0,0.737258791923523,1.0,0.9701,0.9701,0.7159451467495881,TMB2.76,TMB
TMB2.77,97,1.6509252786636353,1.3667988777160645,0.0147497914731502,0.3078339099884033,1.0,7.256759166717529,0.0,1.3667988777160645,[0],4.609159499406815,0.8966536521911621,0.8001684546470642,3,333.691650390625,0.8699186991869918,0.0,1.0,0.9784800410270692,1.0,0.9653,0.9653,0.692577620564656,TMB2.77,TMB
TMB2.78,98,1.5438637733459473,1.4929343461990356,0.0118547361344099,0.366990864276886,1.0,7.75277853012085,0.0,1.4929343461990356,[0],4.033888429403305,0.918410487473011,0.8159540891647339,3,333.691650390625,0.8617886178861789,0.0,1.0,1.332079291343689,1.0,0.9397,0.9397,0.7041931309804215,TMB2.78,TMB
TMB2.79,99,1.5381865501403809,1.472725510597229,0.0100531252101063,0.3153490424156189,1.0,7.771667003631592,0.0,1.472725510597229,[0],3.68786695599556,0.9301026910543442,0.8119919300079346,3,333.691650390625,0.8699186991869918,0.0,1.0,0.9182380437850952,1.0,0.9564,0.9564,0.7223075948810258,TMB2.79,TMB
TMB2.8,11,1.52329421043396,1.3346821069717407,0.0107651045545935,0.2876137793064117,1.0,7.846754550933838,0.0,1.3346821069717407,[0],3.825671933591366,0.9268515855073928,0.8097840547561646,3,333.691650390625,0.8699186991869918,0.0,1.0,0.6675909161567688,1.0,0.9752,0.9752,0.7319360041196364,TMB2.8,TMB
TMB2.80,1,1.582120060920715,1.4605649709701538,0.0109053347259759,0.3477728962898254,1.0,7.590007781982422,0.0,1.4605649709701538,[0],4.426025435328484,0.9040936306118964,0.8035993576049805,3,333.691650390625,0.8699186991869918,0.0,1.0,1.6652249097824097,1.0,0.9529,0.9529,0.6923095420119968,TMB2.80,TMB
TMB2.81,2,1.5406596660614014,1.4278534650802612,0.0129099059849977,0.3029757738113403,1.0,7.6090989112854,0.0,1.4278534650802612,[0],3.907907858490944,0.9273170605301856,0.8173878192901611,3,333.691650390625,0.8617886178861789,0.0,1.0,0.7376995086669922,1.0,0.9705,0.9705,0.7356173286353596,TMB2.81,TMB
TMB2.82,3,1.5884978771209717,1.5766040086746216,0.0126592498272657,0.4059458971023559,1.0,7.432397365570068,0.0,1.5766040086746216,[0],4.144555360078812,0.916793167591095,0.8007076382637024,3,333.691650390625,0.8780487804878049,0.0,1.0,1.4190208911895752,1.0,0.9383,0.9383,0.6887903528818776,TMB2.82,TMB
TMB2.83,4,1.4600400924682615,1.389927864074707,0.0108564607799053,0.3040750026702881,1.0,7.9786696434021,0.0,1.389927864074707,[0],3.820164270699024,0.9243669509887696,0.8198515176773071,3,333.691650390625,0.8617886178861789,0.0,1.0,0.8629896640777588,1.0,0.9643,0.9643,0.7307886294374655,TMB2.83,TMB
TMB2.84,5,1.5579018592834473,1.4400564432144165,0.0111025432124733,0.2934923470020294,1.0,7.51873254776001,0.0,1.4400564432144165,[0],4.114600658416748,0.911477878689766,0.7954010367393494,3,333.691650390625,0.8699186991869918,0.0,1.0,0.7431976199150085,1.0,0.9692,0.9692,0.7026607438248381,TMB2.84,TMB
TMB2.85,6,1.5468661785125732,1.4887747764587402,0.0100621581077575,0.3698149025440216,1.0,7.775016784667969,0.0,1.4887747764587402,[0],4.02098748087883,0.9168479219079018,0.8009623289108276,3,333.691650390625,0.8699186991869918,0.0,1.0,1.2961866855621338,1.0,0.9496,0.9496,0.69734887019027,TMB2.85,TMB
TMB2.86,7,1.6119842529296875,1.459221363067627,0.0112168369814753,0.3171536326408386,1.0,7.373165130615234,0.0,1.459221363067627,[0],4.1569754332304,0.9115750342607498,0.7970191240310669,3,333.691650390625,0.8617886178861789,0.0,1.0,0.7919393181800842,1.0,0.9658,0.9658,0.7016949737480004,TMB2.86,TMB
TMB2.87,8,1.6396288871765137,1.550873637199402,0.0123648364096879,0.3605230450630188,1.0,7.269421577453613,0.0,1.550873637199402,[0],4.429873824119568,0.9016692861914636,0.7929909229278564,3,333.691650390625,0.8617886178861789,0.0,1.0,1.0695854425430298,1.0,0.9517,0.9517,0.6804803079120721,TMB2.87,TMB
TMB2.88,9,1.679627537727356,1.8191322088241575,0.0109714614227414,0.4460415840148926,1.0,6.945328235626221,0.0,1.8191322088241575,[0],4.62025474011898,0.8916836008429527,0.7923102378845215,3,333.691650390625,0.8780487804878049,0.0,1.0,1.4062715768814087,1.0,0.9139,0.9139,0.6456612529494783,TMB2.88,TMB
TMB2.89,10,1.5848822593688965,1.51214337348938,0.0138701414689421,0.3597923219203949,1.0,7.360681533813477,0.0,1.51214337348938,[0],3.856205441057682,0.9229359850287436,0.8089547157287598,3,333.691650390625,0.8617886178861789,0.0,1.0,1.422507882118225,1.0,0.9418,0.9418,0.7031605165118127,TMB2.89,TMB
TMB2.9,12,1.6703094244003296,1.743629813194275,0.0153731470927596,0.3816925287246704,1.0,7.23877477645874,0.0,1.743629813194275,[0],4.251739755272865,0.9079096093773842,0.782650351524353,3,333.691650390625,0.8699186991869918,0.0,1.0,1.3394775390625,1.0,0.9309,0.9309,0.6614749888837778,TMB2.9,TMB
1998469_0000,0,2.652712106704712,2.3033463954925537,0.0584376379847526,0.3760934174060821,1.0,2.7268195152282715,0.0,2.3033463954925537,[0],6.058730363845825,0.8065452128648758,0.4935769736766815,3,162.77639770507812,1.0,0.0,1.0,1.5945405960083008,1.0,0.8005,0.8005,0.3186727623120579,1998469_0000,Foldit
1998520_0002,1,2.051929235458374,2.083091735839844,0.0443746484816074,0.3413135707378387,1.0,4.91112756729126,0.0,2.083091735839844,[0],3.8671651035547256,0.902772217988968,0.7100561857223511,3,189.90579223632807,1.0,0.0,1.0,1.449533462524414,1.0,0.878,0.878,0.5628146799642283,1998520_0002,Foldit
1998555_1041,2,2.5641238689422607,2.1669483184814453,0.0471084415912628,0.4441389441490173,1.0,3.756013870239258,0.0,2.1669483184814453,[0],6.561450690031052,0.8007593303918839,0.574309229850769,3,217.03518676757807,1.0,0.0,1.0,1.5457130670547483,1.0,0.8451,0.8451,0.3886475241589707,1998555_1041,Foldit
2000240_0002,3,2.5130207538604736,2.377652406692505,0.0406589582562446,0.3981406688690185,1.0,3.288835287094116,0.0,2.377652406692505,[0],5.912926271557808,0.8170957565307617,0.5265003442764282,3,176.34109497070312,1.0,0.0,1.0,1.79036283493042,1.0,0.7792,0.7792,0.3352127727961024,2000240_0002,Foldit
2000485_1070,4,2.7139158248901367,2.5108401775360107,0.0483482219278812,0.5795637965202332,1.0,4.044856071472168,0.0,2.5108401775360107,[0],10.553334355354307,0.6274468302726746,0.4419628977775574,3,230.59988403320312,1.0,0.0,1.0,3.790118932723999,1.0,0.5722,0.5722,0.158675763088412,2000485_1070,Foldit
2000518_0000,5,2.4286587238311768,1.92780601978302,0.0316068306565284,0.412907063961029,1.0,3.7608838081359854,0.0,1.92780601978302,[0],6.583745568990707,0.8019936382770538,0.620057225227356,3,244.16461181640625,1.0,0.0,1.0,2.337483167648315,1.0,0.8249,0.8249,0.410207880555051,2000518_0000,Foldit
2000518_0003,6,2.092924833297729,1.7571868896484375,0.0206840299069881,0.3022416234016418,1.0,4.063035488128662,0.0,1.7571868896484375,[0],5.31353197991848,0.8463548570871353,0.6637429594993591,3,244.16461181640625,1.0,0.0,1.0,1.026644229888916,1.0,0.9378,0.9378,0.5268204764011067,2000518_0003,Foldit
2000665_1003,7,2.8166210651397705,2.55726957321167,0.0245014280080795,0.5607011318206787,1.0,2.438834428787231,0.0,2.55726957321167,[0],8.84900763630867,0.6855029761791229,0.4918677806854248,3,244.16461181640625,1.0,0.0,1.0,2.3024468421936035,1.0,0.7386,0.7386,0.2490388048258292,2000665_1003,Foldit
2001044_0000,8,2.3082611560821533,2.308178663253784,0.023318488150835,0.3174357116222381,1.0,3.5789713859558105,0.0,2.308178663253784,[0],4.565114825963974,0.866252064704895,0.6173393726348877,3,162.77639770507812,1.0,0.0,1.0,1.3785475492477417,1.0,0.8313,0.8313,0.4445555530779539,2001044_0000,Foldit
2002089_0001,9,2.06358003616333,2.0862247943878174,0.0188561957329511,0.2894619405269623,1.0,6.331178665161133,0.0,2.0862247943878174,[0],6.035118043422699,0.7927342504262924,0.5879313945770264,3,189.90579223632807,1.0,0.0,1.0,1.0039323568344116,1.0,0.9092,0.9092,0.4237538928950087,2002089_0001,Foldit
2002089_1029,10,2.078731060028076,1.944086670875549,0.0177983958274126,0.2618072032928467,1.0,7.390117168426514,0.0,1.944086670875549,[0],4.834484949707985,0.8629894107580185,0.6435233950614929,3,189.90579223632807,1.0,0.0,1.0,1.1274986267089844,1.0,0.8851,0.8851,0.4915437152166601,2002089_1029,Foldit
2002243_1016,11,2.2951107025146484,1.9190937280654907,0.0477057732641696,0.264995813369751,1.0,3.596362590789795,0.0,1.9190937280654907,[0],4.991463735699654,0.8571360409259796,0.617072582244873,3,176.34109497070312,1.0,0.0,1.0,0.9604024291038512,1.0,0.9067,0.9067,0.4795673666041398,2002243_1016,Foldit
2002308_0000,12,2.440502166748047,2.0061492919921875,0.0268291756510734,0.2843858003616333,1.0,3.592052698135376,0.0,2.0061492919921875,[0],5.378098621964455,0.8230089247226715,0.5870322585105896,3,189.90579223632807,1.0,0.0,1.0,1.4110335111618042,1.0,0.8762,0.8762,0.4233209487179566,2002308_0000,Foldit
2002308_0005,13,2.362593650817871,2.1940512657165527,0.0393199250102043,0.3215691447257995,1.0,3.0150134563446045,0.0,2.1940512657165527,[0],5.652509853243828,0.8228086680173874,0.6134607791900635,3,189.90579223632807,1.0,0.0,1.0,1.4567252397537231,1.0,0.8307,0.8307,0.4193048352758407,2002308_0005,Foldit
2002334_0005,14,1.984860181808472,1.5320760011672974,0.0205717328935861,0.2538465857505798,1.0,7.69020414352417,0.0,1.5320760011672974,[0],4.748443827033043,0.859123945236206,0.6884536743164062,3,203.47048950195312,1.0,0.0,1.0,1.1091938018798828,1.0,0.9151,0.9151,0.541251485367511,2002334_0005,Foldit
2002376_0000,15,2.3719418048858643,1.7331944704055786,0.0185502562671899,0.3001506924629211,1.0,3.2252895832061768,0.0,1.7331944704055786,[0],5.872272208333015,0.8094378709793091,0.6277929544448853,3,230.59988403320312,1.0,0.0,1.0,1.4501534700393677,1.0,0.8574,0.8574,0.435695863096643,2002376_0000,Foldit
2002376_0003,16,2.763826608657837,2.0355987548828125,0.059724248945713,0.4398972690105438,1.0,3.159937620162964,0.0,2.0355987548828125,[0],8.00547370314598,0.7625571191310883,0.5230998992919922,3,230.59988403320312,1.0,0.0,1.0,1.8779237270355225,1.0,0.7942,0.7942,0.3168012591746044,2002376_0003,Foldit
2002469_0001,17,2.539424180984497,2.202515125274658,0.0393046401441097,0.383901447057724,1.0,3.216514110565185,0.0,2.202515125274658,[0],6.311829254031181,0.8126519918441772,0.5625203847885132,3,217.03518676757807,1.0,0.0,1.0,2.0575191974639893,1.0,0.742,0.742,0.339192916874293,2002469_0001,Foldit
2002486_0006,18,2.30564284324646,2.223108530044556,0.0277394987642765,0.2727251946926117,1.0,5.831185340881348,0.0,2.223108530044556,[0],6.167693212628365,0.7730351686477661,0.5329901576042175,3,176.34109497070312,1.0,0.0,1.0,1.0477412939071655,1.0,0.8975,0.8975,0.3697880723931302,2002486_0006,Foldit
2002486_1012,19,2.403042793273926,1.9740227460861208,0.0519117005169391,0.2396178096532821,1.0,3.6286349296569824,0.0,1.9740227460861208,[0],5.3598198145627975,0.834920197725296,0.5667912364006042,3,176.34109497070312,1.0,0.0,1.0,1.0024977922439575,1.0,0.8976,0.8976,0.4247671649653068,2002486_1012,Foldit
2002486_1048,20,3.297154426574707,2.618720293045044,0.0774865224957466,0.3237063288688659,1.0,2.147965669631958,0.0,2.618720293045044,[0],10.662938833236694,0.5935803353786469,0.3458190560340881,3,176.34109497070312,1.0,0.0,1.0,1.3002281188964844,1.0,0.8395,0.8395,0.172325332963644,2002486_1048,Foldit
2002544_0000,21,2.28036117553711,1.8997732400894165,0.0520014762878418,0.2809186577796936,1.0,4.1358323097229,0.0,1.8997732400894165,[0],4.739607453346252,0.8656622618436813,0.6280237436294556,3,189.90579223632807,1.0,0.0,1.0,1.0972530841827393,1.0,0.901,0.901,0.4898344654160315,2002544_0000,Foldit
2002553_0000,22,2.4908854961395264,1.762834548950195,0.0140578197315335,0.2179005444049835,1.0,3.481501340866089,0.0,1.762834548950195,[0],5.663743674755096,0.8396455645561218,0.5918062925338745,3,203.47048950195312,1.0,0.0,1.0,0.8482293486595154,1.0,0.934,0.934,0.4641116317147074,2002553_0000,Foldit
2002565_0002,23,2.212691307067871,1.6999938488006592,0.0168828722089529,0.2225039303302765,1.0,4.359807014465332,0.0,1.6999938488006592,[0],5.101203098893166,0.8547375053167343,0.6972768902778625,3,244.16461181640625,1.0,0.0,1.0,0.7720186710357666,1.0,0.9548,0.9548,0.5690500200321683,2002565_0002,Foldit
2002590_0001,24,2.6019887924194336,2.363554000854492,0.0340195223689079,0.335166871547699,1.0,3.3281800746917725,0.0,2.363554000854492,[0],6.453063875436783,0.7881839126348495,0.5038682222366333,3,176.34109497070312,1.0,0.0,1.0,1.8021416664123533,1.0,0.7749,0.7749,0.307744426729812,2002590_0001,Foldit
2002613_0004,25,2.5197436809539795,2.731945037841797,0.0341134034097194,0.5258857607841492,1.0,3.372809410095215,0.0,2.731945037841797,[0],6.353672340512276,0.8060143291950226,0.5618987679481506,3,189.90579223632807,1.0,0.0,1.0,3.158467054367065,1.0,0.6563,0.6563,0.2972372583288012,2002613_0004,Foldit
2002713_0000,26,2.2691404819488525,1.6808542013168335,0.0549197793006897,0.171220526099205,1.0,0.7986841201782227,0.0,1.6808542013168335,[0],4.583111852407456,0.8758521899580956,0.6561757922172546,3,176.34109497070312,1.0,0.0,1.0,0.6283135414123535,1.0,0.9539,0.9539,0.548218735098405,2002713_0000,Foldit
2002713_0004,27,2.423029899597168,1.9391512870788572,0.0389090813696384,0.1970855146646499,1.0,1.0924690961837769,0.0,1.9391512870788572,[0],4.6979362070560455,0.852636843919754,0.5968537330627441,3,176.34109497070312,1.0,0.0,1.0,0.8200778961181641,1.0,0.9266,0.9266,0.4715462611705004,2002713_0004,Foldit
2002713_1006,28,2.1849300861358643,1.9675668478012085,0.0170563478022813,0.2219053953886032,1.0,1.2089972496032717,0.0,1.9675668478012085,[0],3.814881339669228,0.887227788567543,0.6540039777755737,3,176.34109497070312,1.0,0.0,1.0,0.8695764541625977,1.0,0.9286,0.9286,0.5388206170079822,2002713_1006,Foldit
2002745_0000,29,2.0773701667785645,1.4601538181304932,0.0306241773068904,0.2851453721523285,1.0,0.6221308708190918,0.0,1.4601538181304932,[0],3.8134285509586334,0.9100908562541008,0.7365881204605103,3,230.59988403320312,1.0,0.0,1.0,1.1564515829086304,1.0,0.9032,0.9032,0.6054710606932748,2002745_0000,Foldit
2002745_0001,30,2.393836259841919,1.3957608938217163,0.0284169930964708,0.178640067577362,1.0,0.5557979345321655,0.0,1.3957608938217163,[0],5.304262772202492,0.8721534013748169,0.6603363156318665,3,230.59988403320312,1.0,0.0,1.0,0.7672762870788574,1.0,0.9515,0.9515,0.5479827073887591,2002745_0001,Foldit
2002745_0003,31,2.2597005367279053,1.4522888660430908,0.0211795307695865,0.2635573446750641,1.0,0.5310041308403015,0.0,1.4522888660430908,[0],4.853280201554298,0.8846228197216988,0.6843767762184143,3,230.59988403320312,1.0,0.0,1.0,1.162168025970459,1.0,0.902,0.902,0.5460846128044025,2002745_0003,Foldit
2002745_0004,32,2.2100765705108643,1.4495353698730469,0.0295639745891094,0.340787798166275,1.0,0.6629781723022461,0.0,1.4495353698730469,[0],4.405828207731247,0.8906596973538399,0.7062597274780273,3,230.59988403320312,1.0,0.0,1.0,1.6655762195587158,1.0,0.8315,0.8315,0.523044327969585,2002745_0004,Foldit
2002745_0008,33,2.0685055255889893,1.3234639167785645,0.0558355897665023,0.2238103002309799,1.0,0.5611940622329712,0.0,1.3234639167785645,[0],4.054172500967979,0.9044942632317544,0.7385959029197693,3,230.59988403320312,1.0,0.0,1.0,0.8051382303237915,1.0,0.9481,0.9481,0.6333836632471675,2002745_0008,Foldit
2002766_0000,34,2.2109196186065674,2.0873401165008545,0.0234628412872552,0.2616532444953918,1.0,1.1255873441696167,0.0,2.0873401165008545,[0],4.1221440732479095,0.8883112296462059,0.6506283283233643,3,189.90579223632807,1.0,0.0,1.0,1.2149156332015991,1.0,0.8925,0.8925,0.5158297019602078,2002766_0000,Foldit
2002766_0001,35,2.116075277328491,1.7186176776885986,0.0167220756411552,0.3043849766254425,1.0,0.8051873445510864,0.0,1.7186176776885986,[0],3.600083872675896,0.912974700331688,0.7026789784431458,3,189.90579223632807,1.0,0.0,1.0,1.024128556251526,1.0,0.902,0.902,0.5786583730557039,2002766_0001,Foldit
2002766_0002,36,2.498838186264038,1.8608956336975095,0.0323683433234691,0.3010323643684387,1.0,0.7382917404174805,0.0,1.8608956336975095,[0],4.997335404157639,0.8477713465690613,0.6094167828559875,3,189.90579223632807,1.0,0.0,1.0,1.701824426651001,1.0,0.7892,0.7892,0.4077370915633497,2002766_0002,Foldit
2002766_0003,37,2.3790879249572754,1.6468372344970703,0.0164983961731195,0.1704575419425964,1.0,0.6611441969871521,0.0,1.6468372344970703,[0],4.5283193141222,0.8724134117364883,0.6310551762580872,3,189.90579223632807,1.0,0.0,1.0,0.6105727553367615,1.0,0.959,0.959,0.5279688183414439,2002766_0003,Foldit
2002766_0004,38,2.2670352458953857,1.632736325263977,0.0274765361100435,0.2065946161746978,1.0,0.6881459951400757,0.0,1.632736325263977,[0],4.762530103325844,0.8714013248682022,0.677124559879303,3,189.90579223632807,1.0,0.0,1.0,1.0297104120254517,1.0,0.8978,0.8978,0.5297444107967855,2002766_0004,Foldit
2002766_0006,39,2.294154167175293,1.6260734796524048,0.0520071312785148,0.2475927174091339,1.0,0.7501881718635559,0.0,1.6260734796524048,[0],4.43343211710453,0.8813697025179863,0.6545196771621704,3,189.90579223632807,1.0,0.0,1.0,1.2976651191711426,1.0,0.8617,0.8617,0.4970921647935873,2002766_0006,Foldit
2002787_0005,40,1.985604166984558,1.6712024211883545,0.023441731929779,0.2299443185329437,1.0,4.60399866104126,0.0,1.6712024211883545,[0],3.398987889289856,0.9123191982507706,0.7212647199630737,3,203.47048950195312,1.0,0.0,1.0,0.793492317199707,1.0,0.9408,0.9408,0.6190686509015159,2002787_0005,Foldit
2002922_1013,41,2.31643295288086,1.657296061515808,0.0403406135737896,0.241442859172821,1.0,4.0593461990356445,0.0,1.657296061515808,[0],5.091994404792786,0.8618592768907547,0.6490590572357178,3,217.03518676757807,1.0,0.0,1.0,0.972665011882782,1.0,0.922,0.922,0.5157645592897422,2002922_1013,Foldit
2002922_1018,42,2.270059108734131,2.1394853591918945,0.0142547711730003,0.3468287587165832,1.0,4.469725608825684,0.0,2.1394853591918945,[0],5.054609924554825,0.8496325016021729,0.6571283936500549,3,217.03518676757807,1.0,0.0,1.0,1.5695432424545288,1.0,0.8282,0.8282,0.462398670251945,2002922_1018,Foldit
2002949_0000,43,2.26572322845459,1.820412516593933,0.0124208303168416,0.185694083571434,1.0,3.954385995864868,0.0,1.820412516593933,[0],4.2346208691596985,0.8765492960810661,0.6181818246841431,3,176.34109497070312,1.0,0.0,1.0,0.7195087671279907,1.0,0.9412,0.9412,0.5100050728923073,2002949_0000,Foldit
2002949_0007,44,2.497859477996826,1.9683219194412231,0.059155236929655,0.239435389637947,1.0,3.764587879180908,0.0,1.9683219194412231,[0],6.028408885002136,0.8146046102046967,0.5433568954467773,3,176.34109497070312,1.0,0.0,1.0,0.9276567697525024,1.0,0.9047,0.9047,0.4004392476661926,2002949_0007,Foldit
2002990_0006,45,2.104161500930786,1.6902315616607666,0.0239202845841646,0.233763113617897,1.0,4.963171005249023,0.0,1.6902315616607666,[0],4.556832313537598,0.8690424114465714,0.6903382539749146,3,227.886962890625,1.0,0.0,1.0,0.8055936098098755,1.0,0.9462,0.9462,0.5676568136611636,2002990_0006,Foldit
2002990_1031,46,2.367872476577759,1.648263692855835,0.0284956824034452,0.277940958738327,1.0,4.014159202575684,0.0,1.648263692855835,[0],5.529129058122635,0.8331518918275833,0.6451922655105591,3,230.59988403320312,1.0,0.0,1.0,0.994401752948761,1.0,0.9278,0.9278,0.4987325406959356,2002990_1031,Foldit
2002990_1039,47,2.2951388359069824,1.8458235263824463,0.0363696403801441,0.2785291075706482,1.0,3.705702543258667,0.0,1.8458235263824463,[0],5.272416442632675,0.846440002322197,0.6504820585250854,3,230.59988403320312,1.0,0.0,1.0,1.4946670532226562,1.0,0.8826,0.8826,0.4859542954044324,2002990_1039,Foldit
2003048_0003,48,2.3176989555358887,1.900092840194702,0.0230741742998361,0.2309745252132415,1.0,3.837620258331299,0.0,1.900092840194702,[0],4.872582197189331,0.85667784512043,0.6216139197349548,3,189.90579223632807,1.0,0.0,1.0,0.8117520809173584,1.0,0.9306,0.9306,0.4955657858514799,2003048_0003,Foldit
2003048_0005,49,2.478569269180298,1.867143630981445,0.0261807143688201,0.1994005590677261,1.0,3.2110583782196045,0.0,1.867143630981445,[0],5.326584905385971,0.8472457677125931,0.5572044253349304,3,189.90579223632807,1.0,0.0,1.0,0.6533072590827942,1.0,0.9536,0.9536,0.4501841572879766,2003048_0005,Foldit
2003048_1024,50,2.2593743801116943,1.9085917472839355,0.0371404737234115,0.2423045933246612,1.0,3.8698904514312735,0.0,1.9085917472839355,[0],4.879265487194061,0.8609350919723511,0.6456124782562256,3,189.90579223632807,1.0,0.0,1.0,0.932997465133667,1.0,0.9224,0.9224,0.5126979963303698,2003048_1024,Foldit
2003048_1050,51,2.2508814334869385,2.1868152618408203,0.0411016047000885,0.2685208618640899,1.0,4.039252281188965,0.0,2.1868152618408203,[0],4.443225622177124,0.858352854847908,0.6383718848228455,3,189.90579223632807,1.0,0.0,1.0,1.534671425819397,1.0,0.807,0.807,0.4421943021424098,2003048_1050,Foldit
2003205_0000,52,2.086721181869507,1.7037194967269895,0.0172201823443174,0.2076839506626129,1.0,4.417423725128174,0.0,1.7037194967269895,[0],3.782796189188957,0.8974567651748657,0.7006921172142029,3,203.47048950195312,1.0,0.0,1.0,0.7650759220123291,1.0,0.9468,0.9468,0.5953865460347816,2003205_0000,Foldit
2003205_0002,53,2.053525686264038,1.695386528968811,0.0241397619247436,0.2031792104244232,1.0,4.309926986694336,0.0,1.695386528968811,[0],3.5925972759723663,0.8990039452910423,0.708319902420044,3,203.47048950195312,1.0,0.0,1.0,0.5895701050758362,1.0,0.9666,0.9666,0.6155138550845392,2003205_0002,Foldit
2003205_0003,54,2.1135146617889404,1.5075584650039673,0.0156851597130298,0.1576902121305465,1.0,3.9312355518341056,0.0,1.5075584650039673,[0],3.7820021212100974,0.9071308970451356,0.6901578903198242,3,203.47048950195312,1.0,0.0,1.0,0.4262951910495758,1.0,0.9812,0.9812,0.6142935514810066,2003205_0003,Foldit
2003205_0006,55,2.455922842025757,1.950393795967102,0.0371434204280376,0.3765869438648224,1.0,3.298314332962036,0.0,1.950393795967102,[0],5.916114091873169,0.8167729824781418,0.5938073396682739,3,203.47048950195312,1.0,0.0,1.0,1.898296594619751,1.0,0.7522,0.7522,0.3648213566207445,2003205_0006,Foldit
2003205_0008,56,2.2091619968414307,1.6995246410369873,0.0266995225101709,0.2388818562030792,1.0,3.7764761447906494,0.0,1.6995246410369873,[0],4.424519523978233,0.871443584561348,0.6566712856292725,3,203.47048950195312,1.0,0.0,1.0,0.8006738424301147,1.0,0.9394,0.9394,0.5375735090982287,2003205_0008,Foldit
2003205_1035,57,2.397832155227661,2.052260160446167,0.0350257717072963,0.2748440504074096,1.0,4.379415512084961,0.0,2.052260160446167,[0],5.758965775370598,0.8182170391082764,0.5962728261947632,3,203.47048950195312,1.0,0.0,1.0,1.2095317840576172,1.0,0.8805,0.8805,0.4295788562810015,2003205_1035,Foldit
2003245_0004,58,2.116044759750366,1.685543656349182,0.0221900884062051,0.2261482328176498,1.0,4.626032829284668,0.0,1.685543656349182,[0],4.089582666754723,0.8963470235466957,0.6998353004455566,3,244.16461181640625,1.0,0.0,1.0,0.8691502809524536,1.0,0.9433,0.9433,0.5917276456677854,2003245_0004,Foldit
2003265_0007,59,2.156530380249023,1.7430741786956787,0.0154843507334589,0.2020133137702942,1.0,4.6531829833984375,0.0,1.7430741786956787,[0],4.264638394117355,0.8780254796147346,0.6808473467826843,3,217.03518676757807,1.0,0.0,1.0,0.6011355519294739,1.0,0.9666,0.9666,0.5778347541752962,2003265_0007,Foldit
2003265_1034,60,2.0760955810546875,1.5903115272521973,0.019994918256998,0.1695370376110077,1.0,4.659750938415527,0.0,1.5903115272521973,[0],3.9903056919574738,0.8940126150846481,0.6842842102050781,3,217.03518676757807,1.0,0.0,1.0,0.562814474105835,1.0,0.9714,0.9714,0.5942624169424949,2003265_1034,Foldit
2003285_0000,61,1.9481135606765747,1.5407352447509766,0.0119900032877922,0.1308450996875763,1.0,3.926419496536255,0.0,1.5407352447509766,[0],3.067852072417736,0.9228698313236235,0.7338374257087708,3,176.34109497070312,1.0,0.0,1.0,0.4493795335292816,1.0,0.9748,0.9748,0.6601700634664885,2003285_0000,Foldit
2003308_0004,62,2.299976825714112,1.7841107845306396,0.0180694200098514,0.3381393849849701,1.0,3.8048927783966064,0.0,1.7841107845306396,[0],4.797894537448883,0.873523473739624,0.6482904553413391,3,230.59988403320312,1.0,0.0,1.0,1.5802040100097656,1.0,0.861,0.861,0.4875816571966698,2003308_0004,Foldit
2003308_0005,63,2.5448312759399414,1.849396586418152,0.0334337912499904,0.3193118572235107,1.0,3.9355525970458975,0.0,1.849396586418152,[0],6.987197697162628,0.8015354722738266,0.5983760952949524,3,230.59988403320312,1.0,0.0,1.0,1.4254053831100464,1.0,0.863,0.863,0.4139117718784816,2003308_0005,Foldit
2003308_0009,64,2.5294506549835205,2.03643798828125,0.0626747906208038,0.3286558389663696,1.0,4.0989909172058105,0.0,2.03643798828125,[0],7.150265723466873,0.7892761677503586,0.5703864693641663,3,230.59988403320312,1.0,0.0,1.0,1.299203395843506,1.0,0.89,0.89,0.4006712775420017,2003308_0009,Foldit
2003308_1010,65,2.0853021144866943,1.511733055114746,0.0170162320137023,0.2807501852512359,1.0,3.978959798812866,0.0,1.511733055114746,[0],4.136156439781189,0.8985621929168701,0.7046496868133545,3,230.59988403320312,1.0,0.0,1.0,0.8637438416481018,1.0,0.9403,0.9403,0.5953712252222683,2003308_1010,Foldit
2003333_0000,66,2.0393621921539307,1.852819800376892,0.0236189235001802,0.2414866387844085,1.0,4.387256145477295,0.0,1.852819800376892,[0],3.613609820604324,0.9079874977469444,0.7133700847625732,3,203.47048950195312,1.0,0.0,1.0,0.9395973682403564,1.0,0.9246,0.9246,0.59889219191647,2003333_0000,Foldit
2003333_0005,67,2.3712918758392334,1.89411735534668,0.0217137541621923,0.2137980908155441,1.0,4.099802017211914,0.0,1.89411735534668,[0],5.510505184531212,0.8244809508323669,0.6124016046524048,3,203.47048950195312,1.0,0.0,1.0,1.061171293258667,1.0,0.9013,0.9013,0.4550784990600574,2003333_0005,Foldit
2003333_0006,68,1.8113646507263184,1.5909987688064575,0.0107825435698032,0.1738621890544891,1.0,4.809740543365479,0.0,1.5909987688064575,[0],3.007948212325573,0.9289179891347884,0.7651509046554565,3,203.47048950195312,1.0,0.0,1.0,0.5496901273727417,1.0,0.9697,0.9697,0.6892263378131734,2003333_0006,Foldit
2003333_1006,69,2.2245969772338867,1.7572680711746216,0.0287336818873882,0.2188308835029602,1.0,3.5582830905914307,0.0,1.7572680711746216,[0],4.412394627928734,0.8760394752025604,0.6570963859558105,3,203.47048950195312,1.0,0.0,1.0,1.0325102806091309,1.0,0.9105,0.9105,0.524122380716862,2003333_1006,Foldit
2003333_1013,70,2.465183019638061,2.0502963066101074,0.0451373718678951,0.2315191030502319,1.0,3.680108070373535,0.0,2.0502963066101074,[0],5.870667442679405,0.8201208710670471,0.5753786563873291,3,203.47048950195312,1.0,0.0,1.0,1.08195161819458,1.0,0.8997,0.8997,0.4245504763693263,2003333_1013,Foldit
2003360_0005,71,2.0626089572906494,1.401536226272583,0.0195239949971437,0.1575848311185836,1.0,4.380764484405518,0.0,1.401536226272583,[0],3.9530500918626794,0.8979076594114304,0.7276029586791992,3,244.16461181640625,1.0,0.0,1.0,0.4693824350833893,1.0,0.9819,0.9819,0.6414951727285582,2003360_0005,Foldit
2003360_1013,72,2.304133892059326,1.9067387580871584,0.0248456820845603,0.3371107578277588,1.0,3.9869792461395264,0.0,1.9067387580871584,[0],5.552876263856888,0.8464858084917068,0.6489028930664062,3,244.16461181640625,1.0,0.0,1.0,1.3621175289154053,1.0,0.8785,0.8785,0.4825487086264286,2003360_1013,Foldit
2003382_0002,73,2.098408460617065,1.845190167427063,0.0237078182399272,0.2273785769939422,1.0,3.834911823272705,0.0,1.845190167427063,[0],3.9368675500154495,0.881200984120369,0.699642539024353,3,189.90579223632807,1.0,0.0,1.0,0.8930450081825256,1.0,0.9275,0.9275,0.5718275811114804,2003382_0002,Foldit
2003382_0004,74,2.1343748569488525,1.7345657348632812,0.0554027818143367,0.2160707861185073,1.0,4.138924598693848,0.0,1.7345657348632812,[0],4.20623305439949,0.8861022293567657,0.6701561212539673,3,189.90579223632807,1.0,0.0,1.0,0.7756451368331909,1.0,0.9407,0.9407,0.5586129018597522,2003382_0004,Foldit
2003382_0009,75,2.0380141735076904,2.0351994037628174,0.0530169531702995,0.282988041639328,1.0,3.577542304992676,0.0,2.0351994037628174,[0],3.8598741367459297,0.8880018666386604,0.677839994430542,3,189.90579223632807,1.0,0.0,1.0,1.3926167488098145,1.0,0.8482,0.8482,0.5105512415615554,2003382_0009,Foldit
2003382_1021,76,2.3971757888793945,2.028351068496704,0.0325995907187461,0.2847637832164764,1.0,3.903153657913208,0.0,2.028351068496704,[0],5.224386647343636,0.8436267077922821,0.6067530512809753,3,189.90579223632807,1.0,0.0,1.0,1.335841178894043,1.0,0.8438,0.8438,0.4319185041404377,2003382_1021,Foldit
2003414_1018,77,2.286813735961914,2.019761562347412,0.0302053336054086,0.3565657436847687,1.0,4.027012348175049,0.0,2.019761562347412,[0],5.286285609006882,0.8526087403297424,0.6674489378929138,3,230.59988403320312,1.0,0.0,1.0,1.6065490245819092,1.0,0.8448,0.8448,0.4807526998951157,2003414_1018,Foldit
2003455_0001,78,2.411247968673706,2.1160755157470703,0.0249759573489427,0.2363108545541763,1.0,4.043033599853516,0.0,2.1160755157470703,[0],5.149023175239563,0.8462084978818893,0.5838064551353455,3,176.34109497070312,1.0,0.0,1.0,0.9936600923538208,1.0,0.8959,0.8959,0.4425942949762875,2003455_0001,Foldit
2003455_0002,79,2.243818998336792,1.860772728919983,0.0240846294909715,0.2098486125469207,1.0,3.7841506004333496,0.0,1.860772728919983,[0],4.350933119654656,0.8737498074769974,0.621786892414093,3,176.34109497070312,1.0,0.0,1.0,0.7734436392784119,1.0,0.9411,0.9411,0.5112866216815146,2003455_0002,Foldit
2003455_0009,80,2.691230773925781,2.205524206161499,0.0827045515179634,0.2175461649894714,1.0,3.481999635696411,0.0,2.205524206161499,[0],7.4651148319244385,0.7370258569717407,0.4973646402359009,3,176.34109497070312,1.0,0.0,1.0,0.8537925481796265,1.0,0.9241,0.9241,0.3387478916423308,2003455_0009,Foldit
2003455_1023,81,2.2091541290283203,1.9974623918533323,0.0234918557107448,0.2305814027786255,1.0,4.12445068359375,0.0,1.9974623918533323,[0],4.019226118922234,0.8850592821836472,0.6396512985229492,3,168.2022705078125,1.0,0.0,1.0,1.0316221714019775,1.0,0.8912,0.8912,0.50453444919846,2003455_1023,Foldit
2003485_0000,82,2.2956478595733643,1.939644455909729,0.0371386036276817,0.2632080912590027,1.0,4.125850677490234,0.0,1.939644455909729,[0],5.641521319746971,0.8352905213832855,0.6206896305084229,3,217.03518676757807,1.0,0.0,1.0,0.9159725904464722,1.0,0.927,0.927,0.4806088650334051,2003485_0000,Foldit
2003485_0002,83,2.020423650741577,1.4428261518478394,0.0250083450227975,0.182543471455574,1.0,3.900624036788941,0.0,1.4428261518478394,[0],3.6430046558380127,0.9129111841320992,0.7252417802810669,3,217.03518676757807,1.0,0.0,1.0,0.500214159488678,1.0,0.9767,0.9767,0.6466548373731104,2003485_0002,Foldit
2003485_1017,84,2.50543212890625,2.0003132820129395,0.0574411749839782,0.2866151034832001,1.0,3.2056326866149902,0.0,2.0003132820129395,[0],6.591795265674591,0.8015632629394531,0.5369215607643127,3,217.03518676757807,1.0,0.0,1.0,1.3164851665496826,1.0,0.8725,0.8725,0.3755035819197161,2003485_1017,Foldit
2003485_1029,85,2.422040700912476,1.8106619119644165,0.0540085546672344,0.2823476493358612,1.0,4.052853107452393,0.0,1.8106619119644165,[0],6.364179074764252,0.8173365741968155,0.592094898223877,3,217.03518676757807,1.0,0.0,1.0,1.2420094013214111,1.0,0.8879,0.8879,0.4296910502722082,2003485_1029,Foldit
2003485_1036,86,2.490427732467652,1.955229878425598,0.0484603606164455,0.3303711712360382,1.0,4.011880397796631,0.0,1.955229878425598,[0],6.472284570336342,0.8093796968460083,0.5860844850540161,3,217.03518676757807,1.0,0.0,1.0,1.4210660457611084,1.0,0.8826,0.8826,0.4186744455938501,2003485_1036,Foldit
2003532_0000,87,2.326967716217041,1.965259790420532,0.0214513819664716,0.3172090053558349,1.0,3.538578987121582,0.0,1.965259790420532,[0],4.886077657341957,0.8684327304363251,0.6478825807571411,3,203.47048950195312,1.0,0.0,1.0,1.5559059381484983,1.0,0.8203,0.8203,0.4615355923910094,2003532_0000,Foldit
2003532_1020,88,2.416240930557251,1.996858835220337,0.0160527154803276,0.3108986020088196,1.0,3.619784832000733,0.0,1.996858835220337,[0],5.179779797792435,0.8354284465312958,0.6040886640548706,3,203.47048950195312,1.0,0.0,1.0,1.102564811706543,1.0,0.8941,0.8941,0.4512279989210204,2003532_1020,Foldit
2003532_1022,89,2.401989221572876,2.044745445251465,0.0353720337152481,0.3255258202552795,1.0,4.040379524230957,0.0,2.044745445251465,[0],5.699479043483734,0.8299180865287781,0.6172580718994141,3,203.47048950195312,1.0,0.0,1.0,1.092097520828247,1.0,0.8966,0.8966,0.4593045437637384,2003532_1022,Foldit
2003594_0000,90,1.7773864269256592,1.3397080898284912,0.0171659160405397,0.1883161664009094,1.0,4.459044933319092,0.0,1.3397080898284912,[0],3.4734813049435616,0.9269102290272712,0.7720971703529358,3,271.29400634765625,1.0,0.0,1.0,0.6215180158615112,1.0,0.9727,0.9727,0.6961271169185619,2003594_0000,Foldit
997258_0001,91,2.065058469772339,1.6296051740646362,0.0217923168092966,0.2441206574440002,1.0,0.7301702499389648,0.0,1.6296051740646362,[0],3.4058397859334946,0.9144544899463654,0.7069077491760254,3,195.3316802978516,1.0,0.0,1.0,1.2387206554412842,1.0,0.8705,0.8705,0.562721637216955,997258_0001,Foldit
997258_0004,92,2.3456027507781982,1.688652753829956,0.047912161797285,0.2879900634288788,1.0,0.8841558694839478,0.0,1.688652753829956,[0],4.3318625539541245,0.8790118843317032,0.6514624357223511,3,195.3316802978516,1.0,0.0,1.0,1.172308087348938,1.0,0.8868,0.8868,0.5078200103298801,997258_0004,Foldit
997523_0000,93,2.430305242538452,1.5038928985595703,0.0104876086115837,0.3809952735900879,1.0,0.6034852862358093,0.0,1.5038928985595703,[0],5.143286854028702,0.8602809756994247,0.652097225189209,3,257.72930908203125,1.0,0.0,1.0,2.232335329055786,1.0,0.7598,0.7598,0.4262377988564344,997523_0000,Foldit
997523_0003,94,2.025743007659912,1.4116601943969729,0.0261241197586059,0.2264631986618042,1.0,0.6101292371749878,0.0,1.4116601943969729,[0],3.9606073647737503,0.9153535291552544,0.7470112442970276,3,257.72930908203125,1.0,0.0,1.0,1.1269025802612305,1.0,0.9161,0.9161,0.6264102889058015,997523_0003,Foldit
997523_0005,95,2.78532075881958,1.7176254987716677,0.0297661274671554,0.4657270312309265,1.0,0.59117192029953,0.0,1.7176254987716677,[0],7.497476682066917,0.7744294703006744,0.5442717671394348,3,257.72930908203125,1.0,0.0,1.0,3.046374797821045,1.0,0.6705,0.6705,0.2826158145861837,997523_0005,Foldit
997523_0006,96,2.276151657104492,1.5008059740066528,0.020155468955636,0.3951279819011688,1.0,0.5246332287788391,0.0,1.5008059740066528,[0],5.30923967063427,0.8650419861078262,0.6918219923973083,3,257.72930908203125,1.0,0.0,1.0,2.2083120346069336,1.0,0.8025,0.8025,0.480260193944994,997523_0006,Foldit
997523_0008,97,2.059258460998535,1.7313315868377686,0.0104209268465638,0.3078995943069458,1.0,0.744476854801178,0.0,1.7313315868377686,[0],4.336080491542816,0.8905704542994499,0.7426937818527222,3,257.72930908203125,1.0,0.0,1.0,1.331640124320984,1.0,0.8975,0.8975,0.5936254719921848,997523_0008,Foldit
997523_1003,98,2.564216375350952,1.7137188911437988,0.0267148129642009,0.3996856212615967,1.0,0.6594988703727722,0.0,1.7137188911437988,[0],6.520844668149948,0.8146892338991165,0.6319745182991028,3,257.72930908203125,1.0,0.0,1.0,2.355177879333496,1.0,0.7712,0.7712,0.3970622192441698,997523_1003,Foldit
997523_1040,0,2.02068305015564,1.202849268913269,0.0186981782317161,0.2612293064594269,1.0,0.4883997738361358,0.0,1.202849268913269,[0],4.221379935741425,0.9146600663661956,0.7499552369117737,3,257.72930908203125,1.0,0.0,1.0,1.0736210346221924,1.0,0.9264,0.9264,0.6354678845074656,997523_1040,Foldit
997791_1027,1,2.269780158996582,1.6655189990997314,0.0293170399963855,0.2764503955841064,1.0,0.7051753997802734,0.0,1.6655189990997314,[0],4.54595510661602,0.8812273070216179,0.6619126796722412,3,203.47052001953125,1.0,0.0,1.0,1.2696775197982788,1.0,0.8649,0.8649,0.5044923023324235,997791_1027,Foldit
997915_0000,2,2.2960047721862797,1.9716755151748655,0.0145847555249929,0.3483777940273285,1.0,0.6734565496444702,0.0,1.9716755151748655,[0],4.345157071948052,0.8789200931787491,0.6664969325065613,3,189.90582275390625,1.0,0.0,1.0,1.6320124864578247,1.0,0.8087,0.8087,0.4737344754680053,997915_0000,Foldit
Pl2x3_BP_1,48,2.303929090499878,1.9520679712295528,0.0162582229822874,0.41365846991539,1.0,3.311993360519409,0.0,1.9520679712295528,[0],6.044960051774979,0.8069203943014145,0.7026431560516357,3,339.1175537109375,0.504,0.0,1.0,1.389660120010376,1.0,0.9136,0.9136,0.5179902717394061,Pl2x3_BP_1,Rossman ⍺/β
Pl2x3_BP_2,49,2.248764038085937,1.8160985708236692,0.0298332553356885,0.3038338422775268,1.0,3.62900185585022,0.0,1.8160985708236692,[0],5.605036228895187,0.8465464264154434,0.7146404981613159,3,339.1175537109375,0.504,0.0,1.0,1.2292753458023071,1.0,0.9251,0.9251,0.5596636305344372,Pl2x3_BP_2,Rossman ⍺/β
Pl2x3_BP_3,50,2.0944302082061768,2.101752519607544,0.0124729005619883,0.4265787303447723,1.0,3.4931135177612305,0.0,2.101752519607544,[0],4.973663032054901,0.8510405719280243,0.7501270174980164,3,339.1175537109375,0.432,0.0,1.0,1.950068950653076,1.0,0.8365,0.8365,0.5340120019907814,Pl2x3_BP_3,Rossman ⍺/β
Pl2x3_BP_4,51,2.197639226913452,1.979750156402588,0.0283621717244386,0.4290299415588379,1.0,3.532221794128418,0.0,1.979750156402588,[0],5.780899882316589,0.8291815966367722,0.7370259761810303,3,339.1175537109375,0.608,0.0,1.0,1.7940621376037598,1.0,0.8617,0.8617,0.526609321334281,Pl2x3_BP_4,Rossman ⍺/β
Pl2x3_BP_5,52,2.1346678733825684,1.8546350002288816,0.0153391379863023,0.3571734726428985,1.0,3.65123987197876,0.0,1.8546350002288816,[0],5.1493964195251465,0.8597944229841232,0.7476630210876465,3,339.1175537109375,0.696,0.0,1.0,1.553552269935608,1.0,0.8917,0.8917,0.5732173033071957,Pl2x3_BP_5,Rossman ⍺/β
Pl2x3_BP_6,53,2.1842691898345947,1.9745351076126096,0.016131792217493,0.4006496965885162,1.0,3.517913579940796,0.0,1.9745351076126096,[0],5.811460182070732,0.8221358358860016,0.7394483089447021,3,339.1175537109375,0.72,0.0,1.0,1.8093796968460083,1.0,0.8571,0.8571,0.5210541919037697,Pl2x3_BP_6,Rossman ⍺/β
Pl2x3_BP_7,54,2.012370586395264,1.851441740989685,0.0118116177618503,0.3371844291687011,1.0,3.61728572845459,0.0,1.851441740989685,[0],4.560598939657211,0.8789075016975403,0.778455376625061,3,339.1175537109375,1.0,0.0,1.0,1.4297029972076416,1.0,0.9048,0.9048,0.6190553565245075,Pl2x3_BP_7,Rossman ⍺/β
Pl2x3_BP_8,55,2.1073548793792725,1.9793702363967896,0.0130667518824338,0.3922666311264038,1.0,3.508126974105835,0.0,1.9793702363967896,[0],5.309569492936134,0.8455483615398407,0.7569568157196045,3,339.1175537109375,0.768,0.0,1.0,1.8164081573486328,1.0,0.8572,0.8572,0.5486453698809822,Pl2x3_BP_8,Rossman ⍺/β
Pl2x3_BP_9,56,2.1847524642944336,1.8713970184326167,0.022427000105381,0.3575389385223388,1.0,3.597606897354126,0.0,1.8713970184326167,[0],5.550530552864075,0.8493247330188751,0.7352222204208374,3,339.1175537109375,0.792,0.0,1.0,1.6468585729599,1.0,0.8769,0.8769,0.5475735546504433,Pl2x3_BP_9,Rossman ⍺/β
Pl2x3_BP_10,45,2.201108694076538,1.922079801559448,0.017354691401124,0.3602034449577331,1.0,3.565099239349365,0.0,1.922079801559448,[0],5.679139539599419,0.8366781175136566,0.7328459024429321,3,339.1175537109375,0.72,0.0,1.0,1.59982430934906,1.0,0.8806,0.8806,0.5399452881515735,Pl2x3_BP_10,Rossman ⍺/β
Pl2x3_BP_11,46,2.239272117614746,1.8553404808044436,0.0228499118238687,0.3334521353244781,1.0,3.5704896450042725,0.0,1.8553404808044436,[0],6.101925536990166,0.8213052302598953,0.7220093011856079,3,339.1175537109375,0.656,0.0,1.0,1.1866586208343506,1.0,0.9291,0.9291,0.5509470232710055,Pl2x3_BP_11,Rossman ⍺/β
Pl2x3_BP_12,47,2.228026390075684,1.9410099983215328,0.0199003685265779,0.3939018249511719,1.0,3.610478401184082,0.0,1.9410099983215328,[0],6.045447394251823,0.830406665802002,0.7269038558006287,3,339.1175537109375,0.64,0.0,1.0,1.6050255298614502,1.0,0.8822,0.8822,0.5325186871594958,Pl2x3_BP_12,Rossman ⍺/β
R2x3_BP1_A1,65,1.913953185081482,1.999002456665039,0.0116900084540247,0.3470778465270996,1.0,3.878797054290772,0.0,1.999002456665039,[0],3.918317586183548,0.9061331376433372,0.7952444553375244,3,333.691650390625,0.4715447154471545,0.0,1.0,1.4074807167053225,1.0,0.9161,0.9161,0.6601392355490981,R2x3_BP1_A1,Rossman ⍺/β
R2x3_BP1_A2,66,1.9191641807556152,2.0299015045166016,0.0092719560489058,0.366565853357315,1.0,3.804777622222901,0.0,2.0299015045166016,[0],3.924025729298592,0.902080036699772,0.8012186288833618,3,333.691650390625,0.3658536585365853,0.0,1.0,1.3726526498794556,1.0,0.913,0.913,0.6598829204247989,R2x3_BP1_A2,Rossman ⍺/β
R2x3_BP1_A3,67,2.0977368354797363,1.8936271667480469,0.0081256236881017,0.3257112503051758,1.0,3.406623601913452,0.0,1.8936271667480469,[0],4.500640109181404,0.8754428699612617,0.7694672346115112,3,333.691650390625,0.3821138211382114,0.0,1.0,1.1596413850784302,1.0,0.9356,0.9356,0.6302431796983679,R2x3_BP1_A3,Rossman ⍺/β
R2x3_BP1_A4,68,1.8841809034347532,1.888527274131775,0.0070015960372984,0.3131029009819031,1.0,3.42544937133789,0.0,1.888527274131775,[0],4.094279631972313,0.8895394280552864,0.8092787265777588,3,333.691650390625,0.4390243902439024,0.0,1.0,1.147395133972168,1.0,0.9377,0.9377,0.6750364791708249,R2x3_BP1_A4,Rossman ⍺/β
R2x3_BP1_A5,69,1.789164662361145,1.7675126791000366,0.006751918233931,0.2853290736675262,1.0,3.6406500339508057,0.0,1.7675126791000366,[0],3.548150718212128,0.9106361344456672,0.8201429843902588,3,333.691650390625,1.0,0.0,1.0,1.1819077730178833,1.0,0.9397,0.9397,0.7018166712269064,R2x3_BP1_A5,Rossman ⍺/β
R2x3_BP1_A6,70,2.043548822402954,1.877470016479492,0.0176326110959053,0.3298338651657104,1.0,3.743736982345581,0.0,1.877470016479492,[0],4.4807930290699005,0.8838803842663765,0.7683881521224976,3,333.691650390625,0.6991869918699187,0.0,1.0,1.3042041063308716,1.0,0.9189,0.9189,0.6240830784139829,R2x3_BP1_A6,Rossman ⍺/β
R2x3_BP1_A7,71,2.160630226135254,2.0397632122039795,0.007297046482563,0.3468156456947326,1.0,3.0743954181671143,0.0,2.0397632122039795,[0],4.810006961226463,0.8481452912092209,0.7460776567459106,3,333.691650390625,0.3821138211382114,0.0,1.0,1.640000581741333,1.0,0.8791,0.8791,0.5562788772456982,R2x3_BP1_A7,Rossman ⍺/β
R2x3_BP1_A8,72,2.089024543762207,1.9588462114334104,0.0164920426905155,0.3556788563728332,1.0,3.5919156074523926,0.0,1.9588462114334104,[0],4.684362217783928,0.877257950603962,0.759223222732544,3,333.691650390625,0.4390243902439024,0.0,1.0,1.3972634077072144,1.0,0.9132,0.9132,0.6082228044139719,R2x3_BP1_A8,Rossman ⍺/β
R2x3_BP1_A9,73,2.081078052520752,1.843846559524536,0.0087694646790623,0.3038244843482971,1.0,3.370470762252808,0.0,1.843846559524536,[0],4.5585659593343735,0.8705550581216812,0.758220374584198,3,333.691650390625,0.4552845528455284,0.0,1.0,1.1423643827438354,1.0,0.9378,0.9378,0.6190160676482945,R2x3_BP1_A9,Rossman ⍺/β
R2x3_BP1_A10,57,2.5053465366363525,2.162923574447632,0.0103143481537699,0.4205153584480285,1.0,2.647898435592652,0.0,2.162923574447632,[0],6.820181965827942,0.7577527612447739,0.6651107668876648,3,333.691650390625,0.3658536585365853,0.0,1.0,1.7748608589172363,1.0,0.8578,0.8578,0.432322210378457,R2x3_BP1_A10,Rossman ⍺/β
R2x3_BP1_A12,58,2.1270952224731445,2.239137887954712,0.0151589997112751,0.4806415140628814,1.0,3.484627723693848,0.0,2.239137887954712,[0],5.495127335190773,0.8495069593191147,0.7646442651748657,3,333.691650390625,0.3821138211382114,0.0,1.0,2.203242063522339,1.0,0.824,0.824,0.5352461947276671,R2x3_BP1_A12,Rossman ⍺/β
R2x3_BP1_A13,59,1.930828332901001,1.8961389064788816,0.0091346139088273,0.3365378975868225,1.0,3.63707447052002,0.0,1.8961389064788816,[0],4.030240058898926,0.8982391804456711,0.7940253019332886,3,333.691650390625,0.3983739837398374,0.0,1.0,1.30693256855011,1.0,0.9209,0.9209,0.6568085677175646,R2x3_BP1_A13,Rossman ⍺/β
R2x3_BP1_A14,60,2.07874059677124,1.9514979124069212,0.0104142557829618,0.335766464471817,1.0,3.384962558746338,0.0,1.9514979124069212,[0],4.827273666858673,0.8705189526081085,0.7577456831932068,3,333.691650390625,0.4390243902439024,0.0,1.0,1.3531429767608645,1.0,0.919,0.919,0.6062017882200561,R2x3_BP1_A14,Rossman ⍺/β
R2x3_BP1_A15,61,2.363783121109009,2.0128941535949707,0.0180524978786706,0.3722638785839081,1.0,3.299278974533081,0.0,2.0128941535949707,[0],6.212465435266495,0.8126140534877777,0.6923779249191284,3,333.691650390625,0.3658536585365853,0.0,1.0,1.6528171300888062,1.0,0.8794,0.8794,0.494782126641042,R2x3_BP1_A15,Rossman ⍺/β
R2x3_BP1_A16,62,1.9427658319473269,2.5531561374664307,0.0104084722697734,0.5156006217002869,1.0,3.613911628723145,0.0,2.5531561374664307,[0],4.2658916264772415,0.8890982642769814,0.7947234511375427,3,333.691650390625,0.2845528455284553,0.0,1.0,2.8920509815216064,1.0,0.7386,0.7386,0.5218853361927039,R2x3_BP1_A16,Rossman ⍺/β
R2x3_BP1_A17,63,2.384420871734619,2.1380953788757324,0.0133905289694666,0.3962181210517883,1.0,2.770836353302002,0.0,2.1380953788757324,[0],6.452220380306244,0.7887640744447708,0.6605555415153503,3,333.691650390625,0.3821138211382114,0.0,1.0,1.7732423543930054,1.0,0.8769,0.8769,0.4568846129949929,R2x3_BP1_A17,Rossman ⍺/β
R2x3_BP1_A18,64,2.168571710586548,2.188333511352539,0.0142090627923607,0.4417864680290222,1.0,3.327127695083618,0.0,2.188333511352539,[0],5.720239832997322,0.8237945437431335,0.7447831630706787,3,333.691650390625,0.3658536585365853,0.0,1.0,2.335904121398926,1.0,0.8034,0.8034,0.4929247090479339,R2x3_BP1_A18,Rossman ⍺/β
R2x3_BP1_B1,78,2.198060750961304,2.227345943450928,0.0115211941301822,0.3932382464408874,1.0,3.19711971282959,0.0,2.227345943450928,[0],5.396979331970215,0.8382587730884552,0.7208350896835327,3,333.691650390625,0.3089430894308943,0.0,1.0,2.165437698364258,1.0,0.8262,0.8262,0.4992283243541631,R2x3_BP1_B1,Rossman ⍺/β
R2x3_BP1_B2,79,2.523770570755005,2.1997716426849365,0.0153589975088834,0.4228720068931579,1.0,2.6141226291656494,0.0,2.1997716426849365,[0],7.244159296154976,0.7455184757709503,0.6121456623077393,3,333.691650390625,0.2601626016260163,0.0,1.0,2.5193920135498047,1.0,0.8019,0.8019,0.3659598161028872,R2x3_BP1_B2,Rossman ⍺/β
R2x3_BP1_B3,80,2.4496734142303467,2.192225217819214,0.0192945655435323,0.4345636367797851,1.0,2.748817682266236,0.0,2.192225217819214,[0],6.961619377136231,0.7684969455003738,0.6526764035224915,3,333.691650390625,0.2601626016260163,0.0,1.0,2.3174750804901123,1.0,0.8171,0.8171,0.4098408729706365,R2x3_BP1_B3,Rossman ⍺/β
R2x3_BP1_B4,81,2.2458572387695312,2.1725666522979736,0.0146020269021391,0.3993817269802093,1.0,3.074730157852173,0.0,2.1725666522979736,[0],5.7953954339027405,0.8151715844869614,0.7008039951324463,3,333.691650390625,0.3089430894308943,0.0,1.0,2.266255140304565,1.0,0.8124,0.8124,0.4641042187403009,R2x3_BP1_B4,Rossman ⍺/β
R2x3_BP1_B5,82,2.2074735164642334,1.8515626192092896,0.0146632846444845,0.3075841069221496,1.0,3.212944269180298,0.0,1.8515626192092896,[0],5.116185069084168,0.8539551943540573,0.733380913734436,3,333.691650390625,0.5853658536585366,0.0,1.0,1.3045644760131836,1.0,0.9122,0.9122,0.5712875448281103,R2x3_BP1_B5,Rossman ⍺/β
R2x3_BP1_B6,83,2.0395853519439697,1.789244294166565,0.0114946896210312,0.2751160562038421,1.0,3.397514820098877,0.0,1.789244294166565,[0],4.3624856770038605,0.8858704045414925,0.7662257552146912,3,333.691650390625,0.6016260162601627,0.0,1.0,1.2327276468276978,1.0,0.922,0.922,0.6258321356022615,R2x3_BP1_B6,Rossman ⍺/β
R2x3_BP1_B7,84,1.9673001766204836,1.9284474849700928,0.0131518756970763,0.3544784486293793,1.0,3.623287916183472,0.0,1.9284474849700928,[0],4.223081707954407,0.8973461613059044,0.7860779762268066,3,333.691650390625,0.6666666666666666,0.0,1.0,1.5112918615341189,1.0,0.9019,0.9019,0.636185878712278,R2x3_BP1_B7,Rossman ⍺/β
R2x3_BP1_B8,85,2.249217987060547,2.0306859016418457,0.0117302341386675,0.3979780375957489,1.0,3.1395108699798584,0.0,2.0306859016418457,[0],5.501671120524406,0.842012345790863,0.7354555130004883,3,333.691650390625,0.6747967479674797,0.0,1.0,1.757286787033081,1.0,0.8622,0.8622,0.5339282324524708,R2x3_BP1_B8,Rossman ⍺/β
R2x3_BP1_B9,86,2.0913305282592773,2.055053234100342,0.0173727832734584,0.3905524611473083,1.0,3.366652488708496,0.0,2.055053234100342,[0],4.768576845526695,0.8798317983746529,0.7705768346786499,3,333.691650390625,1.0,0.0,1.0,1.712071657180786,1.0,0.873,0.873,0.5918747959565362,R2x3_BP1_B9,Rossman ⍺/β
R2x3_BP1_B10,74,1.896239161491394,2.0973005294799805,0.0104840286076068,0.3467456698417663,1.0,3.402381658554077,0.0,2.0973005294799805,[0],3.886601984500885,0.9029203802347184,0.8072398900985718,3,333.691650390625,0.6422764227642277,0.0,1.0,1.6240843534469604,1.0,0.8741,0.8741,0.6371081939312228,R2x3_BP1_B10,Rossman ⍺/β
R2x3_BP1_B11,75,2.4086906909942627,2.1558260917663574,0.0139748333021998,0.4214727580547333,1.0,2.8701117038726807,0.0,2.1558260917663574,[0],6.831553444266319,0.7766733169555664,0.6651141047477722,3,333.691650390625,0.2764227642276423,0.0,1.0,1.9739317893981931,1.0,0.8416,0.8416,0.4347506796308642,R2x3_BP1_B11,Rossman ⍺/β
R2x3_BP1_B12,76,2.411743640899658,2.023179292678833,0.0141826961189508,0.3330321907997131,1.0,2.889489889144897,0.0,2.023179292678833,[0],6.401180610060692,0.7918053865432739,0.655264139175415,3,333.691650390625,0.3089430894308943,0.0,1.0,1.599532127380371,1.0,0.8821,0.8821,0.4576702415243232,R2x3_BP1_B12,Rossman ⍺/β
R2x3_BP1_B13,77,2.3874945640563965,2.2535741329193115,0.0166439600288867,0.4979580342769623,1.0,2.9918336868286133,0.0,2.2535741329193115,[0],6.709654077887535,0.7750338912010193,0.6452669501304626,3,333.691650390625,0.2601626016260163,0.0,1.0,2.503638744354248,1.0,0.7494,0.7494,0.374777754164136,R2x3_BP1_B13,Rossman ⍺/β
R2x3_BP2_1,87,1.8392823934555051,1.9653680324554443,0.0111820362508296,0.3234041035175323,1.0,4.029730796813965,0.0,1.9653680324554443,[0],3.579068325459957,0.9092651158571244,0.8099038004875183,3,309.2751770019531,0.3684210526315789,0.0,1.0,1.2727800607681274,1.0,0.9119,0.9119,0.6715389112335703,R2x3_BP2_1,Rossman ⍺/β
R2x3_BP2_2,88,2.096155881881714,1.832276940345764,0.0193781796842813,0.3270258009433746,1.0,3.884589672088623,0.0,1.832276940345764,[0],4.759423583745956,0.8761539086699486,0.7385694980621338,3,309.2751770019531,0.5964912280701754,0.0,1.0,1.1700900793075562,1.0,0.929,0.929,0.6011564133203812,R2x3_BP2_2,Rossman ⍺/β
R2x3_BP2_3,89,2.099452257156372,1.736308217048645,0.0242824126034975,0.29729825258255,1.0,3.942267894744873,0.0,1.736308217048645,[0],4.554001569747925,0.8778158575296402,0.7406801581382751,3,309.2751770019531,0.6228070175438597,0.0,1.0,0.9850324392318726,1.0,0.9476,0.9476,0.6161113148711613,R2x3_BP2_3,Rossman ⍺/β
R2x3_BP2_4,90,2.008509397506714,1.737244963645935,0.0201100390404462,0.3080501556396484,1.0,3.992727279663086,0.0,1.737244963645935,[0],4.189092457294464,0.8967279121279716,0.7782514095306396,3,309.2751770019531,0.6052631578947368,0.0,1.0,1.0395431518554688,1.0,0.9411,0.9411,0.6567746436220548,R2x3_BP2_4,Rossman ⍺/β
R2x3_BP2_5,91,2.027496337890625,1.7245627641677856,0.0202519260346889,0.3084263503551483,1.0,4.039398193359375,0.0,1.7245627641677856,[0],4.2107263058424,0.8944054543972015,0.7726170420646667,3,309.2751770019531,0.6578947368421053,0.0,1.0,1.0908626317977903,1.0,0.9375,0.9375,0.6478433405464407,R2x3_BP2_5,Rossman ⍺/β
R2x3_BP2_6,92,2.0580854415893555,1.8674224615097048,0.0241506043821573,0.327870637178421,1.0,3.819494009017944,0.0,1.8674224615097048,[0],4.660991951823235,0.879380963742733,0.7539335489273071,3,309.2751770019531,0.6052631578947368,0.0,1.0,1.260148286819458,1.0,0.9163,0.9163,0.6075021451852217,R2x3_BP2_6,Rossman ⍺/β
R2x3_BP2_7,93,2.076549530029297,1.7741007804870603,0.0228455159813165,0.3202054500579834,1.0,4.011561393737793,0.0,1.7741007804870603,[0],4.607513621449471,0.8787583038210869,0.7512404322624207,3,309.2751770019531,1.0,0.0,1.0,1.142940640449524,1.0,0.934,0.934,0.6165882893276398,R2x3_BP2_7,Rossman ⍺/β
R2x3_BP2_8,94,1.9627364873886108,1.9100745916366575,0.0206097979098558,0.3496746718883514,1.0,4.039674282073975,0.0,1.9100745916366575,[0],3.9983965009450912,0.898357443511486,0.7734174728393555,3,309.2751770019531,0.4385964912280701,0.0,1.0,1.251412034034729,1.0,0.9179,0.9179,0.6377618249520105,R2x3_BP2_8,Rossman ⍺/β
R3x3_BP1_2,98,2.085031747817993,1.62003755569458,0.0096088200807571,0.3533094525337219,1.0,3.0636954307556152,0.0,1.62003755569458,[0],5.487649977207184,0.828545331954956,0.7199528217315674,3,409.6539916992188,0.6423841059602649,0.0,1.0,1.110737919807434,1.0,0.9469,0.9469,0.5648386801858265,R3x3_BP1_2,Rossman ⍺/β
R3x3_BP1_3,99,1.8344253301620483,1.591129183769226,0.0089268730953335,0.3486796617507934,1.0,3.694536209106445,0.0,1.591129183769226,[0],4.2467693239450455,0.893765889108181,0.8072828650474548,3,409.6539916992188,0.6622516556291391,0.0,1.0,1.095566987991333,1.0,0.9489,0.9489,0.6846521191824863,R3x3_BP1_3,Rossman ⍺/β
R3x3_BP1_4,0,2.165402412414551,1.708956956863403,0.0127380164340138,0.3756068646907806,1.0,3.236035108566284,0.0,1.708956956863403,[0],6.056245148181915,0.8063886165618896,0.7134628891944885,3,409.6539916992188,0.6887417218543046,0.0,1.0,1.3456785678863523,1.0,0.9253,0.9253,0.5323513242775136,R3x3_BP1_4,Rossman ⍺/β
R3x3_BP1_5,1,2.088848114013672,1.58461594581604,0.0145430471748113,0.329668253660202,1.0,3.1285860538482666,0.0,1.58461594581604,[0],5.578369125723839,0.8345637023448944,0.7341477870941162,3,409.6539916992188,0.7682119205298014,0.0,1.0,1.0501195192337036,1.0,0.9525,0.9525,0.583590173240462,R3x3_BP1_5,Rossman ⍺/β
R3x3_BP1_6,2,1.9777649641036987,1.6223467588424685,0.0111701935529708,0.3730856478214264,1.0,3.3287394046783447,0.0,1.6223467588424685,[0],5.215104043483734,0.8594058156013489,0.7920219898223877,3,409.6539916992188,0.6490066225165563,0.0,1.0,1.5354695320129397,1.0,0.9083,0.9083,0.6182510206481024,R3x3_BP1_6,Rossman ⍺/β
R3x3_BP1_7,3,1.970250368118286,1.554396629333496,0.0099111199378967,0.3482014834880829,1.0,3.456340312957764,0.0,1.554396629333496,[0],4.852877855300903,0.8633213937282562,0.7621182203292847,3,409.6539916992188,0.7086092715231788,0.0,1.0,1.0844472646713257,1.0,0.9505,0.9505,0.6253842924344377,R3x3_BP1_7,Rossman ⍺/β
R3x3_BP1_8,4,2.0965335369110107,1.6248224973678589,0.0112496493384242,0.3489345014095306,1.0,3.095127582550049,0.0,1.6248224973678589,[0],5.607275232672691,0.8267380595207214,0.7109341621398926,3,409.6539916992188,0.6754966887417219,0.0,1.0,1.2775850296020508,1.0,0.9334,0.9334,0.5486117580995334,R3x3_BP1_8,Rossman ⍺/β
R3x3_BP1_9,5,2.1266520023345947,1.6710143089294434,0.0151273300871253,0.366720050573349,1.0,3.241021633148194,0.0,1.6710143089294434,[0],5.9013515412807465,0.8269890993833542,0.7227983474731445,3,409.6539916992188,1.0,0.0,1.0,1.4037752151489258,1.0,0.9184,0.9184,0.5489702518925249,R3x3_BP1_9,Rossman ⍺/β
R3x3_BP1_10,95,2.2426326274871826,1.695561170578003,0.0170039944350719,0.3606708347797394,1.0,2.9409422874450684,0.0,1.695561170578003,[0],6.093572810292244,0.8194315284490585,0.7168437838554382,3,409.6539916992188,0.3112582781456953,0.0,1.0,1.256706953048706,1.0,0.9317,0.9317,0.5472846771170861,R3x3_BP1_10,Rossman ⍺/β
R3x3_BP1_11,96,1.9253298044204712,1.673975110054016,0.0176442973315715,0.4072589874267578,1.0,3.6054368019104,0.0,1.673975110054016,[0],4.7365235686302185,0.8796927109360695,0.7949433326721191,3,409.6539916992188,0.4503311258278146,0.0,1.0,1.5068668127059937,1.0,0.9116,0.9116,0.6374872177451643,R3x3_BP1_11,Rossman ⍺/β
R3x3_BP1_12,97,1.8673964738845823,1.5613631010055542,0.0127223609015345,0.325590044260025,1.0,3.5186214447021484,0.0,1.5613631010055542,[0],4.4654082506895065,0.8921382501721382,0.8155322074890137,3,409.6539916992188,0.3774834437086092,0.0,1.0,1.0210177898406982,1.0,0.955,0.955,0.6948269401035977,R3x3_BP1_12,Rossman ⍺/β
R3x3_BP2_1,13,2.2584683895111084,1.6672457456588743,0.0250301100313663,0.3489309549331665,1.0,3.2343668937683105,0.0,1.6672457456588743,[0],6.239661455154419,0.8291924446821213,0.7217586636543274,3,390.6633911132813,0.7986111111111112,0.0,1.0,1.3945385217666626,1.0,0.9202,0.9202,0.5507183796893073,R3x3_BP2_1,Rossman ⍺/β
R3x3_BP2_2,14,2.055593490600586,1.792109131813049,0.0252467095851898,0.4256964921951294,1.0,3.4911880493164062,0.0,1.792109131813049,[0],5.424683481454849,0.8585491478443146,0.781681478023529,3,390.6633911132813,0.7986111111111112,0.0,1.0,1.8443241119384768,1.0,0.8678,0.8678,0.582390964826169,R3x3_BP2_2,Rossman ⍺/β
R3x3_BP2_3,15,2.055579423904419,1.758737087249756,0.029794031754136,0.400506854057312,1.0,3.5017385482788086,0.0,1.758737087249756,[0],5.521083056926727,0.8596047759056091,0.780746579170227,3,390.6633911132813,0.75,0.0,1.0,1.760146141052246,1.0,0.8787,0.8787,0.589724996104796,R3x3_BP2_3,Rossman ⍺/β
R3x3_BP2_4,16,2.156481981277466,1.7105381488800049,0.0363027267158031,0.4004772007465362,1.0,3.4419705867767334,0.0,1.7105381488800049,[0],6.206438556313515,0.82998426258564,0.7471532821655273,3,390.6633911132813,1.0,0.0,1.0,1.756187915802002,1.0,0.8845,0.8845,0.548500974620919,R3x3_BP2_4,Rossman ⍺/β
R3x3_BP2_5,17,2.111506938934326,1.6496740579605105,0.0279376972466707,0.3542301654815674,1.0,3.3574233055114746,0.0,1.6496740579605105,[0],5.66217540204525,0.8481929004192352,0.7665438652038574,3,390.6633911132813,0.7986111111111112,0.0,1.0,1.4132946729660034,1.0,0.9164,0.9164,0.5958222617481916,R3x3_BP2_5,Rossman ⍺/β
R3x3_BP2_6,18,2.173497200012207,1.6473431587219238,0.0232607666403055,0.3269257545471191,1.0,3.2759149074554443,0.0,1.6473431587219238,[0],5.978634357452393,0.830831453204155,0.7589998245239258,3,390.6633911132813,0.7638888888888888,0.0,1.0,1.5378609895706177,1.0,0.9099,0.9099,0.5737837836510108,R3x3_BP2_6,Rossman ⍺/β
R3x3_BP2_7,19,2.121485948562622,1.669395923614502,0.0220440719276666,0.367796391248703,1.0,3.401439428329468,0.0,1.669395923614502,[0],5.9399573802948,0.8306690454483032,0.760299026966095,3,390.6633911132813,0.6944444444444444,0.0,1.0,1.7212496995925903,1.0,0.8866,0.8866,0.5599383182690783,R3x3_BP2_7,Rossman ⍺/β
R3x3_BP2_8,20,2.2103495597839355,1.6329315900802612,0.0230698902159929,0.3326128125190735,1.0,3.2781949043273926,0.0,1.6329315900802612,[0],6.111313462257385,0.8345744907855988,0.7288890480995178,3,390.6633911132813,0.8055555555555556,0.0,1.0,1.3392536640167236,1.0,0.9242,0.9242,0.5622021409301653,R3x3_BP2_8,Rossman ⍺/β
R3x3_BP2_9,21,1.957939624786377,1.7058358192443848,0.0267852786928415,0.3666314482688904,1.0,3.609844923019409,0.0,1.7058358192443848,[0],5.108596846461296,0.8692549616098404,0.8017138838768005,3,390.6633911132813,0.7777777777777778,0.0,1.0,1.647014856338501,1.0,0.8928,0.8928,0.6221867590625337,R3x3_BP2_9,Rossman ⍺/β
R3x3_BP2_10,6,2.107856750488281,1.698098063468933,0.0335450172424316,0.3976112306118011,1.0,3.6140427589416495,0.0,1.698098063468933,[0],5.761739701032639,0.8473000973463058,0.7605372667312622,3,390.6633911132813,0.7569444444444444,0.0,1.0,1.7940819263458252,1.0,0.8833,0.8833,0.5692014350109166,R3x3_BP2_10,Rossman ⍺/β
R3x3_BP2_11,7,2.262192964553833,1.693596363067627,0.0342157259583473,0.3601547479629516,1.0,3.257424116134644,0.0,1.693596363067627,[0],6.207580462098122,0.8304493427276611,0.7354766130447388,3,390.6633911132813,0.6111111111111112,0.0,1.0,1.7810041904449463,1.0,0.8797,0.8797,0.537299708686253,R3x3_BP2_11,Rossman ⍺/β
R3x3_BP2_12,8,1.9895511865615845,1.6835713386535645,0.028913177549839,0.3367222845554352,1.0,3.5490164756774902,0.0,1.6835713386535645,[0],5.195860713720322,0.8678129613399506,0.7966496348381042,3,390.6633911132813,0.7152777777777778,0.0,1.0,1.528361678123474,1.0,0.9053,0.9053,0.6258727081407449,R3x3_BP2_12,Rossman ⍺/β
R3x3_BP2_13,9,2.213820695877075,1.6537117958068848,0.0244453940540552,0.3659948408603668,1.0,3.293553590774536,0.0,1.6537117958068848,[0],6.424197033047676,0.8198848217725754,0.7338865995407104,3,390.6633911132813,0.7152777777777778,0.0,1.0,1.3521411418914795,1.0,0.9237,0.9237,0.5557925843467626,R3x3_BP2_13,Rossman ⍺/β
R3x3_BP2_14,10,2.0181305408477783,1.7615031003952026,0.0249678324908018,0.3884623050689697,1.0,3.595784902572632,0.0,1.7615031003952026,[0],5.314891457557678,0.8610333800315857,0.7857933640480042,3,390.6633911132813,0.7013888888888888,0.0,1.0,1.7289444208145142,1.0,0.883,0.883,0.597432781251084,R3x3_BP2_14,Rossman ⍺/β
R3x3_BP2_15,11,2.074595212936402,1.6977190971374512,0.0266162101179361,0.3675211071968078,1.0,3.51147723197937,0.0,1.6977190971374512,[0],5.251498132944107,0.8658293336629868,0.7744176387786865,3,390.6633911132813,0.7222222222222222,0.0,1.0,1.563535213470459,1.0,0.9011,0.9011,0.604199722203529,R3x3_BP2_15,Rossman ⍺/β
R3x3_BP2_16,12,2.134835720062256,1.6704355478286743,0.0370978973805904,0.3760789632797241,1.0,3.622578620910645,0.0,1.6704355478286743,[0],5.62170472741127,0.8591135889291763,0.7589088678359985,3,390.6633911132813,0.7916666666666666,0.0,1.0,1.6178030967712402,1.0,0.897,0.897,0.5848340622417361,R3x3_BP2_16,Rossman ⍺/β
R3x3_BP3_1,23,1.900309681892395,1.7761791944503784,0.01101207267493,0.3386922180652618,1.0,3.5480964183807373,0.0,1.7761791944503784,[0],4.662601798772812,0.8729969710111618,0.776045560836792,3,341.8304748535156,0.3174603174603174,0.0,1.0,1.0698473453521729,1.0,0.9424,0.9424,0.6384622635560923,R3x3_BP3_1,Rossman ⍺/β
R3x3_BP3_2,24,1.9054073095321653,1.728554129600525,0.0129691790789365,0.3031108975410461,1.0,3.806746482849121,0.0,1.728554129600525,[0],4.414011403918266,0.8887002468109131,0.7642112374305725,3,341.8304748535156,0.5396825396825397,0.0,1.0,1.108696699142456,1.0,0.9372,0.9372,0.6365037991981131,R3x3_BP3_2,Rossman ⍺/β
R3x3_BP3_3,25,1.6097805500030518,1.4950778484344482,0.0116591965779662,0.2296721786260604,1.0,4.025387763977051,0.0,1.4950778484344482,[0],3.402940213680268,0.9263670444488524,0.8390024900436401,3,341.8304748535156,1.0,0.0,1.0,0.672335147857666,1.0,0.9757,0.9757,0.7583377075421718,R3x3_BP3_3,Rossman ⍺/β
R3x3_BP3_4,26,1.973706841468811,1.622199773788452,0.0113263875246047,0.2637776732444763,1.0,3.455333948135376,0.0,1.622199773788452,[0],4.816542893648148,0.8651977032423019,0.7420904636383057,3,341.8304748535156,0.6428571428571429,0.0,1.0,0.8166009187698364,1.0,0.9645,0.9645,0.6192620134896825,R3x3_BP3_4,Rossman ⍺/β
R3x3_BP3_5,27,1.9367657899856567,1.5896096229553225,0.0126654151827096,0.2694266438484192,1.0,3.585063934326172,0.0,1.5896096229553225,[0],4.379786565899849,0.8858349919319153,0.7613353729248047,3,341.8304748535156,0.6428571428571429,0.0,1.0,0.8259913921356201,1.0,0.9638,0.9638,0.6500035999279759,R3x3_BP3_5,Rossman ⍺/β
R3x3_BP3_6,28,1.97008216381073,1.6365556716918943,0.0174073874950408,0.3025206327438354,1.0,3.524602174758911,0.0,1.6365556716918943,[0],4.492959499359131,0.8834216520190239,0.7522169351577759,3,341.8304748535156,0.6984126984126984,0.0,1.0,0.9385226964950562,1.0,0.9579,0.9579,0.6365482365045977,R3x3_BP3_6,Rossman ⍺/β
R3x3_BP3_7,29,1.7696410417556765,1.5915977954864502,0.007836346514523,0.2659794390201568,1.0,3.5434484481811523,0.0,1.5915977954864502,[0],4.004794776439667,0.8958238735795021,0.8005659580230713,3,341.8304748535156,0.7380952380952381,0.0,1.0,0.8205059170722961,1.0,0.9651,0.9651,0.692137000766846,R3x3_BP3_7,Rossman ⍺/β
R3x3_BP3_8,30,2.0080602169036865,1.5835620164871216,0.0132387112826108,0.2562836110591888,1.0,3.47242283821106,0.0,1.5835620164871216,[0],4.540114387869835,0.8836186453700066,0.7665125727653503,3,341.8304748535156,0.6190476190476191,0.0,1.0,0.7753984928131104,1.0,0.9679,0.9679,0.6555633170872849,R3x3_BP3_8,Rossman ⍺/β
R3x3_BP3_9,31,1.9650940895080569,1.5767228603363037,0.0149581087753176,0.2588357329368591,1.0,3.5048110485076904,0.0,1.5767228603363037,[0],4.734152913093567,0.8755339905619621,0.7541719079017639,3,341.8304748535156,0.7063492063492064,0.0,1.0,0.823245644569397,1.0,0.9642,0.9642,0.6366642876795603,R3x3_BP3_9,Rossman ⍺/β
R3x3_BP3_10,22,1.83692467212677,1.5902687311172483,0.0122345946729183,0.2653943300247192,1.0,3.496729612350464,0.0,1.5902687311172483,[0],4.1630212515592575,0.892464242875576,0.7961647510528564,3,341.8304748535156,0.6587301587301587,0.0,1.0,0.8129485845565796,1.0,0.9652,0.9652,0.6858214814556182,R3x3_BP3_10,Rossman ⍺/β
NF1-01,85,2.05066990852356,2.069801092147827,0.0103983543813228,0.3245477974414825,1.0,3.6011087894439697,0.0,2.069801092147827,[0],4.570054769515991,0.8746941685676575,0.7607808113098145,3,274.0069580078125,0.3762376237623762,0.0,1.0,1.328325629234314,1.0,0.8994,0.8994,0.5985062149662529,NF1-01,novel ⍺/β
NF1-02,86,2.0080196857452397,1.901271104812622,0.011843048967421,0.3012170791625976,1.0,3.8909215927124015,0.0,1.901271104812622,[0],4.368379980325699,0.8823327943682671,0.7509868144989014,3,274.0069580078125,0.3366336633663366,0.0,1.0,1.2127406597137451,1.0,0.9171,0.9171,0.6076890721506414,NF1-02,novel ⍺/β
NF1-03,87,2.0355217456817627,1.9183688163757324,0.0112458877265453,0.3148041367530823,1.0,3.6706175804138175,0.0,1.9183688163757324,[0],4.440564408898354,0.8840967789292336,0.7559629678726196,3,274.0069580078125,0.3267326732673267,0.0,1.0,1.147438406944275,1.0,0.9222,0.9222,0.6163472286298385,NF1-03,novel ⍺/β
NF1-04,88,2.1274948120117188,1.9978492259979248,0.0114543857052922,0.3362756371498108,1.0,3.408052444458008,0.0,1.9978492259979248,[0],4.815407454967499,0.8635159134864807,0.7264823913574219,3,274.0069580078125,0.297029702970297,0.0,1.0,1.3279716968536377,1.0,0.9036,0.9036,0.5668545800052598,NF1-04,novel ⍺/β
NF1-05,89,1.973581075668335,1.9793291091918943,0.0106480000540614,0.3126933574676513,1.0,3.626465320587158,0.0,1.9793291091918943,[0],4.397497653961182,0.8867674544453621,0.7742976546287537,3,274.0069580078125,0.297029702970297,0.0,1.0,1.2560514211654663,1.0,0.9096,0.9096,0.6245513349780488,NF1-05,novel ⍺/β
NF1-06,90,2.1626884937286377,1.9818642139434812,0.0110215600579977,0.3038024604320526,1.0,3.480996608734131,0.0,1.9818642139434812,[0],4.906369119882584,0.8656318932771683,0.7304935455322266,3,274.0069580078125,0.3168316831683168,0.0,1.0,1.2118558883666992,1.0,0.9145,0.9145,0.5782735681684956,NF1-06,novel ⍺/β
NF1-07,91,1.803714394569397,1.6851379871368408,0.0148791652172803,0.2407937496900558,1.0,4.16302490234375,0.0,1.6851379871368408,[0],3.450359560549259,0.9135379269719124,0.8013802766799927,3,274.0069580078125,0.5247524752475248,0.0,1.0,0.8237766623497009,1.0,0.9551,0.9551,0.6992203783517367,NF1-07,novel ⍺/β
NF1-08,92,1.857299208641052,1.817498803138733,0.0175748392939567,0.2537155747413635,1.0,4.146907329559326,0.0,1.817498803138733,[0],3.671646535396576,0.9060842767357826,0.7944515943527222,3,274.0069580078125,0.6039603960396039,0.0,1.0,0.9597548842430116,1.0,0.9414,0.9414,0.677657468512014,NF1-08,novel ⍺/β
NF1-09,93,1.9959158897399905,1.7842066287994385,0.0302134975790977,0.2520308792591095,1.0,4.163583278656006,0.0,1.7842066287994385,[0],4.045719534158707,0.892063669860363,0.754446804523468,3,274.0069580078125,0.495049504950495,0.0,1.0,1.197042465209961,1.0,0.9293,0.9293,0.6254324539869844,NF1-09,novel ⍺/β
NF1-10,94,1.9049710035324097,1.7057416439056396,0.0347523428499698,0.2781462073326111,1.0,4.228031158447266,0.0,1.7057416439056396,[0],3.8263163343071938,0.901846744120121,0.7869237661361694,3,274.0069580078125,0.5445544554455446,0.0,1.0,0.9518317580223083,1.0,0.9501,0.9501,0.6742713730062516,NF1-10,novel ⍺/β
NF1-11,95,1.8665149211883545,1.56778085231781,0.0141828255727887,0.208887979388237,1.0,4.07274866104126,0.0,1.56778085231781,[0],3.533213555812836,0.9065466001629828,0.7921792268753052,3,274.0069580078125,0.7227722772277227,0.0,1.0,0.8799810409545898,1.0,0.9589,0.9589,0.6886315273264784,NF1-11,novel ⍺/β
NF1-12,96,1.8677854537963867,1.768003225326538,0.0196246709674596,0.2483412623405456,1.0,4.167236804962158,0.0,1.768003225326538,[0],3.624735087156296,0.905404582619667,0.7915029525756836,3,274.0069580078125,0.5643564356435643,0.0,1.0,0.9327852725982666,1.0,0.9429,0.9429,0.6757108045550948,NF1-12,novel ⍺/β
NF1-13,97,1.9304606914520264,1.8195680379867556,0.0115498844534158,0.3033676445484161,1.0,4.136094570159912,0.0,1.8195680379867556,[0],3.857583165168762,0.8969984129071236,0.7796745300292969,3,274.0069580078125,0.5544554455445545,0.0,1.0,1.0769739151000977,1.0,0.9349,0.9349,0.6538380362974595,NF1-13,novel ⍺/β
NF1-14,98,1.7612797021865845,1.524308204650879,0.0152094671502709,0.1988359540700912,1.0,4.151241302490234,0.0,1.524308204650879,[0],3.279320366680622,0.9166648015379906,0.817995011806488,3,274.0069580078125,1.0,0.0,1.0,0.6607039570808411,1.0,0.97,0.97,0.7273324181019608,NF1-14,novel ⍺/β
NF1-15,99,2.00372314453125,1.7723788022994995,0.0224173329770565,0.2621909379959106,1.0,4.119487285614014,0.0,1.7723788022994995,[0],4.3696309030056,0.8778944164514542,0.7588484287261963,3,274.0069580078125,0.5445544554455446,0.0,1.0,0.8657389879226685,1.0,0.9492,0.9492,0.6323464075472933,NF1-15,novel ⍺/β
NF1-16,0,1.976275324821472,1.806012511253357,0.0237424243241548,0.2408921122550964,1.0,4.024381637573242,0.0,1.806012511253357,[0],4.175044521689415,0.8882225006818771,0.7722158432006836,3,274.0069580078125,0.5544554455445545,0.0,1.0,1.0116758346557615,1.0,0.9335,0.9335,0.6402871714075028,NF1-16,novel ⍺/β
NF2-01,1,2.0141942501068115,2.0512855052948,0.0459580495953559,0.2093077301979065,1.0,4.642356395721436,0.0,2.0512855052948,[0],3.554126091301441,0.9099830910563468,0.6908993721008301,3,179.05404663085938,0.5454545454545454,0.0,1.0,1.0933122634887695,1.0,0.8815,0.8815,0.554204996804568,NF2-01,novel ⍺/β
NF2-02,2,1.9306261539459229,1.7970929145812988,0.0191623829305171,0.196172833442688,1.0,4.550432205200195,0.0,1.7970929145812988,[0],3.2735976725816727,0.9079981818795204,0.7149658203125,3,179.05404663085938,1.0,0.0,1.0,0.9933446645736694,1.0,0.9284,0.9284,0.6027058281393478,NF2-02,novel ⍺/β
NF2-03,3,1.9579226970672607,1.7332605123519895,0.0208277869969606,0.178885743021965,1.0,4.768894672393799,0.0,1.7332605123519895,[0],3.208706520497799,0.913703776896,0.7059931755065918,3,179.05404663085938,0.6060606060606061,0.0,1.0,0.8203226327896118,1.0,0.9489,0.9489,0.6121056238829993,NF2-03,novel ⍺/β
NF2-04,4,2.354609966278076,2.105398654937744,0.0359177142381668,0.2314227819442749,1.0,3.9330220222473145,0.0,2.105398654937744,[0],4.677882641553879,0.867117777466774,0.6161786317825317,3,179.05404663085938,0.4848484848484848,0.0,1.0,1.0908896923065186,1.0,0.8819,0.8819,0.4711986811749884,NF2-04,novel ⍺/β
NF3-01,5,2.0565555095672607,1.747239351272583,0.0298059284687042,0.2649146616458893,1.0,3.760047912597656,0.0,1.747239351272583,[0],4.379496932029724,0.8844941481947899,0.750520646572113,3,268.5810546875,0.5151515151515151,0.0,1.0,0.9355507493019104,1.0,0.9416,0.9416,0.6250633825848476,NF3-01,novel ⍺/β
NF3-02,6,1.9216428995132449,1.6185574531555176,0.0220190715044736,0.2123641073703766,1.0,3.734234571456909,0.0,1.6185574531555176,[0],3.815271213650704,0.9052271246910096,0.7817306518554688,3,268.5810546875,0.5353535353535354,0.0,1.0,0.7085928320884705,1.0,0.9643,0.9643,0.6823809069496029,NF3-02,novel ⍺/β
NF3-03,7,2.040146589279175,1.72890305519104,0.0312033127993345,0.233864426612854,1.0,3.5912482738494877,0.0,1.72890305519104,[0],4.527111813426018,0.886139765381813,0.7514466643333435,3,268.5810546875,1.0,0.0,1.0,1.0908476114273071,1.0,0.9343,0.9343,0.6221380099858104,NF3-03,novel ⍺/β
NF3-04,8,2.180285930633545,1.916746973991394,0.0222585946321487,0.3188504874706268,1.0,3.5116262435913086,0.0,1.916746973991394,[0],4.885662376880646,0.8670251071453094,0.7213229537010193,3,268.5810546875,0.4141414141414141,0.0,1.0,1.2533081769943235,1.0,0.9042,0.9042,0.5654913015642173,NF3-04,novel ⍺/β
NF4-01,9,2.124281883239746,1.9201115369796755,0.0201365891844034,0.406136006116867,1.0,3.973676443099976,0.0,1.9201115369796755,[0],5.124031975865364,0.8726110756397247,0.7401190400123596,3,309.2751770019531,0.543859649122807,0.0,1.0,2.2559192180633545,1.0,0.8203,0.8203,0.529779329538915,NF4-01,novel ⍺/β
NF4-02,10,2.206117868423462,1.918149709701538,0.0199458245187997,0.4530519843101501,1.0,3.716483592987061,0.0,1.918149709701538,[0],5.4336579740047455,0.8591897636651993,0.7110822200775146,3,309.2751770019531,0.5175438596491229,0.0,1.0,1.6118382215499878,1.0,0.8658,0.8658,0.5289644620436021,NF4-02,novel ⍺/β
NF4-03,11,2.013472557067871,1.5275859832763672,0.0175890922546386,0.2779988348484039,1.0,3.9401564598083496,0.0,1.5275859832763672,[0],4.621107012033463,0.8816929832100868,0.7624848484992981,3,309.2751770019531,0.5087719298245614,0.0,1.0,1.1679340600967407,1.0,0.9258,0.9258,0.6223945472039801,NF4-03,novel ⍺/β
NF4-04,12,2.0135388374328613,1.6852799654006958,0.0225060544908046,0.3418722748756408,1.0,4.025784492492676,0.0,1.6852799654006958,[0],4.553888857364655,0.8889456316828728,0.7597225904464722,3,309.2751770019531,1.0,0.0,1.0,1.4760652780532837,1.0,0.8938,0.8938,0.6036296873773461,NF4-04,novel ⍺/β
NF4-05,13,2.021343469619751,1.5513943433761597,0.0135613149031996,0.3091634213924408,1.0,3.825914144515991,0.0,1.5513943433761597,[0],4.518221393227577,0.8848610296845436,0.767817497253418,3,309.2751770019531,0.4473684210526316,0.0,1.0,1.2375359535217283,1.0,0.9173,0.9173,0.6232244269217916,NF4-05,novel ⍺/β
NF4-06,14,2.093235969543457,1.6329649686813354,0.0149365914985537,0.3257095515727997,1.0,3.90326189994812,0.0,1.6329649686813354,[0],4.971432343125343,0.8740474134683609,0.7356421947479248,3,309.2751770019531,0.543859649122807,0.0,1.0,1.2871394157409668,1.0,0.911,0.911,0.5857603895349844,NF4-06,novel ⍺/β
NF5-01,15,2.164265394210815,1.8932174444198608,0.0210859011858701,0.2839601337909698,1.0,3.617229461669922,0.0,1.8932174444198608,[0],4.686289414763451,0.8673053234815598,0.6896437406539917,3,271.29400634765625,0.54,0.0,1.0,1.2208689451217651,1.0,0.9066,0.9066,0.5422661879554435,NF5-01,novel ⍺/β
NF5-02,16,2.010627269744873,1.8681437969207764,0.0173572301864624,0.295133501291275,1.0,3.8825275897979736,0.0,1.8681437969207764,[0],4.057573735713959,0.8883702605962753,0.7520702481269836,3,271.29400634765625,0.6,0.0,1.0,1.2901611328125,1.0,0.8994,0.8994,0.6009042879783574,NF5-02,novel ⍺/β
NF5-03,17,1.8659570217132568,1.8577110767364504,0.0197833515703678,0.2647773921489715,1.0,3.936052083969116,0.0,1.8577110767364504,[0],3.616157628595829,0.9110802859067916,0.7895058989524841,3,271.29400634765625,1.0,0.0,1.0,1.1027584075927734,1.0,0.9201,0.9201,0.6618309296573239,NF5-03,novel ⍺/β
NF5-04,18,2.014757871627808,1.866201996803284,0.0162451900541782,0.2429205626249313,1.0,3.821931838989258,0.0,1.866201996803284,[0],4.178171366453171,0.8806353509426117,0.7374342679977417,3,271.29400634765625,0.59,0.0,1.0,1.1975454092025757,1.0,0.9091,0.9091,0.5903792540928665,NF5-04,novel ⍺/β
NF5-05,19,2.0310263633728027,1.657339572906494,0.0250542778521776,0.2155827283859253,1.0,3.879475355148315,0.0,1.657339572906494,[0],4.156838238239288,0.8845691531896591,0.7368567585945129,3,271.29400634765625,0.53,0.0,1.0,0.8666677474975586,1.0,0.9487,0.9487,0.6183633800367605,NF5-05,novel ⍺/β
NF5-06,20,2.0037198066711426,1.809816837310791,0.0245352033525705,0.2475921064615249,1.0,4.066854953765869,0.0,1.809816837310791,[0],4.052221745252609,0.894994854927063,0.7563654780387878,3,271.29400634765625,0.58,0.0,1.0,0.9568827152252196,1.0,0.938,0.938,0.6349727321892354,NF5-06,novel ⍺/β
NF6-01,21,2.0334718227386475,1.812830209732056,0.0158991795033216,0.2642486989498138,1.0,3.793533563613892,0.0,1.812830209732056,[0],4.197339400649071,0.8889137879014015,0.7201403975486755,3,263.1552124023437,0.6804123711340206,0.0,1.0,1.4811084270477295,1.0,0.8787,0.8787,0.562493415625929,NF6-01,novel ⍺/β
NF6-02,22,2.083465814590454,1.6489886045455933,0.0157444756478071,0.1911634504795074,1.0,3.676706790924072,0.0,1.6489886045455933,[0],4.298975944519043,0.8841226473450661,0.7304440140724182,3,263.1552124023437,1.0,0.0,1.0,0.8781841397285461,1.0,0.947,0.947,0.6115745843997327,NF6-02,novel ⍺/β
NF6-03,23,2.3483636379241943,1.9047852754592896,0.0202796254307031,0.2294119745492935,1.0,3.2730484008789062,0.0,1.9047852754592896,[0],6.172044649720192,0.8089209794998169,0.6566104292869568,3,263.1552124023437,0.6391752577319587,0.0,1.0,0.9516810774803162,1.0,0.9388,0.9388,0.498639819370154,NF6-03,novel ⍺/β
NF6-04,24,2.122884511947632,1.7669262886047363,0.0166951958090066,0.2423196136951446,1.0,3.759178638458252,0.0,1.7669262886047363,[0],4.496107593178749,0.8773421570658684,0.7124585509300232,3,263.1552124023437,0.6391752577319587,0.0,1.0,1.1062791347503662,1.0,0.9201,0.9201,0.5751268351337212,NF6-04,novel ⍺/β
NF6-05,25,2.2790355682373047,1.7578387260437012,0.0226221196353435,0.2094583958387375,1.0,3.556370973587036,0.0,1.7578387260437012,[0],5.198508992791176,0.8411304205656052,0.6700531244277954,3,263.1552124023437,0.5154639175257731,0.0,1.0,0.7512333989143372,1.0,0.9603,0.9603,0.5412270643171048,NF6-05,novel ⍺/β
NF6-06,26,2.0404863357543945,1.6243290901184082,0.015863861888647,0.1810828149318695,1.0,3.90749192237854,0.0,1.6243290901184082,[0],4.1131275445222855,0.8888141363859177,0.7385003566741943,3,263.1552124023437,0.6288659793814433,0.0,1.0,0.7447639107704163,1.0,0.9621,0.9621,0.6315123925376934,NF6-06,novel ⍺/β
NF7-01,27,2.282482624053955,1.92454195022583,0.0309505797922611,0.3457718789577484,1.0,3.5307934284210205,0.0,1.92454195022583,[0],6.606900572776794,0.8400200456380844,0.701073169708252,3,311.98809814453125,0.4869565217391304,0.0,1.0,1.4965535402297974,1.0,0.9129,0.9129,0.5376209745691463,NF7-01,novel ⍺/β
NF7-02,28,2.098435163497925,1.6565897464752195,0.0230469647794961,0.2769036591053009,1.0,3.738321304321289,0.0,1.6565897464752195,[0],4.6352441012859344,0.882010355591774,0.7537264227867126,3,311.98809814453125,0.4434782608695652,0.0,1.0,0.8141151070594788,1.0,0.9605,0.9605,0.6385351270288737,NF7-02,novel ⍺/β
NF7-03,29,2.091127872467041,1.81649911403656,0.0201546680182218,0.3305425345897674,1.0,3.62544059753418,0.0,1.81649911403656,[0],4.702039584517479,0.8775552213191986,0.7582605481147766,3,311.98809814453125,0.4260869565217391,0.0,1.0,1.4043339490890503,1.0,0.9286,0.9286,0.6179048361958202,NF7-03,novel ⍺/β
NF7-04,30,1.9491924047470093,1.5877785682678225,0.0151239112019538,0.2418587505817413,1.0,3.721156120300293,0.0,1.5877785682678225,[0],4.1946389228105545,0.8941330313682556,0.7971885204315186,3,311.98809814453125,1.0,0.0,1.0,0.819380521774292,1.0,0.9607,0.9607,0.6847798396234337,NF7-04,novel ⍺/β
NF7-05,31,2.058278083801269,1.7045918703079224,0.0157371424138546,0.2805483341217041,1.0,3.5834760665893555,0.0,1.7045918703079224,[0],4.578374698758125,0.8817143142223358,0.7718825340270996,3,311.98809814453125,0.5391304347826087,0.0,1.0,0.946422278881073,1.0,0.9478,0.9478,0.6450536094582779,NF7-05,novel ⍺/β
NF7-06,32,2.0653164386749268,1.6696372032165527,0.0254949238151311,0.284260481595993,1.0,3.821527004241944,0.0,1.6696372032165527,[0],4.557381093502045,0.8823333829641342,0.7706587910652161,3,311.98809814453125,0.4869565217391304,0.0,1.0,0.9273135662078856,1.0,0.9502,0.9502,0.6461150749156872,NF7-06,novel ⍺/β
NF8-01,33,1.9561814069747925,1.5359512567520142,0.0147944223135709,0.1695124953985214,1.0,4.432553768157959,0.0,1.5359512567520142,[0],3.672826550900936,0.9057805389165878,0.7486509680747986,3,214.32228088378903,1.0,0.0,1.0,0.6211752891540527,1.0,0.9639,0.9639,0.6536335807918481,NF8-01,novel ⍺/β
NF8-02,34,2.0096147060394287,1.7489982843399048,0.0290838833898305,0.2424406707286834,1.0,4.527449607849121,0.0,1.7489982843399048,[0],3.867327935993672,0.9033714160323144,0.735439658164978,3,214.32228088378903,0.5822784810126582,0.0,1.0,0.9502609372138976,1.0,0.9228,0.9228,0.6130854026337198,NF8-02,novel ⍺/β
NF8-03,35,2.04346776008606,1.7578325271606443,0.0166840441524982,0.2277321368455886,1.0,4.333376407623291,0.0,1.7578325271606443,[0],4.145658001303673,0.8919975608587265,0.7248799800872803,3,214.32228088378903,0.6455696202531646,0.0,1.0,0.9541147351264954,1.0,0.9204,0.9204,0.5951225166905834,NF8-03,novel ⍺/β
NF8-04,36,2.091787338256836,1.868620038032532,0.0230698902159929,0.2805849313735962,1.0,4.233587265014648,0.0,1.868620038032532,[0],4.252383694052696,0.8888367339968681,0.712009072303772,3,214.32228088378903,0.5063291139240507,0.0,1.0,1.1414443254470823,1.0,0.8953,0.8953,0.5665993954158698,NF8-04,novel ⍺/β
NF8-05,37,1.9461923837661743,2.02091121673584,0.0148779554292559,0.3213006258010864,1.0,4.19230318069458,0.0,2.02091121673584,[0],3.9184982031583786,0.8964631855487823,0.7404658794403076,3,214.32228088378903,0.5949367088607594,0.0,1.0,1.30776846408844,1.0,0.866,0.866,0.5748511473294248,NF8-05,novel ⍺/β
NF8-06,38,1.9556834697723389,1.8164482116699217,0.0122026596218347,0.2699907422065735,1.0,4.3622822761535645,0.0,1.8164482116699217,[0],3.7608015686273575,0.9027603715658188,0.7390942573547363,3,214.32228088378903,0.6075949367088608,0.0,1.0,1.0569578409194946,1.0,0.9057,0.9057,0.604305688288985,NF8-06,novel ⍺/β
NF8-07,39,1.7973949909210205,2.198928117752075,0.0145835671573877,0.3587194383144378,1.0,4.5942792892456055,0.0,2.198928117752075,[0],3.188608840107918,0.92286366969347,0.7713520526885986,3,214.32228088378903,0.4177215189873418,0.0,1.0,1.6221438646316528,1.0,0.8247,0.8247,0.5870649925892866,NF8-07,novel ⍺/β
NF8-08,40,1.8895069360733032,2.1509692668914795,0.0252154935151338,0.3404625654220581,1.0,4.45889949798584,0.0,2.1509692668914795,[0],3.6321692541241646,0.903692990541458,0.7531386613845825,3,214.32228088378903,0.3544303797468354,0.0,1.0,1.6355687379837036,1.0,0.8296,0.8296,0.5646308447835103,NF8-08,novel ⍺/β
NF8-09,41,1.8638453483581543,2.1216161251068115,0.0203545372933149,0.3389092087745666,1.0,4.449340343475342,0.0,2.1216161251068115,[0],3.43563050031662,0.9130679965019226,0.7631919980049133,3,214.32228088378903,0.430379746835443,0.0,1.0,1.532461166381836,1.0,0.8374,0.8374,0.5835389983040342,NF8-09,novel ⍺/β
NF8-10,42,2.012944221496582,2.026883125305176,0.0338371731340885,0.3497165441513061,1.0,4.417750835418701,0.0,2.026883125305176,[0],4.023336887359619,0.8921911269426346,0.7209420204162598,3,214.32228088378903,0.4177215189873418,0.0,1.0,1.548036813735962,1.0,0.8515,0.8515,0.5477001897176436,NF8-10,novel ⍺/β
NF8-11,43,1.857202172279358,1.969260096549988,0.015423122793436,0.3059552609920501,1.0,4.539496898651123,0.0,1.969260096549988,[0],3.389462999999523,0.9152830839157104,0.7668572664260864,3,214.32228088378903,0.4683544303797468,0.0,1.0,1.3751602172851562,1.0,0.8665,0.8665,0.6081889706586651,NF8-11,novel ⍺/β
NF8-12,44,1.8371586799621584,2.098843812942505,0.0204576924443244,0.3513018786907196,1.0,4.611313343048096,0.0,2.098843812942505,[0],3.336693279445172,0.9192740321159364,0.7637811899185181,3,214.32228088378903,0.3670886075949367,0.0,1.0,1.57269549369812,1.0,0.8421,0.8421,0.5912588007026236,NF8-12,novel ⍺/β
H5_fold-0-Ana,3,1.9964816570281985,2.2249293327331543,0.01494568772614,0.3233911097049713,1.0,1.301154375076294,0.0,2.2249293327331543,[0],3.898056149482727,0.8972550928592682,0.7520806789398193,3,244.16461181640625,0.3,0.0,1.0,1.9722845554351809,1.0,0.799,0.799,0.5391717673164275,H5_fold-0-Ana,complex ⍺
H5_fold-0-Bill,4,1.9918646812438965,2.089666843414306,0.0141611583530902,0.2659420669078827,1.0,1.3557857275009155,0.0,2.089666843414306,[0],3.8562363907694817,0.9019586741924286,0.7601733207702637,3,244.16461181640625,0.4,0.0,1.0,1.527453899383545,1.0,0.855,0.855,0.5862264070774343,H5_fold-0-Bill,complex ⍺
H5_fold-0-Chantal,5,1.8080812692642207,1.6342679262161257,0.0138046825304627,0.1719004064798355,1.0,1.419918417930603,0.0,1.6342679262161257,[0],3.32039063423872,0.9268085584044456,0.8025845885276794,3,244.16461181640625,0.6666666666666666,0.0,1.0,0.8285422921180725,1.0,0.9474,0.9474,0.7047161623261391,H5_fold-0-Chantal,complex ⍺
H5_fold-0-Chris,6,1.9137502908706665,1.6034523248672483,0.0145597755908966,0.1568279266357422,1.0,1.3858848810195925,0.0,1.6034523248672483,[0],3.495362289249897,0.9166934415698051,0.7710625529289246,3,244.16461181640625,0.6777777777777778,0.0,1.0,0.7952871918678284,1.0,0.951,0.951,0.6721934140298251,H5_fold-0-Chris,complex ⍺
H5_fold-0-Danny,7,1.8863624334335327,1.7601675987243652,0.0148878311738371,0.16850046813488,1.0,1.3615587949752808,0.0,1.7601675987243652,[0],3.688787132501602,0.9140853881835938,0.7869294285774231,3,244.16461181640625,0.6888888888888889,0.0,1.0,0.9401451945304872,1.0,0.9334,0.9334,0.6714139340941478,H5_fold-0-Danny,complex ⍺
H5_fold-0-Elsa,8,1.7608063220977783,1.5164605379104614,0.0138479080051183,0.1348143815994262,1.0,1.4245954751968384,0.0,1.5164605379104614,[0],3.203949272632599,0.9293927922844888,0.8084166049957275,3,244.16461181640625,1.0,0.0,1.0,0.6141780614852905,1.0,0.9698,0.9698,0.7286462015575728,H5_fold-0-Elsa,complex ⍺
H5_fold-0-Fay,9,1.915008306503296,1.6561486721038818,0.0143630113452672,0.1707314401865005,1.0,1.4383898973464966,0.0,1.6561486721038818,[0],3.496081754565239,0.9186627566814424,0.783798336982727,3,244.16461181640625,0.6888888888888889,0.0,1.0,0.7565896511077881,1.0,0.9548,0.9548,0.6875002463246254,H5_fold-0-Fay,complex ⍺
H5_fold-0-Flanklin,10,2.0163705348968506,1.862241268157959,0.0203413628041744,0.2225019633769989,1.0,1.3021764755249023,0.0,1.862241268157959,[0],4.038662537932396,0.9042376950383186,0.7645893692970276,3,244.16461181640625,0.6111111111111112,0.0,1.0,1.1719974279403689,1.0,0.9098,0.9098,0.6290089072332021,H5_fold-0-Flanklin,complex ⍺
H5_fold-0-Hermine,11,2.0539019107818604,2.0577218532562256,0.0242825653403997,0.2910016477108001,1.0,1.3899060487747192,0.0,2.0577218532562256,[0],4.308954685926437,0.8851251974701881,0.7353320717811584,3,244.16461181640625,0.3111111111111111,0.0,1.0,1.579475998878479,1.0,0.849,0.849,0.5525809425099999,H5_fold-0-Hermine,complex ⍺
H5_fold-0-Larry,12,1.757354497909546,2.097542762756348,0.0110659347847104,0.2377010285854339,1.0,1.2945865392684937,0.0,2.097542762756348,[0],3.554800286889076,0.9179484471678734,0.7972391247749329,3,244.16461181640625,0.3222222222222222,0.0,1.0,1.3185889720916748,1.0,0.8801,0.8801,0.6440786690572501,H5_fold-0-Larry,complex ⍺
H6_fold-C-Cyrus,13,1.966721534729004,1.9146262407302856,0.0329628698527812,0.3285989165306091,1.0,1.1708649396896362,0.0,1.9146262407302856,[0],3.831800438463688,0.9136146157979964,0.7548575401306152,3,303.84930419921875,0.5089285714285714,0.0,1.0,1.416429877281189,1.0,0.8927,0.8927,0.6156495565227744,H6_fold-C-Cyrus,complex ⍺
H6_fold-C-Dan,14,1.916553020477295,1.7818176746368408,0.0191076956689357,0.2843643724918365,1.0,1.1919224262237549,0.0,1.7818176746368408,[0],3.48310574144125,0.9219114258885384,0.7691951394081116,3,303.84930419921875,0.4910714285714285,0.0,1.0,1.2031465768814087,1.0,0.9198,0.9198,0.6522575787800523,H6_fold-C-Dan,complex ⍺
H6_fold-C-Max,15,1.9678176641464236,1.909019470214844,0.0140598975121974,0.3128569424152374,1.0,1.1116209030151367,0.0,1.909019470214844,[0],3.784402802586556,0.912182241678238,0.7545822858810425,3,303.84930419921875,0.5267857142857143,0.0,1.0,1.3349158763885498,1.0,0.9014,0.9014,0.6204485481445844,H6_fold-C-Max,complex ⍺
H6_fold-C-Melvin,16,2.15591812133789,1.6527557373046875,0.0184615030884742,0.2610543668270111,1.0,1.1036763191223145,0.0,1.6527557373046875,[0],4.484068155288696,0.8816268369555473,0.7202304601669312,3,303.84930419921875,0.5446428571428571,0.0,1.0,1.0110538005828855,1.0,0.9413,0.9413,0.5977014991806681,H6_fold-C-Melvin,complex ⍺
H6_fold-C-Moca,17,1.6616774797439575,2.010690212249756,0.013923498801887,0.3031822443008423,1.0,1.2434390783309937,0.0,2.010690212249756,[0],3.1707409247756004,0.9360570460557938,0.8126026391983032,3,303.84930419921875,0.4464285714285714,0.0,1.0,1.435257911682129,1.0,0.8917,0.8917,0.6782648513222548,H6_fold-C-Moca,complex ⍺
H6_fold-C-Paul,18,1.9978666305541992,1.7886009216308594,0.0132620669901371,0.2798229157924652,1.0,1.1278432607650757,0.0,1.7886009216308594,[0],3.929720476269722,0.9033337906002998,0.7597647905349731,3,303.84930419921875,0.4285714285714285,0.0,1.0,1.2210534811019895,1.0,0.9185,0.9185,0.6303860297304141,H6_fold-C-Paul,complex ⍺
H6_fold-C-Rei,19,1.9840682744979856,1.468184471130371,0.0187444519251585,0.2056427747011184,1.0,1.177181601524353,0.0,1.468184471130371,[0],3.810219943523407,0.9077158272266388,0.7359851002693176,3,303.84930419921875,1.0,0.0,1.0,0.8043305277824402,1.0,0.9639,0.9639,0.6439481659168046,H6_fold-C-Rei,complex ⍺
H6_fold-Z-Gogy,28,1.938789963722229,1.7536747455596924,0.0229528434574604,0.302523672580719,1.0,1.217703104019165,0.0,1.7536747455596924,[0],3.820901982486248,0.909352719783783,0.778465986251831,3,328.2657470703125,1.0,0.0,1.0,1.2427822351455688,1.0,0.9192,0.9192,0.6507018287792004,H6_fold-Z-Gogy,complex ⍺
H6_fold-Z-Hoto,29,1.8172138929367063,1.9455835819244385,0.0179727226495742,0.3440631926059723,1.0,1.1656017303466797,0.0,1.9455835819244385,[0],3.673595905303955,0.9151437059044838,0.7984598278999329,3,328.2657470703125,0.3636363636363636,0.0,1.0,1.5765764713287354,1.0,0.8781,0.8781,0.6416324871865284,H6_fold-Z-Hoto,complex ⍺
H6_fold-Z-Kome,30,2.0364043712615967,1.9938596487045288,0.0132611086592078,0.3876873552799225,1.0,1.1108551025390625,0.0,1.9938596487045288,[0],4.546789824962616,0.8707045465707779,0.7423123717308044,3,328.2657470703125,0.2892561983471074,0.0,1.0,1.964110374450684,1.0,0.8371,0.8371,0.5410468251196479,H6_fold-Z-Kome,complex ⍺
H6_fold-Z-Nazu,31,2.048035144805908,1.8405776023864744,0.0237296037375926,0.3178530931472778,1.0,1.142572999000549,0.0,1.8405776023864744,[0],4.552795454859734,0.8834770023822784,0.7482398748397827,3,328.2657470703125,0.3471074380165289,0.0,1.0,1.5456303358078003,1.0,0.8882,0.8882,0.5871470274018094,H6_fold-Z-Nazu,complex ⍺
H6_fold-Z-Seri,32,1.8921316862106323,2.042366743087769,0.0146601358428597,0.3754741549491882,1.0,1.1470767259597778,0.0,2.042366743087769,[0],3.96103835105896,0.9041780531406404,0.7797025442123413,3,328.2657470703125,0.3057851239669421,0.0,1.0,1.74616539478302,1.0,0.8826,0.8826,0.6222241108541348,H6_fold-Z-Seri,complex ⍺
H6_fold-Z-Siro,33,1.9664506912231443,1.7657873630523682,0.0357707366347312,0.3519560396671295,1.0,1.2343450784683228,0.0,1.7657873630523682,[0],4.277855306863785,0.9027440771460532,0.7786313891410828,3,328.2657470703125,0.3636363636363636,0.0,1.0,1.4003089666366575,1.0,0.9082,0.9082,0.638378207317987,H6_fold-Z-Siro,complex ⍺
H6_fold-Z-Suzu,34,1.943807363510132,1.9888944625854488,0.0206903722137212,0.3774191737174988,1.0,1.2082890272140503,0.0,1.9888944625854488,[0],4.124149337410927,0.9093995243310928,0.7906758785247803,3,328.2657470703125,0.3223140495867768,0.0,1.0,1.7394227981567385,1.0,0.8691,0.8691,0.6249178967714911,H6_fold-Z-Suzu,complex ⍺
H6_fold-U-Cacyd,20,1.999308943748474,1.942251801490784,0.0151439700275659,0.2351913005113601,1.0,1.175676345825195,0.0,1.942251801490784,[0],3.747576110064984,0.9077311530709268,0.7574564814567566,3,306.562255859375,0.4424778761061947,0.0,1.0,1.1011435985565186,1.0,0.9331,0.9331,0.6415686233622963,H6_fold-U-Cacyd,complex ⍺
H6_fold-U-Hatake,21,1.915848016738892,2.031148195266724,0.0145296631380915,0.2604490518569946,1.0,1.1595866680145264,0.0,2.031148195266724,[0],3.730693273246288,0.905143976211548,0.8058708906173706,3,306.562255859375,0.4867256637168141,0.0,1.0,1.1856791973114014,1.0,0.9232,0.9232,0.6734090210500133,H6_fold-U-Hatake,complex ⍺
H6_fold-U-Kazi,22,1.9727591276168823,1.7887400388717651,0.0131924338638782,0.2264582812786102,1.0,1.1518017053604126,0.0,1.7887400388717651,[0],3.7336399629712105,0.9061150178313256,0.7718806862831116,3,306.562255859375,0.5486725663716814,0.0,1.0,1.0880506038665771,1.0,0.9411,0.9411,0.6582172748561694,H6_fold-U-Kazi,complex ⍺
H6_fold-U-Morit,23,2.160248279571533,1.980622410774231,0.0272996947169303,0.2575900554656982,1.0,1.1628813743591309,0.0,1.980622410774231,[0],4.629846841096878,0.8793556317687035,0.7531653642654419,3,306.562255859375,0.4690265486725664,0.0,1.0,1.1804661750793457,1.0,0.9218,0.9218,0.6105083287108437,H6_fold-U-Morit,complex ⍺
H6_fold-U-Nomur,24,2.025503873825073,1.6026145219802856,0.0112667409703135,0.189558744430542,1.0,1.1575284004211426,0.0,1.6026145219802856,[0],3.861022509634495,0.8989275023341179,0.7715132236480713,3,306.562255859375,1.0,0.0,1.0,0.6790506839752197,1.0,0.973,0.973,0.6748090248626084,H6_fold-U-Nomur,complex ⍺
H6_fold-U-Sait,25,1.9126291275024412,1.733073592185974,0.0270447395741939,0.2150202989578247,1.0,1.174768567085266,0.0,1.733073592185974,[0],3.8620101287961006,0.8997738435864449,0.7732967138290405,3,306.562255859375,0.5398230088495575,0.0,1.0,0.9283548593521118,1.0,0.9529,0.9529,0.6630203458666475,H6_fold-U-Sait,complex ⍺
H6_fold-U-Sho,26,1.9559636116027832,1.857627272605896,0.0114071974530816,0.2418989688158035,1.0,1.1667901277542114,0.0,1.857627272605896,[0],3.7905015125870714,0.9010127633810044,0.7688978910446167,3,306.562255859375,0.4513274336283185,0.0,1.0,1.127765655517578,1.0,0.9339,0.9339,0.6469936051910958,H6_fold-U-Sho,complex ⍺
H6_fold-U-Takin,27,2.061828136444092,1.952588438987732,0.0178214292973279,0.2689818739891052,1.0,1.1242774724960327,0.0,1.952588438987732,[0],4.150492161512375,0.883954256772995,0.7606080770492554,3,306.562255859375,0.5132743362831859,0.0,1.0,1.313618779182434,1.0,0.9111,0.9111,0.6125714771958743,H6_fold-U-Takin,complex ⍺
H7_fold-K-Chario,35,1.934798002243042,1.8023130893707275,0.0179152023047208,0.3117327094078064,1.0,1.1741126775741575,0.0,1.8023130893707275,[0],4.000136151909828,0.9045547246932985,0.7974886894226074,3,347.25634765625,0.4609375,0.0,1.0,1.517777681350708,1.0,0.9038,0.9038,0.6519761599312628,H7_fold-K-Chario,complex ⍺
H7_fold-K-Dark,36,1.958501935005188,1.8085200786590576,0.0242716036736965,0.3077697157859802,1.0,1.2159128189086914,0.0,1.8085200786590576,[0],4.1533598601818085,0.9109088033437728,0.7972922921180725,3,347.25634765625,0.453125,0.0,1.0,1.4709819555282593,1.0,0.9018,0.9018,0.6549417799775499,H7_fold-K-Dark,complex ⍺
H7_fold-K-Jazzbird,37,1.899020075798035,2.125365734100342,0.0247830785810947,0.3993822336196899,1.0,1.2498096227645874,0.0,2.125365734100342,[0],3.872857540845871,0.9094063192605972,0.8042359948158264,3,347.25634765625,0.5078125,0.0,1.0,1.876787066459656,1.0,0.8556,0.8556,0.6257664143398228,H7_fold-K-Jazzbird,complex ⍺
H7_fold-K-Mussoc,38,2.0052154064178467,1.4382057189941406,0.0382952094078063,0.2249273806810379,1.0,1.2995049953460691,0.0,1.4382057189941406,[0],4.463475972414017,0.8991260975599289,0.7823426723480225,3,347.25634765625,1.0,0.0,1.0,1.1805007457733154,1.0,0.9433,0.9433,0.663540532662322,H7_fold-K-Mussoc,complex ⍺
H7_fold-K-NewWave,39,1.952394127845764,1.9517927169799805,0.0386353395879268,0.3668769598007202,1.0,1.2533648014068604,0.0,1.9517927169799805,[0],4.147807389497757,0.9028321206569672,0.7751946449279785,3,347.25634765625,0.453125,0.0,1.0,1.8569564819335935,1.0,0.864,0.864,0.6046882201747453,H7_fold-K-NewWave,complex ⍺
H7_fold-K-R3,40,1.8211418390274048,1.4668641090393066,0.0256398469209671,0.2403372824192047,1.0,1.290189504623413,0.0,1.4668641090393066,[0],3.654808506369591,0.924529992043972,0.8138841390609741,3,347.25634765625,0.7109375,0.0,1.0,0.8991205096244812,1.0,0.9591,0.9591,0.7216846704793775,H7_fold-K-R3,complex ⍺
H7_fold-K-Rush,41,1.703846454620361,1.9748560190200808,0.0285596083849668,0.3168557584285736,1.0,1.235551118850708,0.0,1.9748560190200808,[0],3.466200038790703,0.928947113454342,0.837796688079834,3,347.25634765625,0.453125,0.0,1.0,1.5562069416046145,1.0,0.8926,0.8926,0.6946827443166375,H7_fold-K-Rush,complex ⍺
H7_fold-K-Third,42,1.7546099424362185,1.7764503955841064,0.0353934280574321,0.2990206480026245,1.0,1.2944817543029783,0.0,1.7764503955841064,[0],3.719190835952759,0.923737034201622,0.8286837339401245,3,347.25634765625,0.40625,0.0,1.0,1.3396165370941162,1.0,0.921,0.921,0.7050124721611795,H7_fold-K-Third,complex ⍺
