,Unnamed: 0.1,Unnamed: 0,con,dgram_cce,exp_res,fape,hard,helix,i_ptm,loss,models,pae,plddt,ptm,recycles,seq_ent,seqid,soft,temp,rmsd_io,tm_i,tm_o,tm_io,composite,names,data
HBI_b_01,0,0,2.763108253479004,2.331881523132324,0.0611286200582981,0.385739266872406,1.0,2.526095151901245,0.0,2.331881523132324,[0],6.641240894794464,0.7844812870025635,0.4781947135925293,1,162.7764129638672,1.0,0.0,1.0,1.6257293224334717,1.0,0.7967,0.7967,0.2988698986311339,1998469_0000,WSB
HBI_b_02,1,1,2.0567257404327397,2.045361042022705,0.0415804237127304,0.3339713513851166,1.0,4.82209062576294,0.0,2.045361042022705,[0],3.8761659264564514,0.9011006727814674,0.710229754447937,1,189.90582275390625,1.0,0.0,1.0,1.3984369039535522,1.0,0.8878,0.8878,0.5681817987895453,1998520_0002,WSB
HBI_b_03,2,2,2.594364643096924,2.160125494003296,0.0376705154776573,0.4349066019058227,1.0,3.5937421321868896,0.0,2.160125494003296,[0],6.750697553157806,0.7910953760147095,0.5632872581481934,1,217.03521728515625,1.0,0.0,1.0,1.5902732610702517,1.0,0.8384,0.8384,0.3736027317303309,1998555_1041,WSB
HBI_b_04,3,3,2.511543273925781,2.332833766937256,0.0366276241838932,0.3823389708995819,1.0,3.2237887382507324,0.0,2.332833766937256,[0],5.91928805410862,0.8195623457431793,0.5250914096832275,1,176.3411102294922,1.0,0.0,1.0,1.74697744846344,1.0,0.7857,0.7857,0.338122182351134,2000240_0002,WSB
HBI_b_07,4,4,2.8012373447418213,2.5299081802368164,0.049944307655096,0.5958982110023499,1.0,3.9181911945343018,0.0,2.5299081802368164,[0],10.831223964691162,0.6154224872589111,0.4286274313926697,1,230.59991455078125,1.0,0.0,1.0,3.8644049167633057,1.0,0.5415,0.5415,0.1428406388048431,2000485_1070,WSB
HBI_b_08,5,5,2.465914964675904,1.9169058799743648,0.023927541449666,0.4082827270030975,1.0,3.5497303009033203,0.0,1.9169058799743648,[0],6.70461805164814,0.7945858389139175,0.6161297559738159,1,244.16461181640625,1.0,0.0,1.0,2.24772572517395,1.0,0.8326,0.8326,0.4076142993406126,2000518_0000,WSB
HBI_b_09,6,6,2.088399887084961,1.7286583185195925,0.0200213305652141,0.2930134832859039,1.0,3.803766965866089,0.0,1.7286583185195925,[0],5.212862730026245,0.847992792725563,0.6795929670333862,1,244.16461181640625,1.0,0.0,1.0,0.9607970714569092,1.0,0.9394,0.9394,0.5413667677865963,2000518_0003,WSB
HBI_b_10,7,7,2.8600244522094727,2.5339481830596924,0.0263690166175365,0.5525801777839661,1.0,2.3393678665161133,0.0,2.5339481830596924,[0],9.056612759828568,0.6780508160591125,0.4850551784038543,1,244.16461181640625,1.0,0.0,1.0,2.2832093238830566,1.0,0.7532,0.7532,0.2477214992533853,2000665_1003,WSB
HBI_b_13,8,8,2.339704990386963,2.274437665939331,0.0214707590639591,0.308524876832962,1.0,3.4911820888519287,0.0,2.274437665939331,[0],4.684595495462418,0.8611344546079636,0.6088024377822876,1,162.7764129638672,1.0,0.0,1.0,1.3296971321105957,1.0,0.8378,0.8378,0.439225660726373,2001044_0000,WSB
HBI_b_14,9,9,2.1356201171875,2.032320261001587,0.0166100580245256,0.2680128812789917,1.0,6.133331775665283,0.0,2.032320261001587,[0],5.8151131719350815,0.8041986227035522,0.5876500606536865,1,189.90582275390625,1.0,0.0,1.0,0.8592707514762878,1.0,0.9282,0.9282,0.438655596285762,2002089_0001,WSB
HBI_b_15,10,10,2.1217966079711914,1.912456512451172,0.0161117929965257,0.2530950605869293,1.0,7.146695137023926,0.0,1.912456512451172,[0],4.90633724629879,0.8583995252847672,0.6315597295761108,1,189.90582275390625,1.0,0.0,1.0,1.0010836124420166,1.0,0.9048,0.9048,0.4905197415972727,2002089_1029,WSB
HBI_b_16,11,11,2.333033561706543,1.9228774309158323,0.044866319745779,0.2495447695255279,1.0,3.536712646484375,0.0,1.9228774309158323,[0],5.121842861175537,0.8501913994550705,0.6041033267974854,1,176.3411102294922,1.0,0.0,1.0,0.8475597500801086,1.0,0.9213,0.9213,0.4731828610880574,2002243_1016,WSB
HBI_b_17,12,12,2.448944091796875,2.026197671890259,0.0247667245566844,0.2874492406845093,1.0,3.536896228790283,0.0,2.026197671890259,[0],5.391509547829628,0.8159572780132294,0.5856940746307373,1,189.90582275390625,1.0,0.0,1.0,1.41280996799469,1.0,0.8694,0.8694,0.4154874275035005,2002308_0000,WSB
HBI_b_19,13,13,2.4328410625457764,2.2131876945495605,0.0427872911095619,0.3154707551002502,1.0,2.930405139923096,0.0,2.2131876945495605,[0],5.93176032602787,0.81154365837574,0.595369815826416,1,189.90582275390625,1.0,0.0,1.0,1.3906341791152954,1.0,0.8395,0.8395,0.4056200383754875,2002308_0005,WSB
HBI_b_20,14,14,1.879992127418518,1.479259371757507,0.0151633871719241,0.2437115907669067,1.0,7.762892246246338,0.0,1.479259371757507,[0],4.300261050462723,0.8812648579478264,0.7205848693847656,1,203.47052001953125,1.0,0.0,1.0,0.9825348258018494,1.0,0.9331,0.9331,0.5925428749586071,2002334_0005,WSB
HBI_b_21,15,15,2.3340845108032227,1.664700269699097,0.0175902601331472,0.2919520139694214,1.0,3.129685878753662,0.0,1.664700269699097,[0],5.35860076546669,0.8384787142276764,0.6439309120178223,1,230.59991455078125,1.0,0.0,1.0,1.4393514394760132,1.0,0.8665,0.8665,0.4678427276782774,2002376_0000,WSB
HBI_b_22,16,16,2.8480820655822754,2.0581846237182617,0.0522063896059989,0.427059143781662,1.0,3.0392489433288574,0.0,2.0581846237182617,[0],8.747488886117935,0.73886638879776,0.5028434991836548,1,230.59991455078125,1.0,0.0,1.0,1.719713568687439,1.0,0.8188,0.8188,0.3042121705128035,2002376_0003,WSB
HBI_b_23,17,17,2.5610177516937256,2.1713767051696777,0.0350970029830932,0.3729452490806579,1.0,3.12933349609375,0.0,2.1713767051696777,[0],6.374337047338486,0.8059192895889282,0.5594778060913086,1,217.03521728515625,1.0,0.0,1.0,2.030084609985352,1.0,0.7476,0.7476,0.3370883215249475,2002469_0001,WSB
HBI_b_25,18,18,2.351331949234009,2.2338826656341557,0.0255859661847352,0.2721002995967865,1.0,5.6789727210998535,0.0,2.2338826656341557,[0],6.251429736614227,0.7675238400697708,0.5348291397094727,1,176.3411102294922,1.0,0.0,1.0,1.0579204559326172,1.0,0.8947,0.8947,0.3672690847719413,2002486_0006,WSB
HBI_b_26,19,19,2.4598748683929443,1.973408341407776,0.0494979508221149,0.2269267737865448,1.0,3.5798609256744385,0.0,1.973408341407776,[0],5.569966971874237,0.8246932327747345,0.5506719350814819,1,176.3411102294922,1.0,0.0,1.0,0.9260730743408204,1.0,0.9138,0.9138,0.4149889452797006,2002486_1012,WSB
HBI_b_27,20,20,3.268333673477173,2.5708487033843994,0.0610203593969345,0.3200160562992096,1.0,2.15966796875,0.0,2.5708487033843994,[0],10.244070053100586,0.6018988192081451,0.3531626462936401,1,176.3411102294922,1.0,0.0,1.0,1.319206476211548,1.0,0.8381,0.8381,0.1781533914841494,2002486_1048,WSB
HBI_b_28,21,21,2.282797813415528,1.888357639312744,0.0426984727382659,0.271857351064682,1.0,4.049750328063965,0.0,1.888357639312744,[0],4.688582465052605,0.8661051690578461,0.6228097081184387,1,189.90582275390625,1.0,0.0,1.0,1.059983253479004,1.0,0.9049,0.9049,0.4881199884536592,2002544_0000,WSB
HBI_b_29,22,22,2.56384801864624,1.813791036605835,0.0155690852552652,0.215178370475769,1.0,3.186509370803833,0.0,1.813791036605835,[0],6.108189389109612,0.8194098323583603,0.571128249168396,1,203.47052001953125,1.0,0.0,1.0,0.7438649535179138,1.0,0.9468,0.9468,0.4430911358315894,2002553_0000,WSB
HBI_b_31,23,23,2.230128765106201,1.7176638841629028,0.0146389184519648,0.2260095030069351,1.0,4.153728485107422,0.0,1.7176638841629028,[0],5.169583022594452,0.8487941771745682,0.6992263793945312,1,244.16461181640625,1.0,0.0,1.0,0.7654376029968262,1.0,0.9553,0.9553,0.5669698615696787,2002565_0002,WSB
HBI_b_32,24,24,2.6475839614868164,2.359307050704956,0.0282716024667024,0.3481185734272003,1.0,3.266328811645508,0.0,2.359307050704956,[0],6.640550300478935,0.772106260061264,0.5018861293792725,1,176.3411102294922,1.0,0.0,1.0,1.809051871299744,1.0,0.7675,0.7675,0.2974134816395442,2002590_0001,WSB
HBI_b_33,25,25,2.6987199783325195,2.58077073097229,0.0394568443298339,0.5181237459182739,1.0,2.9620048999786377,0.0,2.58077073097229,[0],7.376906305551529,0.7617751806974411,0.5122601985931396,1,189.90582275390625,1.0,0.0,1.0,3.086769342422486,1.0,0.6597,0.6597,0.2574328213976771,2002613_0004,WSB
HBI_b_34,26,26,2.3717613220214844,1.7411926984786987,0.0566394254565238,0.1727574914693832,1.0,0.7526746392250061,0.0,1.7411926984786987,[0],5.035712584853172,0.8555470108985901,0.6394760608673096,1,176.3411102294922,1.0,0.0,1.0,0.6373018622398376,1.0,0.9528,0.9528,0.5212786259261855,2002713_0000,WSB
HBI_b_35,27,27,2.526310920715332,1.982793092727661,0.03849932923913,0.1942160576581955,1.0,1.0383567810058594,0.0,1.982793092727661,[0],5.148277148604393,0.8323189467191696,0.575724720954895,1,176.3411102294922,1.0,0.0,1.0,0.7596736550331116,1.0,0.9361,0.9361,0.4485665700305972,2002713_0004,WSB
HBI_b_37,28,28,2.233786106109619,1.959630370140076,0.0188985727727413,0.2103336602449417,1.0,1.1673091650009155,0.0,1.959630370140076,[0],3.948770254850388,0.8785751014947891,0.6448851823806763,1,176.34112548828125,1.0,0.0,1.0,0.8279680609703064,1.0,0.9371,0.9371,0.5309421785016015,2002713_1006,WSB
HBI_b_38,29,29,2.13565993309021,1.4408241510391235,0.0376566611230373,0.2781145870685577,1.0,0.5987598896026611,0.0,1.4408241510391235,[0],3.985641524195671,0.902395986020565,0.7248631715774536,1,230.59991455078125,1.0,0.0,1.0,1.0976592302322388,1.0,0.9117,0.9117,0.5963553841134811,2002745_0000,WSB
HBI_b_39,30,30,2.527625560760498,1.4433382749557495,0.0285673029720783,0.2062471956014633,1.0,0.5358649492263794,0.0,1.4433382749557495,[0],5.838530093431473,0.8511397987604141,0.6287429928779602,1,230.59991455078125,1.0,0.0,1.0,0.8265750408172607,1.0,0.9486,0.9486,0.5076415677504569,2002745_0001,WSB
HBI_b_40,31,31,2.312138080596924,1.465515375137329,0.0207388270646333,0.2581178545951843,1.0,0.5191088318824768,0.0,1.465515375137329,[0],4.95648455619812,0.87820865213871,0.6767841577529907,1,230.59991455078125,1.0,0.0,1.0,1.086510419845581,1.0,0.9121,0.9121,0.5421136608781034,2002745_0003,WSB
HBI_b_41,32,32,2.220349073410034,1.4278732538223269,0.0283313021063804,0.3306659460067749,1.0,0.6490397453308105,0.0,1.4278732538223269,[0],4.358861789107323,0.8895484432578087,0.7070138454437256,1,230.59991455078125,1.0,0.0,1.0,1.591738224029541,1.0,0.8422,0.8422,0.5296790058282613,2002745_0004,WSB
HBI_b_43,33,33,2.1141812801361084,1.3334755897521973,0.04389139264822,0.2294853925704956,1.0,0.5471775531768799,0.0,1.3334755897521973,[0],4.139656528830528,0.8988184705376625,0.7348226308822632,1,230.59991455078125,1.0,0.0,1.0,0.8193657398223877,1.0,0.9465,0.9465,0.6251368930095331,2002745_0008,WSB
HBI_b_44,34,34,2.262355327606201,2.058039665222168,0.0213093589991331,0.2360626310110092,1.0,1.0455220937728882,0.0,2.058039665222168,[0],4.268039628863335,0.8815358281135559,0.6403809785842896,1,189.90582275390625,1.0,0.0,1.0,1.0881171226501465,1.0,0.9009,0.9009,0.5085749655366619,2002766_0000,WSB
HBI_b_45,35,35,2.138369560241699,1.7072428464889526,0.0161173157393932,0.2969522774219513,1.0,0.7731229662895203,0.0,1.7072428464889526,[0],3.669078171253204,0.9110621511936188,0.7045820951461792,1,189.90582275390625,1.0,0.0,1.0,0.9970154762268066,1.0,0.9064,0.9064,0.5818345470742433,2002766_0001,WSB
HBI_b_46,36,36,2.4609861373901367,1.8402379751205444,0.0347517505288124,0.2920162677764892,1.0,0.7281477451324463,0.0,1.8402379751205444,[0],4.807262137532234,0.860689327120781,0.6231027841567993,1,189.90582275390625,1.0,0.0,1.0,1.6344128847122192,1.0,0.7989,0.7989,0.4284484051107753,2002766_0002,WSB
HBI_b_49,37,37,2.48227334022522,1.686032772064209,0.0177411697804927,0.1674102395772934,1.0,0.6353605389595032,0.0,1.686032772064209,[0],4.797053351998329,0.8602458834648132,0.6129359602928162,1,189.90582275390625,1.0,0.0,1.0,0.6502035856246948,1.0,0.9535,0.9535,0.502757319564318,2002766_0003,WSB
HBI_b_50,38,38,2.360095262527466,1.665068507194519,0.0288910567760467,0.2049068808555603,1.0,0.6823424696922302,0.0,1.665068507194519,[0],5.099493011832237,0.8578875213861465,0.651444137096405,1,189.90582275390625,1.0,0.0,1.0,1.057268500328064,1.0,0.8927,0.8927,0.49889949617416,2002766_0004,WSB
HBI_b_53,39,39,2.343867778778076,1.64082932472229,0.0519599057734012,0.2428915649652481,1.0,0.7189604640007019,0.0,1.64082932472229,[0],4.683638826012611,0.8727118819952011,0.6524190902709961,1,189.90582275390625,1.0,0.0,1.0,1.2733107805252075,1.0,0.866,0.866,0.4930777905759183,2002766_0006,WSB
HBI_b_55,40,40,2.031245708465576,1.677147626876831,0.0218853689730167,0.2305494099855423,1.0,4.424749851226807,0.0,1.677147626876831,[0],3.516651995480061,0.9062442556023598,0.7126138806343079,1,203.47052001953125,1.0,0.0,1.0,0.7861847281455994,1.0,0.9417,0.9417,0.6081519654409449,2002787_0005,WSB
HBI_b_56,41,41,2.323118209838867,1.6512737274169922,0.0351906232535839,0.2281370460987091,1.0,3.9075229167938232,0.0,1.6512737274169922,[0],5.102626785635948,0.8610870987176895,0.6459633111953735,1,217.03521728515625,1.0,0.0,1.0,0.9243659377098083,1.0,0.9281,0.9281,0.5162376880895464,2002922_1013,WSB
TMB2.1,42,42,2.3164303302764893,2.064746856689453,0.0128216492012143,0.3305458128452301,1.0,4.273460388183594,0.0,2.064746856689453,[0],5.205018594861031,0.839592233300209,0.6427633762359619,1,217.03521728515625,1.0,0.0,1.0,1.3937324285507202,1.0,0.8602,0.8602,0.4642147909699865,2002922_1018,TMB
TMB2.12,43,43,2.2678189277648926,1.8203164339065552,0.0116589469835162,0.1827152371406555,1.0,3.833913564682007,0.0,1.8203164339065552,[0],4.218108043074608,0.8755043596029282,0.6186312437057495,1,176.3411102294922,1.0,0.0,1.0,0.7136645317077637,1.0,0.9422,0.9422,0.5103090413717795,2002949_0000,TMB
TMB2.14,44,44,2.511529445648194,1.9577771425247192,0.0511341169476509,0.2430944293737411,1.0,3.724914789199829,0.0,1.9577771425247192,[0],6.065461695194244,0.8136152178049088,0.5456358194351196,1,176.3411102294922,1.0,0.0,1.0,0.919094979763031,1.0,0.9085,0.9085,0.4033173151162891,2002949_0007,TMB
TMB2.15,45,45,2.134805202484131,1.7031207084655762,0.0168986171483993,0.2341687381267547,1.0,4.757003784179688,0.0,1.7031207084655762,[0],4.675590977072716,0.8604736328125,0.6852997541427612,1,227.8869781494141,1.0,0.0,1.0,0.808936595916748,1.0,0.9464,0.9464,0.5580753940336523,2002990_0006,TMB
TMB2.17,46,46,2.40160870552063,1.6740484237670898,0.0252795424312353,0.2823040783405304,1.0,3.8597002029418954,0.0,1.6740484237670898,[0],5.612356066703796,0.8259940892457962,0.6384485363960266,1,230.5999298095703,1.0,0.0,1.0,1.0398128032684326,1.0,0.9219,0.9219,0.4861683139256542,2002990_1031,TMB
TMB2.18,47,47,2.373740196228028,1.8503217697143557,0.0336674079298973,0.2714808583259582,1.0,3.4939208030700684,0.0,1.8503217697143557,[0],5.550911650061607,0.833494171500206,0.6309094429016113,1,230.59991455078125,1.0,0.0,1.0,1.4778231382369995,1.0,0.886,0.886,0.4659113782550004,2002990_1039,TMB
TMB2.19,48,48,2.316411256790161,1.8481745719909668,0.0196415428072214,0.2112688273191452,1.0,3.787193298339844,0.0,1.8481745719909668,[0],4.793189257383347,0.8575804978609085,0.6281949281692505,1,189.90582275390625,1.0,0.0,1.0,0.6709110140800476,1.0,0.9515,0.9515,0.512599424869309,2003048_0003,TMB
TMB2.2,49,49,2.6595020294189453,1.989204168319702,0.0313117206096649,0.2128716856241226,1.0,2.9102606773376465,0.0,1.989204168319702,[0],6.352730914950371,0.8064962029457092,0.5088562965393066,1,189.90582275390625,1.0,0.0,1.0,0.6445744633674622,1.0,0.9546,0.9546,0.3917589345403865,2003048_0005,TMB
TMB2.20,50,50,2.3249728679656982,1.9086148738861084,0.0308434385806322,0.2319001853466034,1.0,3.77378249168396,0.0,1.9086148738861084,[0],5.120671853423119,0.8501750826835632,0.627787709236145,1,189.90582275390625,1.0,0.0,1.0,0.894477367401123,1.0,0.927,0.927,0.4947672164722121,2003048_1024,TMB
TMB2.21,51,51,2.253498315811157,2.1869614124298096,0.0315664745867252,0.2696883380413055,1.0,3.957541942596436,0.0,2.1869614124298096,[0],4.460582867264748,0.8550526648759842,0.6400855779647827,1,189.90582275390625,1.0,0.0,1.0,1.54378342628479,1.0,0.8061,0.8061,0.4411840753130212,2003048_1050,TMB
TMB2.22,52,52,2.1227245330810547,1.7230875492095947,0.0157222226262092,0.2074928432703018,1.0,4.280033588409424,0.0,1.7230875492095947,[0],3.870118029415608,0.8916796669363976,0.6909472942352295,1,203.47052001953125,1.0,0.0,1.0,0.7768338918685913,1.0,0.9456,0.9456,0.582587614460506,2003205_0000,TMB
TMB2.23,53,53,2.12898588180542,1.715023159980774,0.0220784079283475,0.202721819281578,1.0,4.1243815422058105,0.0,1.715023159980774,[0],3.838102862238884,0.8879224061965942,0.6929917335510254,1,203.47052001953125,1.0,0.0,1.0,0.5706587433815002,1.0,0.9683,0.9683,0.5958171519943071,2003205_0002,TMB
TMB2.24,54,54,2.1120550632476807,1.5088298320770264,0.0165334027260541,0.1569204479455948,1.0,3.8935911655426025,0.0,1.5088298320770264,[0],3.759829193353653,0.907650887966156,0.6930104494094849,1,203.47052001953125,1.0,0.0,1.0,0.4368115663528442,1.0,0.9802,0.9802,0.6165571210907721,2003205_0003,TMB
TMB2.25,55,55,2.524493932723999,1.9249422550201416,0.034992903470993,0.367680549621582,1.0,3.1499950885772705,0.0,1.9249422550201416,[0],6.135313346982002,0.8055458664894104,0.5818885564804077,1,203.47052001953125,1.0,0.0,1.0,1.7456140518188477,1.0,0.786,0.786,0.3684280062442018,2003205_0006,TMB
TMB2.26,56,56,2.2724316120147705,1.7626618146896362,0.0246161445975303,0.2633581757545471,1.0,3.607298612594605,0.0,1.7626618146896362,[0],4.599260210990906,0.8633725792169571,0.650047779083252,1,203.47052001953125,1.0,0.0,1.0,0.9242987036705016,1.0,0.9231,0.9231,0.5180745770557412,2003205_0008,TMB
TMB2.27,57,57,2.421262741088867,2.0432465076446533,0.0280177891254425,0.2668312489986419,1.0,4.203227043151856,0.0,2.0432465076446533,[0],5.814820304512978,0.8121913373470306,0.5957873463630676,1,203.47052001953125,1.0,0.0,1.0,1.1334149837493896,1.0,0.892,0.892,0.4316328428824161,2003205_1035,TMB
TMB2.28,58,58,2.1384711265563965,1.6863049268722534,0.0195241570472717,0.2279568016529083,1.0,4.531946659088135,0.0,1.6863049268722534,[0],4.171097740530968,0.8936365321278572,0.6972389221191406,1,244.16461181640625,1.0,0.0,1.0,0.8799319863319397,1.0,0.9419,0.9419,0.5868773306090986,2003245_0004,TMB
TMB2.29,59,59,2.228140115737915,1.7731208801269531,0.0132895950227975,0.2028728425502777,1.0,4.441247463226318,0.0,1.7731208801269531,[0],4.513957262039185,0.8682162761688232,0.6651984453201294,1,217.03521728515625,1.0,0.0,1.0,0.5918588042259216,1.0,0.9674,0.9674,0.5587084396913756,2003265_0007,TMB
TMB2.3,60,60,2.093998670578003,1.606878638267517,0.0168875753879547,0.1768720149993896,1.0,4.556514739990234,0.0,1.606878638267517,[0],4.021822661161423,0.8933864682912827,0.6872305870056152,1,217.03521728515625,1.0,0.0,1.0,0.6105408072471619,1.0,0.9668,0.9668,0.5935789517934055,2003265_1034,TMB
TMB2.30,61,61,1.9350086450576784,1.5376652479171753,0.0106977969408035,0.1332199722528457,1.0,3.764945268630981,0.0,1.5376652479171753,[0],3.076614074409008,0.922228328883648,0.738935112953186,1,176.3411102294922,1.0,0.0,1.0,0.4646448493003845,1.0,0.9732,0.9732,0.6632035816030896,2003285_0000,TMB
TMB2.31,62,62,2.31172776222229,1.782636284828186,0.0167189147323369,0.337114930152893,1.0,3.655198812484741,0.0,1.782636284828186,[0],4.847285658121109,0.8701116591691971,0.6477360725402832,1,230.59991455078125,1.0,0.0,1.0,1.5658267736434937,1.0,0.8644,0.8644,0.4871781814709578,2003308_0004,TMB
TMB2.32,63,63,2.5475988388061523,1.7997369766235352,0.0296752341091632,0.2967253029346466,1.0,3.831107378005981,0.0,1.7997369766235352,[0],6.913505047559738,0.8058067262172699,0.6004564762115479,1,230.59991455078125,1.0,0.0,1.0,1.2757093906402588,1.0,0.8892,0.8892,0.4302410804316013,2003308_0005,TMB
TMB2.33,64,64,2.550952434539795,2.012579202651977,0.0477966330945491,0.3111966252326965,1.0,3.916518688201904,0.0,2.012579202651977,[0],7.149973317980766,0.7869423776865005,0.5697572231292725,1,230.59991455078125,1.0,0.0,1.0,1.1696603298187256,1.0,0.9065,0.9065,0.4064438731612441,2003308_0009,TMB
TMB2.34,65,65,2.07939076423645,1.4957293272018433,0.0144311543554067,0.2689835131168365,1.0,3.878002405166626,0.0,1.4957293272018433,[0],4.105373024940491,0.8987050205469131,0.7110582590103149,1,230.59991455078125,1.0,0.0,1.0,0.8137671947479248,1.0,0.9464,0.9464,0.6047795320520354,2003308_1010,TMB
TMB2.35,66,66,2.1253821849823,1.8668750524520876,0.0198562648147344,0.2434865236282348,1.0,4.155252456665039,0.0,1.8668750524520876,[0],3.937364593148232,0.892733745276928,0.6927378177642822,1,203.47052001953125,1.0,0.0,1.0,0.9149919152259828,1.0,0.9269,0.9269,0.5732231623670386,2003333_0000,TMB
TMB2.36,67,67,2.413142681121826,1.9160270690917969,0.0210593845695257,0.2160727381706237,1.0,3.9146456718444815,0.0,1.9160270690917969,[0],5.746457472443581,0.8137727677822113,0.6091585159301758,1,203.47052001953125,1.0,0.0,1.0,1.060205101966858,1.0,0.9009,0.9009,0.446591095324317,2003333_0005,TMB
TMB2.37,68,68,1.856356501579285,1.6049076318740845,0.009949711151421,0.1765708774328231,1.0,4.752264499664307,0.0,1.6049076318740845,[0],3.1031749323010445,0.922119751572609,0.759513258934021,1,203.47052001953125,1.0,0.0,1.0,0.550298273563385,1.0,0.9694,0.9694,0.6789310950084252,2003333_0006,TMB
TMB2.38,69,69,2.224147081375122,1.751256227493286,0.0254330895841121,0.215381771326065,1.0,3.36999773979187,0.0,1.751256227493286,[0],4.416594550013542,0.8718432933092117,0.6595821380615234,1,203.47052001953125,1.0,0.0,1.0,0.9837238192558287,1.0,0.9172,0.9172,0.5274379360413752,2003333_1006,TMB
TMB2.39,70,70,2.5142505168914795,2.066918134689331,0.0419717319309711,0.2381316274404525,1.0,3.5266692638397217,0.0,2.066918134689331,[0],6.169954851269722,0.8111876398324966,0.5592418909072876,1,203.47052001953125,1.0,0.0,1.0,1.058872103691101,1.0,0.9014,0.9014,0.4089202087759034,2003333_1013,TMB
TMB2.4,71,71,2.099541187286377,1.426292061805725,0.0168164335191249,0.1588968783617019,1.0,4.296205520629883,0.0,1.426292061805725,[0],4.067392185330391,0.8926122635602951,0.7193094491958618,1,244.16461181640625,1.0,0.0,1.0,0.4727198183536529,1.0,0.9816,0.9816,0.630250450031122,2003360_0005,TMB
TMB2.41,72,72,2.328343152999878,1.9221570491790767,0.0209091082215309,0.3427963256835937,1.0,3.815861225128174,0.0,1.9221570491790767,[0],5.640582203865051,0.8427564203739166,0.6452089548110962,1,244.1646270751953,1.0,0.0,1.0,1.3788785934448242,1.0,0.8767,0.8767,0.4767091222876258,2003360_1013,TMB
TMB2.42,73,73,2.171398401260376,1.85897958278656,0.0244169682264328,0.2198815196752548,1.0,3.7419955730438232,0.0,1.85897958278656,[0],4.192484453320503,0.8670395910739899,0.6845408082008362,1,189.90582275390625,1.0,0.0,1.0,0.8441661596298218,1.0,0.9333,0.9333,0.5539359327887703,2003382_0002,TMB
TMB2.43,74,74,2.1724154949188232,1.7503535747528076,0.0523008853197097,0.2194349914789199,1.0,4.024422645568848,0.0,1.7503535747528076,[0],4.346792787313461,0.8794190436601639,0.6629652976989746,1,189.90582275390625,1.0,0.0,1.0,0.7706085443496704,1.0,0.9405,0.9405,0.5483343617514108,2003382_0004,TMB
TMB2.44,75,75,2.100494146347046,2.010774850845337,0.046732198446989,0.2738772928714752,1.0,3.43738317489624,0.0,2.010774850845337,[0],4.067845806479454,0.8786692470312119,0.6657032370567322,1,189.90582275390625,1.0,0.0,1.0,1.3252428770065308,1.0,0.8608,0.8608,0.5035102937333968,2003382_0009,TMB
TMB2.45,76,76,2.415413379669189,1.9542973041534424,0.0291042029857635,0.2671363949775696,1.0,3.81404709815979,0.0,1.9542973041534424,[0],5.284721955657005,0.8388612121343613,0.5993003249168396,1,189.90582275390625,1.0,0.0,1.0,1.1990596055984497,1.0,0.8684,0.8684,0.4365705557080756,2003382_1021,TMB
TMB2.47,77,77,2.3132364749908447,1.935012936592102,0.0249351784586906,0.3202069401741028,1.0,3.798628568649292,0.0,1.935012936592102,[0],5.3152550011873245,0.84806327521801,0.6638233661651611,1,230.59991455078125,1.0,0.0,1.0,1.4616353511810305,1.0,0.8685,0.8685,0.4889344233992412,2003414_1018,TMB
TMB2.48,78,78,2.4230051040649414,2.1216070652008057,0.0232904069125652,0.2462977617979049,1.0,3.945865154266357,0.0,2.1216070652008057,[0],5.180673182010651,0.8431857228279114,0.580915093421936,1,176.3411102294922,1.0,0.0,1.0,1.0427474975585938,1.0,0.8872,0.8872,0.4345676944480146,2003455_0001,TMB
TMB2.49,79,79,2.2953855991363525,1.8822908401489256,0.0238507091999053,0.2055772989988327,1.0,3.62943434715271,0.0,1.8822908401489256,[0],4.521798625588417,0.8627938330173492,0.6110321283340454,1,176.3411102294922,1.0,0.0,1.0,0.7430770993232727,1.0,0.945,0.945,0.4981990407364655,2003455_0002,TMB
TMB2.5,80,80,2.7449350357055664,2.214463949203491,0.0700690224766731,0.2096530050039291,1.0,3.328452110290528,0.0,2.214463949203491,[0],7.473977074027061,0.73422771692276,0.4856232404708862,1,176.3411102294922,1.0,0.0,1.0,0.7967202663421631,1.0,0.9309,0.9309,0.3319198823549033,2003455_0009,TMB
TMB2.50,81,81,2.241147756576538,2.0031898021698,0.0208059512078762,0.2323034107685089,1.0,4.044881820678711,0.0,2.0031898021698,[0],4.08951660990715,0.8814048543572426,0.6352342367172241,1,168.20230102539062,1.0,0.0,1.0,1.032495141029358,1.0,0.8914,0.8914,0.4990935584637214,2003455_1023,TMB
TMB2.51,82,82,2.3914737701416016,1.9699761867523196,0.0361031256616115,0.2530789971351623,1.0,3.89279055595398,0.0,1.9699761867523196,[0],5.927613064646721,0.8184612393379211,0.6096239686012268,1,217.03521728515625,1.0,0.0,1.0,0.9329374432563782,1.0,0.9246,0.9246,0.4613324882705538,2003485_0000,TMB
TMB2.52,83,83,1.9985506534576416,1.4280972480773926,0.0222700498998165,0.177296444773674,1.0,3.803087949752808,0.0,1.4280972480773926,[0],3.5448832139372826,0.915087141096592,0.7314877510070801,1,217.03521728515625,1.0,0.0,1.0,0.4798473119735718,1.0,0.9784,0.9784,0.6549165340642138,2003485_0002,TMB
TMB2.54,84,84,2.527353286743164,1.9691039323806765,0.0507879629731178,0.2734537124633789,1.0,3.1472830772399902,0.0,1.9691039323806765,[0],6.509875535964966,0.7989326417446136,0.543513298034668,1,217.03521728515625,1.0,0.0,1.0,1.201837420463562,1.0,0.8908,1.0,0.4342305150221648,2003485_1017,TMB
TMB2.55,85,85,2.52875018119812,1.8703707456588743,0.0512319095432758,0.2889826595783233,1.0,3.8310952186584473,0.0,1.8703707456588743,[0],7.067416578531265,0.7939305752515793,0.5676449537277222,1,217.03521728515625,1.0,0.0,1.0,1.275998830795288,1.0,0.88,0.88,0.3965902024935018,2003485_1029,TMB
TMB2.56,86,86,2.4889373779296875,1.952089548110962,0.0409075282514095,0.3298970460891723,1.0,4.000775337219238,0.0,1.952089548110962,[0],6.402439385652542,0.8072381615638733,0.5890974998474121,1,217.03521728515625,1.0,0.0,1.0,1.4275165796279907,1.0,0.8813,0.8813,0.4190951494052415,2003485_1036,TMB
TMB2.57,87,87,2.379788398742676,1.96448826789856,0.0204601269215345,0.308126837015152,1.0,3.3703320026397705,0.0,1.96448826789856,[0],5.060529634356499,0.8605061173439026,0.6373292803764343,1,203.47052001953125,1.0,0.0,1.0,1.547058343887329,1.0,0.8241,0.8241,0.4519576560641312,2003532_0000,TMB
TMB2.58,88,88,2.420340061187744,2.016695737838745,0.0175477750599384,0.3239116370677948,1.0,3.489465475082397,0.0,2.016695737838745,[0],5.201488018035889,0.8331738114356995,0.6076843738555908,1,203.47052001953125,1.0,0.0,1.0,1.1654598712921145,1.0,0.8836,0.8836,0.4473726053466523,2003532_1020,TMB
TMB2.59,89,89,2.3925211429595947,1.9723868370056152,0.0372814387083053,0.3005395531654358,1.0,3.992977142333984,0.0,1.9723868370056152,[0],5.469597056508064,0.8388907164335251,0.6251599788665771,1,203.47052001953125,1.0,0.0,1.0,0.924639105796814,1.0,0.9224,0.9224,0.4837442885185309,2003532_1022,TMB
TMB2.6,90,90,1.7876125574111938,1.3315422534942627,0.0169675201177597,0.1873645335435867,1.0,4.386002540588379,0.0,1.3315422534942627,[0],3.4847202077507973,0.9259456619620324,0.7708165049552917,1,271.29400634765625,1.0,0.0,1.0,0.6086835265159607,1.0,0.9738,0.9738,0.695034362920067,2003594_0000,TMB
TMB2.60,91,91,2.198967456817627,1.6547003984451294,0.0214928928762674,0.2378930449485778,1.0,0.7000159025192261,0.0,1.6547003984451294,[0],3.774519219994545,0.8981493934988976,0.6740269660949707,1,195.33169555664065,1.0,0.0,1.0,1.1893279552459717,1.0,0.8791,0.8791,0.5321868422843679,997258_0001,TMB
TMB2.62,92,92,2.394425630569458,1.7019668817520142,0.0481602288782596,0.2861525416374206,1.0,0.862015962600708,0.0,1.7019668817520142,[0],4.551709905266762,0.8722463995218277,0.641516923904419,1,195.33169555664065,1.0,0.0,1.0,1.1087687015533447,1.0,0.895,0.895,0.5008069402616132,997258_0004,TMB
TMB2.63,93,93,2.5593419075012207,1.5007675886154177,0.0124066052958369,0.3697138130664825,1.0,0.5585842132568359,0.0,1.5007675886154177,[0],5.601132869720459,0.8443670272827148,0.6343944668769836,1,257.72930908203125,1.0,0.0,1.0,2.113230466842652,1.0,0.7798,0.7798,0.4177090483407624,997523_0000,TMB
TMB2.64,94,94,2.129840135574341,1.4040125608444214,0.0259568877518177,0.2224816679954528,1.0,0.5906085968017578,0.0,1.4040125608444214,[0],4.201565191149712,0.89992705732584,0.7290945053100586,1,257.72930908203125,1.0,0.0,1.0,1.155469536781311,1.0,0.9133,0.9133,0.5992452393151004,997523_0003,TMB
TMB2.65,95,95,2.6572470664978027,1.690001130104065,0.031390331685543,0.4453834295272827,1.0,0.6054285168647766,0.0,1.690001130104065,[0],6.487924799323082,0.8154009729623795,0.5855131149291992,1,257.72930908203125,1.0,0.0,1.0,2.742518186569214,1.0,0.6801,0.6801,0.3246987580413013,997523_0005,TMB
TMB2.66,96,96,2.2744929790496826,1.5082019567489624,0.0216156765818595,0.3876993060111999,1.0,0.5078281164169312,0.0,1.5082019567489624,[0],5.335402339696884,0.8621821105480194,0.6942358016967773,1,257.72930908203125,1.0,0.0,1.0,2.1827404499053955,1.0,0.8035,0.8035,0.4809411028904762,997523_0006,TMB
TMB2.67,97,97,2.1247873306274414,1.7240605354309082,0.0089009460061788,0.2989166975021362,1.0,0.7164946794509888,0.0,1.7240605354309082,[0],4.469565212726593,0.8830434754490852,0.7337365746498108,1,257.72930908203125,1.0,0.0,1.0,1.2439522743225098,1.0,0.907,0.907,0.5876646145131886,997523_0008,TMB
TMB2.68,98,98,2.591501951217652,1.6887861490249634,0.0283860340714454,0.382903903722763,1.0,0.6794443726539612,0.0,1.6887861490249634,[0],6.715917930006981,0.8122478425502777,0.6321084499359131,1,257.72930908203125,1.0,0.0,1.0,2.222765684127808,1.0,0.7871,0.7871,0.4041197492257311,997523_1003,TMB
TMB2.69,99,0,2.047792434692383,1.2100882530212402,0.0203430131077766,0.2479999214410781,1.0,0.4783022105693817,0.0,1.2100882530212402,[0],4.3471022844314575,0.9095625355839728,0.7454497814178467,1,257.72930908203125,1.0,0.0,1.0,1.058825135231018,1.0,0.9277,0.9277,0.6290113934586746,997523_1040,TMB
TMB2.7,100,1,2.2992396354675293,1.6581673622131348,0.0288743767887353,0.249965563416481,1.0,0.6935197114944458,0.0,1.6581673622131348,[0],4.450781971216202,0.8835903257131577,0.6551905274391174,1,203.47052001953125,1.0,0.0,1.0,1.1745946407318115,1.0,0.8791,0.8791,0.508928582148423,997791_1027,TMB
TMB2.70,101,2,2.363981008529663,1.9842400550842283,0.0157153028994798,0.3520378768444061,1.0,0.6701815724372864,0.0,1.9842400550842283,[0],4.5532416850328445,0.8698014318943024,0.6503465175628662,1,189.90582275390625,1.0,0.0,1.0,1.675911545753479,1.0,0.7994,0.7994,0.452198462363601,997915_0000,TMB
TMB2.71,102,3,2.011648416519165,2.1882312297821045,0.013275546953082,0.3177272081375122,1.0,1.30904221534729,0.0,2.1882312297821045,[0],3.880303949117661,0.8941481485962868,0.7531883716583252,1,244.16461181640625,0.3,0.0,1.0,1.9318127632141116,1.0,0.8048,0.8048,0.5420022079927349,H5_fold-0-Ana,TMB
TMB2.72,103,4,2.015913486480713,2.061151027679444,0.0108205704018473,0.2555972635746002,1.0,1.3359233140945437,0.0,2.061151027679444,[0],3.8814929723739615,0.8954176381230354,0.759280800819397,1,244.16461181640625,0.4,0.0,1.0,1.4937516450881958,1.0,0.8589,0.8589,0.5839432815905333,H5_fold-0-Bill,TMB
TMB2.73,104,5,1.768351912498474,1.6377389430999756,0.0124680055305361,0.1700766533613205,1.0,1.423725724220276,0.0,1.6377389430999756,[0],3.225245676934719,0.9285406544804572,0.810736358165741,1,244.16461181640625,0.6666666666666666,0.0,1.0,0.8232677578926086,1.0,0.9479,0.9479,0.7135807016870966,H5_fold-0-Chantal,TMB
TMB2.74,105,6,1.938010334968567,1.6046228408813477,0.0131476139649748,0.1513199359178543,1.0,1.3785855770111084,0.0,1.6046228408813477,[0],3.556299962103367,0.9129208102822304,0.765510082244873,1,244.16461181640625,0.6777777777777778,0.0,1.0,0.7677997350692749,1.0,0.9541,0.9541,0.666772865680801,H5_fold-0-Chris,TMB
TMB2.75,106,7,1.864687442779541,1.7562428712844849,0.0121032185852527,0.167721688747406,1.0,1.3451290130615234,0.0,1.7562428712844849,[0],3.5760869905352592,0.914865106344223,0.7931394577026367,1,244.16461181640625,0.6888888888888889,0.0,1.0,0.9324047565460204,1.0,0.934,0.934,0.6777249837720053,H5_fold-0-Danny,TMB
TMB2.76,107,8,1.767561912536621,1.512943148612976,0.0119765866547822,0.1332392245531082,1.0,1.421391487121582,0.0,1.512943148612976,[0],3.19737546145916,0.9278443083167076,0.8091878890991211,1,244.16461181640625,1.0,0.0,1.0,0.6026903390884399,1.0,0.9708,0.9708,0.7288770062434553,H5_fold-0-Elsa,TMB
TMB2.77,108,9,1.929466128349304,1.6762124300003052,0.0127677889540791,0.1728484332561493,1.0,1.4464019536972046,0.0,1.6762124300003052,[0],3.51415153592825,0.915369600057602,0.7815784811973572,1,244.16461181640625,0.6888888888888889,0.0,1.0,0.7769632339477539,1.0,0.9525,0.9525,0.6814501056142583,H5_fold-0-Fay,TMB
TMB2.78,109,10,1.9893853664398196,1.8580639362335205,0.0193040370941162,0.2214010655879974,1.0,1.2957249879837036,0.0,1.8580639362335205,[0],3.886383026838303,0.9063244983553886,0.7721970081329346,1,244.16461181640625,0.6111111111111112,0.0,1.0,1.1400915384292605,1.0,0.9137,0.9137,0.6394630560294308,H5_fold-0-Flanklin,TMB
TMB2.79,110,11,2.0686755180358887,2.0153884887695312,0.0246666390448808,0.2721510231494903,1.0,1.379780411720276,0.0,2.0153884887695312,[0],4.271482899785042,0.8855705410242081,0.7315021753311157,1,244.16461181640625,0.3111111111111111,0.0,1.0,1.4602792263031006,1.0,0.865,0.865,0.5603442122506325,H5_fold-0-Hermine,TMB
TMB2.8,111,12,1.732426643371582,2.091748714447021,0.0101123452186584,0.231835663318634,1.0,1.3141021728515625,0.0,2.091748714447021,[0],3.466574437916279,0.9202323481440544,0.8038399815559387,1,244.16461181640625,0.3222222222222222,0.0,1.0,1.2742401361465454,1.0,0.8869,0.8869,0.6560572722291187,H5_fold-0-Larry,TMB
TMB2.80,112,13,1.981125831604004,1.9007172584533687,0.0319822691380977,0.3327381312847137,1.0,1.156825304031372,0.0,1.9007172584533687,[0],3.815045557916165,0.9137113764882088,0.7542829513549805,1,303.84930419921875,0.5089285714285714,0.0,1.0,1.5001451969146729,1.0,0.8932,0.8932,0.6155906833562729,H6_fold-C-Cyrus,TMB
TMB2.81,113,14,1.960456371307373,1.763060212135315,0.0164262484759092,0.2853334248065948,1.0,1.1759403944015503,0.0,1.763060212135315,[0],3.565673105418682,0.9180155247449876,0.7564990520477295,1,303.84930419921875,0.4910714285714285,0.0,1.0,1.175092339515686,1.0,0.9231,0.9231,0.641072525706035,H6_fold-C-Dan,TMB
TMB2.82,114,15,2.0449020862579346,1.8851203918457031,0.0141524942591786,0.3131231069564819,1.0,1.0774964094161987,0.0,1.8851203918457031,[0],3.9897037893533702,0.9035292938351632,0.7360878586769104,1,303.84930419921875,0.5267857142857143,0.0,1.0,1.3056963682174685,1.0,0.9053,0.9053,0.6020941566345878,H6_fold-C-Max,TMB
TMB2.83,115,16,2.2038609981536865,1.641197681427002,0.0156530272215604,0.2500417530536651,1.0,1.0868138074874878,0.0,1.641197681427002,[0],4.691725015640259,0.8712597787380219,0.7085122466087341,1,303.84930419921875,0.5446428571428571,0.0,1.0,0.9684833884239196,1.0,0.946,0.946,0.5839641191599751,H6_fold-C-Melvin,TMB
TMB2.84,116,17,1.6932178735733032,1.9818345308303835,0.0126314787194132,0.3047932088375091,1.0,1.2087754011154177,0.0,1.9818345308303835,[0],3.219076059758663,0.9320005550980568,0.807267427444458,1,303.84930419921875,0.4464285714285714,0.0,1.0,1.451401948928833,1.0,0.8898,0.8898,0.6694621097987273,H6_fold-C-Moca,TMB
TMB2.85,117,18,2.0420947074890137,1.7873388528823853,0.0125838881358504,0.2819724380970001,1.0,1.096010446548462,0.0,1.7873388528823853,[0],4.055077433586121,0.8963315114378929,0.7555810213088989,1,303.84930419921875,0.4285714285714285,0.0,1.0,1.2450097799301147,0.9099,0.9163,0.9163,0.6205651635443835,H6_fold-C-Paul,TMB
TMB2.86,118,19,2.003988265991211,1.470502853393555,0.0175100471824407,0.2058565765619278,1.0,1.175872564315796,0.0,1.470502853393555,[0],3.8597498759627342,0.9052937924861908,0.7305023074150085,1,303.84930419921875,1.0,0.0,1.0,0.8177040815353394,1.0,0.9628,0.9628,0.6367181298996994,H6_fold-C-Rei,TMB
TMB2.87,119,20,2.0386765003204346,1.936362862586975,0.0135113345459103,0.2353073209524154,1.0,1.143386721611023,0.0,1.936362862586975,[0],3.81949769705534,0.9031139612197876,0.7524470090866089,1,306.562255859375,0.4424778761061947,0.0,1.0,1.1049789190292358,1.0,0.9324,0.9324,0.6336081300128577,H6_fold-U-Cacyd,TMB
TMB2.88,120,21,1.9706380367279053,2.006669759750366,0.0115663856267929,0.2554844617843628,1.0,1.1207516193389893,0.0,2.006669759750366,[0],3.856484681367874,0.8989686518907547,0.797982931137085,1,306.562255859375,0.4867256637168141,0.0,1.0,1.1683131456375122,1.0,0.9251,0.9251,0.6636312530124114,H6_fold-U-Hatake,TMB
TMB2.89,121,22,2.021458148956299,1.783944606781006,0.0122830215841531,0.2240634858608245,1.0,1.1162034273147583,0.0,1.783944606781006,[0],3.893401220440865,0.8986519426107407,0.7600581645965576,1,306.562255859375,0.5486725663716814,0.0,1.0,1.062677025794983,1.0,0.9433,0.9433,0.6443000729073086,H6_fold-U-Kazi,TMB
TMB2.9,122,23,2.2479193210601807,1.986270785331726,0.0226777512580156,0.2539422214031219,1.0,1.11896014213562,0.0,1.986270785331726,[0],5.001785233616829,0.865305557847023,0.7366718053817749,1,306.562255859375,0.4690265486725664,0.0,1.0,1.1761741638183594,1.0,0.9222,0.9222,0.5878528925620796,H6_fold-U-Morit,TMB
1998469_0000,123,24,2.0785813331604004,1.6096479892730713,0.0102046485990285,0.1844268590211868,1.0,1.136518120765686,0.0,1.6096479892730713,[0],4.019542545080185,0.8917709141969681,0.757165789604187,1,306.562255859375,1.0,0.0,1.0,0.6495295763015747,1.0,0.9753,0.9753,0.6585405332126634,H6_fold-U-Nomur,Foldit
1998520_0002,124,25,1.9451189041137693,1.7533292770385742,0.0221339110285043,0.2154471725225448,1.0,1.151352047920227,0.0,1.7533292770385742,[0],3.90836101770401,0.8969314023852348,0.7690695524215698,1,306.562255859375,0.5398230088495575,0.0,1.0,0.9492149353027344,1.0,0.9511,0.9511,0.6560712834714041,H6_fold-U-Sait,Foldit
1998555_1041,125,26,2.0208117961883545,1.8591933250427248,0.0112478146329522,0.2385377287864685,1.0,1.139633297920227,0.0,1.8591933250427248,[0],3.9772047251462936,0.8930732533335686,0.7499434947967529,1,306.562255859375,0.4513274336283185,0.0,1.0,1.1093789339065552,1.0,0.9353,0.9353,0.6264213620710553,H6_fold-U-Sho,Foldit
2000240_0002,126,27,2.0759105682373047,1.9345277547836304,0.013063914142549,0.2586655020713806,1.0,1.105424880981445,0.0,1.9345277547836304,[0],4.159450486302376,0.8826055899262428,0.7599049210548401,1,306.562255859375,0.5132743362831859,0.0,1.0,1.2536815404891968,1.0,0.9185,0.9185,0.6160345801479219,H6_fold-U-Takin,Foldit
2000485_1070,127,28,1.9571967124938965,1.7287847995758057,0.0217130556702613,0.2991528809070587,1.0,1.187870979309082,0.0,1.7287847995758057,[0],3.912696287035942,0.9038208946585656,0.7784766554832458,1,328.2657470703125,1.0,0.0,1.0,1.2092643976211548,1.0,0.9232,0.9232,0.6495667209464361,H6_fold-Z-Gogy,Foldit
2000518_0000,128,29,1.8447320461273196,1.946721076965332,0.016284242272377,0.3517442941665649,1.0,1.1564737558364868,0.0,1.946721076965332,[0],3.7686810418963432,0.908449910581112,0.796901524066925,1,328.2657470703125,0.3636363636363636,0.0,1.0,1.6337608098983765,1.0,0.8707,0.8707,0.6303390144868748,H6_fold-Z-Hoto,Foldit
2000518_0003,129,30,2.021172046661377,2.129331588745117,0.0129625825211405,0.4233797192573547,1.0,1.128377079963684,0.0,2.129331588745117,[0],4.3870828449726105,0.8819700703024864,0.7572166919708252,1,328.2657470703125,0.2892561983471074,0.0,1.0,2.3996756076812744,1.0,0.7695,0.7695,0.5139047722403023,H6_fold-Z-Kome,Foldit
2000665_1003,130,31,2.061580181121826,1.8499611616134644,0.0207191593945026,0.3198224008083343,1.0,1.1258816719055176,0.0,1.8499611616134644,[0],4.608776092529297,0.8803206905722618,0.7502195835113525,1,328.2657470703125,0.3471074380165289,0.0,1.0,1.5457855463027954,1.0,0.8886,0.8886,0.5868614940848456,H6_fold-Z-Nazu,Foldit
2001044_0000,131,32,1.912207126617432,2.0115959644317627,0.0110206026583909,0.373704195022583,1.0,1.1385467052459717,0.0,2.0115959644317627,[0],4.04083363711834,0.8963708654046059,0.7742660641670227,1,328.2657470703125,0.3057851239669421,0.0,1.0,1.7554926872253418,1.0,0.8829,0.8829,0.6127586826236882,H6_fold-Z-Seri,Foldit
2002089_0001,132,33,1.9832229614257808,1.7777096033096311,0.0332600511610507,0.357414960861206,1.0,1.2240370512008667,0.0,1.7777096033096311,[0],4.386053651571274,0.899162769317627,0.7759879231452942,1,328.2657470703125,0.3636363636363636,0.0,1.0,1.416278839111328,1.0,0.9065,0.9065,0.6325008113636812,H6_fold-Z-Siro,Foldit
2002089_1029,133,34,1.95276939868927,1.965624213218689,0.0188208371400833,0.3746917247772217,1.0,1.19488525390625,0.0,1.965624213218689,[0],4.097807437181473,0.9079267755150796,0.7896511554718018,1,328.2657470703125,0.3223140495867768,0.0,1.0,1.7010661363601685,1.0,0.8723,0.8723,0.625391496294214,H6_fold-Z-Suzu,Foldit
2002243_1016,134,35,1.909603476524353,1.785242795944214,0.0149840358644723,0.3089906573295593,1.0,1.1277915239334106,0.0,1.785242795944214,[0],4.011692404747009,0.9007070437073708,0.7995225787162781,1,347.25634765625,0.4609375,0.0,1.0,1.4938689470291138,1.0,0.9059,0.9059,0.652370856575241,H7_fold-K-Chario,Foldit
2002308_0000,135,36,1.9861226081848145,1.7795547246932983,0.0220273118466138,0.3026529252529144,1.0,1.1726123094558716,0.0,1.7795547246932983,[0],4.16895666718483,0.90767902135849,0.7925381660461426,1,347.25634765625,0.453125,0.0,1.0,1.439602971076965,1.0,0.9067,0.9067,0.6522530210399519,H7_fold-K-Dark,Foldit
2002308_0005,136,37,1.9415853023529053,2.070622444152832,0.0262689962983131,0.3994753956794739,1.0,1.2153527736663818,0.0,2.070622444152832,[0],4.030510753393173,0.9003568738698959,0.7964732646942139,1,347.25634765625,0.5078125,0.0,1.0,1.878255605697632,1.0,0.8555,0.8555,0.6134877578958434,H7_fold-K-Jazzbird,Foldit
2002334_0005,137,38,2.000607967376709,1.4057517051696775,0.0329159051179885,0.2037878036499023,1.0,1.2735657691955566,0.0,1.4057517051696775,[0],4.333896920084953,0.8999795317649841,0.7840562462806702,1,347.25634765625,1.0,0.0,1.0,0.959705650806427,1.0,0.9574,0.9574,0.6755745405780319,H7_fold-K-Mussoc,Foldit
2002376_0000,138,39,2.0370302200317383,1.85515570640564,0.0357300229370594,0.3463541865348816,1.0,1.2150989770889282,0.0,1.85515570640564,[0],4.44989874958992,0.8881205692887306,0.7615094184875488,1,347.25634765625,0.453125,0.0,1.0,1.7137621641159058,1.0,0.8802,0.8802,0.5952899793096382,H7_fold-K-NewWave,Foldit
2002376_0003,139,40,1.802587985992432,1.4536151885986328,0.0255284532904624,0.2352755963802337,1.0,1.2774995565414429,0.0,1.4536151885986328,[0],3.562075547873974,0.9248538687825204,0.8191795349121094,1,347.25634765625,0.7109375,0.0,1.0,0.8693027496337891,1.0,0.9613,0.9613,0.7283014153780111,H7_fold-K-R3,Foldit
2002469_0001,140,41,1.6997992992401123,1.957477688789368,0.0247102342545986,0.3181396126747131,1.0,1.2140649557113647,0.0,1.957477688789368,[0],3.466033510863781,0.9257321506738664,0.8406381011009216,1,347.25634765625,0.453125,0.0,1.0,1.538852334022522,1.0,0.8944,0.8944,0.696027193526781,H7_fold-K-Rush,Foldit
2002486_0006,141,42,1.8033206462860107,1.7497411966323853,0.0264882855117321,0.2929123640060425,1.0,1.2353299856185913,0.0,1.7497411966323853,[0],3.772370293736458,0.9191087111830712,0.8242142200469971,1,347.25634765625,0.40625,0.0,1.0,1.2342473268508911,1.0,0.9275,0.9275,0.7026206404855094,H7_fold-K-Third,Foldit
2002486_1012,142,43,1.6577683687210083,1.6344367265701294,0.0087566105648875,0.3377510607242584,1.0,7.432421684265137,0.0,1.6344367265701294,[0],3.461696393787861,0.9240374118089676,0.7870762348175049,1,295.71051025390625,0.9908256880733946,0.0,1.0,0.9025403261184692,1.0,0.952,0.952,0.6923780683450929,HBI_b_01,Foldit
2002486_1048,143,44,1.9007506370544436,1.6602394580841064,0.0104950964450836,0.3141467869281769,1.0,6.778561115264893,0.0,1.6602394580841064,[0],4.523315623402596,0.8873153552412987,0.7586712837219238,1,295.71051025390625,1.0,0.0,1.0,1.2302576303482056,1.0,0.9265,0.9265,0.6237018996744997,HBI_b_02,Foldit
2002544_0000,144,45,1.866944909095764,1.819590210914612,0.0084056509658694,0.3602522313594818,1.0,6.677369594573975,0.0,1.819590210914612,[0],4.619442194700241,0.8726566433906555,0.7431763410568237,1,295.71051025390625,1.0,0.0,1.0,1.3838015794754028,1.0,0.9114,0.9114,0.5910773247026647,HBI_b_03,Foldit
2002553_0000,145,46,1.7816455364227295,1.452292561531067,0.0111660351976752,0.2701683938503265,1.0,7.380634784698486,0.0,1.452292561531067,[0],3.614911556243897,0.9201374351978302,0.7738511562347412,1,295.71051025390625,0.9908256880733946,0.0,1.0,0.6436780095100403,1.0,0.9746,0.9746,0.6939633629023934,HBI_b_04,Foldit
2002565_0002,146,47,1.8999042510986328,1.6489522457122805,0.0135641079396009,0.3299166560173034,1.0,7.14251708984375,0.0,1.6489522457122805,[0],4.439356446266174,0.8873226344585419,0.7482548952102661,1,295.71051025390625,0.9908256880733946,0.0,1.0,0.9126444458961488,1.0,0.9516,0.9516,0.631808639229033,HBI_b_07,Foldit
2002590_0001,147,48,1.6267377138137815,1.5295422077178955,0.0079866247251629,0.2890196144580841,1.0,7.535965919494629,0.0,1.5295422077178955,[0],3.28365170955658,0.9300567060709,0.7985007762908936,1,295.71051025390625,1.0,0.0,1.0,0.9346415996551514,1.0,0.9582,0.9582,0.7116081899172526,HBI_b_08,Foldit
2002613_0004,148,49,1.7457067966461182,1.6701738834381104,0.0134593788534402,0.3286846876144409,1.0,7.290563583374023,0.0,1.6701738834381104,[0],4.027359426021576,0.9046307504177094,0.7807245850563049,1,295.71051025390625,1.0,0.0,1.0,1.0421215295791626,1.0,0.9439,0.9439,0.6666458623363687,HBI_b_09,Foldit
2002713_0000,149,50,1.7851461172103882,1.6222869157791138,0.01219994854182,0.3360333144664764,1.0,7.338196277618408,0.0,1.6222869157791138,[0],3.855910263955593,0.910782776772976,0.7760376930236816,1,295.71051025390625,0.9908256880733946,0.0,1.0,1.1338562965393066,1.0,0.9402,0.9402,0.6645350193896334,HBI_b_10,Foldit
2002713_0004,150,51,1.911617875099182,1.7300894260406494,0.0113242827355861,0.3543140292167663,1.0,6.992189884185791,0.0,1.7300894260406494,[0],4.693207830190659,0.8772502839565277,0.739066481590271,1,295.71051025390625,1.0,0.0,1.0,1.2240839004516602,1.0,0.9305,0.9305,0.6032862143195888,HBI_b_13,Foldit
2002713_1006,151,52,1.7507002353668213,1.63714599609375,0.0069818831980228,0.3222558200359344,1.0,7.259410858154297,0.0,1.63714599609375,[0],3.934724628925324,0.9074022248387336,0.7707111835479736,1,295.71051025390625,0.9908256880733946,0.0,1.0,1.2648491859436035,1.0,0.9391,0.9391,0.6567549295615599,HBI_b_14,Foldit
2002745_0000,152,53,1.753943681716919,1.5599838495254517,0.0092921406030654,0.3134788274765014,1.0,7.308004379272461,0.0,1.5599838495254517,[0],3.640022858977318,0.916406475007534,0.778840184211731,1,295.71051025390625,1.0,0.0,1.0,0.9345648288726808,1.0,0.9568,0.9568,0.6829008708943985,HBI_b_15,Foldit
2002745_0001,153,54,1.5235191583633425,1.7167036533355713,0.0088330386206507,0.3368858098983764,1.0,7.880125522613525,0.0,1.7167036533355713,[0],3.2111924290657043,0.9366980120539664,0.8160874843597412,1,295.71051025390625,1.0,0.0,1.0,0.9519384503364564,1.0,0.9476,0.9476,0.724371521990569,HBI_b_16,Foldit
2002745_0003,154,55,1.5347018241882324,1.6405608654022217,0.0059889494441449,0.2944845557212829,1.0,7.576552391052246,0.0,1.6405608654022217,[0],3.163034215569496,0.9392664171755314,0.8049034476280212,1,295.71051025390625,0.9908256880733946,0.0,1.0,0.8164549469947815,1.0,0.9601,0.9601,0.7258536282065149,HBI_b_17,Foldit
2002745_0004,155,56,1.8407853841781616,1.514102578163147,0.0083555094897747,0.284058541059494,1.0,7.104556560516357,0.0,1.514102578163147,[0],4.273306161165237,0.8901272639632225,0.7665843367576599,1,295.71051025390625,1.0,0.0,1.0,0.7585548162460327,1.0,0.9681,0.9681,0.6605904102521798,HBI_b_19,Foldit
2002745_0008,156,57,1.734706997871399,1.630049467086792,0.0090068969875574,0.3230933248996734,1.0,7.348652362823486,0.0,1.630049467086792,[0],3.695097178220749,0.9152605161070824,0.7855072021484375,1,295.71051025390625,1.0,0.0,1.0,0.8702371120452881,1.0,0.9549,0.9549,0.6865193651454953,HBI_b_20,Foldit
2002766_0000,157,58,1.6905245780944824,1.7345601320266724,0.0096252718940377,0.3811841309070587,1.0,7.208364963531494,0.0,1.7345601320266724,[0],3.939392030239105,0.9036182761192322,0.7795634865760803,1,295.71051025390625,1.0,0.0,1.0,1.0969741344451904,1.0,0.9364,0.9364,0.659626204903538,HBI_b_21,Foldit
2002766_0001,158,59,1.6490826606750488,1.647932529449463,0.0100141791626811,0.2968367338180542,1.0,7.660894393920898,0.0,1.647932529449463,[0],3.457517027854919,0.9276587218046188,0.8121396899223328,1,295.71051025390625,1.0,0.0,1.0,1.050605535507202,1.0,0.9462,0.9462,0.7128561671727586,HBI_b_22,Foldit
2002766_0002,159,60,1.5702067613601685,1.5838909149169922,0.0059938691556453,0.2877646088600158,1.0,7.464521408081055,0.0,1.5838909149169922,[0],3.546394668519497,0.9239104613661766,0.8058679699897766,1,295.71051025390625,0.9908256880733946,0.0,1.0,0.7854841351509094,1.0,0.9636,0.9636,0.717448233487972,HBI_b_23,Foldit
2002766_0003,160,61,1.834417462348938,1.5835336446762085,0.0084975929930806,0.3104639947414398,1.0,7.081346035003662,0.0,1.5835336446762085,[0],4.2698675096035,0.8896930143237114,0.7399194240570068,1,295.71051025390625,1.0,0.0,1.0,0.9171220064163208,1.0,0.9551,0.9551,0.62874342143665,HBI_b_25,Foldit
2002766_0004,161,62,1.681672215461731,1.634422779083252,0.0080908825621008,0.3327938318252563,1.0,7.662746429443359,0.0,1.634422779083252,[0],3.631609156727791,0.9185509756207466,0.777597188949585,1,295.71051025390625,0.9908256880733946,0.0,1.0,1.1494910717010498,1.0,0.9421,0.9421,0.67290684873537,HBI_b_26,Foldit
2002766_0006,162,63,1.6756742000579834,1.670823574066162,0.0086980946362018,0.3432428240776062,1.0,7.283212661743164,0.0,1.670823574066162,[0],3.860433541238308,0.9089377000927924,0.7845668196678162,1,295.71051025390625,1.0,0.0,1.0,0.9923390746116638,1.0,0.9455,0.9455,0.6742571919832115,HBI_b_27,Foldit
2002787_0005,163,64,1.7562090158462524,1.6381088495254517,0.0085045481100678,0.3086605668067932,1.0,7.179213523864746,0.0,1.6381088495254517,[0],3.927068501710892,0.9065859690308572,0.772911548614502,1,295.71051025390625,1.0,0.0,1.0,0.8454456329345703,1.0,0.9567,0.9567,0.6703699891393757,HBI_b_28,Foldit
2002922_1013,164,65,1.6314631700515747,1.6380730867385864,0.0063363146036863,0.292684942483902,1.0,7.449568271636963,0.0,1.6380730867385864,[0],3.4847463071346283,0.924473024904728,0.7976571321487427,1,295.71051025390625,0.9908256880733946,0.0,1.0,0.9125913381576538,1.0,0.9524,0.9524,0.702311666708966,HBI_b_29,Foldit
2002922_1018,165,66,1.679399013519287,1.6575056314468384,0.0074889357201755,0.3257507979869842,1.0,7.437307834625244,0.0,1.6575056314468384,[0],3.927257433533669,0.902684859931469,0.7829132676124573,1,295.71051025390625,1.0,0.0,1.0,1.025617003440857,1.0,0.9458,0.9458,0.668419515043662,HBI_b_31,Foldit
2002949_0000,166,67,1.7496668100357056,1.5871270895004272,0.0125264348462224,0.3008841276168823,1.0,7.602118968963623,0.0,1.5871270895004272,[0],3.8665398731827736,0.914735607802868,0.7914376854896545,1,295.71051025390625,0.9908256880733946,0.0,1.0,0.8767478466033936,1.0,0.9552,0.9552,0.6915229930685778,HBI_b_32,Foldit
2002949_0007,167,68,1.7116822004318235,1.7064567804336548,0.0099407723173499,0.352212518453598,1.0,7.184349536895752,0.0,1.7064567804336548,[0],4.026122823357582,0.8995493948459625,0.7760612368583679,1,295.71051025390625,1.0,0.0,1.0,1.0546444654464722,1.0,0.943,0.943,0.6583134072685308,HBI_b_33,Foldit
2002990_0006,168,69,1.8828521966934204,1.73344624042511,0.0130533287301659,0.347001165151596,1.0,6.999058246612549,0.0,1.73344624042511,[0],4.3862194865942,0.8901005536317825,0.7423721551895142,1,295.71051025390625,1.0,0.0,1.0,1.2402833700180054,1.0,0.9295,0.9295,0.6142004627583882,HBI_b_34,Foldit
2002990_1031,169,70,2.083385467529297,1.6619566679000854,0.0128932427614927,0.2850122153759002,1.0,6.594412326812744,0.0,1.6619566679000854,[0],5.012722492218018,0.857631728053093,0.703589916229248,1,295.71051025390625,1.0,0.0,1.0,0.8291770219802856,1.0,0.9588,0.9588,0.5785600890257284,HBI_b_35,Foldit
2002990_1039,170,71,1.6552294492721558,1.5983521938323977,0.0086494348943233,0.31739541888237,1.0,7.480055332183838,0.0,1.5983521938323977,[0],3.391541711986065,0.9261394664645196,0.7988987565040588,1,295.71051025390625,1.0,0.0,1.0,0.8199556469917297,1.0,0.9601,0.9601,0.7103699905503343,HBI_b_37,Foldit
2003048_0003,171,72,1.9048105478286743,1.6724637746810913,0.0127381859347224,0.3265202939510345,1.0,7.28076171875,0.0,1.6724637746810913,[0],4.429217875003815,0.8883303999900818,0.734942615032196,1,295.71051025390625,0.9908256880733946,0.0,1.0,0.9660310745239258,1.0,0.9476,0.9476,0.6186613813410069,HBI_b_38,Foldit
2003048_0005,172,73,1.80491840839386,1.738731026649475,0.0105667207390069,0.3512043058872223,1.0,7.136850357055664,0.0,1.738731026649475,[0],3.835965253412724,0.9089515283703804,0.7733348608016968,1,295.71051025390625,1.0,0.0,1.0,1.076480269432068,1.0,0.9359,0.9359,0.6578664814426918,HBI_b_39,Foldit
2003048_1024,173,74,1.7508925199508667,1.5361393690109253,0.011492770165205,0.2966160178184509,1.0,7.29698896408081,0.0,1.5361393690109253,[0],3.484866179525852,0.9222434163093568,0.7743746638298035,1,295.71051025390625,0.9908256880733946,0.0,1.0,0.8471246957778931,1.0,0.9629,0.9629,0.6876665276677293,HBI_b_40,Foldit
2003048_1050,174,75,1.7509095668792725,1.8038303852081297,0.0141668524593114,0.3779256641864776,1.0,7.028611183166504,0.0,1.8038303852081297,[0],4.092153802514076,0.8952823653817177,0.780182421207428,1,295.71051025390625,1.0,0.0,1.0,1.1709860563278198,1.0,0.929,0.929,0.6488912304801864,HBI_b_41,Foldit
2003205_0000,175,76,1.6113178730010986,1.600269436836243,0.0074828127399086,0.3110024333000183,1.0,7.452247619628906,0.0,1.600269436836243,[0],3.489998981356621,0.922034613788128,0.8013415336608887,1,295.71051025390625,1.0,0.0,1.0,0.8271743059158325,1.0,0.9604,0.9604,0.709605592093948,HBI_b_43,Foldit
2003205_0002,176,77,1.6322866678237915,1.74521803855896,0.0075308992527425,0.3204393982887268,1.0,7.557589530944824,0.0,1.74521803855896,[0],3.1819419488310814,0.9365617260336876,0.8012456893920898,1,295.71051025390625,0.9908256880733946,0.0,1.0,1.1065685749053955,1.0,0.9415,0.9415,0.7065167071528123,HBI_b_44,Foldit
2003205_0003,177,78,1.7744112014770508,1.5943843126296997,0.0081556625664234,0.307861715555191,1.0,7.225790977478027,0.0,1.5943843126296997,[0],3.6469618305563927,0.91411155462265,0.7813239693641663,1,295.71051025390625,1.0,0.0,1.0,0.8931427597999573,1.0,0.9563,0.9563,0.6830059736747334,HBI_b_45,Foldit
2003205_0006,178,79,1.8046362400054927,1.613272786140442,0.0114475898444652,0.3326635360717773,1.0,7.329690933227539,0.0,1.613272786140442,[0],4.557007849216461,0.8825554177165031,0.7458884716033936,1,295.71051025390625,0.9908256880733946,0.0,1.0,0.9429461359977722,1.0,0.9517,0.9517,0.6264926054943282,HBI_b_46,Foldit
2003205_0008,179,80,1.5378735065460205,1.598562717437744,0.0068413652479648,0.3079409599304199,1.0,7.803938865661621,0.0,1.598562717437744,[0],3.043507352471352,0.9413165114820004,0.8162431716918945,1,295.71051025390625,1.0,0.0,1.0,0.8792600631713867,1.0,0.9573,0.9573,0.7355349213298723,HBI_b_49,Foldit
2003205_1035,180,81,1.374172925949097,1.6428108215332031,0.007234854158014,0.3153336346149444,1.0,8.373525619506836,0.0,1.6428108215332031,[0],2.869568817317486,0.948966734111309,0.8413537740707397,1,295.71051025390625,1.0,0.0,1.0,0.99259352684021,1.0,0.9622,0.9622,0.7682365903187155,HBI_b_50,Foldit
2003245_0004,181,82,1.897100806236267,1.7062448263168335,0.0104251476004719,0.3529588282108307,1.0,6.943617343902588,0.0,1.7062448263168335,[0],4.352809965610504,0.8873316645622253,0.750917911529541,1,295.71051025390625,1.0,0.0,1.0,1.0126173496246338,1.0,0.9438,0.9438,0.6288664362773426,HBI_b_53,Foldit
2003265_0007,182,83,1.7841767072677612,1.4936617612838743,0.0111901247873902,0.2908937036991119,1.0,7.483053207397461,0.0,1.4936617612838743,[0],3.638131693005562,0.9192054122686386,0.7764366865158081,1,295.71051025390625,0.9908256880733946,0.0,1.0,0.7269009947776794,1.0,0.9693,0.9693,0.6917940670302108,HBI_b_55,Foldit
2003265_1034,183,84,1.8284833431243896,1.6440081596374512,0.0109874811023473,0.331696093082428,1.0,7.241960525512695,0.0,1.6440081596374512,[0],3.975393936038017,0.903200626373291,0.7639380693435669,1,295.71051025390625,0.9908256880733946,0.0,1.0,1.212604522705078,1.0,0.9352,0.9352,0.6452780333318623,HBI_b_56,Foldit
2003285_0000,184,85,2.056981086730957,2.052246570587158,0.0095787020400166,0.3211171329021454,1.0,3.5149595737457275,0.0,2.052246570587158,[0],4.514312028884888,0.8734912872314453,0.7621473670005798,1,274.0069580078125,0.3762376237623762,0.0,1.0,1.3205437660217283,1.0,0.9013,0.9013,0.6000216240053137,NF1-01,Foldit
2003308_0004,185,86,1.9914957284927368,1.8876103162765503,0.0101346848532557,0.2954208552837372,1.0,3.7991669178009033,0.0,1.8876103162765503,[0],4.259291023015976,0.8820531293749809,0.7557773590087891,1,274.0069580078125,0.3366336633663366,0.0,1.0,1.1970875263214111,1.0,0.9194,0.9194,0.6129049403837292,NF1-02,Foldit
2003308_0005,186,87,2.0520713329315186,1.9010437726974487,0.0092471037060022,0.3076657354831695,1.0,3.527066469192505,0.0,1.9010437726974487,[0],4.466157972812653,0.8798830956220627,0.7557613849639893,1,274.0069580078125,0.3267326732673267,0.0,1.0,1.1155465841293335,1.0,0.9255,0.9255,0.6154405327656792,NF1-03,Foldit
2003308_0009,187,88,2.129444122314453,1.9917434453964236,0.0084922453388571,0.3348813354969024,1.0,3.309445142745972,0.0,1.9917434453964236,[0],4.77258275449276,0.8595899343490601,0.7294233441352844,1,274.0069580078125,0.297029702970297,0.0,1.0,1.3303941488265991,1.0,0.9036,0.9036,0.5665616859203214,NF1-04,Foldit
2003308_1010,188,89,1.997589349746704,1.94726836681366,0.0086254673078656,0.295587420463562,1.0,3.46211838722229,0.0,1.94726836681366,[0],4.448256105184555,0.8818511590361595,0.7715966701507568,1,274.0069580078125,0.297029702970297,0.0,1.0,1.167082905769348,1.0,0.9188,0.9188,0.6251822243489582,NF1-05,Foldit
2003333_0000,189,90,2.232111930847168,1.983799934387207,0.00749226892367,0.3012343049049377,1.0,3.2526330947875977,0.0,1.983799934387207,[0],5.126449286937714,0.851454883813858,0.7102881669998169,1,274.0069580078125,0.3168316831683168,0.0,1.0,1.224762797355652,1.0,0.9133,0.9133,0.5523440476082742,NF1-06,Foldit
2003333_0005,190,91,1.843010187149048,1.6820461750030518,0.0122996680438518,0.2398489713668823,1.0,3.9859578609466553,0.0,1.6820461750030518,[0],3.587094694375992,0.9053361639380456,0.7943159341812134,1,274.0069580078125,0.5247524752475248,0.0,1.0,0.7960638999938965,1.0,0.9578,0.9578,0.6887759527044511,NF1-07,Foldit
2003333_0006,191,92,1.8704445362091064,1.830921649932861,0.0151203358545899,0.2470151335000991,1.0,3.999903917312622,0.0,1.830921649932861,[0],3.7369504272937775,0.9006333500146866,0.7941564917564392,1,274.0069580078125,0.6039603960396039,0.0,1.0,0.9692918062210084,1.0,0.9406,0.9406,0.6727583386030859,NF1-08,Foldit
2003333_1006,192,93,2.0127663612365723,1.7844871282577517,0.0264712423086166,0.250674158334732,1.0,4.02524471282959,0.0,1.7844871282577517,[0],4.058701783418655,0.8889023289084435,0.7519153356552124,1,274.0069580078125,0.495049504950495,0.0,1.0,1.194849729537964,1.0,0.9312,0.9312,0.6223947976470869,NF1-09,Foldit
2003333_1013,193,94,1.928394198417664,1.7033971548080444,0.0303469449281692,0.2724080979824066,1.0,4.103112697601318,0.0,1.7033971548080444,[0],3.857706271111965,0.8970937803387642,0.7833675742149353,1,274.0069580078125,0.5445544554455446,0.0,1.0,0.9354655742645264,1.0,0.9526,0.9526,0.6694436304841425,NF1-10,Foldit
2003360_0005,194,95,1.885734796524048,1.5618171691894531,0.0104315774515271,0.2040661573410034,1.0,3.894016742706299,0.0,1.5618171691894531,[0],3.545335449278354,0.9043477103114128,0.7893058061599731,1,274.0069580078125,0.7227722772277227,0.0,1.0,0.863563060760498,1.0,0.9607,0.9607,0.6857542874238,NF1-11,Foldit
2003360_1013,195,96,1.847314953804016,1.765929937362671,0.0155714619904756,0.2526774108409881,1.0,4.066059112548828,0.0,1.765929937362671,[0],3.5392457470297813,0.9055360779166222,0.79628586769104,1,274.0069580078125,0.5643564356435643,0.0,1.0,0.9446271061897278,1.0,0.9418,0.9418,0.6790995646843688,NF1-12,Foldit
2003382_0002,196,97,1.894972324371338,1.795032024383545,0.0085479551926255,0.3009120523929596,1.0,4.003302097320557,0.0,1.795032024383545,[0],3.680799566209316,0.9008963406085968,0.7882152795791626,1,274.0069580078125,0.5544554455445545,0.0,1.0,1.0571815967559814,1.0,0.939,0.939,0.6667841450645859,NF1-13,Foldit
2003382_0004,197,98,1.735294222831726,1.512887954711914,0.0110024055466055,0.1960630714893341,1.0,4.05296802520752,0.0,1.512887954711914,[0],3.213164895772934,0.9172461852431296,0.8226587772369385,1,274.0069580078125,1.0,0.0,1.0,0.6473720669746399,1.0,0.9712,0.9712,0.7328487031722515,NF1-14,Foldit
2003382_0009,198,99,2.0288004875183105,1.77042818069458,0.0189258437603712,0.2608061134815216,1.0,3.9449753761291504,0.0,1.77042818069458,[0],4.520756959915161,0.867479607462883,0.7527168989181519,1,274.0069580078125,0.5445544554455446,0.0,1.0,0.8750588893890381,1.0,0.9487,0.9487,0.6194693754759817,NF1-15,Foldit
2003382_1021,199,0,2.0154550075531006,1.8013750314712524,0.0189474560320377,0.2432603389024734,1.0,3.857200145721436,0.0,1.8013750314712524,[0],4.308623015880585,0.8813944533467293,0.7659747004508972,1,274.0069580078125,0.5544554455445545,0.0,1.0,1.0058554410934448,1.0,0.9344,0.9344,0.6308375964651272,NF1-16,Foldit
2003414_1018,200,1,2.039031505584717,2.0391523838043213,0.0379693917930126,0.2113533914089203,1.0,4.507440567016602,0.0,2.0391523838043213,[0],3.604118883609772,0.9078864976763724,0.6862619519233704,1,179.05404663085938,0.5454545454545454,0.0,1.0,1.0611313581466677,1.0,0.8862,0.8862,0.5521451021699543,NF2-01,Foldit
2003455_0001,201,2,1.9506802558898928,1.7869116067886353,0.0172048136591911,0.190922349691391,1.0,4.44154167175293,0.0,1.7869116067886353,[0],3.3404984772205357,0.9044782444834708,0.7095661163330078,1,179.05404663085938,1.0,0.0,1.0,0.9348841905593872,1.0,0.935,0.935,0.6000709527548541,NF2-02,Foldit
2003455_0002,202,3,1.9586915969848635,1.7281110286712646,0.0199844874441623,0.1785355508327484,1.0,4.656683444976807,0.0,1.7281110286712646,[0],3.218986444175244,0.913018338382244,0.7065443992614746,1,179.05404663085938,0.6060606060606061,0.0,1.0,0.8062077760696411,1.0,0.9517,0.9517,0.6139302433254347,NF2-03,Foldit
2003455_0009,203,4,2.3901047706604004,2.1320059299468994,0.0302290748804807,0.236586719751358,1.0,3.782167196273804,0.0,2.1320059299468994,[0],4.8170842826366425,0.8635507673025131,0.6172639727592468,1,179.05404663085938,0.4848484848484848,0.0,1.0,1.1155470609664917,1.0,0.8768,0.8768,0.4673683999405375,NF2-04,Foldit
2003455_1023,204,5,2.1158487796783447,1.764161467552185,0.0273988749831914,0.2632525861263275,1.0,3.609130382537842,0.0,1.764161467552185,[0],4.593096598982811,0.8756873905658722,0.7336181998252869,1,268.5810546875,0.5151515151515151,0.0,1.0,0.9487953186035156,1.0,0.941,0.941,0.6045174148591164,NF3-01,Foldit
2003485_0000,205,6,1.9247924089431765,1.6286735534667969,0.0200968626886606,0.2110580056905746,1.0,3.6457252502441406,0.0,1.6286735534667969,[0],3.785632245242596,0.9053481966257096,0.7792917490005493,1,268.5810546875,0.5353535353535354,0.0,1.0,0.7428596019744873,1.0,0.9609,0.9609,0.6779441417604674,NF3-02,Foldit
2003485_0002,206,7,2.094612836837769,1.7636879682540894,0.0240812450647354,0.2453157901763916,1.0,3.4097907543182373,0.0,1.7636879682540894,[0],4.633418068289757,0.8791057541966438,0.7428356409072876,1,268.5810546875,1.0,0.0,1.0,1.1803237199783323,1.0,0.9272,0.9272,0.605490423258109,NF3-03,Foldit
2003485_1017,207,8,2.2714240550994877,1.959349274635315,0.0224939528852701,0.3267534673213959,1.0,3.3966517448425293,0.0,1.959349274635315,[0],5.235292494297028,0.8520608842372894,0.7041374444961548,1,268.5810546875,0.4141414141414141,0.0,1.0,1.3518152236938477,1.0,0.8919,0.8919,0.5351114356377671,NF3-04,Foldit
2003485_1029,208,9,2.1451256275177,1.90546452999115,0.0172181967645883,0.4035313725471496,1.0,3.799243450164795,0.0,1.90546452999115,[0],5.159869894385338,0.8690704256296158,0.7350210547447205,1,309.2751770019531,0.543859649122807,0.0,1.0,2.24700927734375,1.0,0.8203,0.8203,0.5239953854511212,NF4-01,Foldit
2003485_1036,209,10,2.229887008666992,1.922340750694275,0.0195337180048227,0.4537563920021057,1.0,3.583731174468994,0.0,1.922340750694275,[0],5.530521333217621,0.8570375740528107,0.7043959498405457,1,309.2751770019531,0.5175438596491229,0.0,1.0,1.6237179040908811,1.0,0.864,0.864,0.5215914397647071,NF4-02,Foldit
2003532_0000,210,11,2.0182864665985107,1.5359240770339966,0.0157013610005378,0.2793161273002624,1.0,3.8264660835266113,0.0,1.5359240770339966,[0],4.556720986962318,0.8792625144124031,0.7635841369628906,1,309.2751770019531,0.5087719298245614,0.0,1.0,1.1925848722457886,1.0,0.9237,0.9237,0.620163781933359,NF4-03,Foldit
2003532_1020,211,12,2.012888669967652,1.6747015714645386,0.0178895909339189,0.3368256092071533,1.0,3.844635963439941,0.0,1.6747015714645386,[0],4.489392429590225,0.8873588293790817,0.7677599191665649,1,309.2751770019531,1.0,0.0,1.0,1.4521092176437378,1.0,0.8972,0.8972,0.6112431088835151,NF4-04,Foldit
2003532_1022,212,13,2.0666656494140625,1.5645946264266968,0.0110984472557902,0.3060018122196197,1.0,3.5819361209869385,0.0,1.5645946264266968,[0],4.7296023815870285,0.8735562115907669,0.7624741792678833,1,309.2751770019531,0.4473684210526316,0.0,1.0,1.195515513420105,1.0,0.9219,0.9219,0.6140444527442753,NF4-05,Foldit
2003594_0000,213,14,2.078398942947388,1.608479142189026,0.0132495956495404,0.3197421431541443,1.0,3.762244462966919,0.0,1.608479142189026,[0],4.741600245237351,0.8795333281159401,0.744540274143219,1,309.2751770019531,0.543859649122807,0.0,1.0,1.266348958015442,1.0,0.9137,0.9137,0.5983346041078853,NF4-06,Foldit
997258_0001,214,15,2.223824977874756,1.8924638032913208,0.0189188811928033,0.2755848169326782,1.0,3.4282684326171875,0.0,1.8924638032913208,[0],4.928923144936562,0.8552524894475937,0.6766500473022461,1,271.29400634765625,0.54,0.0,1.0,1.1583772897720337,1.0,0.9147,0.9147,0.5293429612664393,NF5-01,Foldit
997258_0004,215,16,2.0447998046875,1.8480955362319944,0.0140722962096333,0.2870558202266693,1.0,3.722397804260254,0.0,1.8480955362319944,[0],4.148019880056381,0.8805821090936661,0.7523846626281738,1,271.29400634765625,0.6,0.0,1.0,1.2607908248901367,1.0,0.9029,0.9029,0.5982041815320532,NF5-02,Foldit
997523_0000,216,17,1.851192593574524,1.834554433822632,0.0165103282779455,0.2610900104045868,1.0,3.803598642349243,0.0,1.834554433822632,[0],3.5759749710559845,0.90928366035223,0.7930289506912231,1,271.29400634765625,1.0,0.0,1.0,1.0518198013305664,1.0,0.9262,0.9262,0.6678719529415281,NF5-03,Foldit
997523_0003,217,18,2.0631258487701416,1.8691918849945068,0.0162192769348621,0.2373190820217132,1.0,3.6779043674468994,0.0,1.8691918849945068,[0],4.347217306494713,0.8738319426774979,0.7146684527397156,1,271.29400634765625,0.59,0.0,1.0,1.180827260017395,1.0,0.9107,0.9107,0.5687322614950586,NF5-04,Foldit
997523_0005,218,19,2.1345579624176025,1.6934773921966553,0.0228827502578496,0.2152346521615982,1.0,3.5400078296661377,0.0,1.6934773921966553,[0],4.505058988928795,0.8669534772634506,0.7140094041824341,1,271.29400634765625,0.53,0.0,1.0,0.8292481899261475,1.0,0.9525,0.9525,0.5896098213064144,NF5-05,Foldit
997523_0006,219,20,2.0634541511535645,1.827665328979492,0.0232367552816867,0.2558460831642151,1.0,3.9091405868530273,0.0,1.827665328979492,[0],4.30206398665905,0.8849786818027496,0.7356544733047485,1,271.29400634765625,0.58,0.0,1.0,0.991141140460968,1.0,0.9344,0.9344,0.6083303987388143,NF5-06,Foldit
997523_0008,220,21,2.052870035171509,1.820924401283264,0.0138069512322545,0.2594585418701172,1.0,3.6347694396972656,0.0,1.820924401283264,[0],4.274798214435577,0.8838735520839691,0.7166118025779724,1,263.1552124023437,0.6804123711340206,0.0,1.0,1.4702996015548706,1.0,0.8796,0.8796,0.557133555392938,NF6-01,Foldit
997523_1003,221,22,2.151171922683716,1.676949381828308,0.0162394065409898,0.1935868710279464,1.0,3.5555078983306885,0.0,1.676949381828308,[0],4.606470569968224,0.871813103556633,0.7096231579780579,1,263.1552124023437,1.0,0.0,1.0,0.8389168977737427,1.0,0.9511,0.9511,0.5884063539713678,NF6-02,Foldit
997523_1040,222,23,2.41409683227539,1.9377635717391968,0.0163022968918085,0.2359334975481033,1.0,3.1327016353607178,0.0,1.9377635717391968,[0],6.4340759962797165,0.7973233461380005,0.6403176784515381,1,263.1552124023437,0.6391752577319587,0.0,1.0,0.936395525932312,1.0,0.9405,0.9405,0.4801630900528259,NF6-03,Foldit
997791_1027,223,24,2.146834373474121,1.7724511623382568,0.0134239569306373,0.2366965115070343,1.0,3.592379570007324,0.0,1.7724511623382568,[0],4.5642921179533005,0.8726987540721893,0.713239312171936,1,263.1552124023437,0.6391752577319587,0.0,1.0,1.0657362937927246,1.0,0.9249,0.9249,0.5756975853502636,NF6-04,Foldit
997915_0000,224,25,2.273356676101685,1.751808762550354,0.019658887758851,0.2098503410816192,1.0,3.536015272140503,0.0,1.751808762550354,[0],5.087602317333221,0.8428773880004883,0.6754111051559448,1,263.1552124023437,0.5154639175257731,0.0,1.0,0.7468513250350952,1.0,0.9608,0.9608,0.5469726292132635,NF6-05,Foldit
Pl2x3_BP_1,225,26,2.077104091644287,1.6479467153549194,0.0134082240983843,0.1860970854759216,1.0,3.7215113639831534,0.0,1.6479467153549194,[0],4.243944585323334,0.8817169293761253,0.733672022819519,1,263.1552124023437,0.6288659793814433,0.0,1.0,0.7331059575080872,1.0,0.963,0.963,0.6229560745338018,NF6-06,Rossman ⍺/β
Pl2x3_BP_2,226,27,2.276819467544556,1.872801780700684,0.0214715059846639,0.3430632948875427,1.0,3.369244337081909,0.0,1.872801780700684,[0],6.266995593905449,0.8390946537256241,0.705244243144989,1,311.98809814453125,0.4869565217391304,0.0,1.0,1.4331213235855105,1.0,0.9186,0.9186,0.5435968667306444,NF7-01,Rossman ⍺/β
Pl2x3_BP_3,227,28,2.142409563064575,1.663149356842041,0.0207663904875516,0.2748502194881439,1.0,3.606006145477295,0.0,1.663149356842041,[0],4.766137823462486,0.8772676140069962,0.7452332377433777,1,311.98809814453125,0.4434782608695652,0.0,1.0,0.7937403917312622,1.0,0.9623,0.9623,0.6291218936437016,NF7-02,Rossman ⍺/β
Pl2x3_BP_4,228,29,2.053969144821167,1.820357203483581,0.0150491846725344,0.3282012343406677,1.0,3.4273195266723637,0.0,1.820357203483581,[0],4.5044940412044525,0.8810321539640427,0.7707120180130005,1,311.98809814453125,0.4260869565217391,0.0,1.0,1.422057032585144,1.0,0.9279,0.9279,0.6300645781182865,NF7-03,Rossman ⍺/β
Pl2x3_BP_5,229,30,1.94621217250824,1.591861605644226,0.0120417820289731,0.2465037703514099,1.0,3.581167697906494,0.0,1.591861605644226,[0],4.205146118998528,0.8897999972105026,0.7997282147407532,1,311.98809814453125,1.0,0.0,1.0,0.8247265815734863,1.0,0.9603,0.9603,0.6833477161646367,NF7-04,Rossman ⍺/β
Pl2x3_BP_6,230,31,2.106586456298828,1.7221096754074097,0.0128472689539194,0.2796383500099182,1.0,3.3804163932800293,0.0,1.7221096754074097,[0],4.692605465650559,0.8719954192638397,0.7685098648071289,1,311.98809814453125,0.5391304347826087,0.0,1.0,0.9532856941223145,1.0,0.9472,0.9472,0.6347538438533862,NF7-05,Rossman ⍺/β
Pl2x3_BP_7,231,32,2.1134519577026367,1.6730034351348877,0.0223574209958314,0.2787523865699768,1.0,3.617199182510376,0.0,1.6730034351348877,[0],4.761323526501656,0.8728334307670593,0.7625734806060791,1,311.98809814453125,0.4869565217391304,0.0,1.0,0.9350243210792542,1.0,0.9496,0.9496,0.6320534060739967,NF7-06,Rossman ⍺/β
Pl2x3_BP_8,232,33,1.9696396589279173,1.533708572387695,0.0118905957788228,0.1693669408559799,1.0,4.267805576324463,0.0,1.533708572387695,[0],3.7478371039032936,0.900995410978794,0.744459867477417,1,214.32228088378903,1.0,0.0,1.0,0.6097694635391235,1.0,0.9654,0.9654,0.6475468038758098,NF8-01,Rossman ⍺/β
Pl2x3_BP_9,233,34,2.0229337215423584,1.7311872243881226,0.0245095957070589,0.2348622977733612,1.0,4.422764301300049,0.0,1.7311872243881226,[0],3.8808605819940567,0.9021709859371184,0.7317066788673401,1,214.32228088378903,0.5822784810126582,0.0,1.0,0.9067685008049012,1.0,0.9286,0.9286,0.6129916440279395,NF8-02,Rossman ⍺/β
Pl2x3_BP_10,234,35,2.0133814811706543,1.719328999519348,0.0146112535148859,0.2303748577833175,1.0,4.279200553894043,0.0,1.719328999519348,[0],3.957238927483559,0.8977435454726219,0.736870288848877,1,214.32228088378903,0.6455696202531646,0.0,1.0,0.927212119102478,1.0,0.9244,0.9244,0.6115095924123801,NF8-03,Rossman ⍺/β
Pl2x3_BP_11,235,36,2.034614324569702,1.8460383415222168,0.0177459437400102,0.2827386558055877,1.0,4.238344669342041,0.0,1.8460383415222168,[0],3.913429841399193,0.9025009572505952,0.7303627729415894,1,214.32228088378903,0.5063291139240507,0.0,1.0,1.1444064378738403,1.0,0.8942,0.8942,0.5894147035580092,NF8-04,Rossman ⍺/β
Pl2x3_BP_12,236,37,1.8956509828567505,2.000364303588867,0.0115332100540399,0.3168871104717254,1.0,4.101131439208984,0.0,2.000364303588867,[0],3.75403905659914,0.9004276618361473,0.7532578706741333,1,214.32228088378903,0.5949367088607594,0.0,1.0,1.2621760368347168,1.0,0.8728,0.8728,0.591980286053285,NF8-05,Rossman ⍺/β
R2x3_BP1_A1,237,38,1.9389506578445437,1.8110594749450684,0.0100654195994138,0.2719033658504486,1.0,4.259983062744141,0.0,1.8110594749450684,[0],3.6377196460962296,0.9046115949749948,0.7473270893096924,1,214.32228088378903,0.6075949367088608,0.0,1.0,1.0395536422729492,1.0,0.9083,0.9083,0.6140478134325112,NF8-06,Rossman ⍺/β
R2x3_BP1_A2,238,39,1.7805757522583008,2.168088912963867,0.01191948633641,0.3588428497314453,1.0,4.512939453125,0.0,2.168088912963867,[0],3.1517142429947853,0.9224575087428092,0.776768684387207,1,214.32228088378903,0.4177215189873418,0.0,1.0,1.6194716691970823,1.0,0.9099,0.9163,0.6565620334414761,NF8-07,Rossman ⍺/β
R2x3_BP1_A3,239,40,1.859319806098938,2.139652967453003,0.0219105910509824,0.3415076732635498,1.0,4.427178382873535,0.0,2.139652967453003,[0],3.486237205564976,0.9060023277997972,0.7591043710708618,1,214.32228088378903,0.3544303797468354,0.0,1.0,1.634422779083252,1.0,0.8307,0.8307,0.5713141968326206,NF8-08,Rossman ⍺/β
R2x3_BP1_A4,240,41,1.816980004310608,2.1166906356811523,0.0157790798693895,0.3406464755535126,1.0,4.33502721786499,0.0,2.1166906356811523,[0],3.3233969137072563,0.9151884019374849,0.775196373462677,1,214.32228088378903,0.430379746835443,0.0,1.0,1.5414196252822876,1.0,0.8375,0.8375,0.5941649865567719,NF8-09,Rossman ⍺/β
R2x3_BP1_A5,241,42,1.994996666908264,2.0251712799072266,0.0263427253812551,0.3503390252590179,1.0,4.336575031280518,0.0,2.0251712799072266,[0],3.935439705848694,0.8937577679753304,0.7324517965316772,1,214.32228088378903,0.4177215189873418,0.0,1.0,1.552898645401001,1.0,0.8533,0.8533,0.5585996041883201,NF8-10,Rossman ⍺/β
R2x3_BP1_A6,242,43,1.830820083618164,1.964888453483581,0.0126409288495779,0.305571973323822,1.0,4.434488296508789,0.0,1.964888453483581,[0],3.313760928809643,0.9169099405407906,0.7754988074302673,1,214.32228088378903,0.4683544303797468,0.0,1.0,1.3720790147781372,1.0,0.8689,0.8689,0.6178422630850448,NF8-11,Rossman ⍺/β
R2x3_BP1_A7,243,44,1.8041013479232788,2.08499526977539,0.015610309317708,0.3490017354488373,1.0,4.502371788024902,0.0,2.08499526977539,[0],3.261046640574932,0.9198477640748024,0.7704147100448608,1,214.32228088378903,0.3670886075949367,0.0,1.0,1.554142713546753,1.0,0.8454,0.8454,0.5991047556354896,NF8-12,Rossman ⍺/β
R2x3_BP1_A8,244,45,2.215416669845581,1.9352694749832156,0.0148460585623979,0.3641512393951416,1.0,3.408750057220459,0.0,1.9352694749832156,[0],5.77016818523407,0.8294290751218796,0.7370896339416504,1,339.1175537109375,0.72,0.0,1.0,1.6067355871200562,1.0,0.88,0.88,0.5379999445586902,Pl2x3_BP_10,Rossman ⍺/β
R2x3_BP1_A9,245,46,2.2451674938201904,1.8605602979660036,0.0184349026530981,0.3311460018157959,1.0,3.3809335231781006,0.0,1.8605602979660036,[0],6.080760553479195,0.8191991597414017,0.7251149415969849,1,339.1175537109375,0.656,0.0,1.0,1.1819432973861694,1.0,0.9299,0.9299,0.5523732009560454,Pl2x3_BP_11,Rossman ⍺/β
R2x3_BP1_A10,246,47,2.256535768508911,1.960466742515564,0.0170720983296632,0.4015474915504455,1.0,3.4260730743408203,0.0,1.960466742515564,[0],6.198781505227089,0.8216234296560287,0.7245858907699585,1,339.1175537109375,0.64,0.0,1.0,1.636299729347229,1.0,0.8784,0.8784,0.5229437965047604,Pl2x3_BP_12,Rossman ⍺/β
R2x3_BP1_A12,247,48,2.310701847076416,1.977144956588745,0.0137757761403918,0.4271092712879181,1.0,3.218139886856079,0.0,1.977144956588745,[0],6.043892979621887,0.8053444474935532,0.7031720280647278,1,339.1175537109375,0.504,0.0,1.0,1.464196801185608,1.0,0.9063,0.9063,0.5132337824283771,Pl2x3_BP_1,Rossman ⍺/β
R2x3_BP1_A13,248,49,2.3032350540161133,1.8378905057907104,0.0247841738164424,0.3070574402809143,1.0,3.4389524459838867,0.0,1.8378905057907104,[0],5.83588320016861,0.8355505019426346,0.7017534971237183,1,339.1175537109375,0.504,0.0,1.0,1.2185726165771484,1.0,0.9259,0.9259,0.5429019156926783,Pl2x3_BP_2,Rossman ⍺/β
R2x3_BP1_A14,249,50,2.105203628540039,2.0846550464630127,0.0102820293977856,0.4263439476490021,1.0,3.3745455741882324,0.0,2.0846550464630127,[0],4.94558610022068,0.8489881008863449,0.7542975544929504,1,339.1175537109375,0.432,0.0,1.0,1.8964283466339111,1.0,0.844,0.844,0.5404888631586034,Pl2x3_BP_3,Rossman ⍺/β
R2x3_BP1_A15,250,51,2.2036550045013428,1.9767404794692995,0.019813721999526,0.4288749396800995,1.0,3.3537497520446777,0.0,1.9767404794692995,[0],5.823177650570869,0.822695329785347,0.73836749792099,1,339.1175537109375,0.608,0.0,1.0,1.75768780708313,1.0,0.8653,0.8653,0.5256277762048917,Pl2x3_BP_4,Rossman ⍺/β
R2x3_BP1_A16,251,52,2.1456079483032227,1.836781024932861,0.0125493798404932,0.3485470414161682,1.0,3.520632266998291,0.0,1.836781024932861,[0],5.174342811107636,0.8540704548358917,0.7500283718109131,1,339.1175537109375,0.696,0.0,1.0,1.4689762592315674,1.0,0.9005,0.9005,0.576839653923459,Pl2x3_BP_5,Rossman ⍺/β
R2x3_BP1_A17,252,53,2.212620496749878,1.9708153009414675,0.0141962645575404,0.3962742984294891,1.0,3.33370304107666,0.0,1.9708153009414675,[0],5.962465211749077,0.8116532117128372,0.7380247712135315,1,339.1175537109375,0.72,0.0,1.0,1.7493817806243896,1.0,0.8668,0.8668,0.5192306884519993,Pl2x3_BP_6,Rossman ⍺/β
R2x3_BP1_A18,253,54,2.0684502124786377,1.8483977317810056,0.0107604721561074,0.3371876776218414,1.0,3.445940017700196,0.0,1.8483977317810056,[0],4.764225408434868,0.8674180805683136,0.7668604850769043,1,339.1175537109375,1.0,0.0,1.0,1.408796787261963,1.0,0.9074,0.9074,0.6035921810364001,Pl2x3_BP_7,Rossman ⍺/β
R2x3_BP1_B1,254,55,2.096843242645264,1.972053289413452,0.0104582216590642,0.3942463397979736,1.0,3.386099338531494,0.0,1.972053289413452,[0],5.217183217406273,0.8436602056026459,0.7621253728866577,1,339.1175537109375,0.768,0.0,1.0,1.8156092166900637,1.0,0.8586,0.8586,0.5520582051664154,Pl2x3_BP_8,Rossman ⍺/β
R2x3_BP1_B2,255,56,2.196467638015747,1.8805195093154907,0.0190138984471559,0.3586020469665527,1.0,3.431182861328125,0.0,1.8805195093154907,[0],5.511179611086845,0.8475316017866135,0.7393938302993774,1,339.1175537109375,0.792,0.0,1.0,1.6588560342788696,1.0,0.8761,0.8761,0.5490165082777537,Pl2x3_BP_9,Rossman ⍺/β
R2x3_BP1_B3,256,57,2.4168148040771484,2.096978187561035,0.0090446695685386,0.4130979776382446,1.0,2.819143772125244,0.0,2.096978187561035,[0],6.578867524862289,0.7772462666034698,0.6891642808914185,1,333.691650390625,0.3658536585365853,0.0,1.0,1.6270971298217771,1.0,0.8781,0.8781,0.4703545849790429,R2x3_BP1_A10,Rossman ⍺/β
R2x3_BP1_B4,257,58,2.060532569885254,2.268203020095825,0.0127050252631306,0.4870423972606659,1.0,3.402516841888428,0.0,2.268203020095825,[0],5.208318203687668,0.8558279722929001,0.7752866744995117,1,333.691650390625,0.3821138211382114,0.0,1.0,2.259453535079956,1.0,0.8161,0.8161,0.5414921616296785,R2x3_BP1_A12,Rossman ⍺/β
R2x3_BP1_B5,258,59,1.968743205070496,1.889388918876648,0.0085186092182993,0.3332721292972564,1.0,3.414037704467773,0.0,1.889388918876648,[0],4.1550560891628265,0.8873901218175888,0.7901214361190796,1,333.691650390625,0.3983739837398374,0.0,1.0,1.2764859199523926,1.0,0.9244,0.9244,0.6481393230652993,R2x3_BP1_A13,Rossman ⍺/β
R2x3_BP1_B6,259,60,2.1539809703826904,2.0044708251953125,0.0114493975415825,0.3835335969924927,1.0,3.186006546020508,0.0,2.0044708251953125,[0],5.354862779378891,0.8446847498416901,0.7395081520080566,1,333.691650390625,0.4390243902439024,0.0,1.0,1.5406317710876465,1.0,0.8989,0.8989,0.561499016162111,R2x3_BP1_A14,Rossman ⍺/β
R2x3_BP1_B7,260,61,2.4506986141204834,2.0320069789886475,0.0172712411731481,0.3799346685409546,1.0,3.071173906326294,0.0,2.0320069789886475,[0],6.792798399925232,0.7854745835065842,0.6784490942955017,1,333.691650390625,0.3658536585365853,0.0,1.0,1.6478439569473269,1.0,0.8794,0.8794,0.4686362346876537,R2x3_BP1_A15,Rossman ⍺/β
R2x3_BP1_B8,261,62,1.945046186447144,2.5040712356567383,0.0090178735554218,0.4935221374034881,1.0,3.4625277519226074,0.0,2.5040712356567383,[0],4.251904666423798,0.8883549645543098,0.7931019067764282,1,333.691650390625,0.2845528455284553,0.0,1.0,2.720142364501953,1.0,0.7575,0.7575,0.5337011823338645,R2x3_BP1_A16,Rossman ⍺/β
R2x3_BP1_B9,262,63,2.36724066734314,2.159889459609986,0.0139685831964015,0.400704950094223,1.0,2.864279270172119,0.0,2.159889459609986,[0],6.425387442111969,0.7868635803461075,0.6663459539413452,1,333.691650390625,0.3821138211382114,0.0,1.0,1.7636843919754028,1.0,0.8763,0.8763,0.4594645630559883,R2x3_BP1_A17,Rossman ⍺/β
R2x3_BP1_B10,263,64,2.2285385131835938,2.1670520305633545,0.0119081968441605,0.4403866529464721,1.0,3.109389305114746,0.0,2.1670520305633545,[0],5.939407214522362,0.8093405216932297,0.7335523366928101,1,333.691650390625,0.3658536585365853,0.0,1.0,2.320030927658081,1.0,0.8051,0.8051,0.4779827422120253,R2x3_BP1_A18,Rossman ⍺/β
R2x3_BP1_B11,264,65,1.988675236701965,1.9844228029251096,0.0124686304479837,0.3487099707126617,1.0,3.6850531101226807,0.0,1.9844228029251096,[0],4.215794205665588,0.8908427134156227,0.786020815372467,1,333.691650390625,0.4715447154471545,0.0,1.0,1.3665002584457395,1.0,0.918,0.918,0.6428028008582282,R2x3_BP1_A1,Rossman ⍺/β
R2x3_BP1_B12,265,66,1.9013733863830569,2.026145696640014,0.0079233832657337,0.3639216721057892,1.0,3.6331229209899902,0.0,2.026145696640014,[0],3.856859542429447,0.9003178775310516,0.8047700524330139,1,333.691650390625,0.3658536585365853,0.0,1.0,1.3213119506835938,1.0,0.9181,0.9181,0.6652083134220174,R2x3_BP1_A2,Rossman ⍺/β
R2x3_BP1_B13,266,67,2.150510311126709,1.9029935598373413,0.0083744255825877,0.3315214514732361,1.0,3.254960536956787,0.0,1.9029935598373413,[0],4.714550197124481,0.8594965934753418,0.75919508934021,1,333.691650390625,0.3821138211382114,0.0,1.0,1.1596115827560425,1.0,0.9357,0.9357,0.6105681974366454,R2x3_BP1_A3,Rossman ⍺/β
R2x3_BP2_1,267,68,1.8924912214279173,1.857105255126953,0.0067290705628693,0.2910050451755523,1.0,3.358628511428833,0.0,1.857105255126953,[0],3.998096704483032,0.891835629940033,0.810348391532898,1,333.691650390625,0.4390243902439024,0.0,1.0,1.019231915473938,1.0,0.9472,0.9472,0.6845391366308986,R2x3_BP1_A4,Rossman ⍺/β
R2x3_BP2_2,268,69,1.8025985956192017,1.7525554895401,0.0060212025418877,0.2830376029014587,1.0,3.573073148727417,0.0,1.7525554895401,[0],3.544362150132656,0.9064601585268974,0.8197803497314453,1,333.691650390625,1.0,0.0,1.0,1.162459373474121,1.0,0.9404,0.9404,0.6988095715186232,R2x3_BP1_A5,Rossman ⍺/β
R2x3_BP2_3,269,70,2.108591794967652,1.883558750152588,0.0153498612344264,0.3337700963020324,1.0,3.417017698287964,0.0,1.883558750152588,[0],4.634606629610062,0.8730661422014236,0.7447136044502258,1,333.691650390625,0.6991869918699187,0.0,1.0,1.277442455291748,1.0,0.9208,0.9208,0.5986896423746394,R2x3_BP1_A6,Rossman ⍺/β
R2x3_BP2_4,270,71,2.2501792907714844,1.9939121007919312,0.0075191939249634,0.3303017318248749,1.0,3.020444869995117,0.0,1.9939121007919312,[0],5.1411790400743484,0.8351060748100281,0.7264203429222107,1,333.691650390625,0.3821138211382114,0.0,1.0,1.533060073852539,1.0,0.892,0.892,0.5411211327860104,R2x3_BP1_A7,Rossman ⍺/β
R2x3_BP2_5,271,72,2.1234776973724365,1.962867021560669,0.0121604958549141,0.3498095571994781,1.0,3.403681755065918,0.0,1.962867021560669,[0],4.680220037698746,0.8693746626377106,0.7451128363609314,1,333.691650390625,0.4390243902439024,0.0,1.0,1.38282573223114,1.0,0.915,0.915,0.5927207319755559,R2x3_BP1_A8,Rossman ⍺/β
R2x3_BP2_6,272,73,2.0898706912994385,1.8531825542449951,0.0083304895088076,0.3044757843017578,1.0,3.329315423965454,0.0,1.8531825542449951,[0],4.639789089560509,0.8619983792304993,0.7550692558288574,1,333.691650390625,0.4552845528455284,0.0,1.0,1.1228240728378296,1.0,0.9396,0.9396,0.6115560188574866,R2x3_BP1_A9,Rossman ⍺/β
R2x3_BP2_7,273,74,1.9299564361572263,2.0803346633911133,0.0094521474093198,0.345610499382019,1.0,3.307314157485962,0.0,2.0803346633911133,[0],3.990115836262703,0.8961756452918053,0.8035922646522522,1,333.691650390625,0.6422764227642277,0.0,1.0,1.5965344905853271,1.0,0.8784,0.8784,0.6325883826609651,R2x3_BP1_B10,Rossman ⍺/β
R2x3_BP2_8,274,75,2.462125301361084,2.153394222259521,0.0130496518686413,0.4197148978710174,1.0,2.792898654937744,0.0,2.153394222259521,[0],6.798070937395096,0.7656921297311783,0.6584240198135376,1,333.691650390625,0.2764227642276423,0.0,1.0,1.999680519104004,1.0,0.8353,0.8353,0.4211165701746537,R2x3_BP1_B11,Rossman ⍺/β
R3x3_BP1_2,275,76,2.484185218811035,2.052140712738037,0.0122031224891543,0.3443506956100464,1.0,2.623220205307007,0.0,2.052140712738037,[0],6.715663865208626,0.7685779333114624,0.6490825414657593,1,333.691650390625,0.3089430894308943,0.0,1.0,1.6305670738220217,1.0,0.8788,0.8788,0.4384074114541863,R2x3_BP1_B12,Rossman ⍺/β
R3x3_BP1_3,276,77,2.316978454589844,2.308638095855713,0.0111634489148855,0.4905631244182586,1.0,2.852527141571045,0.0,2.308638095855713,[0],6.011821687221527,0.7970821857452393,0.7070952653884888,1,333.691650390625,0.2601626016260163,0.0,1.0,2.631949663162231,1.0,0.7361,0.7361,0.414875558498118,R2x3_BP1_B13,Rossman ⍺/β
R3x3_BP1_4,277,78,2.2173519134521484,2.224513530731201,0.0094061167910695,0.3894190490245819,1.0,3.0541787147521973,0.0,2.224513530731201,[0],5.424755081534386,0.8325560390949249,0.7131285071372986,1,333.691650390625,0.3089430894308943,0.0,1.0,2.1746716499328613,1.0,0.8255,0.8255,0.4901154020686565,R2x3_BP1_B1,Rossman ⍺/β
R3x3_BP1_5,278,79,2.5421531200408936,2.229067087173462,0.0151937138289213,0.4642068147659302,1.0,2.5905346870422363,0.0,2.229067087173462,[0],7.554479584097862,0.7260363698005676,0.5926746726036072,1,333.691650390625,0.2601626016260163,0.0,1.0,2.717555284500122,1.0,0.7882,0.7882,0.3391651144762059,R2x3_BP1_B2,Rossman ⍺/β
R3x3_BP1_6,279,80,2.402026653289795,2.2321815490722656,0.0170231275260448,0.4458005726337433,1.0,2.7042040824890137,0.0,2.2321815490722656,[0],6.576683029532433,0.7837421894073486,0.6778091788291931,1,333.691650390625,0.2601626016260163,0.0,1.0,2.4998345375061035,1.0,0.8015,0.8015,0.4257789613275151,R2x3_BP1_B3,Rossman ⍺/β
R3x3_BP1_7,280,81,2.274834632873535,2.1853597164154053,0.0116617437452077,0.3979745805263519,1.0,2.921802520751953,0.0,2.1853597164154053,[0],5.829923301935196,0.8101935982704163,0.6984598636627197,1,333.691650390625,0.3089430894308943,0.0,1.0,2.255439758300781,1.0,0.8122,0.8122,0.4596139982149886,R2x3_BP1_B4,Rossman ⍺/β
R3x3_BP1_8,281,82,2.304475784301758,1.8542736768722532,0.0126036833971738,0.3027375936508178,1.0,2.91001033782959,0.0,1.8542736768722532,[0],5.532072052359581,0.8283353596925735,0.7154589891433716,1,333.691650390625,0.5853658536585366,0.0,1.0,1.2769256830215454,1.0,0.9154,0.9154,0.5425026368840311,R2x3_BP1_B5,Rossman ⍺/β
R3x3_BP1_9,282,83,2.121199607849121,1.7729705572128296,0.0108519522473216,0.2677105069160461,1.0,3.1959595680236816,0.0,1.7729705572128296,[0],4.640942081809044,0.8719091862440109,0.7428790330886841,1,333.691650390625,0.6016260162601627,0.0,1.0,1.1986204385757446,1.0,0.9256,0.9256,0.5995324580586662,R2x3_BP1_B6,Rossman ⍺/β
R3x3_BP1_10,283,84,2.0348291397094727,1.8949848413467407,0.0117419911548495,0.344573974609375,1.0,3.396195650100708,0.0,1.8949848413467407,[0],4.48086416721344,0.8801491558551788,0.77278733253479,1,333.691650390625,0.6666666666666666,0.0,1.0,1.4460729360580444,1.0,0.9079,0.9079,0.6175246346827137,R2x3_BP1_B7,Rossman ⍺/β
R3x3_BP1_11,284,85,2.4131362438201904,1.9970349073410036,0.0108536537736654,0.37032550573349,1.0,2.8374147415161133,0.0,1.9970349073410036,[0],6.180449575185776,0.8085735142230988,0.6915993690490723,1,333.691650390625,0.6747967479674797,0.0,1.0,1.6217597723007202,1.0,0.8792,0.8792,0.4916564932486946,R2x3_BP1_B8,Rossman ⍺/β
R3x3_BP1_12,285,86,2.1481311321258545,2.018629550933838,0.0168570671230554,0.3896585702896118,1.0,3.2041103839874268,0.0,2.018629550933838,[0],5.054421916604042,0.8651006072759628,0.7596429586410522,1,333.691650390625,1.0,0.0,1.0,1.674423336982727,1.0,0.8773,0.8773,0.5765331221742395,R2x3_BP1_B9,Rossman ⍺/β
R3x3_BP2_1,286,87,1.8297840356826784,1.9624255895614624,0.0092384815216064,0.3214649558067322,1.0,3.9255220890045166,0.0,1.9624255895614624,[0],3.528922401368618,0.9091595262289048,0.8123389482498169,1,309.2751770019531,0.3684210526315789,0.0,1.0,1.2297959327697754,1.0,0.917,0.917,0.6772464007818588,R2x3_BP2_1,Rossman ⍺/β
R3x3_BP2_2,287,88,2.085566759109497,1.845749855041504,0.012794111855328,0.3268507122993469,1.0,3.656016349792481,0.0,1.845749855041504,[0],4.628517389297485,0.8766984939575195,0.7527303099632263,1,309.2751770019531,0.5964912280701754,0.0,1.0,1.1795933246612549,1.0,0.9289,0.9289,0.6129973927818607,R2x3_BP2_2,Rossman ⍺/β
R3x3_BP2_3,288,89,2.198519706726074,1.7730978727340698,0.0214730203151702,0.3024410307407379,1.0,3.635509014129639,0.0,1.7730978727340698,[0],5.047338590025902,0.8570447564125061,0.7220851182937622,1,309.2751770019531,0.6228070175438597,0.0,1.0,0.9793676733970642,1.0,0.9482,0.9482,0.5868023544255435,R2x3_BP2_3,Rossman ⍺/β
R3x3_BP2_4,289,90,1.9949820041656492,1.7342703342437744,0.01501976698637,0.3083356320858001,1.0,3.83074164390564,0.0,1.7342703342437744,[0],4.0677668154239655,0.8978247568011284,0.7811412811279297,1,309.2751770019531,0.6052631578947368,0.0,1.0,1.0174514055252075,1.0,0.9432,0.9432,0.6614925514490643,R2x3_BP2_4,Rossman ⍺/β
R3x3_BP2_5,290,91,2.0156407356262207,1.7049691677093506,0.0144671518355607,0.3048958778381347,1.0,3.877921581268311,0.0,1.7049691677093506,[0],4.1592878848314285,0.8940313383936882,0.7805232405662537,1,309.2751770019531,0.6578947368421053,0.0,1.0,1.0076788663864136,1.0,0.9451,0.9451,0.6595023455769721,R2x3_BP2_5,Rossman ⍺/β
R3x3_BP2_6,291,92,2.1415257453918457,1.8781960010528564,0.0175538752228021,0.3303987681865692,1.0,3.544404983520508,0.0,1.8781960010528564,[0],5.006021648645401,0.861343264579773,0.741856575012207,1,309.2751770019531,0.6052631578947368,0.0,1.0,1.233524203300476,1.0,0.9181,0.9181,0.5866596240253801,R2x3_BP2_6,Rossman ⍺/β
R3x3_BP2_7,292,93,2.1071791648864746,1.7935885190963743,0.0191773679107427,0.3248775899410248,1.0,3.81972861289978,0.0,1.7935885190963743,[0],4.7503155916929245,0.8711465746164322,0.744496762752533,1,309.2751770019531,1.0,0.0,1.0,1.1622304916381836,1.0,0.9317,0.9317,0.6042687602249136,R2x3_BP2_7,Rossman ⍺/β
R3x3_BP2_8,293,94,2.033700466156006,1.9017571210861208,0.0165008157491683,0.3504961431026459,1.0,3.69816780090332,0.0,1.9017571210861208,[0],4.217320904135704,0.8863376677036285,0.7547026872634888,1,309.2751770019531,0.4385964912280701,0.0,1.0,1.2250897884368896,1.0,0.9211,0.9211,0.6161435196292817,R2x3_BP2_8,Rossman ⍺/β
R3x3_BP2_9,294,95,2.172283172607422,1.6785968542099,0.0141971316188573,0.3597553372383117,1.0,3.022844076156616,0.0,1.6785968542099,[0],5.689218059182167,0.834226980805397,0.736504316329956,1,409.6539916992188,0.3112582781456953,0.0,1.0,1.2152717113494873,1.0,0.9357,0.9357,0.5749050952120605,R3x3_BP1_10,Rossman ⍺/β
R3x3_BP2_10,295,96,1.881988763809204,1.6768683195114136,0.0133710401132702,0.406532734632492,1.0,3.5239062309265137,0.0,1.6768683195114136,[0],4.491915062069893,0.8806633204221725,0.8079566955566406,1,409.6539916992188,0.4503311258278146,0.0,1.0,1.512723445892334,1.0,0.9115,0.9115,0.6485667286416755,R3x3_BP1_11,Rossman ⍺/β
R3x3_BP2_11,296,97,1.911683797836304,1.5602788925170898,0.0124209634959697,0.3318511843681335,1.0,3.388661623001098,0.0,1.5602788925170898,[0],4.621908470988274,0.8832829594612122,0.8071634769439697,1,409.6539916992188,0.3774834437086092,0.0,1.0,1.0481842756271362,1.0,0.953,0.953,0.6794449186839201,R3x3_BP1_12,Rossman ⍺/β
R3x3_BP2_12,297,98,2.016393661499023,1.579465389251709,0.0091651650145649,0.3494338989257812,1.0,3.16073226928711,0.0,1.579465389251709,[0],5.047436982393265,0.8490358740091324,0.7360955476760864,1,409.6539916992188,0.6423841059602649,0.0,1.0,1.0554450750350952,1.0,0.9516,0.9516,0.5947229047843078,R3x3_BP1_2,Rossman ⍺/β
R3x3_BP2_13,298,99,1.758411884307861,1.5982189178466797,0.0080419741570949,0.348664790391922,1.0,3.6964728832244873,0.0,1.5982189178466797,[0],3.974807277321816,0.8974179774522781,0.8183072209358215,1,409.6539916992188,0.6622516556291391,0.0,1.0,1.102838397026062,1.0,0.9483,0.9483,0.6963970124505289,R3x3_BP1_3,Rossman ⍺/β
R3x3_BP2_14,299,0,2.0650429725646973,1.6790164709091189,0.0108129018917679,0.3661328554153442,1.0,3.216299533843994,0.0,1.6790164709091189,[0],5.399733856320381,0.8395299166440964,0.7436638474464417,1,409.6539916992188,0.6887417218543046,0.0,1.0,1.350947022438049,1.0,0.9248,0.9248,0.5773785786590221,R3x3_BP1_4,Rossman ⍺/β
R3x3_BP2_15,300,1,2.108494520187378,1.572195291519165,0.0124469818547368,0.3231465518474579,1.0,3.11623477935791,0.0,1.572195291519165,[0],5.678103879094124,0.8256616145372391,0.7146677374839783,1,409.6539916992188,0.7682119205298014,0.0,1.0,1.1184552907943726,1.0,0.9474,0.9474,0.5590358404224918,R3x3_BP1_5,Rossman ⍺/β
R3x3_BP2_16,301,2,2.0331826210021973,1.6205967664718628,0.0103816846385598,0.3713277876377105,1.0,3.2194488048553467,0.0,1.6205967664718628,[0],5.518490210175514,0.8455318659543991,0.7805487513542175,1,409.6539916992188,0.6490066225165563,0.0,1.0,1.497128963470459,1.0,0.9128,0.9128,0.6024286871609886,R3x3_BP1_6,Rossman ⍺/β
R3x3_BP3_1,302,3,1.8865257501602173,1.538561224937439,0.0086934510618448,0.3360705971717834,1.0,3.520726203918457,0.0,1.538561224937439,[0],4.341494843363762,0.8773251622915268,0.7860066890716553,1,409.6539916992188,0.7086092715231788,0.0,1.0,1.015344738960266,1.0,0.9555,0.9555,0.6588969827027009,R3x3_BP1_7,Rossman ⍺/β
R3x3_BP3_2,303,4,2.0567445755004883,1.6002546548843384,0.0102348672226071,0.3466242849826813,1.0,3.1400387287139893,0.0,1.6002546548843384,[0],5.32111419737339,0.8414068222045898,0.7271932363510132,1,409.6539916992188,0.6754966887417219,0.0,1.0,1.2866474390029907,1.0,0.9323,0.9323,0.5704420659231945,R3x3_BP1_8,Rossman ⍺/β
R3x3_BP3_3,304,5,2.069520711898804,1.6256203651428225,0.0137118538841605,0.3455387353897095,1.0,3.18807315826416,0.0,1.6256203651428225,[0],5.384223893284798,0.8391851484775543,0.7439547777175903,1,409.6539916992188,1.0,0.0,1.0,1.2471396923065186,1.0,0.9338,0.9338,0.5829860945998336,R3x3_BP1_9,Rossman ⍺/β
R3x3_BP3_4,305,6,2.1409904956817627,1.7164924144744873,0.0285921562463045,0.4020296335220337,1.0,3.3584558963775635,0.0,1.7164924144744873,[0],5.909434035420418,0.8357054591178894,0.7600613236427307,1,390.6633911132813,0.7569444444444444,0.0,1.0,1.8073936700820925,1.0,0.8814,0.8814,0.5598541720970928,R3x3_BP2_10,Rossman ⍺/β
R3x3_BP3_5,306,7,2.2665693759918213,1.6929551362991333,0.024511793628335,0.3572198748588562,1.0,3.01057767868042,0.0,1.6929551362991333,[0],6.236406192183495,0.8185272961854935,0.7408480644226074,1,390.6633911132813,0.6111111111111112,0.0,1.0,1.7643487453460691,1.0,0.8819,0.8819,0.5347880077791686,R3x3_BP2_11,Rossman ⍺/β
R3x3_BP3_6,307,8,2.0146470069885254,1.6765263080596924,0.0235545337200164,0.3356178104877472,1.0,3.3832380771636963,0.0,1.6765263080596924,[0],5.234505817294121,0.8618470281362534,0.7971432209014893,1,390.6633911132813,0.7152777777777778,0.0,1.0,1.5249632596969604,1.0,0.9051,0.9051,0.6218177434708764,R3x3_BP2_12,Rossman ⍺/β
R3x3_BP3_7,308,9,2.218813180923462,1.6691336631774902,0.0191215965896844,0.364872545003891,1.0,3.133686065673828,0.0,1.6691336631774902,[0],6.453467607498169,0.8121808022260666,0.7410131692886353,1,390.6633911132813,0.7152777777777778,0.0,1.0,1.374100685119629,1.0,0.9215,0.9215,0.5545924916749293,R3x3_BP2_13,Rossman ⍺/β
R3x3_BP3_8,309,10,2.062276124954224,1.724412202835083,0.0211811996996402,0.3657284677028656,1.0,3.4082181453704834,0.0,1.724412202835083,[0],5.438541561365128,0.8517113775014877,0.7832604646682739,1,390.6633911132813,0.7013888888888888,0.0,1.0,1.6138274669647217,1.0,0.8932,0.8932,0.5958643037992893,R3x3_BP2_14,Rossman ⍺/β
R3x3_BP3_9,310,11,2.110684394836426,1.7074915170669556,0.0207398924976587,0.3715461790561676,1.0,3.237278461456299,0.0,1.7074915170669556,[0],5.3977572321891785,0.8540672659873962,0.7747617959976196,1,390.6633911132813,0.7222222222222222,0.0,1.0,1.5822656154632568,1.0,0.8993,0.8993,0.5950656309270252,R3x3_BP2_15,Rossman ⍺/β
R3x3_BP3_10,311,12,2.122227907180786,1.6794332265853882,0.0306081119924783,0.3834066390991211,1.0,3.454337358474731,0.0,1.6794332265853882,[0],5.568308621644974,0.8557681441307068,0.7690424919128418,1,390.6633911132813,0.7916666666666666,0.0,1.0,1.663122534751892,1.0,0.8941,0.8941,0.5884269392659508,R3x3_BP2_16,Rossman ⍺/β
NF1-01,312,13,2.3151986598968506,1.706180214881897,0.0206230357289314,0.3599595129489898,1.0,2.9829373359680176,0.0,1.706180214881897,[0],6.753620684146881,0.8043149709701538,0.7139246463775635,1,390.6633911132813,0.7986111111111112,0.0,1.0,1.423784852027893,1.0,0.9179,0.9179,0.5270767961373889,R3x3_BP2_1,novel ⍺/β
NF1-02,313,14,2.0606801509857178,1.791493535041809,0.0190854165703058,0.4297074675559997,1.0,3.285862684249878,0.0,1.791493535041809,[0],5.402389064431191,0.8537487685680389,0.7838279008865356,1,390.6633911132813,0.7986111111111112,0.0,1.0,1.8345335721969604,1.0,0.8694,0.8694,0.5817956162184104,R3x3_BP2_2,novel ⍺/β
NF1-03,314,15,2.0795700550079346,1.7531704902648926,0.0247126650065183,0.4004473388195038,1.0,3.315715074539185,0.0,1.7531704902648926,[0],5.570367932319641,0.8509987443685532,0.7809065580368042,1,390.6633911132813,0.75,0.0,1.0,1.7336955070495603,1.0,0.8815,0.8815,0.585801266066008,R3x3_BP2_3,novel ⍺/β
NF1-04,315,16,2.132988452911377,1.7283440828323364,0.0287093613296747,0.4105511307716369,1.0,3.2494688034057617,0.0,1.7283440828323364,[0],6.1981620490551,0.8216178566217422,0.7600662708282471,1,390.6633911132813,1.0,0.0,1.0,1.7941399812698364,1.0,0.8809,0.8809,0.5501079735072744,R3x3_BP2_4,novel ⍺/β
NF1-05,316,17,2.137749195098877,1.6674586534500122,0.0218953024595975,0.3583440780639648,1.0,3.131954431533813,0.0,1.6674586534500122,[0],5.846316486597061,0.8361409604549408,0.7621121406555176,1,390.6633911132813,0.7986111111111112,0.0,1.0,1.413058161735535,1.0,0.9162,0.9162,0.5838330370075135,R3x3_BP2_5,novel ⍺/β
NF1-06,317,18,2.1778814792633057,1.6488440036773682,0.0168945230543613,0.3304042518138885,1.0,3.1533000469207764,0.0,1.6488440036773682,[0],6.09994937479496,0.8229266256093979,0.7624279260635376,1,390.6633911132813,0.7638888888888888,0.0,1.0,1.5478534698486328,1.0,0.9082,0.9082,0.5698248787910746,R3x3_BP2_6,novel ⍺/β
NF1-07,318,19,2.142522096633911,1.6679736375808716,0.0190187338739633,0.3685624003410339,1.0,3.2533183097839355,0.0,1.6679736375808716,[0],6.072320982813835,0.8211444467306137,0.7614800930023193,1,390.6633911132813,0.6944444444444444,0.0,1.0,1.6699204444885254,1.0,0.8897,0.8897,0.5563161976567421,R3x3_BP2_7,novel ⍺/β
NF1-08,319,20,2.24038028717041,1.6545546054840088,0.018801100552082,0.3394263386726379,1.0,3.050786018371582,0.0,1.6545546054840088,[0],6.400611504912376,0.8170690983533859,0.7275285720825195,1,390.6633911132813,0.8055555555555556,0.0,1.0,1.37410569190979,1.0,0.9214,0.9214,0.5477180428245523,R3x3_BP2_8,novel ⍺/β
NF1-09,320,21,1.9753992557525637,1.6989727020263672,0.0202780626714229,0.3700735569000244,1.0,3.462275266647339,0.0,1.6989727020263672,[0],5.210161328315735,0.8586003631353378,0.801298975944519,1,390.6633911132813,0.7777777777777778,0.0,1.0,1.6641420125961304,1.0,0.8919,0.8919,0.6136232682603645,R3x3_BP2_9,novel ⍺/β
NF1-10,321,22,1.802623271942139,1.5871350765228271,0.0105173122137784,0.2649082541465759,1.0,3.470137357711792,0.0,1.5871350765228271,[0],4.005421623587608,0.8976830020546913,0.8052294254302979,1,341.8304748535156,0.6587301587301587,0.0,1.0,0.8026388883590698,1.0,0.9661,0.9661,0.6983364659290967,R3x3_BP3_10,novel ⍺/β
NF1-11,322,23,1.956249952316284,1.775928974151611,0.0110082691535353,0.3366844654083252,1.0,3.386647701263428,0.0,1.775928974151611,[0],4.908470466732979,0.8609934747219086,0.7537257671356201,1,341.8304748535156,0.3174603174603174,0.0,1.0,1.0541709661483765,1.0,0.9439,0.9439,0.6125467057717324,R3x3_BP3_1,novel ⍺/β
NF1-12,323,24,1.8732481002807615,1.6970574855804443,0.0106260664761066,0.2898658215999603,1.0,3.6992506980896,0.0,1.6970574855804443,[0],4.2087298184633255,0.8929653540253639,0.7715763449668884,1,341.8304748535156,0.5396825396825397,0.0,1.0,1.062165379524231,1.0,0.9419,0.9419,0.6489605701921743,R3x3_BP3_2,novel ⍺/β
NF1-13,324,25,1.5639104843139648,1.496132254600525,0.0099293356761336,0.2267763018608093,1.0,4.010491371154785,0.0,1.496132254600525,[0],3.243989422917366,0.929839737713337,0.8445116281509399,1,341.8304748535156,1.0,0.0,1.0,0.6578107476234436,1.0,0.9766,0.9766,0.766885375798645,R3x3_BP3_3,novel ⍺/β
NF1-14,325,26,1.9130109548568728,1.5782837867736816,0.0095529220998287,0.2599394619464874,1.0,3.405627727508545,0.0,1.5782837867736816,[0],4.380179211497307,0.8783442676067352,0.7569514513015747,1,341.8304748535156,0.6428571428571429,0.0,1.0,0.7962813973426819,1.0,0.9663,0.9663,0.6424580523821197,R3x3_BP3_4,novel ⍺/β
NF1-15,326,27,1.882631778717041,1.5888344049453735,0.0104777254164218,0.2657900154590606,1.0,3.5008983612060547,0.0,1.5888344049453735,[0],4.199534520506859,0.8873835280537605,0.7708138227462769,1,341.8304748535156,0.6428571428571429,0.0,1.0,0.810223400592804,1.0,0.965,0.965,0.6600672273686552,R3x3_BP3_5,novel ⍺/β
NF1-16,327,28,1.936915397644043,1.6274924278259275,0.013047544285655,0.2945877611637115,1.0,3.435819625854492,0.0,1.6274924278259275,[0],4.434019699692726,0.8792958185076714,0.7529323101043701,1,341.8304748535156,0.6984126984126984,0.0,1.0,0.9285389184951782,1.0,0.9587,0.9587,0.6347075573168679,R3x3_BP3_6,novel ⍺/β
NF2-01,328,29,1.7542331218719482,1.5949108600616455,0.0069427625276148,0.2638992965221405,1.0,3.511714458465576,0.0,1.5949108600616455,[0],3.9171502739191055,0.8975563272833824,0.7966747283935547,1,341.8304748535156,0.7380952380952381,0.0,1.0,0.7978451251983643,1.0,0.9663,0.9663,0.6909629063186643,R3x3_BP3_7,novel ⍺/β
NF2-02,329,30,2.0502126216888428,1.611935019493103,0.0116500649601221,0.2560038566589355,1.0,3.24991512298584,0.0,1.611935019493103,[0],4.8274856954813,0.8671296387910843,0.749649167060852,1,341.8304748535156,0.6190476190476191,0.0,1.0,0.7637431621551514,1.0,0.9689,0.9689,0.6298266737973095,R3x3_BP3_8,novel ⍺/β
NF2-03,330,31,2.019402265548706,1.5895525217056274,0.0143136093392968,0.2557381093502044,1.0,3.3053348064422607,0.0,1.5895525217056274,[0],5.031172677874565,0.8584809452295303,0.7235903739929199,1,341.8304748535156,0.7063492063492064,0.0,1.0,0.7704048156738281,1.0,0.9683,0.9683,0.6014968712457168,R3x3_BP3_9,novel ⍺/β
NF2-04,331,32,1.7051424980163574,1.4508413076400757,0.0104765510186553,0.3312691748142242,1.0,6.731253623962402,0.0,1.4508413076400757,[0],4.691373482346535,0.886299192905426,0.7700117826461792,1,333.691650390625,0.8699186991869918,0.0,1.0,1.0295180082321167,1.0,0.9539,0.9539,0.6509993776164273,TMB2.12,novel ⍺/β
NF3-01,332,33,1.4178255796432495,1.324132800102234,0.0072926748543977,0.2924962043762207,1.0,8.109586715698242,0.0,1.324132800102234,[0],3.736052423715592,0.9262588173151016,0.8293288350105286,1,333.691650390625,0.8699186991869918,0.0,1.0,0.760528564453125,1.0,0.9716,0.9716,0.7463570285391098,TMB2.14,novel ⍺/β
NF3-02,333,34,1.5576682090759275,1.4330164194107056,0.0087381610646843,0.3340988159179687,1.0,7.450418472290039,0.0,1.4330164194107056,[0],4.04488804936409,0.9149320870637894,0.799035370349884,1,333.691650390625,0.8699186991869918,0.0,1.0,1.3491122722625732,1.0,0.9502,0.9502,0.6946561567002133,TMB2.15,novel ⍺/β
NF3-03,334,35,1.475403904914856,1.600066304206848,0.0089439833536744,0.3562892079353332,1.0,7.921486854553223,0.0,1.600066304206848,[0],4.032439336180687,0.9154051095247268,0.8249002695083618,1,333.691650390625,0.8699186991869918,0.0,1.0,0.9904608130455016,1.0,0.9516,0.9516,0.7185702141529547,TMB2.17,novel ⍺/β
NF3-04,335,36,1.4775892496109009,1.46149480342865,0.0094219772145152,0.3099841475486755,1.0,7.817448139190674,0.0,1.46149480342865,[0],3.545082539319992,0.9321017861366272,0.8158360719680786,1,333.691650390625,0.8699186991869918,0.0,1.0,0.7770110368728638,1.0,0.9669,0.9669,0.7352716210742359,TMB2.18,novel ⍺/β
NF4-01,336,37,1.6936150789260864,1.536655306816101,0.0114332679659128,0.3949636816978454,1.0,6.897175312042236,0.0,1.536655306816101,[0],4.300368219614029,0.904780186712742,0.7682191133499146,1,333.691650390625,0.8699186991869918,0.0,1.0,1.3914626836776731,1.0,0.9407,0.9407,0.6538518154472198,TMB2.19,novel ⍺/β
NF4-02,337,38,1.5176275968551636,1.6587616205215454,0.0105965137481689,0.4123715460300445,1.0,7.628709316253662,0.0,1.6587616205215454,[0],3.7273393869400016,0.9279143139719964,0.8144447207450867,1,333.691650390625,0.8699186991869918,0.0,1.0,1.3626594543457031,1.0,0.9373,0.9373,0.7083503351905344,TMB2.1,novel ⍺/β
NF4-03,338,39,1.637674331665039,1.407103419303894,0.0103427888825535,0.3303349316120147,1.0,7.188488960266113,0.0,1.407103419303894,[0],4.382284715771675,0.8997243791818619,0.7832607626914978,1,333.691650390625,0.8699186991869918,0.0,1.0,0.6866450309753418,1.0,0.9739,0.9739,0.6863256426800713,TMB2.20,novel ⍺/β
NF4-04,339,40,1.485501766204834,1.433826208114624,0.0065563428215682,0.3469584286212921,1.0,7.757229804992676,0.0,1.433826208114624,[0],3.645465850830078,0.9287752285599707,0.814594030380249,1,333.691650390625,0.8699186991869918,0.0,1.0,1.366777420043945,1.0,0.948,0.948,0.7172328693990034,TMB2.21,novel ⍺/β
NF4-05,340,41,1.5509835481643677,1.3650233745574951,0.0110039431601762,0.2807353734970093,1.0,7.546059131622314,0.0,1.3650233745574951,[0],4.144675925374031,0.9140243008732796,0.814527153968811,1,333.691650390625,0.8699186991869918,0.0,1.0,0.6640868782997131,1.0,0.9752,0.9752,0.7260340716599182,TMB2.22,novel ⍺/β
NF4-06,341,42,1.4994175434112549,1.6260590553283691,0.010492798872292,0.343942791223526,1.0,7.5720534324646,0.0,1.6260590553283691,[0],3.96879979968071,0.9188911095261574,0.8159992098808289,1,333.691650390625,0.8617886178861789,0.0,1.0,0.9431267976760864,1.0,0.952,0.952,0.7138233272115492,TMB2.23,novel ⍺/β
NF5-01,342,43,1.4120298624038696,1.547895431518555,0.0067131528630852,0.3109167516231537,1.0,8.120339393615723,0.0,1.547895431518555,[0],3.3127236515283585,0.9412484541535378,0.8143734335899353,1,333.691650390625,0.8699186991869918,0.0,1.0,0.8837177157402039,1.0,0.958,0.958,0.7343335705804854,TMB2.24,novel ⍺/β
NF5-02,343,44,1.4197895526885986,1.5129094123840332,0.0075407410040497,0.3166958391666412,1.0,8.010292053222656,0.0,1.5129094123840332,[0],3.4731919020414352,0.9358508810400964,0.8223599195480347,1,333.691650390625,0.8699186991869918,0.0,1.0,0.8704314231872559,1.0,0.961,0.961,0.7395916112866884,TMB2.25,novel ⍺/β
NF5-03,344,45,1.6715729236602783,1.41149640083313,0.0100618386641144,0.3092365860939026,1.0,7.034059047698975,0.0,1.41149640083313,[0],4.575369343161583,0.8950894251465797,0.7898591756820679,1,333.691650390625,0.8699186991869918,0.0,1.0,1.0317858457565308,1.0,0.9637,0.9637,0.6813306916910726,TMB2.26,novel ⍺/β
NF5-04,345,46,1.5374995470046997,1.373666286468506,0.0101118693128228,0.2893211543560028,1.0,7.411965370178223,0.0,1.373666286468506,[0],3.9580279141664505,0.9155265763401984,0.7926508188247681,1,333.691650390625,0.8699186991869918,0.0,1.0,0.7049008011817932,1.0,0.9723,0.9723,0.7055911973280394,TMB2.27,novel ⍺/β
NF5-05,346,47,1.4360977411270142,1.3391680717468262,0.0084352055564522,0.2985762059688568,1.0,8.010505676269531,0.0,1.3391680717468262,[0],3.353453703224659,0.9396420270204544,0.8118944764137268,1,333.691650390625,0.8617886178861789,0.0,1.0,0.6746770143508911,1.0,0.9746,0.9746,0.7435127611868845,TMB2.28,novel ⍺/β
NF5-06,347,48,1.5580209493637085,1.4884556531906128,0.014311603270471,0.3541465997695923,1.0,7.378900527954102,0.0,1.4884556531906128,[0],3.988525852560997,0.9173928648233414,0.8038368225097656,1,333.691650390625,0.8699186991869918,0.0,1.0,1.0999135971069336,1.0,0.9513,0.9513,0.701521121595178,TMB2.29,novel ⍺/β
NF6-01,348,49,1.560817837715149,1.425143837928772,0.0115136010572314,0.3165059685707092,1.0,7.425039768218994,0.0,1.425143837928772,[0],4.162185147404671,0.9085634425282478,0.8101373910903931,1,333.691650390625,0.8699186991869918,0.0,1.0,0.8143294453620911,1.0,0.9645,0.9645,0.709931043767508,TMB2.2,novel ⍺/β
NF6-02,349,50,1.5394357442855835,1.446245193481445,0.0099200746044516,0.3138043880462646,1.0,7.639209270477295,0.0,1.446245193481445,[0],4.182402700185776,0.9097567275166512,0.8063603639602661,1,333.691650390625,0.8617886178861789,0.0,1.0,0.7510574460029602,1.0,0.9688,0.9688,0.7107037028190599,TMB2.30,novel ⍺/β
NF6-03,350,51,1.425849676132202,1.5104624032974243,0.0075675351545214,0.3106786906719208,1.0,8.04985523223877,0.0,1.5104624032974243,[0],3.557629182934761,0.9337235763669014,0.8289179801940918,1,333.691650390625,0.8699186991869918,0.0,1.0,0.9074288606643676,1.0,0.9605,0.9605,0.7434080406728804,TMB2.31,novel ⍺/β
NF6-04,351,52,1.7359600067138672,1.3819293975830078,0.0136537235230207,0.3149564862251282,1.0,6.993778705596924,0.0,1.3819293975830078,[0],4.957492500543594,0.8782474547624588,0.7731204628944397,1,333.691650390625,0.8699186991869918,0.0,1.0,0.8777004480361938,1.0,0.967,0.967,0.6565843731626757,TMB2.32,novel ⍺/β
NF6-05,352,53,1.5513100624084473,1.435799241065979,0.010033780708909,0.3122396171092987,1.0,7.468766689300537,0.0,1.435799241065979,[0],4.133840292692184,0.9096090421080588,0.8111257553100586,1,333.691650390625,0.8780487804878049,0.0,1.0,0.8459759950637817,1.0,0.9616,0.9616,0.7094755201781947,TMB2.33,novel ⍺/β
NF6-06,353,54,1.5198891162872314,1.5889736413955688,0.0115846842527389,0.3534341156482696,1.0,7.518933296203613,0.0,1.5889736413955688,[0],4.0838541984558105,0.9150270447134972,0.8085950613021851,1,333.691650390625,0.8699186991869918,0.0,1.0,0.9344589710235596,1.0,0.9531,0.9531,0.7051856795304752,TMB2.34,novel ⍺/β
NF7-01,354,55,1.5200765132904053,1.474704623222351,0.0107026165351271,0.3189448416233063,1.0,7.561923980712891,0.0,1.474704623222351,[0],3.754027970135212,0.9272955060005188,0.8092747926712036,1,333.691650390625,0.8699186991869918,0.0,1.0,0.8043590784072876,1.0,0.9645,0.9645,0.7237963691816042,TMB2.35,novel ⍺/β
NF7-02,355,56,1.5072169303894043,1.4160493612289429,0.0102377794682979,0.30890753865242,1.0,7.842034816741943,0.0,1.4160493612289429,[0],3.9942238330841056,0.9180335104465484,0.8087422251701355,1,333.691650390625,0.8699186991869918,0.0,1.0,0.7211766242980957,1.0,0.9718,0.9718,0.7215153045339484,TMB2.36,novel ⍺/β
NF7-03,356,57,1.6699329614639282,1.602940559387207,0.0088891619816422,0.3742092847824096,1.0,7.041236877441406,0.0,1.602940559387207,[0],4.609554916620255,0.8894779905676842,0.7912430763244629,1,333.691650390625,0.8617886178861789,0.0,1.0,0.9775892496109008,1.0,0.9507,0.9507,0.669096291811798,TMB2.37,novel ⍺/β
NF7-04,357,58,1.6214243173599243,1.5374772548675537,0.0123699409887194,0.36130490899086,1.0,7.110195636749268,0.0,1.5374772548675537,[0],4.6199604868888855,0.8915592357516289,0.7822616696357727,1,333.691650390625,0.8699186991869918,0.0,1.0,0.9976382851600648,1.0,0.9494,0.9494,0.6621425259515467,TMB2.38,novel ⍺/β
NF7-05,358,59,1.6372761726379397,1.5856727361679075,0.0120984008535742,0.3681806623935699,1.0,7.150935649871826,0.0,1.5856727361679075,[0],4.284434199333191,0.9037413820624352,0.7833118438720703,1,333.691650390625,0.8699186991869918,0.0,1.0,0.9610451459884644,1.0,0.9519,0.9519,0.6738607934723753,TMB2.39,novel ⍺/β
NF7-06,359,60,1.5439696311950684,1.4108846187591553,0.0080433646216988,0.334973007440567,1.0,7.557188510894775,0.0,1.4108846187591553,[0],4.24046066403389,0.9075978025794028,0.804942786693573,1,333.691650390625,0.8780487804878049,0.0,1.0,0.986068308353424,1.0,0.9584,0.9584,0.7001728293419704,TMB2.3,novel ⍺/β
NF8-01,360,61,1.4254271984100342,1.43559992313385,0.0080579975619912,0.3109450340270996,1.0,7.887112617492676,0.0,1.43559992313385,[0],3.48340230435133,0.936193898320198,0.8204528093338013,1,333.691650390625,0.8617886178861789,0.0,1.0,0.7773363590240479,1.0,0.9675,0.9675,0.7431395692543356,TMB2.41,novel ⍺/β
NF8-02,361,62,1.6488122940063477,1.461715579032898,0.0098381806164979,0.3190295994281769,1.0,7.148532390594482,0.0,1.461715579032898,[0],4.716576710343361,0.8852799832820892,0.7938827276229858,1,333.691650390625,0.8699186991869918,0.0,1.0,0.9281097650527954,1.0,0.9574,0.9574,0.6728688462561169,TMB2.42,novel ⍺/β
NF8-03,362,63,1.4329571723937988,1.4461625814437866,0.0079257916659116,0.3194532692432403,1.0,7.941246032714844,0.0,1.4461625814437866,[0],3.537316009402275,0.9337605237960817,0.8185751438140869,1,333.691650390625,0.8699186991869918,0.0,1.0,0.8632107973098755,1.0,0.9603,0.9603,0.7340083347986391,TMB2.43,novel ⍺/β
NF8-04,363,64,1.5035220384597778,1.7368592023849487,0.0081261759623885,0.3953372836112976,1.0,7.638720035552978,0.0,1.7368592023849487,[0],3.8029594644904137,0.920745112001896,0.7941622138023376,1,333.691650390625,0.8699186991869918,0.0,1.0,1.3012126684188845,1.0,0.9282,0.9282,0.6787193103827583,TMB2.44,novel ⍺/β
NF8-05,364,65,1.5659533739089966,1.6425085067749023,0.007630243897438,0.3996177315711975,1.0,7.402990818023682,0.0,1.6425085067749023,[0],4.080295905470848,0.910337209701538,0.7935380339622498,1,333.691650390625,0.8699186991869918,0.0,1.0,1.1695196628570557,1.0,0.9386,0.9386,0.6780326255720035,TMB2.45,novel ⍺/β
NF8-06,365,66,1.5234689712524414,1.368088722229004,0.0093536423519253,0.2781620025634765,1.0,7.675271034240723,0.0,1.368088722229004,[0],4.136677041649818,0.9108129218220712,0.8130708932876587,1,333.691650390625,0.8617886178861789,0.0,1.0,0.68229740858078,1.0,0.9742,0.9742,0.7214491446839474,TMB2.47,novel ⍺/β
NF8-07,366,67,1.4764474630355835,1.35664701461792,0.0104462802410125,0.2758750319480896,1.0,7.796497344970703,0.0,1.35664701461792,[0],3.86267901211977,0.9229251071810722,0.818260669708252,1,333.691650390625,0.8780487804878049,0.0,1.0,0.6670981049537659,1.0,0.9754,0.9754,0.7366155607117478,TMB2.48,novel ⍺/β
NF8-08,367,68,1.5306496620178225,1.4491891860961914,0.0097406422719359,0.3315676748752594,1.0,7.514678478240967,0.0,1.4491891860961914,[0],4.10983994603157,0.91311763972044,0.8060121536254883,1,333.691650390625,0.8699186991869918,0.0,1.0,0.7737861275672913,1.0,0.9687,0.9687,0.7129476187554638,TMB2.49,novel ⍺/β
NF8-09,368,69,1.5443782806396484,1.4658108949661257,0.0086341919377446,0.3545690178871155,1.0,7.488838195800781,0.0,1.4658108949661257,[0],4.003341063857079,0.9146110042929648,0.8025283813476562,1,333.691650390625,0.8699186991869918,0.0,1.0,1.2590051889419556,1.0,0.9529,0.9529,0.6994298281337182,TMB2.4,novel ⍺/β
NF8-10,369,70,1.5189298391342163,1.5030046701431274,0.0102379694581031,0.3533539474010467,1.0,7.614298820495605,0.0,1.5030046701431274,[0],4.22812882065773,0.9064052775502204,0.8038607835769653,1,333.691650390625,0.8699186991869918,0.0,1.0,1.1479593515396118,1.0,0.9542,0.9542,0.6952526931752554,TMB2.50,novel ⍺/β
NF8-11,370,71,1.5628376007080078,1.4807652235031128,0.0090299341827631,0.3394407927989959,1.0,7.492749214172363,0.0,1.4807652235031128,[0],4.132424920797348,0.909412443637848,0.7975136041641235,1,333.691650390625,0.8699186991869918,0.0,1.0,0.839442253112793,1.0,0.9639,0.9639,0.6990865920762596,TMB2.51,novel ⍺/β
NF8-12,371,72,1.6250603199005127,1.5158430337905884,0.0115264868363738,0.3296882510185241,1.0,7.170502185821533,0.0,1.5158430337905884,[0],4.301284700632095,0.8976290673017502,0.7731826305389404,1,333.691650390625,0.8780487804878049,0.0,1.0,0.970954954624176,1.0,0.9556,0.9556,0.6632162180689793,TMB2.52,novel ⍺/β
H5_fold-0-Ana,372,73,1.501161813735962,1.4692562818527222,0.0108407791703939,0.3164073228836059,1.0,7.6554365158081055,0.0,1.4692562818527222,[0],3.811226040124893,0.9234788715839386,0.8099602460861206,1,333.691650390625,0.8780487804878049,0.0,1.0,0.8174301385879517,1.0,0.9636,0.9636,0.7207546593468219,TMB2.54,complex ⍺
H5_fold-0-Bill,373,74,1.5931718349456787,1.5366700887680054,0.0166400521993637,0.3889338672161102,1.0,7.340214252471924,0.0,1.5366700887680054,[0],4.256148934364319,0.9050381630659105,0.7913540005683899,1,333.691650390625,0.8699186991869918,0.0,1.0,1.245311975479126,1.0,0.9435,0.9435,0.6757399562472509,TMB2.55,complex ⍺
H5_fold-0-Chantal,374,75,1.4914965629577637,1.4011037349700928,0.0109972758218646,0.3256614804267883,1.0,7.824252605438232,0.0,1.4011037349700928,[0],3.895475313067436,0.9243951439857484,0.8176542520523071,1,333.691650390625,0.8699186991869918,0.0,1.0,1.026360034942627,1.0,0.9611,0.9611,0.7264336144362558,TMB2.56,complex ⍺
H5_fold-0-Chris,375,76,1.4115430116653442,1.4040838479995728,0.0083460491150617,0.3062305748462677,1.0,8.115449905395508,0.0,1.4040838479995728,[0],3.4351667165756226,0.9369275569915771,0.8241491317749023,1,333.691650390625,0.8699186991869918,0.0,1.0,0.7141126990318298,1.0,0.9721,0.9721,0.7506245445201952,TMB2.57,complex ⍺
H5_fold-0-Danny,376,77,1.4475297927856443,1.6250981092453003,0.0085703777149319,0.3681548237800598,1.0,7.98130464553833,0.0,1.6250981092453003,[0],3.70254335552454,0.931209683418274,0.8210893273353577,1,333.691650390625,0.8617886178861789,0.0,1.0,1.2469401359558103,1.0,0.9441,0.9441,0.721864838575638,TMB2.58,complex ⍺
H5_fold-0-Elsa,377,78,1.4869163036346436,1.5788158178329468,0.0116693694144487,0.3477824628353119,1.0,7.740224838256836,0.0,1.5788158178329468,[0],3.780371949076653,0.925669513642788,0.8208544850349426,1,333.691650390625,0.8699186991869918,0.0,1.0,1.030653715133667,1.0,0.9489,0.9489,0.7210121493679794,TMB2.59,complex ⍺
H5_fold-0-Fay,378,79,1.5072156190872192,1.3994758129119873,0.0064655118621885,0.3101532161235809,1.0,7.727535247802734,0.0,1.3994758129119873,[0],4.181065857410431,0.9089137464761734,0.8080494403839111,1,333.691650390625,0.8780487804878049,0.0,1.0,0.9304834008216858,1.0,0.9661,0.9661,0.709549482619027,TMB2.5,complex ⍺
H5_fold-0-Flanklin,379,80,1.5176867246627808,1.3775237798690796,0.0117241647094488,0.2932226955890655,1.0,7.784784317016602,0.0,1.3775237798690796,[0],3.709169365465641,0.9291623681783676,0.8053393363952637,1,333.691650390625,0.8699186991869918,0.0,1.0,0.6883472800254822,1.0,0.9737,0.9737,0.7286109515609229,TMB2.60,complex ⍺
H5_fold-0-Hermine,380,81,1.4926846027374268,1.3785343170166016,0.008641361258924,0.2823193073272705,1.0,7.765834808349609,0.0,1.3785343170166016,[0],4.020084396004677,0.917332760989666,0.805037260055542,1,333.691650390625,0.8617886178861789,0.0,1.0,0.8902407884597778,1.0,0.9668,0.9668,0.7139692823244247,TMB2.62,complex ⍺
H5_fold-0-Larry,381,82,1.8269344568252563,1.6160262823104858,0.0195217356085777,0.3834631145000458,1.0,6.518895626068115,0.0,1.6160262823104858,[0],4.876592263579369,0.8814258202910423,0.7671650648117065,1,333.691650390625,0.8617886178861789,0.0,1.0,1.028264045715332,1.0,0.946,0.946,0.6396843453365735,TMB2.63,complex ⍺
H6_fold-C-Cyrus,382,83,1.5454578399658203,1.4597960710525513,0.0089511564001441,0.3120717406272888,1.0,7.267083168029785,0.0,1.4597960710525513,[0],4.085188269615173,0.9155264049768448,0.8055527210235596,1,333.691650390625,0.8617886178861789,0.0,1.0,0.8431048393249512,1.0,0.9611,0.9611,0.7088158504954619,TMB2.64,complex ⍺
H6_fold-C-Dan,383,84,1.5311546325683594,1.328481912612915,0.0100638605654239,0.3043858706951141,1.0,7.740177154541016,0.0,1.328481912612915,[0],4.280973374843597,0.9071560800075532,0.8062988519668579,1,333.691650390625,0.8699186991869918,0.0,1.0,0.8685121536254883,1.0,0.9658,0.9658,0.7064236952842674,TMB2.65,complex ⍺
H6_fold-C-Max,384,85,1.488323450088501,1.464206337928772,0.0088154906406998,0.2884980738162994,1.0,7.812500476837158,0.0,1.464206337928772,[0],3.787483915686608,0.921660952270031,0.8075127005577087,1,333.691650390625,0.8617886178861789,0.0,1.0,0.8411648273468018,1.0,0.9649,0.9649,0.7181296469138899,TMB2.66,complex ⍺
H6_fold-C-Melvin,385,86,1.5157313346862793,1.5941407680511477,0.0126078762114048,0.3553923666477203,1.0,7.648139953613281,0.0,1.5941407680511477,[0],4.06885652244091,0.9156101271510124,0.802091121673584,1,333.691650390625,0.8617886178861789,0.0,1.0,0.915692150592804,1.0,0.9551,0.9551,0.7014280702520375,TMB2.67,complex ⍺
H6_fold-C-Moca,386,87,1.6153894662857056,1.5424587726593018,0.0077829305082559,0.3655510246753692,1.0,7.353488922119141,0.0,1.5424587726593018,[0],4.5058895498514175,0.897185854613781,0.7893375158309937,1,333.691650390625,0.8699186991869918,0.0,1.0,1.1451201438903809,1.0,0.9478,0.9478,0.6712153296353884,TMB2.68,complex ⍺
H6_fold-C-Paul,387,88,1.5438628196716309,1.4163150787353516,0.0098611712455749,0.2922401428222656,1.0,7.51361608505249,0.0,1.4163150787353516,[0],3.769840501248837,0.9254191294312476,0.8028555512428284,1,333.691650390625,0.8699186991869918,0.0,1.0,0.7402047514915466,1.0,0.9698,0.9698,0.7205399531544192,TMB2.69,complex ⍺
H6_fold-C-Rei,388,89,1.4599952697753906,1.2989481687545776,0.0093530733138322,0.2696127295494079,1.0,7.947403430938721,0.0,1.2989481687545776,[0],3.883796647191048,0.9242775663733482,0.8186373710632324,1,333.691650390625,0.8699186991869918,0.0,1.0,0.5489046573638916,1.0,0.983,0.983,0.7437851383984339,TMB2.6,complex ⍺
H6_fold-Z-Gogy,389,90,1.605447769165039,1.4952963590621948,0.0113208573311567,0.3703734576702118,1.0,7.259535789489746,0.0,1.4952963590621948,[0],4.36822846531868,0.9026712700724602,0.7984978556632996,1,333.691650390625,0.8617886178861789,0.0,1.0,1.0128098726272583,1.0,0.955,0.955,0.6883459252132489,TMB2.70,complex ⍺
H6_fold-Z-Hoto,390,91,1.5993320941925049,1.5700966119766235,0.0078819040209054,0.3876224458217621,1.0,7.308899402618408,0.0,1.5700966119766235,[0],4.082447603344917,0.9098196923732758,0.7805558443069458,1,333.691650390625,0.8699186991869918,0.0,1.0,1.3812763690948486,1.0,0.9376,0.9376,0.6658507772711034,TMB2.71,complex ⍺
H6_fold-Z-Kome,391,92,1.5503315925598145,1.6163102388381958,0.0109310643747448,0.3520975708961487,1.0,7.38429594039917,0.0,1.6163102388381958,[0],3.932059720158577,0.9150270149111748,0.7904865741729736,1,333.691650390625,0.8699186991869918,0.0,1.0,0.9608474969863892,1.0,0.9507,0.9507,0.6876570633774192,TMB2.72,complex ⍺
H6_fold-Z-Nazu,392,93,1.584483027458191,1.4903610944747925,0.009826498106122,0.3323796987533569,1.0,7.159710884094238,0.0,1.4903610944747925,[0],4.253797218203545,0.908444993197918,0.8006260395050049,1,333.691650390625,0.8699186991869918,0.0,1.0,0.798244059085846,1.0,0.9652,0.9652,0.7020138168601755,TMB2.73,complex ⍺
H6_fold-Z-Seri,393,94,1.51172137260437,1.3855546712875366,0.0091365305706858,0.297337144613266,1.0,7.762576580047607,0.0,1.3855546712875366,[0],3.914231300354004,0.9192332103848456,0.8119064569473267,1,333.691650390625,0.8699186991869918,0.0,1.0,0.7340301275253296,1.0,0.97,0.97,0.7239414375833203,TMB2.74,complex ⍺
H6_fold-Z-Siro,394,95,1.6143792867660522,1.4503222703933716,0.0082848677411675,0.3545797765254974,1.0,7.310279846191406,0.0,1.4503222703933716,[0],4.60280279815197,0.8901819437742233,0.7904784679412842,1,333.691650390625,0.8699186991869918,0.0,1.0,0.9594043493270874,1.0,0.9555,0.9555,0.6723563592735303,TMB2.75,complex ⍺
H6_fold-Z-Suzu,395,96,1.5585613250732422,1.4266688823699951,0.0094910701736807,0.300834983587265,1.0,7.603529453277588,0.0,1.4266688823699951,[0],4.026824042201042,0.9154829382896424,0.8000055551528931,1,333.691650390625,0.8699186991869918,0.0,1.0,0.7674873471260071,1.0,0.9677,0.9677,0.7087351928875822,TMB2.76,complex ⍺
H6_fold-U-Cacyd,396,97,1.6398319005966189,1.3699649572372437,0.0131538398563861,0.3169000744819641,1.0,7.145083427429199,0.0,1.3699649572372437,[0],4.765292480587959,0.8883473724126816,0.802071750164032,1,333.691650390625,0.8699186991869918,0.0,1.0,0.9547995924949646,1.0,0.9633,0.9633,0.6863689089696297,TMB2.77,complex ⍺
H6_fold-U-Hatake,397,98,1.53989577293396,1.4320350885391235,0.0108217755332589,0.3330591917037964,1.0,7.749029636383057,0.0,1.4320350885391235,[0],4.280665263533592,0.9096944406628608,0.8118457794189453,1,333.691650390625,0.8617886178861789,0.0,1.0,1.0846784114837646,1.0,0.9554,0.9554,0.705593083200321,TMB2.78,complex ⍺
H6_fold-U-Kazi,398,99,1.5659550428390503,1.467079997062683,0.0090440595522522,0.3156919777393341,1.0,7.54445743560791,0.0,1.467079997062683,[0],3.925472050905228,0.9213443621993064,0.8067649602890015,1,333.691650390625,0.8699186991869918,0.0,1.0,0.8947708010673523,1.0,0.9581,0.9581,0.7121637280101438,TMB2.79,complex ⍺
H6_fold-U-Morit,399,0,1.4603121280670166,1.304663896560669,0.0093911672011017,0.2891902029514313,1.0,7.801785469055176,0.0,1.304663896560669,[0],4.009689450263977,0.9152434691786766,0.8169089555740356,1,333.691650390625,0.8699186991869918,0.0,1.0,0.8170911073684692,0.9248,0.9705,0.9705,0.7256143042008799,TMB2.7,complex ⍺
H6_fold-U-Nomur,400,1,1.584520697593689,1.4714922904968262,0.0097479531541466,0.340440422296524,1.0,7.404900550842285,0.0,1.4714922904968262,[0],4.427175655961037,0.9053084775805472,0.8037958741188049,1,333.691650390625,0.8699186991869918,0.0,1.0,0.9094435572624208,1.0,0.9607,0.9607,0.6990852685740185,TMB2.80,complex ⍺
H6_fold-U-Sait,401,2,1.5281894207000732,1.4175773859024048,0.0099679436534643,0.3010875582695007,1.0,7.459976673126221,0.0,1.4175773859024048,[0],3.985046550631523,0.923412688076496,0.8082633018493652,1,333.691650390625,0.8617886178861789,0.0,1.0,0.7286534905433655,1.0,0.9711,0.9711,0.7247907672343352,TMB2.81,complex ⍺
H6_fold-U-Sho,402,3,1.5965478420257568,1.546930909156799,0.0125705329701304,0.4018033444881439,1.0,7.265476703643799,0.0,1.546930909156799,[0],4.313351854681969,0.9104298651218414,0.799884557723999,1,333.691650390625,0.8780487804878049,0.0,1.0,1.392996311187744,1.0,0.94,0.94,0.684544462601602,TMB2.82,complex ⍺
H6_fold-U-Takin,403,4,1.4391987323760986,1.3977843523025513,0.0104137575253844,0.3096074163913727,1.0,7.903669357299805,0.0,1.3977843523025513,[0],3.875391259789467,0.9202125146985054,0.8189519643783569,1,333.691650390625,0.8617886178861789,0.0,1.0,0.8897101879119873,1.0,0.9618,0.9618,0.7248219504193772,TMB2.83,complex ⍺
H7_fold-K-Chario,404,5,1.5766056776046753,1.4702004194259644,0.0088947657495737,0.3258361220359802,1.0,7.407413959503174,0.0,1.4702004194259644,[0],4.47257287800312,0.8937622234225273,0.7874990701675415,1,333.691650390625,0.8699186991869918,0.0,1.0,0.8185439705848694,1.0,0.9644,0.9644,0.6787803255478131,TMB2.84,complex ⍺
H7_fold-K-Dark,405,6,1.5422213077545166,1.474507451057434,0.0084004830569028,0.3676307201385498,1.0,7.685190200805664,0.0,1.474507451057434,[0],4.134505480527878,0.9102967754006386,0.7975385189056396,1,333.691650390625,0.8699186991869918,0.0,1.0,1.264943242073059,1.0,0.9501,0.9501,0.6897695045909265,TMB2.85,complex ⍺
H7_fold-K-Jazzbird,406,7,1.5967388153076172,1.4689408540725708,0.0100834192708134,0.3174329400062561,1.0,7.234984874725342,0.0,1.4689408540725708,[0],4.240981727838516,0.906154178082943,0.8009952306747437,1,333.691650390625,0.8617886178861789,0.0,1.0,0.805790901184082,1.0,0.9646,0.9646,0.7001309637089544,TMB2.86,complex ⍺
H7_fold-K-Mussoc,407,8,1.6189632415771484,1.5432977676391602,0.009810185059905,0.3708060085773468,1.0,7.210155487060547,0.0,1.5432977676391602,[0],4.479313910007477,0.8964149877429008,0.7823734283447266,1,333.691650390625,0.8617886178861789,0.0,1.0,1.0774215459823608,1.0,0.9511,0.9511,0.6670361682149069,TMB2.87,complex ⍺
H7_fold-K-NewWave,408,9,1.6785378456115725,1.746260166168213,0.008682913146913,0.4379193782806396,1.0,6.814752578735352,0.0,1.746260166168213,[0],4.636777728796005,0.8883735612034798,0.7920144200325012,1,333.691650390625,0.8780487804878049,0.0,1.0,1.3595564365386963,1.0,0.9194,0.9194,0.64689413437837,TMB2.88,complex ⍺
H7_fold-K-R3,409,10,1.6538598537445068,1.4766372442245483,0.0104749631136655,0.3555704653263092,1.0,6.961018085479736,0.0,1.4766372442245483,[0],4.329370409250259,0.9031187295913696,0.7967286109924316,1,333.691650390625,0.8617886178861789,0.0,1.0,1.34706711769104,1.0,0.9434,0.9434,0.6788145369346277,TMB2.89,complex ⍺
H7_fold-K-Rush,410,11,1.5005578994750977,1.3724356889724731,0.010651976801455,0.3007559180259704,1.0,7.813370704650879,0.0,1.3724356889724731,[0],3.875252678990364,0.9225276038050652,0.8108199834823608,1,333.691650390625,0.8699186991869918,0.0,1.0,0.7071211934089661,1.0,0.9724,0.9724,0.7273589111444178,TMB2.8,complex ⍺
H7_fold-K-Third,411,12,1.6554021835327148,1.7608200311660769,0.0118927806615829,0.4019477665424347,1.0,7.136764526367188,0.0,1.7608200311660769,[0],4.390557065606117,0.8996941894292831,0.7836001515388489,1,333.691650390625,0.8699186991869918,0.0,1.0,1.388034462928772,1.0,0.9259,0.8218,0.5793694135095503,TMB2.9,complex ⍺
