pdb_id,model,plddt,delta_to_best
3tzq,2,40.61003831417625,-2.4822222222222265
3tzq,1,32.32478927203065,-10.767471264367828
3tzq,3,25.25528735632184,-17.836973180076637
3tzq,4,43.09226053639848,0.0
3tzq,5,28.725747126436783,-14.366513409961694
6l2l,3,35.33116438356165,-7.054383561643839
6l2l,1,35.417054794520546,-6.968493150684942
6l2l,2,40.46876712328768,-1.9167808219178113
6l2l,5,35.75890410958904,-6.6266438356164485
6l2l,4,42.38554794520549,0.0
1r2z,1,49.051063829787246,0.0
1r2z,4,43.71117021276597,-5.339893617021275
1r2z,3,47.441063829787225,-1.6100000000000207
1r2z,5,45.6509574468085,-3.4001063829787483
1r2z,2,44.37404255319149,-4.6770212765957595
3rlf,1,29.846176470588237,-3.901029411764707
3rlf,3,29.84625,-3.9009558823529424
3rlf,5,28.21044117647059,-5.536764705882355
3rlf,4,33.747205882352944,0.0
3rlf,2,32.04735294117647,-1.6998529411764736
2q22,5,31.08152671755725,-13.027633587786273
2q22,1,36.42381679389313,-7.685343511450391
2q22,3,29.87801526717557,-14.231145038167952
2q22,4,44.10916030534352,0.0
2q22,2,39.15809160305343,-4.951068702290094
2p7j,4,33.787311827956984,-9.164623655913992
2p7j,1,31.511720430107523,-11.440215053763453
2p7j,5,42.951935483870976,0.0
2p7j,2,33.22279569892473,-9.729139784946248
2p7j,3,36.08505376344087,-6.866881720430108
6nkh,4,39.91865900383142,-2.239195402298847
6nkh,5,34.12371647509579,-8.03413793103448
6nkh,1,36.07065134099616,-6.087203065134112
6nkh,2,42.15785440613027,0.0
6nkh,3,36.64812260536399,-5.509731800766282
1qqr,4,47.9027536231884,-13.710942028985528
1qqr,1,45.45811594202899,-16.15557971014494
1qqr,5,48.79311594202898,-12.820579710144948
1qqr,2,40.79014492753623,-20.8235507246377
1qqr,3,61.61369565217393,0.0
1why,5,69.5775,-0.12857142857141923
1why,3,51.15583333333333,-18.550238095238093
1why,4,65.84976190476192,-3.8563095238095
1why,2,69.70607142857142,0.0
1why,1,60.48678571428573,-9.21928571428569
6j5y,4,37.92194805194806,-0.952380952380949
6j5y,5,38.874329004329006,0.0
6j5y,2,37.137619047619054,-1.7367099567099515
6j5y,1,36.194848484848485,-2.6794805194805207
6j5y,3,35.55,-3.324329004329009
3rf1,3,45.24897887323943,-7.466866197183101
3rf1,2,52.71584507042253,0.0
3rf1,1,44.10947183098592,-8.606373239436614
3rf1,5,44.29510563380281,-8.42073943661972
3rf1,4,44.89207746478874,-7.82376760563379
2ba0,4,59.2043137254902,-9.78882352941175
2ba0,1,61.21352941176471,-7.779607843137242
2ba0,5,61.2135294117647,-7.779607843137249
2ba0,2,53.65137254901961,-15.34176470588234
2ba0,3,68.99313725490195,0.0
4c1h,4,37.86819004524887,-3.3130316742081334
4c1h,3,41.18122171945701,0.0
4c1h,5,35.71022624434389,-5.470995475113114
4c1h,2,40.465475113122174,-0.7157466063348323
4c1h,1,35.36113122171946,-5.820090497737546
1xhb,5,32.70198473282443,-14.112061068702282
1xhb,3,45.78557251908397,-1.0284732824427394
1xhb,2,40.001526717557255,-6.812519083969455
1xhb,1,42.45923664122137,-4.3548091603053365
1xhb,4,46.81404580152671,0.0
1p5s,4,43.60861635220126,0.0
1p5s,2,40.72830188679245,-2.8803144654088086
1p5s,3,39.72132075471698,-3.8872955974842824
1p5s,5,37.62125786163522,-5.987358490566038
1p5s,1,41.52874213836478,-2.079874213836483
1pa7,5,47.48469230769231,-2.6354615384615414
1pa7,1,40.47269230769231,-9.647461538461542
1pa7,3,50.120153846153855,0.0
1pa7,4,38.73684615384616,-11.383307692307696
1pa7,2,39.53184615384615,-10.588307692307701
2gtv,1,61.65039603960396,-17.077227722772278
2gtv,5,62.839801980198025,-15.887821782178214
2gtv,4,62.84287128712872,-15.884752475247517
2gtv,3,66.72960396039605,-11.998019801980192
2gtv,2,78.72762376237624,0.0
1wju,4,43.38275862068966,-12.55586206896551
1wju,5,42.89195402298851,-13.04666666666666
1wju,1,55.93862068965517,0.0
1wju,2,44.37574712643678,-11.562873563218389
1wju,3,41.94160919540229,-13.997011494252874
4zyl,1,35.51216783216783,-18.143216783216793
4zyl,5,44.57664335664336,-9.078741258741267
4zyl,2,52.9720979020979,-0.6832867132867264
4zyl,3,34.246433566433566,-19.40895104895106
4zyl,4,53.65538461538463,0.0
1zcz,2,49.08286624203821,-7.435605095541405
1zcz,1,47.25197452229299,-9.266496815286622
1zcz,5,36.72388535031847,-19.794585987261144
1zcz,3,55.21375796178345,-1.3047133757961618
1zcz,4,56.51847133757961,0.0
2o6k,3,50.798428571428566,-14.50014285714284
2o6k,1,49.08242857142858,-16.216142857142827
2o6k,4,50.84471428571429,-14.453857142857117
2o6k,5,50.68342857142857,-14.615142857142835
2o6k,2,65.2985714285714,0.0
2ohw,2,43.878203125,-1.088828124999992
2ohw,4,44.96703124999999,0.0
2ohw,1,30.198125,-14.76890624999999
2ohw,5,34.851484375,-10.115546874999993
2ohw,3,31.402578125,-13.56445312499999
1iq0,4,38.45437837837837,-1.3237567567567652
1iq0,1,34.75837837837838,-5.019756756756756
1iq0,3,32.749162162162165,-7.028972972972973
1iq0,5,38.05083783783783,-1.727297297297305
1iq0,2,39.77813513513514,0.0
5tfq,1,39.90447653429603,-9.717545126353777
5tfq,5,43.27761732851985,-6.344404332129955
5tfq,3,39.62790613718412,-9.994115523465688
5tfq,2,45.40862815884477,-4.213393501805037
5tfq,4,49.62202166064981,0.0
1uoy,1,53.68296875,0.0
1uoy,4,50.0284375,-3.654531249999998
1uoy,5,46.0928125,-7.59015625
1uoy,2,45.013125,-8.669843749999998
1uoy,3,53.057500000000005,-0.625468749999996
4ld8,2,62.699866666666665,0.0
4ld8,3,37.46446666666667,-25.2354
4ld8,4,52.516133333333336,-10.183733333333329
4ld8,5,44.7862,-17.913666666666664
4ld8,1,36.32266666666666,-26.377200000000002
7jv7,4,27.1151768488746,-4.993794212218642
7jv7,5,25.294919614147915,-6.814051446945328
7jv7,2,32.10897106109324,0.0
7jv7,3,26.378199356913186,-5.730771704180057
7jv7,1,27.00614147909968,-5.102829581993564
1x4t,5,51.56873417721519,-5.812151898734179
1x4t,3,56.46037974683546,-0.9205063291139126
1x4t,2,57.34430379746836,-0.03658227848100637
1x4t,1,57.29962025316455,-0.08126582278482175
1x4t,4,57.38088607594937,0.0
1z2a,5,28.15170731707317,-13.2415243902439
1z2a,1,31.67439024390244,-9.71884146341463
1z2a,2,35.787926829268294,-5.605304878048777
1z2a,4,41.39323170731707,0.0
1z2a,3,32.54030487804878,-8.852926829268291
4ogq,4,55.70037735849057,0.0
4ogq,3,44.49427672955975,-11.20610062893082
4ogq,5,50.8003144654088,-4.900062893081767
4ogq,1,47.37207547169812,-8.328301886792453
4ogq,2,52.97817610062892,-2.7222012578616486
6arq,1,48.703963963963965,0.0
6arq,2,33.711711711711715,-14.99225225225225
6arq,3,36.68666666666667,-12.017297297297297
6arq,4,42.636756756756746,-6.067207207207218
6arq,5,46.98387387387388,-1.720090090090082
1ktg,1,38.79328467153285,-3.739124087591236
1ktg,5,38.39562043795621,-4.136788321167877
1ktg,4,41.15970802919709,-1.372700729926997
1ktg,3,42.53240875912409,0.0
1ktg,2,38.81963503649636,-3.7127737226277304
2onk,1,40.919125,-5.187333333333328
2onk,3,42.68925,-3.4172083333333276
2onk,4,46.10645833333333,0.0
2onk,2,41.35966666666666,-4.746791666666667
2onk,5,39.12254166666667,-6.983916666666659
1gku,5,36.96266129032258,-1.4868145161290371
1gku,2,37.25681451612903,-1.192661290322583
1gku,3,35.47725806451613,-2.972217741935488
1gku,4,38.449475806451616,0.0
1gku,1,37.19616935483872,-1.2533064516128931
2yc4,5,32.310050505050505,-14.546212121212115
2yc4,4,37.8649494949495,-8.99131313131312
2yc4,1,31.69792929292929,-15.158333333333328
2yc4,2,46.85626262626262,0.0
2yc4,3,28.875101010101,-17.981161616161618
5jhx,2,37.13673708920188,0.0
5jhx,1,32.2206103286385,-4.91612676056338
5jhx,5,31.458286384976525,-5.678450704225355
5jhx,4,30.339553990610327,-6.797183098591553
5jhx,3,30.76424882629108,-6.3724882629107995
1kv9,4,43.326634615384606,-18.961250000000014
1kv9,3,53.10173076923078,-9.186153846153843
1kv9,2,45.300288461538464,-16.987596153846155
1kv9,5,41.66038461538461,-20.627500000000012
1kv9,1,62.28788461538462,0.0
1xhs,3,54.11610619469027,-1.3892035398230007
1xhs,5,55.50530973451327,0.0
1xhs,2,50.2367256637168,-5.2685840707964715
1xhs,4,38.67929203539824,-16.826017699115027
1xhs,1,43.68902654867257,-11.816283185840696
2yzi,3,41.165454545454544,-9.882348484848485
2yzi,4,38.52606060606061,-12.521742424242419
2yzi,5,37.5669696969697,-13.48083333333333
2yzi,1,51.04780303030303,0.0
2yzi,2,39.96265151515152,-11.085151515151509
1ewf,3,31.082887029288703,-6.875815899581593
1ewf,2,32.34707112970711,-5.6116317991631846
1ewf,1,37.958702928870295,0.0
1ewf,4,34.41242677824268,-3.5462761506276124
1ewf,5,30.225857740585774,-7.7328451882845215
6zmb,1,35.24693467336684,-22.884673366834164
6zmb,3,34.947738693467336,-23.183869346733665
6zmb,2,36.84708542713568,-21.28452261306532
6zmb,4,36.96572864321608,-21.16587939698492
6zmb,5,58.131608040201,0.0
3vzx,5,39.90140969162995,-7.2575330396475835
3vzx,1,42.590308370044056,-4.568634361233478
3vzx,4,47.158942731277534,0.0
3vzx,3,34.65806167400881,-12.500881057268721
3vzx,2,40.89330396475771,-6.265638766519821
6vzd,1,49.05898734177216,-32.28683544303798
6vzd,5,74.44544303797468,-6.900379746835455
6vzd,4,81.34582278481014,0.0
6vzd,3,67.19202531645571,-14.153797468354426
6vzd,2,62.2954430379747,-19.05037974683544
1xg9,2,61.61306451612903,-2.9950000000000045
1xg9,4,57.630645161290325,-6.977419354838709
1xg9,5,58.74435483870967,-5.863709677419365
1xg9,3,59.89935483870968,-4.708709677419357
1xg9,1,64.60806451612903,0.0
2fvv,1,34.22585185185185,-7.029481481481476
2fvv,3,41.255333333333326,0.0
2fvv,4,39.70555555555556,-1.5497777777777628
2fvv,2,38.83274074074074,-2.4225925925925864
2fvv,5,39.10948148148149,-2.1458518518518375
2p3w,5,43.2494,-3.1195999999999984
2p3w,2,43.3874,-2.9816000000000003
2p3w,3,46.369,0.0
2p3w,1,43.8239,-2.545099999999998
2p3w,4,42.64630000000001,-3.722699999999989
2bo4,4,42.43592105263158,-0.6330000000000098
2bo4,2,43.06892105263159,0.0
2bo4,1,38.06884210526316,-5.000078947368429
2bo4,5,40.621421052631575,-2.447500000000012
2bo4,3,39.79663157894737,-3.272289473684218
2xw6,2,62.053203125,0.0
2xw6,1,40.18914062499999,-21.86406250000001
2xw6,4,38.89937499999999,-23.15382812500001
2xw6,3,40.832109375,-21.22109375
2xw6,5,41.1075,-20.945703125
6zjk,2,35.307809523809524,-0.6993333333333354
6zjk,5,36.00714285714286,0.0
6zjk,4,33.3312380952381,-2.6759047619047607
6zjk,3,32.57326984126984,-3.4338730158730186
6zjk,1,35.33761904761905,-0.6695238095238096
1u3o,5,51.99089552238806,-6.147164179104486
1u3o,1,58.138059701492544,0.0
1u3o,4,53.402835820895525,-4.735223880597019
1u3o,3,47.209701492537306,-10.928358208955238
1u3o,2,56.53358208955224,-1.604477611940304
2q9q,1,45.793070175438594,-7.310438596491224
2q9q,4,53.10350877192982,0.0
2q9q,5,47.050877192982455,-6.052631578947363
2q9q,3,48.29280701754386,-4.81070175438596
2q9q,2,48.061228070175446,-5.042280701754372
3c9u,5,30.39396449704142,-1.6277514792899446
3c9u,4,32.021715976331365,0.0
3c9u,3,29.66662721893491,-2.355088757396455
3c9u,2,31.49550295857988,-0.5262130177514841
3c9u,1,30.758520710059173,-1.2631952662721915
1spp,4,59.93839285714286,0.0
1spp,1,39.21875,-20.71964285714286
1spp,5,51.64589285714286,-8.292499999999997
1spp,2,33.07133928571428,-26.867053571428578
1spp,3,43.37151785714286,-16.566874999999996
1adz,4,62.8930985915493,0.0
1adz,1,55.30591549295775,-7.587183098591545
1adz,5,36.98507042253521,-25.908028169014088
1adz,2,43.58859154929578,-19.30450704225352
1adz,3,41.803521126760565,-21.089577464788732
1xwm,5,53.09240566037736,-4.95056603773584
1xwm,1,42.71466981132077,-15.328301886792431
1xwm,4,55.11051886792453,-2.932452830188666
1xwm,3,58.0429716981132,0.0
1xwm,2,45.09377358490566,-12.949198113207537
1foe,5,36.91728395061728,-3.9474691358024714
1foe,4,36.86771604938272,-3.997037037037032
1foe,1,38.74308641975309,-2.1216666666666626
1foe,2,40.86475308641975,0.0
1foe,3,40.69808641975309,-0.1666666666666643
4nsv,5,26.28352272727273,-4.285378787878788
4nsv,1,28.05814393939394,-2.5107575757575766
4nsv,4,28.28371212121212,-2.2851893939393975
4nsv,3,26.19640151515152,-4.372499999999995
4nsv,2,30.568901515151516,0.0
4dxh,2,33.18443181818182,0.0
4dxh,5,27.40892045454545,-5.775511363636372
4dxh,4,30.84392045454545,-2.34051136363637
4dxh,3,29.98710227272727,-3.1973295454545507
4dxh,1,32.72869318181818,-0.4557386363636411
2km8,1,62.58123456790125,-16.81481481481481
2km8,4,79.39604938271606,0.0
2km8,3,67.65012345679013,-11.745925925925931
2km8,5,57.65234567901236,-21.743703703703694
2km8,2,61.58728395061728,-17.80876543209878
6luo,1,59.94472527472527,-12.833846153846167
6luo,5,56.026153846153846,-16.752417582417593
6luo,3,60.49296703296703,-12.285604395604409
6luo,2,70.92615384615384,-1.8524175824176012
6luo,4,72.77857142857144,0.0
6trj,3,80.16705882352942,-1.6752941176470415
6trj,5,77.55035294117647,-4.291999999999987
6trj,2,72.26435294117647,-9.577999999999989
6trj,1,81.84235294117646,0.0
6trj,4,66.10058823529413,-15.741764705882332
5wl1,5,37.943777777777775,-0.3751666666666651
5wl1,2,36.93822222222223,-1.3807222222222109
5wl1,1,37.46155555555556,-0.8573888888888774
5wl1,4,38.31894444444444,0.0
5wl1,3,31.2245,-7.0944444444444414
2xol,5,42.94843373493976,-3.5683734939758978
2xol,1,41.84632530120482,-4.6704819277108385
2xol,3,40.8771686746988,-5.639638554216859
2xol,4,46.51680722891566,0.0
2xol,2,42.26746987951807,-4.249337349397592
5ee0,3,38.09104166666667,-0.32506944444445196
5ee0,4,37.74670138888889,-0.6694097222222339
5ee0,5,34.26979166666667,-4.146319444444451
5ee0,1,37.97197916666667,-0.44413194444445026
5ee0,2,38.41611111111112,0.0
1dmg,4,32.76008888888889,-6.827377777777784
1dmg,5,29.834044444444444,-9.753422222222227
1dmg,1,34.123377777777776,-5.464088888888895
1dmg,2,39.58746666666667,0.0
1dmg,3,30.111377777777776,-9.476088888888896
3bzc,5,59.16844444444445,-5.858000000000004
3bzc,3,61.04733333333333,-3.9791111111111235
3bzc,1,47.02022222222223,-18.00622222222222
3bzc,2,41.30011111111112,-23.72633333333333
3bzc,4,65.02644444444445,0.0
1mqv,2,71.15357723577239,-2.9729268292682605
1mqv,5,55.82821138211383,-18.29829268292682
1mqv,1,70.99024390243902,-3.13626016260163
1mqv,4,67.18243902439025,-6.9440650406504005
1mqv,3,74.12650406504065,0.0
1paq,2,79.99229813664596,-8.75192546583851
1paq,3,63.09378881987577,-25.6504347826087
1paq,1,52.50614906832298,-36.238074534161484
1paq,4,88.74422360248447,0.0
1paq,5,63.83403726708074,-24.91018633540373
2q9u,2,40.30248,0.0
2q9u,4,31.85532,-8.447160000000004
2q9u,3,26.854,-13.448480000000004
2q9u,5,26.4398,-13.862680000000001
2q9u,1,31.25576,-9.046720000000004
1edq,1,59.36321100917432,-0.7376146788990781
1edq,3,54.943027522935786,-5.1577981651376135
1edq,2,60.1008256880734,0.0
1edq,4,49.1102752293578,-10.990550458715596
1edq,5,57.25220183486238,-2.8486238532110164
1snn,5,31.572100456621,-6.393652968036534
1snn,1,37.965753424657535,0.0
1snn,4,32.94360730593607,-5.022146118721466
1snn,3,31.821780821917805,-6.14397260273973
1snn,2,37.73913242009132,-0.22662100456621204
4gcv,4,54.86650684931507,0.0
4gcv,2,52.52041095890411,-2.3460958904109646
4gcv,5,48.72034246575343,-6.14616438356164
4gcv,3,54.3077397260274,-0.558767123287673
4gcv,1,50.49349315068493,-4.373013698630146
2i4f,2,58.2182,-13.106500000000004
2i4f,4,71.3247,0.0
2i4f,1,53.9089,-17.415800000000004
2i4f,5,71.046,-0.2787000000000006
2i4f,3,63.9024,-7.422300000000007
3lnn,5,49.61934693877552,-2.3087755102040717
3lnn,1,47.05873469387755,-4.869387755102046
3lnn,3,45.20318367346938,-6.724938775510211
3lnn,4,47.96502040816327,-3.963102040816324
3lnn,2,51.92812244897959,0.0
1gxm,4,31.44386996904025,-1.4953250773993787
1gxm,3,26.00349845201238,-6.935696594427249
1gxm,5,25.4656346749226,-7.473560371517028
1gxm,1,29.23513931888545,-3.7040557275541772
1gxm,2,32.93919504643963,0.0
6fzv,5,53.05364406779661,-11.131440677966097
6fzv,3,49.87194915254238,-14.31313559322033
6fzv,4,55.73949152542373,-8.445593220338978
6fzv,2,57.129830508474576,-7.055254237288132
6fzv,1,64.18508474576271,0.0
2myg,3,68.17957894736844,0.0
2myg,2,65.8941052631579,-2.285473684210544
2myg,5,59.34978947368421,-8.82978947368423
2myg,4,62.542000000000016,-5.637578947368425
2myg,1,51.26494736842104,-16.9146315789474
7kn8,5,32.704236760124616,-3.1749844236760083
7kn8,4,33.06361370716511,-2.8156074766355133
7kn8,3,33.36794392523365,-2.5112772585669774
7kn8,2,35.879221183800624,0.0
7kn8,1,33.67311526479751,-2.2061059190031145
3c07,4,59.844109589041096,0.0
3c07,1,55.87116438356165,-3.972945205479448
3c07,5,54.34506849315068,-5.499041095890419
3c07,2,49.015273972602735,-10.828835616438361
3c07,3,56.57767123287671,-3.266438356164386
6mdh,3,54.95304347826087,-2.7949275362318957
6mdh,4,47.475507246376814,-10.272463768115948
6mdh,1,52.0068115942029,-5.741159420289861
6mdh,5,41.48057971014493,-16.267391304347832
6mdh,2,57.74797101449276,0.0
1okc,5,26.8822602739726,-9.394212328767122
1okc,4,31.707465753424657,-4.569006849315066
1okc,2,36.27647260273972,0.0
1okc,1,29.0302397260274,-7.246232876712323
1okc,3,24.05215753424657,-12.224315068493151
3m8o,1,50.77203883495145,-24.506601941747583
3m8o,4,72.85776699029127,-2.4208737864077676
3m8o,2,75.27864077669904,0.0
3m8o,3,68.76038834951456,-6.518252427184478
3m8o,5,71.88524271844659,-3.393398058252444
1zch,4,38.97771084337349,-0.04959839357429985
1zch,1,35.152811244979915,-3.8744979919678713
1zch,3,37.70008032128514,-1.3272289156626442
1zch,5,31.967108433734943,-7.060200803212844
1zch,2,39.02730923694779,0.0
1jfi,1,51.90688888888889,-9.900222222222219
1jfi,4,51.86103703703704,-9.946074074074069
1jfi,2,55.6588148148148,-6.148296296296316
1jfi,5,51.72355555555556,-10.083555555555549
1jfi,3,61.80711111111111,0.0
1hzf,2,42.55751533742331,0.0
1hzf,3,33.83266871165644,-8.724846625766872
1hzf,1,37.40631901840491,-5.151196319018403
1hzf,4,42.22125766871166,-0.33625766871165297
1hzf,5,38.61134969325153,-3.946165644171778
3pve,5,29.76612021857924,-5.2307650273223985
3pve,1,31.767486338797813,-3.2293989071038247
3pve,4,32.097759562841524,-2.899125683060113
3pve,3,28.740327868852457,-6.25655737704918
3pve,2,34.99688524590164,0.0
1rp3,5,68.41285714285713,-5.700129870129885
1rp3,2,67.00844155844155,-7.104545454545473
1rp3,4,67.45012987012987,-6.662857142857149
1rp3,3,74.11298701298702,0.0
1rp3,1,68.70259740259739,-5.410389610389629
2b5g,5,34.31761904761905,-8.546785714285718
2b5g,1,35.824464285714285,-7.0399404761904805
2b5g,2,37.81172619047619,-5.052678571428572
2b5g,4,42.864404761904765,0.0
2b5g,3,38.91226190476191,-3.952142857142853
3e9d,5,32.4648,-8.48404
3e9d,4,34.113879999999995,-6.834960000000002
3e9d,2,40.94884,0.0
3e9d,3,30.93752,-10.011319999999998
3e9d,1,35.66288,-5.285959999999996
2ffy,5,31.17865921787709,-4.287597765363131
2ffy,2,35.46625698324022,0.0
2ffy,1,32.37689944134078,-3.089357541899439
2ffy,3,31.246061452513967,-4.220195530726254
2ffy,4,34.2895810055866,-1.1766759776536233
2q7f,3,56.676307692307695,-36.43323076923077
2q7f,1,57.0536923076923,-36.05584615384616
2q7f,5,93.10953846153846,0.0
2q7f,4,78.40738461538463,-14.702153846153834
2q7f,2,56.48815384615386,-36.621384615384606
2nn6,1,47.05474576271187,-2.642457627118631
2nn6,4,49.6972033898305,0.0
2nn6,2,41.02779661016948,-8.669406779661017
2nn6,3,38.96279661016951,-10.734406779660986
2nn6,5,39.90872881355932,-9.788474576271177
1ryp,2,34.44107883817428,-4.280041493775926
1ryp,5,36.93029045643153,-1.790829875518675
1ryp,4,31.89141078838174,-6.8297095435684625
1ryp,3,37.58834024896266,-1.1327800829875443
1ryp,1,38.7211203319502,0.0
1zbs,5,46.93443181818181,0.0
1zbs,4,36.863693181818185,-10.070738636363622
1zbs,3,36.05318181818182,-10.881249999999987
1zbs,2,44.316818181818185,-2.6176136363636218
1zbs,1,36.6577840909091,-10.27664772727271
1q0r,2,36.68632996632997,0.0
1q0r,4,35.78003367003367,-0.9062962962963041
1q0r,1,29.79518518518519,-6.8911447811447815
1q0r,3,30.50279461279461,-6.183535353535362
1q0r,5,29.23508417508417,-7.4512457912458
4i7g,2,40.20271999999999,-3.75304000000002
4i7g,1,33.7892,-10.166560000000011
4i7g,4,34.6008,-9.354960000000013
4i7g,5,43.95576000000001,0.0
4i7g,3,37.57280000000001,-6.382960000000004
3sfx,5,38.72584848484848,-5.942363636363652
3sfx,1,34.37915151515151,-10.289060606060616
3sfx,4,42.08836363636364,-2.5798484848484904
3sfx,2,44.66821212121213,0.0
3sfx,3,33.49248484848485,-11.17572727272728
4xkb,5,50.203625,-4.211125000000003
4xkb,4,50.057500000000005,-4.3572500000000005
4xkb,1,50.788375,-3.626375000000003
4xkb,3,54.414750000000005,0.0
4xkb,2,53.22549999999999,-1.1892500000000155
2odk,3,88.47274509803921,0.0
2odk,2,58.13588235294117,-30.336862745098045
2odk,4,64.66803921568626,-23.80470588235295
2odk,1,60.98137254901961,-27.4913725490196
2odk,5,78.46156862745099,-10.011176470588225
5n2p,1,39.59746887966804,-18.112323651452293
5n2p,5,41.26526970954357,-16.44452282157677
5n2p,2,47.87775933609959,-9.832033195020749
5n2p,3,38.25800829875519,-19.451784232365142
5n2p,4,57.709792531120335,0.0
2f3l,1,29.7819696969697,-3.5858333333333228
2f3l,5,29.31371212121212,-4.0540909090909025
2f3l,4,30.390227272727277,-2.977575757575746
2f3l,3,28.519090909090917,-4.848712121212106
2f3l,2,33.36780303030302,0.0
2j67,5,34.64375838926175,-12.229194630872485
2j67,4,46.87295302013423,0.0
2j67,3,33.24946308724832,-13.62348993288591
2j67,1,36.64986577181209,-10.223087248322145
2j67,2,39.97885906040269,-6.894093959731542
1xeq,5,55.06134831460674,-0.5782022471910011
1xeq,1,53.96000000000001,-1.6795505617977327
1xeq,3,50.74471910112359,-4.894831460674148
1xeq,4,55.454382022471904,-0.18516853932583643
1xeq,2,55.63955056179774,0.0
2hjs,4,46.21836842105263,-5.7543157894736865
2hjs,5,47.333000000000006,-4.639684210526312
2hjs,3,44.88794736842106,-7.084736842105258
2hjs,2,51.97268421052632,0.0
2hjs,1,42.85331578947369,-9.119368421052627
2nrh,5,37.623456790123456,-7.138395061728382
2nrh,1,36.8716049382716,-7.890246913580235
2nrh,2,44.76185185185184,0.0
2nrh,3,41.562345679012346,-3.1995061728394916
2nrh,4,41.888765432098765,-2.873086419753072
2x9v,5,33.862958801498124,-2.5640074906367047
2x9v,1,35.26752808988764,-1.1594382022471876
2x9v,3,29.94992509363296,-6.477041198501869
2x9v,4,33.038202247191016,-3.3887640449438123
2x9v,2,36.42696629213483,0.0
4b8r,4,34.492419700214136,-4.133062098501064
4b8r,1,30.47456102783726,-8.150920770877939
4b8r,2,38.6254817987152,0.0
4b8r,3,33.72049250535332,-4.904989293361879
4b8r,5,32.79967880085653,-5.825802997858666
1fjg,3,34.878269230769234,-2.1184134615384593
1fjg,1,36.996682692307694,0.0
1fjg,4,34.425096153846155,-2.5715865384615384
1fjg,5,35.48427884615384,-1.5124038461538518
1fjg,2,36.21625,-0.7804326923076914
1aqz,5,27.500671140939595,-7.004362416107384
1aqz,3,30.259328859060403,-4.245704697986575
1aqz,1,31.69395973154363,-2.8110738255033496
1aqz,4,29.13798657718121,-5.367046979865769
1aqz,2,34.50503355704698,0.0
1j6o,5,43.5977734375,-5.531601562500001
1j6o,2,49.129375,0.0
1j6o,3,35.07046875,-14.05890625
1j6o,1,36.219921875,-12.909453125000006
1j6o,4,41.50015625,-7.62921875
3p8k,5,36.4025,-13.634615384615387
3p8k,1,39.70019230769231,-10.336923076923078
3p8k,4,45.5645,-4.472615384615388
3p8k,3,36.16530769230769,-13.871807692307698
3p8k,2,50.03711538461539,0.0
6w9g,3,52.75454545454546,-4.383006993007001
6w9g,1,50.6658041958042,-6.471748251748259
6w9g,5,50.24524475524475,-6.8923076923077105
6w9g,2,54.21503496503497,-2.9225174825174918
6w9g,4,57.13755244755246,0.0
1j8u,5,34.58182410423453,-3.1262866449511364
1j8u,1,34.62908794788274,-3.0790228013029264
1j8u,2,37.708110749185664,0.0
1j8u,4,33.772964169381105,-3.9351465798045595
1j8u,3,30.589055374592835,-7.119055374592829
2fr1,5,47.97,0.0
2fr1,1,35.30928229665072,-12.660717703349277
2fr1,3,33.3778947368421,-14.592105263157897
2fr1,2,38.25435406698565,-9.71564593301435
2fr1,4,38.0545933014354,-9.915406698564595
6krw,5,26.41584967320261,-7.301993464052291
6krw,1,30.14101307189543,-3.5768300653594736
6krw,4,31.16052287581699,-2.557320261437912
6krw,3,28.402908496732028,-5.314934640522875
6krw,2,33.7178431372549,0.0
1zyb,1,32.354897959183674,0.0
1zyb,2,27.790544217687074,-4.5643537414966
1zyb,5,25.608027210884355,-6.746870748299319
1zyb,4,28.456666666666667,-3.898231292517007
1zyb,3,27.31244897959184,-5.0424489795918355
5odu,3,35.134297520661164,-0.46289256198346607
5odu,4,32.517851239669426,-3.079338842975204
5odu,1,35.59719008264463,0.0
5odu,2,32.92801652892562,-2.6691735537190127
5odu,5,33.1099173553719,-2.4872727272727317
1t7s,2,84.64387596899225,0.0
1t7s,1,81.98682170542635,-2.6570542635658967
1t7s,3,56.358139534883726,-28.28573643410852
1t7s,4,83.33798449612405,-1.305891472868197
1t7s,5,84.56899224806202,-0.07488372093023088
3g0m,5,44.78326086956522,0.0
3g0m,1,40.97231884057971,-3.810942028985508
3g0m,4,42.678405797101455,-2.1048550724637636
3g0m,3,37.58289855072464,-7.200362318840575
3g0m,2,40.17057971014493,-4.6126811594202906
1vdr,1,31.43579617834396,-6.406242038216558
1vdr,3,30.03942675159236,-7.802611464968159
1vdr,5,30.808662420382166,-7.033375796178351
1vdr,4,31.87764331210192,-5.964394904458597
1vdr,2,37.84203821656052,0.0
1jz8,3,29.063356164383563,-6.288458904109589
1jz8,2,32.47688356164384,-2.8749315068493146
1jz8,1,32.07157534246575,-3.2802397260274034
1jz8,5,35.35181506849315,0.0
1jz8,4,33.79335616438356,-1.5584589041095924
2nsp,5,35.25345029239766,-1.8329532163742712
2nsp,4,33.85543859649123,-3.2309649122806974
2nsp,2,37.08640350877193,0.0
2nsp,1,32.82049707602339,-4.265906432748537
2nsp,3,31.56891812865497,-5.517485380116959
2fiy,5,41.39979310344828,-1.8909655172413693
2fiy,3,43.137655172413794,-0.1531034482758571
2fiy,1,40.356448275862064,-2.934310344827587
2fiy,2,41.55693103448275,-1.7338275862068997
2fiy,4,43.29075862068965,0.0
3lf6,2,40.41103896103896,-5.9558441558441615
3lf6,3,46.36688311688312,0.0
3lf6,4,37.13428571428572,-9.232597402597406
3lf6,1,32.39116883116883,-13.975714285714297
3lf6,5,35.11662337662338,-11.250259740259743
1vk3,2,35.65557575757576,0.0
1vk3,1,32.109818181818184,-3.5457575757575768
1vk3,5,29.847212121212127,-5.808363636363634
1vk3,3,32.562000000000005,-3.0935757575757563
1vk3,4,32.14909090909091,-3.5064848484848525
2yz1,3,46.113771929824566,0.0
2yz1,4,34.18342105263158,-11.930350877192986
2yz1,1,45.73710526315789,-0.37666666666667226
2yz1,5,44.85815789473684,-1.2556140350877243
2yz1,2,43.21640350877193,-2.897368421052633
1je5,5,30.02964467005076,-4.81253807106599
1je5,3,32.35269035532995,-2.4894923857868037
1je5,2,33.989086294416246,-0.8530964467005049
1je5,4,34.84218274111675,0.0
1je5,1,32.77441624365483,-2.0677664974619248
1uuj,1,69.17605263157894,-11.70236842105264
1uuj,5,77.14855263157895,-3.729868421052629
1uuj,2,76.85907894736842,-4.0193421052631635
1uuj,3,80.87842105263158,0.0
1uuj,4,66.5017105263158,-14.376710526315776
1azs,2,33.679,0.0
1azs,5,28.12547368421053,-5.5535263157894725
1azs,4,31.127894736842105,-2.551105263157897
1azs,1,31.021736842105263,-2.6572631578947394
1azs,3,29.571052631578947,-4.107947368421055
1k94,1,39.7590303030303,-8.116
1k94,4,47.8750303030303,0.0
1k94,2,40.24939393939394,-7.62563636363636
1k94,5,39.670060606060616,-8.204969696969684
1k94,3,46.36127272727273,-1.5137575757575732
1rki,3,36.3565306122449,0.0
1rki,1,33.75806122448979,-2.5984693877551095
1rki,5,31.487244897959183,-4.86928571428572
1rki,4,35.917142857142856,-0.43938775510204664
1rki,2,35.1784693877551,-1.1780612244898023
1pja,4,41.916268656716426,0.0
1pja,5,39.09466417910448,-2.821604477611949
1pja,3,31.566679104477608,-10.349589552238818
1pja,2,40.74376865671641,-1.1725000000000136
1pja,1,39.11955223880597,-2.796716417910453
2od4,1,46.55600000000001,-3.8477999999999852
2od4,4,44.28720000000001,-6.116599999999984
2od4,2,42.672,-7.7318
2od4,3,50.4038,0.0
2od4,5,46.39529999999999,-4.008500000000005
1fyh,3,34.85938596491228,-7.815438596491234
1fyh,1,42.67482456140351,0.0
1fyh,4,34.60614035087719,-8.068684210526321
1fyh,5,36.3790350877193,-6.295789473684209
1fyh,2,36.4951754385965,-6.179649122807014
1ybx,5,66.92989010989012,-9.013296703296689
1ybx,3,65.12725274725275,-10.815934065934059
1ybx,1,60.99153846153848,-14.95164835164833
1ybx,4,74.77824175824176,-1.1649450549450506
1ybx,2,75.94318681318681,0.0
3pna,5,29.024496124031007,-3.3087596899224856
3pna,3,31.052015503875968,-1.281240310077525
3pna,2,31.708372093023257,-0.6248837209302351
3pna,4,30.552403100775194,-1.780852713178298
3pna,1,32.33325581395349,0.0
1fs1,4,46.38373134328359,-29.268208955223876
1fs1,3,75.65194029850747,0.0
1fs1,1,68.49805970149254,-7.153880597014933
1fs1,2,52.889552238805976,-22.762388059701493
1fs1,5,48.50373134328358,-27.148208955223886
2aeu,2,38.43218579234973,0.0
2aeu,4,34.95532786885245,-3.4768579234972776
2aeu,3,31.242404371584698,-7.18978142076503
2aeu,1,36.27622950819672,-2.1559562841530067
2aeu,5,30.882868852459016,-7.549316939890712
3gf3,1,28.71435810810811,-4.375912162162162
3gf3,3,27.676283783783784,-5.41398648648649
3gf3,2,33.023986486486486,-0.06628378378378841
3gf3,4,29.74837837837838,-3.341891891891894
3gf3,5,33.090270270270274,0.0
3cu9,4,27.9356050955414,-5.707770700636946
3cu9,3,26.42429936305732,-7.219076433121028
3cu9,2,33.64337579617835,0.0
3cu9,5,27.916815286624207,-5.72656050955414
3cu9,1,29.905796178343948,-3.737579617834399
2phn,3,30.595967741935485,-8.728911290322575
2phn,2,34.50266129032258,-4.822217741935482
2phn,1,33.588346774193546,-5.736532258064514
2phn,5,28.94991935483871,-10.374959677419351
2phn,4,39.32487903225806,0.0
1w6k,2,37.4178853046595,0.0
1w6k,5,33.732580645161285,-3.6853046594982146
1w6k,3,32.32150537634409,-5.096379928315407
1w6k,1,34.00322580645162,-3.4146594982078824
1w6k,4,33.92508960573477,-3.4927956989247306
1w4x,3,33.11144680851064,-5.432297872340413
1w4x,2,38.543744680851056,0.0
1w4x,1,32.35336170212766,-6.190382978723399
1w4x,4,32.48259574468085,-6.061148936170206
1w4x,5,33.893021276595746,-4.650723404255309
3bpv,5,49.33423357664233,-14.371970802919712
3bpv,3,63.706204379562045,0.0
3bpv,4,46.13605839416058,-17.570145985401467
3bpv,2,47.15700729927007,-16.549197080291975
3bpv,1,46.43927007299271,-17.266934306569333
6h4e,1,43.75016949152542,-7.856338983050847
6h4e,3,44.44569491525424,-7.160813559322023
6h4e,5,45.00379661016949,-6.602711864406778
6h4e,4,51.606508474576266,0.0
6h4e,2,49.79505084745763,-1.8114576271186351
2r31,1,40.00063829787233,-11.86302127659576
2r31,5,42.24591489361703,-9.617744680851061
2r31,4,33.83434042553191,-18.029319148936175
2r31,3,31.359361702127664,-20.504297872340423
2r31,2,51.86365957446809,0.0
1vim,4,41.48532967032966,0.0
1vim,5,36.34252747252747,-5.14280219780219
1vim,2,38.35263736263737,-3.1326923076922952
1vim,1,37.26032967032968,-4.22499999999998
1vim,3,37.34373626373627,-4.141593406593394
2ot2,5,43.81511111111111,-2.671777777777791
2ot2,2,41.12055555555556,-5.366333333333337
2ot2,3,46.4868888888889,0.0
2ot2,1,45.25455555555556,-1.2323333333333366
2ot2,4,44.22288888888889,-2.26400000000001
6rkg,2,37.28303278688525,-7.718360655737698
6rkg,1,45.00139344262295,0.0
6rkg,4,35.88549180327869,-9.115901639344258
6rkg,3,40.57008196721311,-4.431311475409835
6rkg,5,28.622540983606555,-16.378852459016393
1ufn,4,60.30666666666667,0.0
1ufn,2,54.41197530864197,-5.894691358024701
1ufn,1,57.80814814814815,-2.498518518518523
1ufn,3,43.02111111111111,-17.28555555555556
1ufn,5,44.02604938271605,-16.28061728395062
4ixn,3,28.028161434977573,-6.2342600896861065
4ixn,2,34.26242152466368,0.0
4ixn,5,26.358609865470854,-7.903811659192826
4ixn,1,31.18784753363229,-3.0745739910313894
4ixn,4,29.382376681614357,-4.880044843049323
1l9l,5,73.30175675675676,-21.076756756756765
1l9l,2,64.61513513513515,-29.763378378378377
1l9l,1,90.9114864864865,-3.4670270270270294
1l9l,4,76.84243243243243,-17.536081081081093
1l9l,3,94.37851351351352,0.0
1a12,3,24.98865336658354,-25.454912718204476
1a12,5,50.44356608478802,0.0
1a12,2,37.48605985037406,-12.957506234413955
1a12,4,35.51231920199501,-14.931246882793005
1a12,1,34.895935162094766,-15.547630922693251
6o5e,3,34.694813664596275,-9.509192546583847
6o5e,5,33.80260869565217,-10.401397515527954
6o5e,1,39.28447204968944,-4.919534161490681
6o5e,4,41.9061801242236,-2.297826086956519
6o5e,2,44.20400621118012,0.0
5itq,1,41.288,-9.986384615384623
5itq,4,51.27438461538462,0.0
5itq,3,41.29530769230769,-9.979076923076931
5itq,5,37.14538461538461,-14.129000000000012
5itq,2,50.56338461538461,-0.7110000000000127
3vnq,3,26.21634050880626,-8.293894324853227
3vnq,1,33.551996086105675,-0.9582387475538141
3vnq,5,31.08174168297456,-3.428493150684929
3vnq,2,34.51023483365949,0.0
3vnq,4,32.73823874755382,-1.7719960861056663
1fo5,1,90.78047058823527,-4.181529411764728
1fo5,3,93.11952941176472,-1.8424705882352868
1fo5,4,94.962,0.0
1fo5,2,93.98988235294118,-0.9721176470588233
1fo5,5,94.37941176470588,-0.582588235294125
1w7o,3,43.35771186440678,-4.142288135593226
1w7o,4,47.50000000000001,0.0
1w7o,2,39.31881355932203,-8.181186440677976
1w7o,1,38.700338983050855,-8.799661016949152
1w7o,5,41.25338983050848,-6.246610169491525
3nje,4,44.373132530120486,-0.5910843373493933
3nje,3,38.45981927710843,-6.5043975903614495
3nje,5,29.711385542168674,-15.252831325301205
3nje,1,33.101867469879515,-11.862349397590364
3nje,2,44.96421686746988,0.0
6y38,3,45.11999999999999,0.0
6y38,5,43.04252747252748,-2.0774725274725085
6y38,4,43.38945054945056,-1.7305494505494323
6y38,2,44.18527472527472,-0.9347252747252668
6y38,1,42.62857142857143,-2.491428571428557
1gwe,1,29.22616465863454,-2.4583333333333357
1gwe,3,26.232148594377502,-5.452349397590375
1gwe,2,31.684497991967877,0.0
1gwe,4,26.980140562249,-4.7043574297188755
1gwe,5,29.33357429718876,-2.350923694779116
1srk,5,62.624242424242425,-22.74939393939394
1srk,1,62.404848484848486,-22.96878787878788
1srk,3,82.95575757575757,-2.4178787878787915
1srk,4,85.37363636363636,0.0
1srk,2,54.53333333333334,-30.840303030303026
2fp1,2,44.616424242424245,-3.735515151515159
2fp1,1,48.3519393939394,0.0
2fp1,5,43.42872727272727,-4.923212121212131
2fp1,3,44.80290909090909,-3.549030303030314
2fp1,4,45.25006060606061,-3.101878787878796
3ede,2,30.56090047393365,0.0
3ede,1,26.603364928909954,-3.9575355450236955
3ede,5,27.961421800947864,-2.5994786729857857
3ede,4,25.62241706161137,-4.938483412322281
3ede,3,26.48244075829384,-4.078459715639809
1inp,1,28.442425,-8.408574999999992
1inp,4,26.97525,-9.875749999999993
1inp,5,29.022550000000003,-7.8284499999999895
1inp,3,29.7431,-7.107899999999994
1inp,2,36.85099999999999,0.0
1k8k,4,36.730323450134776,-6.413423180592986
1k8k,5,30.002911051212934,-13.140835579514828
1k8k,3,27.731832884097035,-15.411913746630727
1k8k,2,43.14374663072776,0.0
1k8k,1,31.39482479784367,-11.748921832884093
5yzp,3,41.69955555555556,0.0
5yzp,1,41.65122222222222,-0.04833333333333911
5yzp,2,36.38677777777778,-5.312777777777782
5yzp,4,36.638777777777776,-5.060777777777787
5yzp,5,34.480999999999995,-7.218555555555568
2h84,3,27.736542056074764,-6.686728971962619
2h84,4,34.423271028037384,0.0
2h84,5,27.136542056074763,-7.286728971962621
2h84,1,29.609392523364484,-4.8138785046729
2h84,2,33.87705607476635,-0.5462149532710328
4xxb,3,60.89452380952381,-1.9780952380952357
4xxb,2,62.87261904761905,0.0
4xxb,4,58.01619047619048,-4.856428571428566
4xxb,5,60.19238095238095,-2.6802380952380958
4xxb,1,59.66333333333333,-3.20928571428572
6e85,2,36.08222560975609,0.0
6e85,4,35.15704268292683,-0.9251829268292582
6e85,1,31.4792987804878,-4.602926829268288
6e85,3,27.36503048780488,-8.717195121951207
6e85,5,29.588323170731705,-6.493902439024382
4i77,3,36.44772277227723,-4.830594059405932
4i77,2,41.27831683168316,0.0
4i77,5,38.14,-3.138316831683163
4i77,1,40.8659405940594,-0.41237623762376074
4i77,4,37.38287128712872,-3.895445544554441
1osn,2,38.99761329305136,0.0
1osn,5,30.75477341389728,-8.24283987915408
1osn,1,30.611873111782472,-8.385740181268886
1osn,3,25.90882175226586,-13.088791540785497
1osn,4,35.7614501510574,-3.2361631419939556
7c2g,4,46.679285714285705,-10.676326530612258
7c2g,1,41.597959183673474,-15.757653061224488
7c2g,5,57.35561224489796,0.0
7c2g,3,36.94489795918367,-20.410714285714292
7c2g,2,51.91377551020408,-5.441836734693879
2rmr,2,75.1874647887324,-10.808873239436608
2rmr,3,78.84830985915495,-7.148028169014054
2rmr,1,82.84211267605635,-3.154225352112661
2rmr,4,76.00845070422535,-9.987887323943653
2rmr,5,85.996338028169,0.0
2efv,2,43.98146341463415,-12.821219512195107
2efv,4,56.802682926829256,0.0
2efv,3,44.33670731707317,-12.465975609756086
2efv,1,52.15829268292685,-4.644390243902407
2efv,5,41.11890243902438,-15.683780487804874
1wfo,5,55.42324786324786,0.0
1wfo,2,39.27333333333334,-16.14991452991452
1wfo,1,36.72153846153847,-18.701709401709387
1wfo,4,49.35452991452992,-6.068717948717939
1wfo,3,50.03094017094017,-5.392307692307689
5yh4,3,31.376256983240225,-7.803016759776533
5yh4,4,39.17927374301676,0.0
5yh4,5,27.563966480446933,-11.615307262569825
5yh4,1,29.318938547486034,-9.860335195530723
5yh4,2,32.92670391061453,-6.25256983240223
2fcw,2,88.46304761904763,-1.8005714285714447
2fcw,4,86.10514285714285,-4.158476190476222
2fcw,1,87.8967619047619,-2.366857142857171
2fcw,3,90.26361904761907,0.0
2fcw,5,87.11266666666667,-3.150952380952404
2f62,1,34.72986842105263,-18.92309210526316
2f62,4,38.64953947368421,-15.00342105263158
2f62,3,35.64309210526316,-18.00986842105263
2f62,5,37.22486842105263,-16.428092105263154
2f62,2,53.65296052631579,0.0
4p5m,4,50.82422680412371,-2.818453608247424
4p5m,3,45.31051546391752,-8.332164948453617
4p5m,2,50.41958762886599,-3.2230927835051446
4p5m,1,49.02103092783505,-4.621649484536086
4p5m,5,53.642680412371135,0.0
1zgm,2,43.40127516778523,-10.783020134228188
1zgm,1,43.824832214765095,-10.359463087248322
1zgm,5,54.18429530201342,0.0
1zgm,4,46.04845637583893,-8.135838926174486
1zgm,3,39.063959731543626,-15.120335570469791
1hfe,4,45.056590909090914,-3.9307954545454393
1hfe,2,48.987386363636354,0.0
1hfe,1,44.57579545454545,-4.411590909090904
1hfe,5,39.17613636363637,-9.811249999999987
1hfe,3,47.04397727272728,-1.9434090909090713
1kbe,4,57.35395833333333,-13.702708333333327
1kbe,3,71.05666666666666,0.0
1kbe,5,48.57874999999999,-22.477916666666665
1kbe,1,64.87145833333334,-6.185208333333321
1kbe,2,52.54541666666666,-18.511249999999997
1vdc,3,30.60007575757576,-17.15560606060606
1vdc,1,28.775303030303032,-18.980378787878788
1vdc,4,47.75568181818182,0.0
1vdc,5,44.532272727272726,-3.2234090909090938
1vdc,2,47.6580303030303,-0.09765151515151871
2eve,3,29.18141891891892,-6.474459459459457
2eve,1,30.674459459459463,-4.981418918918912
2eve,5,27.595067567567565,-8.06081081081081
2eve,4,31.70067567567568,-3.955202702702696
2eve,2,35.655878378378375,0.0
2ii3,4,29.805769230769236,-2.5461538461538424
2ii3,3,29.250470085470084,-3.1014529914529945
2ii3,1,30.22042735042735,-2.1314957264957286
2ii3,5,26.257222222222225,-6.094700854700854
2ii3,2,32.35192307692308,0.0
1ub1,3,51.0136,-10.66432000000001
1ub1,5,48.53896,-13.138960000000004
1ub1,1,61.67792000000001,0.0
1ub1,4,46.26384,-15.414080000000006
1ub1,2,47.85536,-13.82256000000001
1efp,3,32.44688524590164,-11.735519125683055
1efp,2,44.182404371584695,0.0
1efp,4,43.756174863387976,-0.42622950819671956
1efp,1,38.2748087431694,-5.907595628415294
1efp,5,36.10010928961749,-8.082295081967203
1v1h,1,53.59540540540541,-3.673783783783783
1v1h,2,57.26918918918919,0.0
1v1h,3,53.63540540540541,-3.633783783783784
1v1h,5,52.77972972972973,-4.489459459459461
1v1h,4,56.18770270270271,-1.081486486486483
2o8p,5,40.48795454545456,-24.380999999999993
2o8p,2,58.146181818181816,-6.722772727272741
2o8p,4,64.86895454545456,0.0
2o8p,3,59.79509090909091,-5.073863636363647
2o8p,1,38.78563636363637,-26.083318181818186
3gad,3,48.91756521739131,-1.36399999999999
3gad,1,42.91321739130435,-7.368347826086946
3gad,2,50.2815652173913,0.0
3gad,4,46.996,-3.2855652173912944
3gad,5,50.21886956521739,-0.06269565217390749
2dew,4,34.44697247706422,-1.1387155963302718
2dew,1,35.58568807339449,0.0
2dew,5,33.109908256880736,-2.4757798165137572
2dew,2,35.21889908256882,-0.3667889908256754
2dew,3,33.91321100917431,-1.6724770642201818
1bg8,1,62.9378947368421,-7.884605263157908
1bg8,4,46.49328947368421,-24.329210526315798
1bg8,3,57.83092105263159,-12.991578947368417
1bg8,2,58.86513157894739,-11.957368421052614
1bg8,5,70.8225,0.0
2ok5,2,37.75852941176471,-4.058676470588232
2ok5,4,40.16014705882352,-1.6570588235294252
2ok5,1,37.745294117647056,-4.071911764705888
2ok5,5,36.25235294117648,-5.564852941176461
2ok5,3,41.817205882352944,0.0
7mt1,5,86.46465624999999,0.0
7mt1,2,47.052031250000006,-39.412624999999984
7mt1,1,46.3821875,-40.08246874999999
7mt1,3,59.97721875,-26.48743749999999
7mt1,4,82.52578125,-3.938874999999996
3bmv,5,65.93247191011237,-11.802808988764056
3bmv,3,77.73528089887643,0.0
3bmv,2,47.53640449438203,-30.198876404494392
3bmv,1,64.16550561797752,-13.56977528089891
3bmv,4,43.24831460674158,-34.486966292134845
1f9y,1,30.30221518987342,-9.649113924050628
1f9y,4,30.183417721518985,-9.767911392405061
1f9y,5,32.486772151898734,-7.464556962025313
1f9y,2,39.95132911392405,0.0
1f9y,3,30.63721518987342,-9.314113924050627
2bog,5,39.48905594405594,-8.732202797202795
2bog,1,41.427972027972025,-6.793286713286712
2bog,3,40.31723776223776,-7.904020979020977
2bog,4,48.22125874125874,0.0
2bog,2,45.28580419580421,-2.935454545454526
3kmu,5,31.39,-3.962659176029959
3kmu,3,31.88737827715356,-3.465280898876401
3kmu,2,34.740823970037454,-0.6118352059925058
3kmu,4,35.35265917602996,0.0
3kmu,1,30.220374531835205,-5.132284644194755
1au1,1,39.671445783132526,-28.994457831325306
1au1,3,38.46566265060241,-30.20024096385542
1au1,4,68.66590361445783,0.0
1au1,2,39.16078313253012,-29.50512048192771
1au1,5,41.78132530120482,-26.884578313253016
2nxc,3,37.36937007874016,-7.769803149606297
2nxc,2,45.13917322834646,0.0
2nxc,1,41.08996062992125,-4.049212598425207
2nxc,4,42.876692913385824,-2.2624803149606336
2nxc,5,39.43503937007874,-5.704133858267717
3bq9,2,40.58247524752476,-1.1792079207920807
3bq9,5,41.76168316831684,0.0
3bq9,4,40.76376237623763,-0.9979207920792135
3bq9,1,39.84584158415842,-1.9158415841584215
3bq9,3,40.76316831683168,-0.9985148514851616
2fj8,4,56.21084745762712,-14.667457627118658
2fj8,3,70.87830508474578,0.0
2fj8,5,45.85237288135593,-25.025932203389843
2fj8,2,46.809322033898304,-24.06898305084747
2fj8,1,55.227457627118646,-15.65084745762713
1dvo,1,50.94736842105263,-6.158355263157901
1dvo,4,57.10572368421053,0.0
1dvo,5,53.630394736842106,-3.475328947368425
1dvo,2,51.00717105263158,-6.098552631578954
1dvo,3,55.040197368421055,-2.0655263157894765
1b63,4,42.805925925925926,0.0
1b63,2,36.57342592592593,-6.232499999999995
1b63,1,34.32453703703704,-8.481388888888887
1b63,3,38.24648148148148,-4.559444444444445
1b63,5,31.570370370370373,-11.235555555555553
2gq0,4,38.683554687500006,-1.5859765624999937
2gq0,3,35.8484375,-4.421093749999997
2gq0,1,40.26953125,0.0
2gq0,2,38.0483203125,-2.221210937499997
2gq0,5,35.899140625,-4.370390624999999
3q46,3,38.0894382022472,-4.932865168539308
3q46,2,34.79359550561798,-8.22870786516853
3q46,1,33.850842696629215,-9.171460674157295
3q46,5,43.02230337078651,0.0
3q46,4,31.59949438202247,-11.42280898876404
3ezq,4,64.09221238938053,-15.501415929203532
3ezq,5,65.77805309734514,-13.81557522123893
3ezq,1,62.59522123893805,-16.998407079646014
3ezq,3,79.59362831858407,0.0
3ezq,2,59.27061946902655,-20.323008849557517
6qqh,4,41.26222222222221,-16.51059829059828
6qqh,1,43.09863247863249,-14.674188034188006
6qqh,2,57.42931623931624,-0.3435042735042515
6qqh,5,57.772820512820495,0.0
6qqh,3,44.76153846153847,-13.011282051282024
2fa1,2,31.48242038216561,-10.535668789808913
2fa1,1,32.09802547770701,-9.920063694267512
2fa1,4,30.023121019108288,-11.994968152866235
2fa1,5,42.01808917197452,0.0
2fa1,3,30.32350318471338,-11.694585987261142
1d5k,4,86.19853932584269,-0.3894382022472058
1d5k,5,86.30224719101123,-0.285730337078661
1d5k,2,84.46303370786516,-2.124943820224729
1d5k,1,81.47348314606742,-5.114494382022471
1d5k,3,86.5879775280899,0.0
1shu,1,36.84845303867404,-6.875303867403311
1shu,5,35.77685082872929,-7.946906077348061
1shu,4,43.72375690607735,0.0
1shu,2,39.64867403314917,-4.075082872928178
1shu,3,37.108066298342536,-6.6156906077348125
6n59,4,34.71084337349398,-3.272650602409641
6n59,2,35.33433734939759,-2.649156626506027
6n59,3,33.389879518072284,-4.593614457831336
6n59,1,37.98349397590362,0.0
6n59,5,34.68734939759036,-3.2961445783132604
1aor,2,34.39607594936709,0.0
1aor,3,28.34670886075949,-6.049367088607596
1aor,5,31.186632911392408,-3.2094430379746797
1aor,1,32.259848101265824,-2.1362278481012638
1aor,4,28.88121518987342,-5.5148607594936685
1yf2,2,42.995609756097565,0.0
1yf2,3,40.80375609756098,-2.191853658536587
1yf2,5,39.11078048780488,-3.884829268292684
1yf2,4,37.02287804878049,-5.972731707317074
1yf2,1,36.24180487804878,-6.753804878048783
2cdq,3,47.849670329670325,-0.8251648351648413
2cdq,5,44.98648351648352,-3.6883516483516487
2cdq,2,45.89747252747252,-2.7773626373626428
2cdq,1,43.58065934065933,-5.094175824175835
2cdq,4,48.674835164835166,0.0
6jkv,1,41.650878661087866,-3.4651046025104506
6jkv,4,40.39276150627615,-4.723221757322165
6jkv,2,45.11598326359832,0.0
6jkv,3,34.86761506276151,-10.248368200836808
6jkv,5,36.86979079497908,-8.246192468619235
1wyj,2,47.91633928571428,0.0
1wyj,1,41.313125,-6.60321428571428
1wyj,5,39.72053571428573,-8.195803571428549
1wyj,3,41.540000000000006,-6.376339285714273
1wyj,4,41.16,-6.756339285714283
1jkg,3,46.13359712230216,-4.1712949640287675
1jkg,1,46.9493525179856,-3.3555395683453284
1jkg,2,49.108489208633095,-1.1964028776978353
1jkg,5,46.59604316546762,-3.7088489208633106
1jkg,4,50.30489208633093,0.0
1wv3,3,38.21038461538462,-8.525769230769235
1wv3,4,35.027692307692305,-11.708461538461549
1wv3,2,46.736153846153854,0.0
1wv3,1,46.64076923076925,-0.09538461538460297
1wv3,5,40.32730769230769,-6.408846153846163
1llq,5,33.142176870748294,-8.386088435374162
1llq,3,36.86003401360545,-4.668231292517007
1llq,1,33.78547619047619,-7.742789115646268
1llq,4,41.52826530612246,0.0
1llq,2,40.57649659863946,-0.9517687074829979
1boo,2,41.87075,0.0
1boo,1,31.24096875,-10.62978125
1boo,4,39.6223125,-2.2484375000000014
1boo,3,27.901437500000004,-13.969312499999997
1boo,5,30.298875,-11.571875000000002
6c74,5,35.68648648648649,-6.67675675675676
6c74,3,34.93666666666667,-7.426576576576579
6c74,1,42.36324324324325,0.0
6c74,4,42.19387387387386,-0.16936936936938451
6c74,2,36.49567567567568,-5.867567567567569
1ext,2,41.25084745762712,-4.984406779661022
1ext,1,43.976440677966096,-2.258813559322043
1ext,5,34.13016949152542,-12.105084745762717
1ext,4,36.78762711864407,-9.447627118644071
1ext,3,46.23525423728814,0.0
2dlq,3,57.58178571428572,-16.898928571428563
2dlq,2,73.21464285714285,-1.2660714285714363
2dlq,1,74.09785714285715,-0.3828571428571337
2dlq,4,63.18142857142857,-11.299285714285716
2dlq,5,74.48071428571428,0.0
2oi8,5,46.87715384615384,-5.262846153846162
2oi8,2,49.94492307692308,-2.1950769230769183
2oi8,4,48.96646153846154,-3.173538461538463
2oi8,3,52.14,0.0
2oi8,1,47.61192307692308,-4.528076923076924
2ooi,3,30.830745341614907,-9.121118012422365
2ooi,4,34.242981366459624,-5.708881987577648
2ooi,5,39.80701863354037,-0.14484472049689856
2ooi,1,36.55347826086957,-3.398385093167704
2ooi,2,39.95186335403727,0.0
4dk2,5,33.28397849462365,-4.9826164874552035
4dk2,3,30.18501792114695,-8.081577060931906
4dk2,2,38.26659498207886,0.0
4dk2,1,34.474767025089605,-3.791827956989252
4dk2,4,33.890967741935484,-4.375627240143373
1lfw,3,29.882704081632653,-12.4257142857143
1lfw,4,40.84617346938775,-1.4622448979592022
1lfw,1,42.30142857142857,-0.006989795918379116
1lfw,5,42.30841836734695,0.0
1lfw,2,33.922193877551024,-8.386224489795929
4dzb,2,45.83663793103448,0.0
4dzb,5,40.614741379310345,-5.221896551724136
4dzb,4,42.83741379310344,-2.9992241379310443
4dzb,3,42.82568965517241,-3.01094827586207
4dzb,1,43.07827586206897,-2.7583620689655106
6rsx,1,40.98720930232558,0.0
6rsx,4,38.870232558139534,-2.116976744186047
6rsx,2,36.96131782945736,-4.025891472868224
6rsx,3,35.63015503875969,-5.357054263565892
6rsx,5,38.79093023255815,-2.196279069767428
4i6r,5,47.16831168831169,-33.46857142857142
4i6r,4,50.54701298701298,-30.089870129870135
4i6r,2,58.5987012987013,-22.038181818181812
4i6r,3,80.63688311688311,0.0
4i6r,1,47.05935064935065,-33.577532467532464
2bop,1,50.76635294117647,-1.1992941176470708
2bop,2,47.18023529411765,-4.785411764705891
2bop,5,46.67235294117648,-5.293294117647065
2bop,4,51.96564705882354,0.0
2bop,3,45.90894117647058,-6.056705882352965
4inz,5,32.59248251748252,-8.338741258741251
4inz,2,40.931223776223774,0.0
4inz,4,35.57181818181818,-5.359405594405594
4inz,3,31.18038461538461,-9.750839160839163
4inz,1,35.266853146853144,-5.66437062937063
2daw,3,38.38815602836879,-4.866382978723401
2daw,4,42.55695035460993,-0.6975886524822599
2daw,5,37.648226950354605,-5.606312056737586
2daw,1,43.25453900709219,0.0
2daw,2,37.76390070921987,-5.490638297872323
1tsj,4,57.46135338345866,0.0
1tsj,2,52.23097744360902,-5.230375939849637
1tsj,1,55.91804511278196,-1.5433082706766967
1tsj,3,44.22849624060151,-13.23285714285715
1tsj,5,44.92744360902256,-12.533909774436097
4hi7,4,41.83082352941177,0.0
4hi7,2,37.162,-4.6688235294117675
4hi7,1,36.48094117647059,-5.349882352941179
4hi7,3,38.572,-3.258823529411764
4hi7,5,40.08058823529413,-1.750235294117637
1svi,2,52.80615384615385,0.0
1svi,1,46.416153846153854,-6.3899999999999935
1svi,4,47.97420512820513,-4.83194871794872
1svi,5,41.49994871794872,-11.306205128205129
1svi,3,40.15389743589744,-12.652256410256406
1rqb,2,46.937738095238096,-2.290595238095243
1rqb,1,44.797559523809525,-4.430773809523814
1rqb,3,42.639107142857135,-6.589226190476204
1rqb,5,45.0892261904762,-4.139107142857142
1rqb,4,49.22833333333334,0.0
1fm0,3,50.824567901234566,-2.8776543209876664
1fm0,2,50.48864197530864,-3.213580246913594
1fm0,4,53.70222222222223,0.0
1fm0,5,41.96864197530864,-11.73358024691359
1fm0,1,52.53419753086419,-1.1680246913580419
1u84,2,81.77691358024691,0.0
1u84,4,68.27296296296296,-13.503950617283948
1u84,1,69.73382716049382,-12.043086419753095
1u84,3,62.818024691358026,-18.958888888888886
1u84,5,67.00567901234568,-14.771234567901232
1f20,5,35.13148148148148,-4.106259259259261
1f20,1,33.968037037037035,-5.269703703703705
1f20,3,31.636111111111116,-7.601629629629624
1f20,4,34.626222222222225,-4.6115185185185155
1f20,2,39.23774074074074,0.0
1bg1,2,48.23322580645161,-5.597473118279595
1bg1,4,53.8306989247312,0.0
1bg1,3,51.623763440860216,-2.2069354838709856
1bg1,5,51.94978494623656,-1.8809139784946396
1bg1,1,46.96822580645161,-6.862473118279588
5nrh,2,35.523,-6.000500000000002
5nrh,5,41.523500000000006,0.0
5nrh,4,41.0513,-0.47220000000000795
5nrh,1,34.6138,-6.909700000000008
5nrh,3,37.0057,-4.517800000000008
1x6h,2,54.26666666666666,-9.741111111111117
1x6h,1,64.00777777777778,0.0
1x6h,3,51.28305555555556,-12.724722222222212
1x6h,4,53.49194444444444,-10.515833333333333
1x6h,5,56.789722222222224,-7.2180555555555515
5dl5,5,26.886361445783137,-2.638433734939756
5dl5,2,29.524795180722894,0.0
5dl5,1,25.81255421686747,-3.7122409638554252
5dl5,4,24.17638554216868,-5.348409638554212
5dl5,3,25.144096385542166,-4.380698795180727
1agg,3,51.52291666666667,-13.885208333333331
1agg,4,50.81916666666666,-14.588958333333338
1agg,1,65.408125,0.0
1agg,2,64.618125,-0.789999999999992
1agg,5,52.31999999999999,-13.088125000000005
5p9j,1,36.134586466165416,-5.0233082706766865
5p9j,2,41.1578947368421,0.0
5p9j,5,34.78657894736842,-6.371315789473684
5p9j,3,31.91511278195489,-9.242781954887214
5p9j,4,37.71293233082707,-3.44496240601503
2dis,3,51.77552083333334,-2.356145833333322
2dis,4,50.34854166666667,-3.783124999999991
2dis,1,51.64729166666667,-2.484374999999993
2dis,2,54.13166666666666,0.0
2dis,5,43.97510416666668,-10.156562499999978
2hku,5,48.861,-7.374000000000009
2hku,2,51.537,-4.6980000000000075
2hku,4,56.20314285714285,-0.03185714285715591
2hku,3,54.49042857142857,-1.744571428571433
2hku,1,56.23500000000001,0.0
2ddh,3,40.63209944751381,-0.20745856353592274
2ddh,1,37.18348066298342,-3.6560773480663116
2ddh,2,39.75193370165746,-1.0876243093922753
2ddh,5,40.74508287292817,-0.09447513812155961
2ddh,4,40.83955801104973,0.0
1sed,4,56.11660714285714,0.0
1sed,3,53.74071428571428,-2.3758928571428584
1sed,2,47.90723214285714,-8.209375000000001
1sed,5,50.043303571428574,-6.073303571428568
1sed,1,49.18223214285714,-6.934375000000003
1wzl,2,42.25026178010471,0.0
1wzl,1,38.03793193717277,-4.212329842931936
1wzl,5,39.24149214659686,-3.008769633507846
1wzl,3,37.62431937172775,-4.625942408376957
1wzl,4,38.10086387434555,-4.149397905759159
5qs9,3,29.45315789473684,-4.331578947368428
5qs9,4,31.78076023391813,-2.0039766081871377
5qs9,2,31.820467836257315,-1.964269005847953
5qs9,1,31.698830409356724,-2.085906432748544
5qs9,5,33.78473684210527,0.0
7eam,2,30.08053921568628,0.0
7eam,1,26.29754901960784,-3.7829901960784404
7eam,5,23.99730392156863,-6.0832352941176495
7eam,4,24.43769607843137,-5.642843137254911
7eam,3,26.15642156862745,-3.9241176470588286
3h0u,5,32.454094202898546,-7.771231884057968
3h0u,2,37.78134057971015,-2.443985507246367
3h0u,3,40.225326086956514,0.0
3h0u,4,32.03583333333333,-8.189492753623185
3h0u,1,33.86264492753623,-6.3626811594202834
1ujo,4,32.319694656488544,-11.598167938931304
1ujo,1,33.95007633587786,-9.967786259541988
1ujo,5,33.469160305343514,-10.448702290076334
1ujo,3,43.91786259541985,0.0
1ujo,2,35.31007633587785,-8.607786259541996
1q90,5,94.94153846153846,-0.8415384615384625
1q90,1,92.5674358974359,-3.2156410256410197
1q90,4,91.14615384615384,-4.6369230769230825
1q90,2,89.4628205128205,-6.32025641025642
1q90,3,95.78307692307692,0.0
3sao,5,60.56026490066227,0.0
3sao,1,48.55145695364239,-12.008807947019875
3sao,2,53.92907284768212,-6.631192052980147
3sao,4,55.20165562913908,-5.358609271523186
3sao,3,60.37046357615896,-0.189801324503307
1ky9,3,40.308068181818186,-3.281704545454545
1ky9,5,38.44306818181818,-5.146704545454554
1ky9,1,43.58977272727273,0.0
1ky9,2,40.99102272727273,-2.5987500000000026
1ky9,4,37.282045454545454,-6.307727272727277
2bkm,3,69.19914062500001,-1.6136718749999943
2bkm,2,66.033203125,-4.779609375000007
2bkm,4,68.17171875,-2.6410937500000102
2bkm,5,66.2365625,-4.576250000000002
2bkm,1,70.8128125,0.0
1cf7,1,73.60328358208955,-6.751194029850737
1cf7,4,66.265223880597,-14.089253731343277
1cf7,2,62.73865671641792,-17.61582089552236
1cf7,5,80.35447761194028,0.0
1cf7,3,56.39970149253731,-23.954776119402972
2dfk,5,39.2512962962963,-4.41462962962963
2dfk,3,43.66592592592593,0.0
2dfk,4,38.71512345679013,-4.950802469135802
2dfk,2,43.50944444444444,-0.15648148148149232
2dfk,1,39.62895061728395,-4.036975308641985
1jmr,1,66.75733333333334,-3.6234666666666584
1jmr,4,64.42573333333335,-5.955066666666639
1jmr,3,60.9548,-9.425999999999995
1jmr,2,64.872,-5.508799999999994
1jmr,5,70.3808,0.0
1rhs,4,43.73261744966443,0.0
1rhs,3,34.56590604026845,-9.16671140939598
1rhs,5,33.90624161073825,-9.826375838926182
1rhs,1,38.09832214765101,-5.63429530201342
1rhs,2,35.982550335570465,-7.750067114093966
2b5x,1,41.21832167832167,-7.114405594405611
2b5x,3,38.100069930069935,-10.232657342657347
2b5x,5,41.73258741258741,-6.600139860139876
2b5x,4,40.05706293706295,-8.275664335664331
2b5x,2,48.33272727272728,0.0
5mol,4,56.70694444444444,-8.395185185185191
5mol,3,64.90287037037037,-0.19925925925926435
5mol,2,65.10212962962963,0.0
5mol,5,56.959537037037045,-8.142592592592585
5mol,1,54.43796296296296,-10.664166666666667
1t1u,5,31.193429319371727,-5.605445026178014
1t1u,2,36.79887434554974,0.0
1t1u,1,31.279947643979053,-5.518926701570688
1t1u,4,31.24397905759162,-5.5548952879581215
1t1u,3,27.623743455497383,-9.175130890052358
1r4g,3,87.12924528301886,-0.4200000000000017
1r4g,1,86.53301886792453,-1.0162264150943372
1r4g,4,60.755471698113205,-26.793773584905658
1r4g,2,60.48415094339623,-27.065094339622632
1r4g,5,87.54924528301886,0.0
4h7p,1,34.39337278106509,-4.494911242603557
4h7p,4,32.83005917159764,-6.058224852071007
4h7p,5,31.798639053254437,-7.089644970414209
4h7p,3,36.07372781065088,-2.8145562130177666
4h7p,2,38.888284023668646,0.0
2fe7,5,41.1474358974359,-12.291089743589751
2fe7,4,48.07987179487179,-5.358653846153857
2fe7,1,40.42192307692307,-13.016602564102577
2fe7,2,53.43852564102565,0.0
2fe7,3,39.0472435897436,-14.391282051282047
1zki,2,49.08936507936508,-0.45984126984127727
1zki,3,49.54920634920636,0.0
1zki,5,41.68595238095239,-7.863253968253964
1zki,1,44.77825396825396,-4.770952380952394
1zki,4,44.52230158730159,-5.026904761904767
2f71,4,29.20171717171717,-5.340067340067343
2f71,1,27.860033670033676,-6.681750841750837
2f71,5,26.46124579124579,-8.080538720538723
2f71,3,24.62185185185185,-9.919932659932662
2f71,2,34.54178451178451,0.0
2nmu,1,31.571250000000003,-3.1887500000000024
2nmu,5,27.41676470588235,-7.343235294117655
2nmu,4,29.34066176470588,-5.4193382352941235
2nmu,3,34.760000000000005,0.0
2nmu,2,31.84683823529412,-2.9131617647058867
2q3w,3,43.383944954128445,-4.590642201834861
2q3w,1,45.83908256880735,-2.135504587155957
2q3w,5,42.346146788990815,-5.628440366972491
2q3w,4,45.81779816513761,-2.156788990825696
2q3w,2,47.974587155963306,0.0
2qud,4,44.374609375000006,-2.073984374999988
2qud,3,38.6371875,-7.81140624999999
2qud,2,45.0065625,-1.4420312499999923
2qud,5,46.44859374999999,0.0
2qud,1,36.203359375,-10.245234374999995
1k61,5,64.19616666666668,-16.920999999999992
1k61,2,79.04366666666667,-2.07350000000001
1k61,4,77.95766666666665,-3.1595000000000226
1k61,3,81.11716666666668,0.0
1k61,1,79.16133333333332,-1.9558333333333593
5yc6,3,25.858218623481783,-3.3127530364372397
5yc6,1,25.711902834008093,-3.4590688259109292
5yc6,4,25.71457489878543,-3.4563967611335933
5yc6,5,27.348785425101216,-1.8221862348178064
5yc6,2,29.170971659919022,0.0
3k69,3,37.98806451612903,-0.15483870967742064
3k69,2,36.87503225806451,-1.267870967741942
3k69,1,32.907935483870965,-5.234967741935485
3k69,4,38.14290322580645,0.0
3k69,5,33.82393548387097,-4.318967741935481
1wgl,5,80.24717391304348,-5.961739130434779
1wgl,2,71.5063043478261,-14.70260869565216
1wgl,1,78.69434782608697,-7.514565217391294
1wgl,4,74.85304347826086,-11.355869565217404
1wgl,3,86.20891304347826,0.0
2dc5,4,43.15761904761906,-4.482142857142854
2dc5,1,47.63976190476191,0.0
2dc5,3,47.00619047619048,-0.6335714285714289
2dc5,5,42.297738095238095,-5.342023809523816
2dc5,2,43.6675,-3.9722619047619148
1lwh,1,31.116368286445013,-5.966010230179027
1lwh,3,26.985754475703324,-10.096624040920716
1lwh,2,37.08237851662404,0.0
1lwh,4,30.402736572890024,-6.6796419437340155
1lwh,5,27.69222506393862,-9.390153452685421
5tro,1,48.14357142857143,0.0
5tro,3,39.04923076923077,-9.09434065934066
5tro,4,45.24049450549451,-2.9030769230769167
5tro,5,41.06912087912088,-7.074450549450546
5tro,2,43.71653846153846,-4.4270329670329645
2zyq,3,35.93106870229007,-6.559923664122145
2zyq,2,34.30916030534351,-8.181832061068704
2zyq,1,42.490992366412215,0.0
2zyq,5,31.590687022900763,-10.900305343511452
2zyq,4,30.58534351145038,-11.905648854961836
6o9u,1,49.579606299212585,-9.528267716535446
6o9u,5,54.3544094488189,-4.753464566929132
6o9u,4,59.10787401574803,0.0
6o9u,2,56.66968503937009,-2.438188976377944
6o9u,3,56.85007874015749,-2.2577952755905386
1yjr,5,68.79722222222222,-9.51166666666667
1yjr,3,38.30708333333334,-40.00180555555555
1yjr,4,78.30888888888889,0.0
1yjr,1,39.04402777777777,-39.26486111111112
1yjr,2,76.78208333333333,-1.5268055555555549
2qdd,3,41.7451867219917,-3.695643153526973
2qdd,4,44.05419087136929,-1.3866390041493801
2qdd,5,45.44082987551867,0.0
2qdd,2,39.784439834024894,-5.656390041493779
2qdd,1,39.88261410788381,-5.558215767634863
3c20,4,45.41439999999999,-6.438499999999998
3c20,2,49.8338,-2.0190999999999946
3c20,1,40.8327,-11.020199999999988
3c20,5,47.0037,-4.849199999999989
3c20,3,51.85289999999999,0.0
2wp8,2,33.59413333333334,0.0
2wp8,4,31.73653333333333,-1.8576000000000086
2wp8,3,31.926866666666676,-1.667266666666663
2wp8,5,30.85793333333333,-2.7362000000000073
2wp8,1,32.03993333333333,-1.5542000000000087
1b9w,1,60.27888888888889,-12.995555555555576
1b9w,3,52.77577777777776,-20.498666666666708
1b9w,5,56.21844444444445,-17.05600000000002
1b9w,2,55.30777777777777,-17.966666666666697
1b9w,4,73.27444444444447,0.0
6coj,5,31.00375,0.0
6coj,1,29.236370967741934,-1.7673790322580665
6coj,2,30.764274193548392,-0.23947580645160826
6coj,3,26.592379032258066,-4.411370967741934
6coj,4,26.947379032258063,-4.0563709677419375
1wz3,3,38.95214285714286,-4.650119047619043
1wz3,2,38.11333333333334,-5.488928571428566
1wz3,1,40.01416666666666,-3.5880952380952422
1wz3,5,41.13940476190477,-2.462857142857132
1wz3,4,43.6022619047619,0.0
1r0r,5,38.19764705882353,-5.85588235294118
1r0r,2,38.90274509803921,-5.150784313725495
1r0r,1,44.05352941176471,0.0
1r0r,4,36.75921568627451,-7.294313725490198
1r0r,3,40.227254901960784,-3.8262745098039233
4ac9,1,43.71405063291139,-6.431645569620258
4ac9,3,49.17367088607594,-0.9720253164557064
4ac9,2,50.145696202531646,0.0
4ac9,4,49.651898734177216,-0.4937974683544297
4ac9,5,40.51835443037975,-9.627341772151894
2qkg,5,30.23742857142857,0.0
2qkg,2,30.07809523809524,-0.1593333333333291
2qkg,4,26.96628571428571,-3.271142857142859
2qkg,1,28.220333333333333,-2.017095238095237
2qkg,3,27.295857142857137,-2.9415714285714323
2idr,3,28.41152542372881,-4.523898305084749
2idr,4,29.06011299435028,-3.8753107344632802
2idr,5,27.617062146892653,-5.318361581920907
2idr,2,32.93542372881356,0.0
2idr,1,31.36785310734464,-1.5675706214689207
1cke,3,33.14088888888888,-9.369644444444447
1cke,4,36.001200000000004,-6.509333333333323
1cke,2,42.51053333333333,0.0
1cke,1,32.446488888888894,-10.064044444444434
1cke,5,31.375066666666665,-11.135466666666662
5tea,1,40.15300578034682,0.0
5tea,2,38.653872832369935,-1.4991329479768822
5tea,3,37.58965317919076,-2.563352601156055
5tea,5,34.537398843930646,-5.615606936416171
5tea,4,36.63976878612716,-3.5132369942196533
4jvw,3,82.36277777777777,-2.748333333333349
4jvw,5,85.11111111111111,0.0
4jvw,1,78.69111111111108,-6.42000000000003
4jvw,4,84.13425925925925,-0.9768518518518619
4jvw,2,84.02351851851851,-1.0875925925925998
1ixd,1,35.050109890109894,-9.453736263736253
1ixd,3,40.67648351648352,-3.8273626373626257
1ixd,4,35.65659340659341,-8.847252747252739
1ixd,2,44.50384615384615,0.0
1ixd,5,33.357142857142854,-11.146703296703294
3toy,4,51.06259541984733,0.0
3toy,3,47.0826717557252,-3.9799236641221256
3toy,5,44.88931297709924,-6.173282442748089
3toy,2,43.69167938931298,-7.370916030534346
3toy,1,47.231908396946565,-3.8306870229007615
1tpg,3,77.645,-4.336399999999998
1tpg,2,55.593,-26.38839999999999
1tpg,4,70.7788,-11.20259999999999
1tpg,1,73.0252,-8.956199999999995
1tpg,5,81.9814,0.0
1pf5,2,43.66876923076924,-13.408538461538448
1pf5,4,51.60207692307692,-5.47523076923077
1pf5,1,44.23507692307692,-12.842230769230774
1pf5,3,40.38153846153846,-16.69576923076923
1pf5,5,57.07730769230769,0.0
1xc2,1,38.24125,-21.50427631578947
1xc2,4,59.74552631578947,0.0
1xc2,5,34.98217105263158,-24.76335526315789
1xc2,3,36.34513157894736,-23.40039473684211
1xc2,2,35.576184210526314,-24.169342105263155
6ixl,4,31.270814814814816,-4.671160493827156
6ixl,3,33.348913580246915,-2.5930617283950568
6ixl,2,35.94197530864197,0.0
6ixl,1,32.165925925925926,-3.776049382716046
6ixl,5,32.56656790123456,-3.3754074074074083
1whq,3,49.810930232558135,-12.642558139534891
1whq,1,62.45348837209303,0.0
1whq,4,53.07616279069768,-9.377325581395347
1whq,5,47.063139534883724,-15.390348837209302
1whq,2,48.38976744186046,-14.06372093023257
3pl2,3,27.82190322580645,-15.54158064516129
3pl2,4,28.46758064516129,-14.89590322580645
3pl2,5,31.907354838709672,-11.456129032258069
3pl2,1,30.75748387096774,-12.606000000000002
3pl2,2,43.36348387096774,0.0
2rb6,5,83.96653846153845,-8.085961538461547
2rb6,1,84.52153846153844,-7.530961538461554
2rb6,2,91.09538461538462,-0.9571153846153777
2rb6,4,73.41115384615384,-18.641346153846158
2rb6,3,92.0525,0.0
6e1x,3,40.80782352941176,-0.1125882352941261
6e1x,2,32.0784705882353,-8.841941176470591
6e1x,5,28.5204705882353,-12.399941176470591
6e1x,4,40.92041176470589,0.0
6e1x,1,38.94182352941177,-1.9785882352941186
1ltl,5,29.5536820083682,-11.751338912133889
1ltl,3,39.38853556485356,-1.9164853556485255
1ltl,4,41.30502092050209,0.0
1ltl,1,29.240209205020925,-12.064811715481163
1ltl,2,34.30769874476988,-6.997322175732208
1evs,2,47.40190217391304,-5.557826086956531
1evs,3,52.95972826086957,0.0
1evs,1,48.54945652173912,-4.410271739130451
1evs,4,39.19532608695652,-13.764402173913048
1evs,5,43.58005434782609,-9.379673913043476
1cjx,5,40.80546666666667,0.0
1cjx,2,33.91786666666666,-6.887600000000006
1cjx,4,27.48233333333333,-13.323133333333338
1cjx,3,26.89173333333333,-13.913733333333337
1cjx,1,30.92553333333333,-9.879933333333337
1fho,4,83.36655462184876,-0.7406722689075309
1fho,1,82.16218487394957,-1.945042016806724
1fho,3,83.51294117647059,-0.5942857142857036
1fho,5,80.37344537815126,-3.7337815126050344
1fho,2,84.1072268907563,0.0
2bu9,4,29.06449848024316,-6.772887537993924
2bu9,2,35.83738601823708,0.0
2bu9,3,27.363343465045595,-8.474042553191488
2bu9,5,24.912796352583584,-10.9245896656535
2bu9,1,28.66072948328268,-7.176656534954404
1u3e,2,41.84333333333334,0.0
1u3e,1,33.78504761904762,-8.058285714285724
1u3e,4,34.903619047619046,-6.939714285714295
1u3e,3,33.67266666666667,-8.17066666666667
1u3e,5,32.50933333333333,-9.33400000000001
3us3,2,53.22301587301587,-4.170238095238105
3us3,3,56.72873015873016,-0.6645238095238142
3us3,5,53.45357142857144,-3.9396825396825292
3us3,1,57.39325396825397,0.0
3us3,4,46.079523809523806,-11.313730158730166
1vco,4,34.95064,-3.3783600000000007
1vco,3,31.36612,-6.962880000000002
1vco,2,38.329,0.0
1vco,5,30.219480000000004,-8.109519999999996
1vco,1,34.594240000000006,-3.7347599999999943
2fzt,1,93.78666666666668,-0.29666666666663843
2fzt,2,93.85025641025643,-0.23307692307687944
2fzt,4,91.97705128205128,-2.1062820512820366
2fzt,5,94.08333333333331,0.0
2fzt,3,92.05051282051282,-2.032820512820493
2fh5,1,36.98751937984496,-19.3106976744186
2fh5,3,45.34790697674418,-10.950310077519383
2fh5,4,48.70201550387596,-7.5962015503875975
2fh5,2,56.29821705426356,0.0
2fh5,5,43.70705426356589,-12.591162790697673
1f2q,4,34.17524390243903,-3.5645121951219494
1f2q,5,33.82207317073171,-3.917682926829265
1f2q,3,37.73975609756098,0.0
1f2q,2,32.289756097560975,-5.450000000000003
1f2q,1,35.209024390243904,-2.5307317073170736
1vk8,3,75.71784946236559,0.0
1vk8,5,71.1462365591398,-4.571612903225798
1vk8,1,73.13096774193549,-2.5868817204300996
1vk8,4,71.26010752688173,-4.457741935483867
1vk8,2,68.51623655913978,-7.201612903225808
6m0r,2,39.20347826086956,-5.528260869565223
6m0r,3,33.38431884057971,-11.347420289855073
6m0r,4,35.48478260869566,-9.246956521739122
6m0r,1,44.73173913043478,0.0
6m0r,5,42.90597101449276,-1.8257681159420187
6pr1,2,56.74627450980391,0.0
6pr1,3,52.77460784313725,-3.971666666666664
6pr1,1,45.68588235294118,-11.060392156862733
6pr1,4,47.14774509803922,-9.598529411764687
6pr1,5,56.01352941176471,-0.732745098039203
2i10,5,63.06623188405797,-10.456086956521744
2i10,3,69.15768115942028,-4.3646376811594365
2i10,4,64.66333333333333,-8.858985507246388
2i10,2,67.67391304347827,-5.848405797101449
2i10,1,73.52231884057971,0.0
1ml4,3,32.99388535031848,-4.79312101910827
1ml4,1,33.4112101910828,-4.375796178343947
1ml4,2,37.15420382165605,-0.6328025477707016
1ml4,5,34.05732484076433,-3.729681528662418
1ml4,4,37.78700636942675,0.0
1bvp,4,46.09316666666667,0.0
1bvp,5,40.25425,-5.83891666666667
1bvp,3,44.376583333333336,-1.7165833333333325
1bvp,1,41.02425,-5.0689166666666665
1bvp,2,41.092083333333335,-5.001083333333334
2con,2,39.77242424242424,-7.224848484848486
2con,4,46.28742424242424,-0.7098484848484929
2con,5,46.99727272727273,0.0
2con,1,41.33954545454545,-5.6577272727272785
2con,3,41.253939393939405,-5.743333333333325
1jh3,4,47.87070707070708,-13.001111111111108
1jh3,2,46.64424242424242,-14.227575757575764
1jh3,1,44.80515151515152,-16.066666666666663
1jh3,3,60.871818181818185,0.0
1jh3,5,35.88878787878788,-24.983030303030304
3h9v,3,59.43538461538461,0.0
3h9v,4,57.71942307692307,-1.715961538461542
3h9v,5,51.67903846153846,-7.7563461538461524
3h9v,1,59.2248076923077,-0.2105769230769141
3h9v,2,49.09884615384616,-10.336538461538453
1klo,1,54.16078431372549,0.0
1klo,3,53.49019607843136,-0.670588235294133
1klo,5,45.77901960784313,-8.381764705882361
1klo,2,48.47627450980392,-5.684509803921571
1klo,4,51.21313725490196,-2.9476470588235344
3nuh,3,67.14818713450292,-5.72432748538013
3nuh,1,56.568479532163735,-16.304035087719313
3nuh,5,72.87251461988305,0.0
3nuh,2,65.84456140350878,-7.0279532163742715
3nuh,4,59.03397660818712,-13.838538011695931
3q90,2,33.02824427480916,-0.02488549618320235
3q90,1,33.05312977099236,0.0
3q90,3,32.524503816793896,-0.5286259541984677
3q90,4,32.070839694656485,-0.9822900763358788
3q90,5,29.35320610687023,-3.699923664122135
6h24,4,37.20694656488549,-16.461297709923677
6h24,2,48.84564885496183,-4.822595419847339
6h24,3,37.57725190839695,-16.090992366412216
6h24,1,35.71343511450381,-17.95480916030536
6h24,5,53.66824427480917,0.0
1o13,4,66.50822429906542,-17.548317757009357
1o13,5,84.05654205607478,0.0
1o13,2,49.81084112149533,-34.245700934579446
1o13,3,73.85214953271027,-10.204392523364504
1o13,1,48.40196261682243,-35.654579439252345
2zad,5,45.27031674208145,-3.9189592760181
2zad,4,49.18927601809955,0.0
2zad,1,45.16393665158371,-4.025339366515837
2zad,3,44.1714479638009,-5.017828054298647
2zad,2,48.671040723981896,-0.5182352941176518
3las,5,37.20596385542169,-3.4068072289156603
3las,3,38.47746987951808,-2.135301204819271
3las,2,40.61277108433735,0.0
3las,1,31.71427710843373,-8.898493975903623
3las,4,35.76415662650603,-4.848614457831324
3lbe,2,29.88483606557377,-3.3343442622950796
3lbe,1,31.83254098360656,-1.3866393442622886
3lbe,3,33.21918032786885,0.0
3lbe,4,28.043852459016392,-5.175327868852456
3lbe,5,27.99704918032787,-5.222131147540978
1iuf,1,53.2952,-6.322666666666677
1iuf,3,59.61786666666668,0.0
1iuf,4,53.68866666666667,-5.929200000000009
1iuf,2,55.11133333333334,-4.506533333333337
1iuf,5,51.75413333333334,-7.863733333333336
2w40,1,32.92771653543308,-5.780354330708647
2w40,5,31.976929133858267,-6.731141732283458
2w40,4,35.35763779527559,-3.3504330708661314
2w40,2,38.708070866141725,0.0
2w40,3,33.10059055118111,-5.607480314960618
5zb2,5,38.03569767441861,-28.782558139534878
5zb2,4,66.81825581395348,0.0
5zb2,1,45.33848837209303,-21.479767441860453
5zb2,3,62.851162790697686,-3.9670930232557993
5zb2,2,60.26034883720931,-6.557906976744178
4cr2,3,33.53046692607004,-10.725525291828788
4cr2,1,38.57237354085603,-5.683618677042801
4cr2,2,43.69653696498055,-0.5594552529182764
4cr2,4,44.25599221789883,0.0
4cr2,5,36.68929961089494,-7.566692607003887
6xip,5,42.47034782608695,-0.5833043478260862
6xip,4,36.54521739130435,-6.508434782608688
6xip,1,41.22234782608695,-1.8313043478260838
6xip,2,37.790000000000006,-5.26365217391303
6xip,3,43.05365217391304,0.0
4f7u,1,56.31225806451613,0.0
4f7u,5,44.369032258064514,-11.943225806451615
4f7u,3,53.51849462365592,-2.793763440860211
4f7u,4,43.01623655913978,-13.296021505376352
4f7u,2,49.2574193548387,-7.054838709677426
2brf,1,41.887722772277215,-15.210099009901015
2brf,2,49.1350495049505,-7.962772277227728
2brf,3,57.09782178217823,0.0
2brf,5,42.366633663366336,-14.731188118811893
2brf,4,39.84465346534653,-17.253168316831697
1ix9,2,50.61191304347827,-7.152260869565204
1ix9,5,46.2575652173913,-11.506608695652169
1ix9,3,57.76417391304347,0.0
1ix9,4,55.9364347826087,-1.8277391304347717
1ix9,1,50.77173913043478,-6.99243478260869
3iu1,2,38.00761194029851,-1.526467661691541
3iu1,3,39.53407960199005,0.0
3iu1,1,32.78646766169154,-6.747611940298512
3iu1,5,32.80756218905473,-6.726517412935323
3iu1,4,37.45298507462687,-2.0810945273631773
2qp2,2,57.37671052631579,0.0
2qp2,5,47.99861842105263,-9.378092105263157
2qp2,3,45.92138157894737,-11.455328947368422
2qp2,4,46.93730263157895,-10.439407894736839
2qp2,1,52.828421052631576,-4.548289473684214
2ppx,5,73.15693548387095,-15.425322580645158
2ppx,3,60.825967741935486,-27.756290322580625
2ppx,4,88.58225806451611,0.0
2ppx,1,63.04161290322581,-25.5406451612903
2ppx,2,70.13999999999997,-18.44225806451614
1edz,1,33.4619298245614,-24.65222222222223
1edz,3,30.919122807017544,-27.195029239766086
1edz,2,38.337836257309945,-19.776315789473685
1edz,4,58.11415204678363,0.0
1edz,5,29.542807017543858,-28.571345029239772
1cix,4,79.76409090909091,-4.130227272727268
1cix,5,83.89431818181818,0.0
1cix,2,68.99113636363636,-14.903181818181821
1cix,3,81.6315909090909,-2.2627272727272754
1cix,1,68.44022727272727,-15.454090909090908
4ejo,5,47.12252252252252,-15.641981981982
4ejo,4,62.76450450450452,0.0
4ejo,3,57.55378378378378,-5.210720720720744
4ejo,2,60.969369369369375,-1.7951351351351477
4ejo,1,59.35450450450449,-3.410000000000032
1f5n,5,61.822,-0.38350000000000506
1f5n,2,62.18860000000001,-0.016899999999999693
1f5n,4,59.55626666666667,-2.649233333333335
1f5n,1,59.30116666666666,-2.904333333333348
1f5n,3,62.20550000000001,0.0
1pd0,5,30.420982658959534,-8.422485549132954
1pd0,4,32.39092485549133,-6.452543352601161
1pd0,1,32.148150289017345,-6.695317919075144
1pd0,3,31.908034682080924,-6.935433526011565
1pd0,2,38.84346820809249,0.0
1ok3,1,40.51645161290323,-4.693709677419349
1ok3,4,41.00629032258065,-4.203870967741935
1ok3,2,45.21016129032258,0.0
1ok3,3,41.44935483870968,-3.7608064516129005
1ok3,5,41.02016129032258,-4.190000000000005
1l5j,5,45.20025,-38.560625
1l5j,2,60.06837499999999,-23.69250000000001
1l5j,4,69.945875,-13.814999999999998
1l5j,3,83.760875,0.0
1l5j,1,68.95068749999999,-14.810187500000012
1vkz,4,40.20639534883721,-2.5
1vkz,3,41.30709302325582,-1.3993023255813952
1vkz,2,42.36953488372093,-0.3368604651162812
1vkz,5,40.88139534883721,-1.8250000000000028
1vkz,1,42.70639534883721,0.0
3vfi,2,38.287211538461534,-19.04250000000001
3vfi,4,57.329711538461545,0.0
3vfi,5,45.2375,-12.092211538461548
3vfi,3,40.106923076923074,-17.22278846153847
3vfi,1,37.77759615384616,-19.552115384615384
6k2f,4,54.10226277372262,0.0
6k2f,5,33.306934306569346,-20.795328467153276
6k2f,1,37.35678832116788,-16.74547445255474
6k2f,2,46.7663503649635,-7.335912408759121
6k2f,3,38.09175182481752,-16.0105109489051
2j4b,2,39.30351145038168,-21.007862595419844
2j4b,5,44.64679389312977,-15.664580152671753
2j4b,1,49.07793893129772,-11.233435114503799
2j4b,4,45.327175572519074,-14.984198473282447
2j4b,3,60.31137404580152,0.0
1vcf,2,44.02990322580645,0.0
1vcf,4,35.91429032258065,-8.115612903225802
1vcf,5,36.11883870967742,-7.911064516129031
1vcf,3,31.94858064516129,-12.08132258064516
1vcf,1,33.25996774193548,-10.769935483870967
1xq4,4,44.43829268292684,-33.66292682926827
1xq4,5,40.77455284552846,-37.326666666666654
1xq4,3,78.10121951219512,0.0
1xq4,1,43.68121951219512,-34.419999999999995
1xq4,2,63.054959349593496,-15.04626016260162
1ybf,1,31.18113821138211,-1.3138617886178956
1ybf,3,27.600650406504062,-4.894349593495942
1ybf,2,32.495000000000005,0.0
1ybf,5,29.062195121951216,-3.4328048780487883
1ybf,4,28.247357723577235,-4.24764227642277
1ako,5,28.6340671641791,-5.8637313432835825
1ako,4,33.30791044776119,-1.1898880597014951
1ako,1,30.19727611940299,-4.300522388059694
1ako,2,34.49779850746268,0.0
1ako,3,31.775410447761196,-2.722388059701487
1wvh,5,44.723984962406014,0.0
1wvh,3,38.83195488721804,-5.892030075187975
1wvh,1,39.64992481203007,-5.074060150375942
1wvh,4,41.07067669172932,-3.653308270676696
1wvh,2,42.55097744360902,-2.173007518796993
3f1l,5,43.27951020408163,-13.314571428571426
3f1l,4,50.08179591836734,-6.512285714285717
3f1l,3,55.64097959183673,-0.9531020408163258
3f1l,1,44.97983673469388,-11.614244897959175
3f1l,2,56.59408163265306,0.0
1jta,4,26.041495844875342,-5.768310249307483
1jta,1,28.73218836565097,-3.0776177285318553
1jta,2,31.809806094182825,0.0
1jta,5,26.083213296398892,-5.726592797783933
1jta,3,24.81537396121884,-6.994432132963986
1s29,1,41.6129213483146,-3.258202247191015
1s29,5,38.121460674157305,-6.74966292134831
1s29,3,43.283370786516855,-1.5877528089887605
1s29,4,44.871123595505615,0.0
1s29,2,42.88988764044944,-1.981235955056178
5yx6,2,34.97555555555556,0.0
5yx6,1,30.43777777777778,-4.53777777777778
5yx6,5,28.24085271317829,-6.734702842377271
5yx6,3,27.99111111111111,-6.984444444444449
5yx6,4,32.28565891472868,-2.6898966408268805
1ytq,1,36.50108695652173,-1.6619565217391497
1ytq,5,34.25945652173913,-3.9035869565217496
1ytq,3,38.16304347826088,0.0
1ytq,2,35.8029347826087,-2.3601086956521797
1ytq,4,31.439456521739128,-6.723586956521753
1fnn,1,75.875625,-8.39401785714287
1fnn,2,36.645089285714285,-47.624553571428585
1fnn,4,84.26964285714287,0.0
1fnn,3,60.652589285714285,-23.617053571428585
1fnn,5,75.6350892857143,-8.634553571428569
5o99,3,70.2428813559322,-11.918983050847473
5o99,5,44.71322033898306,-37.448644067796614
5o99,2,42.67338983050848,-39.488474576271194
5o99,1,82.16186440677967,0.0
5o99,4,57.22474576271188,-24.937118644067787
1qyp,1,73.66641509433963,-9.770943396226414
1qyp,4,69.60377358490567,-13.833584905660373
1qyp,2,73.1079245283019,-10.329433962264147
1qyp,3,74.6843396226415,-8.753018867924538
1qyp,5,83.43735849056604,0.0
2ha9,5,30.27540909090909,-3.022000000000002
2ha9,4,29.160318181818184,-4.137090909090908
2ha9,1,32.53547727272728,-0.7619318181818144
2ha9,3,27.992568181818186,-5.304840909090906
2ha9,2,33.29740909090909,0.0
1ca4,2,33.65407894736842,-6.66677631578947
1ca4,1,31.012828947368423,-9.308026315789466
1ca4,3,34.193486842105266,-6.127368421052623
1ca4,5,40.32085526315789,0.0
1ca4,4,30.10309210526316,-10.21776315789473
1uv7,5,71.474,-11.635499999999993
1uv7,1,83.1095,0.0
1uv7,3,78.776,-4.333500000000001
1uv7,4,72.11237500000001,-10.997124999999983
1uv7,2,82.747875,-0.36162500000000364
3pdu,3,42.48178861788618,-5.687642276422771
3pdu,2,40.53666666666667,-7.632764227642284
3pdu,5,48.16943089430895,0.0
3pdu,4,44.1559349593496,-4.0134959349593515
3pdu,1,40.23373983739838,-7.935691056910571
3dby,4,84.15743801652891,0.0
3dby,1,53.22760330578513,-30.929834710743783
3dby,5,80.09677685950415,-4.060661157024768
3dby,3,64.1196694214876,-20.037768595041314
3dby,2,47.9104958677686,-36.24694214876031
1f86,2,40.36817391304347,-20.708347826086957
1f86,1,48.12313043478261,-12.953391304347818
1f86,4,61.07652173913043,0.0
1f86,5,58.6311304347826,-2.4453913043478295
1f86,3,60.285130434782616,-0.7913913043478118
1yvu,4,30.95954983922829,-7.564855305466242
1yvu,1,31.845916398713825,-6.678488745980708
1yvu,5,31.908360128617364,-6.6160450160771695
1yvu,2,38.52440514469453,0.0
1yvu,3,33.13983922829583,-5.3845659163987065
1kwg,3,34.94736040609136,-6.025532994923864
1kwg,5,31.68578680203046,-9.287106598984767
1kwg,1,32.41005076142132,-8.56284263959391
1kwg,2,36.43598984771573,-4.536903553299496
1kwg,4,40.97289340101523,0.0
4edp,3,31.20987341772152,-3.461455696202524
4edp,1,33.1770253164557,-1.4943037974683477
4edp,2,34.671329113924045,0.0
4edp,5,30.58205696202532,-4.089272151898726
4edp,4,32.40905063291139,-2.2622784810126575
2w3s,4,58.57666666666666,0.0
2w3s,3,49.81393162393163,-8.76273504273503
2w3s,1,46.29017094017094,-12.286495726495723
2w3s,5,47.251623931623925,-11.325042735042736
2w3s,2,54.25094017094016,-4.325726495726499
4ef0,4,36.6819298245614,-11.08736842105263
4ef0,2,46.05543859649124,-1.7138596491227887
4ef0,1,37.18482456140352,-10.584473684210508
4ef0,3,47.76929824561403,0.0
4ef0,5,42.5021052631579,-5.26719298245613
2zkm,4,68.96204918032788,-0.8854918032786685
2zkm,3,61.6916393442623,-8.15590163934425
2zkm,2,69.84754098360655,0.0
2zkm,1,60.395,-9.452540983606546
2zkm,5,53.41885245901639,-16.428688524590157
2bc4,3,39.44519230769231,-29.475673076923073
2bc4,1,31.404903846153847,-37.51596153846154
2bc4,4,40.94846153846154,-27.972403846153846
2bc4,2,40.572500000000005,-28.348365384615377
2bc4,5,68.92086538461538,0.0
3imk,5,35.05713375796178,-18.151210191082804
3imk,2,53.20834394904458,0.0
3imk,3,34.29955414012739,-18.90878980891719
3imk,4,52.08592356687899,-1.1224203821655934
3imk,1,41.34834394904459,-11.859999999999992
1ybt,2,35.43,-3.254970059880243
1ybt,4,34.15419161676646,-4.530778443113782
1ybt,3,32.516646706586826,-6.168323353293417
1ybt,1,35.83461077844311,-2.850359281437136
1ybt,5,38.68497005988024,0.0
2bnm,4,70.35111111111112,-8.573472222222208
2bnm,2,73.33305555555555,-5.5915277777777845
2bnm,5,74.22347222222223,-4.7011111111111035
2bnm,3,78.92458333333333,0.0
2bnm,1,70.52513888888889,-8.399444444444441
1iq8,2,61.47493506493508,0.0
1iq8,4,42.47233766233767,-19.00259740259741
1iq8,5,55.239350649350655,-6.235584415584427
1iq8,3,52.45051948051949,-9.024415584415593
1iq8,1,39.10012987012987,-22.374805194805212
2hah,4,30.413839285714285,-3.1282142857142894
2hah,5,29.56267857142857,-3.9793750000000045
2hah,3,30.01017857142857,-3.5318750000000065
2hah,1,33.542053571428575,0.0
2hah,2,31.46767857142857,-2.0743750000000034
3sq7,1,26.33439024390244,-3.84040650406504
3sq7,2,30.17479674796748,0.0
3sq7,5,24.147154471544717,-6.027642276422764
3sq7,4,26.27479674796748,-3.900000000000002
3sq7,3,25.184430894308942,-4.990365853658538
1sse,1,76.80657142857142,0.0
1sse,2,68.086,-8.720571428571418
1sse,4,59.82114285714285,-16.985428571428564
1sse,3,72.47171428571428,-4.334857142857132
1sse,5,74.99085714285714,-1.8157142857142787
2p8t,5,47.88797101449275,-2.766666666666673
2p8t,4,48.133768115942026,-2.520869565217396
2p8t,1,48.00492753623188,-2.649710144927539
2p8t,2,50.65463768115942,0.0
2p8t,3,47.126376811594206,-3.528260869565216
1v74,3,49.30367816091954,-3.552873563218398
1v74,1,49.17172413793104,-3.6848275862069
1v74,4,52.85655172413794,0.0
1v74,2,45.705402298850565,-7.151149425287372
1v74,5,45.63781609195402,-7.218735632183915
1a5t,3,35.32217391304348,-12.444541062801925
1a5t,2,39.59787439613528,-8.168840579710121
1a5t,4,47.7667149758454,0.0
1a5t,1,34.88990338164252,-12.876811594202884
1a5t,5,33.64251207729468,-14.12420289855072
5ryo,4,37.15130952380952,-4.580833333333324
5ryo,2,40.15416666666666,-1.5779761904761855
5ryo,1,41.42107142857143,-0.3110714285714167
5ryo,5,37.28738095238096,-4.44476190476189
5ryo,3,41.73214285714285,0.0
1k1g,2,49.940327868852464,-7.746639344262299
1k1g,3,57.68696721311476,0.0
1k1g,4,34.83262295081967,-22.854344262295093
1k1g,1,36.71147540983608,-20.97549180327868
1k1g,5,33.69926229508197,-23.98770491803279
3n1f,2,36.50929292929293,-39.63939393939393
3n1f,5,47.48676767676768,-28.66191919191919
3n1f,4,76.14868686868687,0.0
3n1f,3,46.25303030303031,-29.89565656565656
3n1f,1,57.74060606060607,-18.408080808080797
3brs,2,46.22634057971015,0.0
3brs,5,41.35710144927537,-4.869239130434778
3brs,4,41.9013768115942,-4.32496376811595
3brs,1,44.53188405797101,-1.6944565217391343
3brs,3,36.38597826086957,-9.840362318840576
1wa3,5,56.224702970297024,-13.002623762376238
1wa3,4,69.22732673267326,0.0
1wa3,3,62.91787128712871,-6.30945544554455
1wa3,1,62.11643564356435,-7.110891089108911
1wa3,2,58.19930693069307,-11.028019801980193
5z48,2,35.5987619047619,0.0
5z48,4,32.79271428571428,-2.806047619047618
5z48,5,27.15195238095238,-8.44680952380952
5z48,1,31.590619047619043,-4.0081428571428575
5z48,3,29.60619047619048,-5.99257142857142
1jnr,3,44.77070921985816,-2.243900709219851
1jnr,5,43.16765957446808,-3.8469503546099304
1jnr,1,45.666879432624114,-1.3477304964538988
1jnr,2,43.33397163120568,-3.680638297872335
1jnr,4,47.01460992907801,0.0
7bl4,3,40.1028431372549,-18.32049019607844
7bl4,4,42.51833333333334,-15.905000000000001
7bl4,2,58.42333333333334,0.0
7bl4,1,43.89588235294118,-14.52745098039216
7bl4,5,50.45607843137255,-7.967254901960786
7k5z,4,36.59427966101695,-4.553601694915251
7k5z,2,41.1478813559322,0.0
7k5z,1,33.22148305084745,-7.926398305084746
7k5z,5,32.28203389830509,-8.865847457627112
7k5z,3,33.62093220338983,-7.526949152542372
5gvy,3,42.03517241379311,-12.683931034482754
5gvy,1,54.71910344827587,0.0
5gvy,4,32.52862068965517,-22.190482758620696
5gvy,5,53.08206896551724,-1.6370344827586294
5gvy,2,33.74510344827586,-20.974000000000004
1how,4,33.11981543624161,-1.696057046979874
1how,1,32.94384228187919,-1.872030201342291
1how,5,26.28724832214765,-8.528624161073832
1how,2,34.81587248322148,0.0
1how,3,28.783993288590608,-6.031879194630875
6np9,2,45.27128205128204,0.0
6np9,1,37.237179487179496,-8.034102564102547
6np9,4,39.53350427350428,-5.737777777777765
6np9,3,31.025299145299147,-14.245982905982896
6np9,5,30.171111111111102,-15.10017094017094
1n13,3,52.408043478260886,-4.575217391304335
1n13,2,56.98326086956522,0.0
1n13,5,52.69652173913043,-4.286739130434789
1n13,1,55.10956521739131,-1.8736956521739145
1n13,4,56.47086956521739,-0.5123913043478296
1jos,1,65.333,-11.787499999999994
1jos,5,61.6698,-15.45069999999999
1jos,3,77.12049999999999,0.0
1jos,4,73.8404,-3.2800999999999902
1jos,2,73.63119999999999,-3.4893
2fe3,5,63.80127659574468,-1.7083687943262476
2fe3,1,49.007659574468086,-16.501985815602843
2fe3,3,60.39907801418439,-5.110567375886539
2fe3,2,63.60964539007092,-1.9000000000000128
2fe3,4,65.50964539007093,0.0
2xau,2,61.19878787878788,-5.223030303030299
2xau,3,66.42181818181818,0.0
2xau,5,58.152878787878784,-8.268939393939398
2xau,4,61.7428787878788,-4.67893939393938
2xau,1,60.02606060606061,-6.395757575757571
3c8c,2,35.98546218487395,-10.338697478991598
3c8c,4,46.32415966386555,0.0
3c8c,5,34.98138655462185,-11.342773109243701
3c8c,1,41.268193277310914,-5.055966386554637
3c8c,3,34.395,-11.929159663865548
3n55,4,37.880090090090086,0.0
3n55,5,32.88900900900901,-4.991081081081077
3n55,3,33.56711711711712,-4.312972972972965
3n55,1,35.49324324324324,-2.3868468468468436
3n55,2,35.50423423423423,-2.3758558558558533
1k5n,4,76.47189473684209,0.0
1k5n,2,74.08136842105263,-2.390526315789458
1k5n,1,52.95842105263158,-23.51347368421051
1k5n,5,71.84736842105262,-4.624526315789467
1k5n,3,75.8937894736842,-0.5781052631578945
2j5y,4,88.95396226415093,-5.242264150943413
2j5y,5,89.64056603773587,-4.555660377358478
2j5y,1,89.49358490566037,-4.702641509433974
2j5y,2,94.19622641509434,0.0
2j5y,3,89.39867924528303,-4.79754716981131
1gmu,3,47.52685714285714,-4.357428571428592
1gmu,5,36.686,-15.198285714285731
1gmu,1,51.88428571428573,0.0
1gmu,2,38.99557142857143,-12.8887142857143
1gmu,4,45.33514285714286,-6.5491428571428685
6m3b,3,59.4176595744681,0.0
6m3b,2,48.00851063829786,-11.40914893617024
6m3b,4,51.075744680851074,-8.341914893617023
6m3b,5,38.99425531914893,-20.42340425531917
6m3b,1,49.81297872340426,-9.60468085106384
4n0k,1,34.49551401869159,-0.960841121495335
4n0k,2,35.45635514018692,0.0
4n0k,3,35.022523364485984,-0.4338317757009378
4n0k,5,32.26373831775701,-3.192616822429912
4n0k,4,33.5796261682243,-1.8767289719626206
5ncg,3,37.085585585585584,-19.93315315315315
5ncg,2,40.94351351351352,-16.07522522522521
5ncg,4,45.522972972972966,-11.495765765765768
5ncg,1,57.01873873873873,0.0
5ncg,5,36.94684684684684,-20.071891891891894
2nw0,5,34.24814814814815,-1.8497883597883629
2nw0,1,30.65640211640212,-5.44153439153439
2nw0,2,36.09793650793651,0.0
2nw0,3,30.800105820105827,-5.2978306878306825
2nw0,4,32.85005291005291,-3.2478835978836003
3ddt,2,52.61955555555556,-2.2368888888888847
3ddt,4,54.85644444444444,0.0
3ddt,5,49.322,-5.534444444444439
3ddt,1,53.20688888888889,-1.6495555555555512
3ddt,3,49.078666666666656,-5.777777777777786
5faf,1,41.90609090909092,-2.3939999999999912
5faf,5,34.83436363636364,-9.465727272727271
5faf,4,39.90936363636364,-4.390727272727268
5faf,3,41.31154545454545,-2.9885454545454593
5faf,2,44.30009090909091,0.0
2gom,3,94.53655737704918,0.0
2gom,1,84.3160655737705,-10.220491803278676
2gom,5,89.50639344262294,-5.030163934426241
2gom,4,76.91540983606556,-17.621147540983614
2gom,2,82.56573770491804,-11.970819672131142
2dst,5,35.49049180327869,-9.369754098360666
2dst,1,38.298524590163936,-6.5617213114754165
2dst,3,42.48696721311475,-2.3732786885246
2dst,2,44.86024590163935,0.0
2dst,4,40.17647540983607,-4.68377049180328
2qi2,1,56.96786324786325,-28.68991452991453
2qi2,5,70.90641025641025,-14.751367521367527
2qi2,3,54.46239316239316,-31.19538461538462
2qi2,4,62.59247863247864,-23.065299145299143
2qi2,2,85.65777777777778,0.0
6mfk,2,30.323317307692307,-6.404903846153843
6mfk,4,36.72822115384615,0.0
6mfk,1,33.36086538461538,-3.3673557692307696
6mfk,5,34.19831730769231,-2.529903846153843
6mfk,3,28.02985576923077,-8.698365384615379
1s68,5,26.819399141630903,-4.9259656652360455
1s68,4,26.746180257510733,-4.999184549356215
1s68,3,28.290772532188843,-3.454592274678106
1s68,1,30.984892703862663,-0.760472103004286
1s68,2,31.74536480686695,0.0
1u69,5,40.866666666666674,-7.292820512820498
1u69,4,48.15948717948717,0.0
1u69,1,41.171217948717945,-6.988269230769227
1u69,2,42.58198717948719,-5.577499999999979
1u69,3,36.31487179487179,-11.84461538461538
4zo2,5,29.194948805460758,-6.468907849829346
4zo2,3,33.44184300341296,-2.222013651877141
4zo2,4,33.81474402730375,-1.8491126279863508
4zo2,2,35.663856655290104,0.0
4zo2,1,30.63959044368601,-5.024266211604093
2cs4,2,44.61634146341464,-13.919146341463403
2cs4,4,53.17231707317073,-5.363170731707314
2cs4,5,44.134146341463406,-14.401341463414639
2cs4,3,58.535487804878045,0.0
2cs4,1,41.69548780487805,-16.839999999999996
1erd,2,75.36825,0.0
1erd,4,68.40074999999999,-6.967500000000015
1erd,5,68.4795,-6.888750000000002
1erd,3,59.78075,-15.587500000000006
1erd,1,53.87874999999999,-21.489500000000014
1p3d,2,34.875416666666666,-9.61239583333333
1p3d,5,38.35729166666667,-6.130520833333328
1p3d,3,33.92260416666667,-10.565208333333324
1p3d,1,44.4878125,0.0
1p3d,4,40.54166666666666,-3.9461458333333397
5hsg,2,43.1060350877193,-3.8500701754385958
5hsg,3,38.467473684210525,-8.48863157894737
5hsg,5,34.31284210526316,-12.643263157894737
5hsg,1,36.86228070175439,-10.093824561403501
5hsg,4,46.956105263157895,0.0
2atz,1,37.41357954545455,-3.363693181818178
2atz,3,33.45181818181818,-7.325454545454548
2atz,4,39.28568181818182,-1.4915909090909096
2atz,2,40.77727272727273,0.0
2atz,5,38.75670454545455,-2.0205681818181844
1k4t,5,88.87555555555555,-0.914722222222224
1k4t,4,85.9211111111111,-3.869166666666672
1k4t,2,89.655,-0.13527777777777317
1k4t,1,88.24527777777777,-1.5450000000000017
1k4t,3,89.79027777777777,0.0
5epe,2,38.70931451612904,-0.33701612903225
5epe,3,35.646975806451614,-3.3993548387096766
5epe,5,39.04633064516129,0.0
5epe,1,37.4683064516129,-1.5780241935483943
5epe,4,37.37673387096774,-1.6695967741935505
5xn9,2,90.01321167883212,0.0
5xn9,3,67.10832116788322,-22.904890510948903
5xn9,4,76.38459854014599,-13.628613138686134
5xn9,5,88.07175182481753,-1.941459854014596
5xn9,1,75.08759124087591,-14.925620437956212
2jne,2,35.9012676056338,-28.584366197183094
2jne,5,64.48563380281689,0.0
2jne,3,59.88971830985916,-4.5959154929577295
2jne,4,53.35985915492957,-11.125774647887319
2jne,1,39.94394366197182,-24.54169014084507
1zkd,1,31.821972602739727,-4.392712328767125
1zkd,5,30.736383561643837,-5.478301369863015
1zkd,2,36.21468493150685,0.0
1zkd,4,34.07704109589041,-2.137643835616444
1zkd,3,29.91986301369863,-6.294821917808221
6np3,4,37.13123134328358,-7.356567164179104
6np3,3,36.20227611940299,-8.285522388059697
6np3,2,44.487798507462685,0.0
6np3,1,39.56391791044776,-4.9238805970149215
6np3,5,39.49227611940299,-4.9955223880596975
2qpn,1,31.956,-8.25381132075471
2qpn,3,40.20981132075471,0.0
2qpn,5,38.76154716981132,-1.4482641509433876
2qpn,2,36.474867924528304,-3.734943396226406
2qpn,4,36.32267924528301,-3.8871320754716976
3vas,1,29.36715942028985,-15.536347826086963
3vas,2,44.90350724637681,0.0
3vas,5,27.039420289855077,-17.864086956521735
3vas,4,43.37866666666667,-1.524840579710144
3vas,3,26.700289855072462,-18.20321739130435
2j01,2,38.6935,-20.650899999999993
2j01,3,44.79729999999999,-14.5471
2j01,4,59.34439999999999,0.0
2j01,5,49.5669,-9.777499999999996
2j01,1,55.00500000000001,-4.3393999999999835
4nbp,1,47.87077519379845,0.0
4nbp,5,39.1891472868217,-8.68162790697675
4nbp,3,39.50488372093023,-8.36589147286822
4nbp,2,39.137674418604654,-8.733100775193797
4nbp,4,40.8306976744186,-7.0400775193798495
1v8p,3,43.96090909090909,-7.968106060606054
1v8p,2,51.929015151515145,0.0
1v8p,4,50.724015151515154,-1.2049999999999912
1v8p,1,46.6094696969697,-5.319545454545448
1v8p,5,48.62840909090909,-3.300606060606057
1xoy,3,55.0128125,0.0
1xoy,5,29.0803125,-25.9325
1xoy,1,31.326375,-23.686437500000004
1xoy,4,35.714749999999995,-19.298062500000007
1xoy,2,32.55325,-22.459562500000004
1sxj,4,50.37565656565656,0.0
1sxj,1,41.71969696969696,-8.655959595959601
1sxj,3,45.97030303030304,-4.40535353535352
1sxj,2,46.97929292929293,-3.396363636363631
1sxj,5,43.77868686868687,-6.596969696969694
1s14,1,31.230628272251305,-2.447172774869106
1s14,4,29.453979057591617,-4.223821989528794
1s14,2,33.67780104712041,0.0
1s14,5,33.15130890052356,-0.5264921465968513
1s14,3,30.21774869109948,-3.460052356020931
3rq7,3,44.37298850574712,0.0
3rq7,2,41.91862068965517,-2.4543678160919455
3rq7,4,38.384482758620685,-5.988505747126432
3rq7,1,40.29885057471265,-4.074137931034464
3rq7,5,36.30206896551725,-8.070919540229866
5ak4,4,42.41728125,0.0
5ak4,1,35.1729375,-7.244343749999999
5ak4,3,30.328750000000003,-12.088531249999999
5ak4,5,33.7759375,-8.641343750000004
5ak4,2,41.382375,-1.0349062499999988
2zfy,3,38.45775330396476,-0.896696035242293
2zfy,4,37.038986784140974,-2.315462555066077
2zfy,5,39.35444933920705,0.0
2zfy,2,34.02911894273128,-5.3253303964757706
2zfy,1,33.33303964757709,-6.021409691629962
2cz4,2,47.97515151515152,-10.165353535353525
2cz4,4,58.14050505050505,0.0
2cz4,3,49.23666666666666,-8.90383838383839
2cz4,1,39.54181818181818,-18.59868686868687
2cz4,5,57.55767676767677,-0.5828282828282809
5g5e,5,46.10233576642336,-11.422189781021899
5g5e,4,48.84335766423357,-8.681167883211685
5g5e,2,50.644452554744525,-6.8800729927007325
5g5e,3,47.59277372262774,-9.931751824817518
5g5e,1,57.52452554744526,0.0
1nh8,2,35.475952380952386,0.0
1nh8,4,35.42957142857142,-0.0463809523809644
1nh8,1,32.953809523809525,-2.5221428571428604
1nh8,3,30.25609523809524,-5.219857142857144
1nh8,5,30.70042857142857,-4.775523809523815
2xvm,5,31.201725888324876,-0.014619289340092934
2xvm,1,30.50776649746193,-0.7085786802030398
2xvm,4,29.42451776649746,-1.7918274111675103
2xvm,2,31.21634517766497,0.0
2xvm,3,28.065482233502536,-3.1508629441624336
2np3,1,56.489384615384616,-18.032769230769226
2np3,3,53.01138461538462,-21.51076923076922
2np3,4,74.52215384615384,0.0
2np3,5,58.502,-16.02015384615384
2np3,2,56.67338461538461,-17.84876923076923
4ixa,5,80.28666666666665,-1.8923529411764974
4ixa,4,75.06617647058823,-7.112843137254913
4ixa,2,71.8885294117647,-10.290490196078451
4ixa,3,71.7863725490196,-10.392647058823542
4ixa,1,82.17901960784314,0.0
4c5k,3,26.328654545454548,-17.27021818181818
4c5k,1,38.41105454545455,-5.18781818181818
4c5k,4,43.59887272727273,0.0
4c5k,5,33.97196363636364,-9.626909090909088
4c5k,2,34.175200000000004,-9.423672727272724
1od3,3,49.168931297709925,-12.460687022900757
1od3,2,53.61854961832061,-8.011068702290075
1od3,1,54.95656488549618,-6.673053435114504
1od3,4,61.62961832061068,0.0
1od3,5,59.89511450381679,-1.7345038167938895
1nui,2,53.77888888888889,0.0
1nui,3,48.39851851851852,-5.380370370370372
1nui,4,40.867777777777775,-12.911111111111119
1nui,1,48.56722222222223,-5.211666666666666
1nui,5,50.73907407407408,-3.039814814814811
2yjt,5,46.830000000000005,-6.5146470588235275
2yjt,4,53.34464705882353,0.0
2yjt,1,41.61141176470588,-11.733235294117655
2yjt,3,29.870117647058823,-23.47452941176471
2yjt,2,35.67194117647058,-17.67270588235295
4j9y,5,74.22608695652174,-10.470760869565225
4j9y,2,84.69684782608697,0.0
4j9y,3,77.32108695652173,-7.375760869565241
4j9y,1,73.98771739130434,-10.709130434782622
4j9y,4,75.62010869565218,-9.076739130434788
1gdo,1,32.513277310924366,-6.453067226890759
1gdo,4,34.275378151260504,-4.690966386554621
1gdo,3,31.690000000000005,-7.27634453781512
1gdo,2,38.966344537815125,0.0
1gdo,5,32.58470588235294,-6.381638655462183
1ynp,5,37.08218855218856,-3.5697643097643024
1ynp,1,35.537070707070704,-5.11488215488216
1ynp,2,40.651952861952864,0.0
1ynp,4,38.27262626262626,-2.3793265993266033
1ynp,3,33.84070707070708,-6.811245791245781
2x4k,3,73.65590163934426,-0.3095081967213247
2x4k,5,72.61557377049179,-1.3498360655737969
2x4k,4,73.96540983606559,0.0
2x4k,1,66.9927868852459,-6.972622950819684
2x4k,2,72.36639344262295,-1.5990163934426391
1zcb,1,39.81063492063492,-1.31944444444445
1zcb,4,41.13007936507937,0.0
1zcb,5,37.26611111111112,-3.8639682539682454
1zcb,3,34.60174603174604,-6.528333333333329
1zcb,2,39.275238095238095,-1.8548412698412733
2ckf,2,33.32205882352941,-0.43611764705882905
2ckf,4,33.461411764705886,-0.29676470588235304
2ckf,3,33.66517647058824,-0.09299999999999642
2ckf,5,30.08,-3.678176470588241
2ckf,1,33.75817647058824,0.0
2cu2,5,37.19921641791044,-3.676791044776124
2cu2,3,40.876007462686566,0.0
2cu2,1,37.46552238805971,-3.4104850746268554
2cu2,2,35.880858208955225,-4.995149253731341
2cu2,4,37.27380597014925,-3.6022014925373185
1yht,4,32.858517441860464,-1.2056976744186088
1yht,2,34.06421511627907,0.0
1yht,3,30.902238372093027,-3.1619767441860454
1yht,1,32.42767441860465,-1.6365406976744197
1yht,5,31.61136627906977,-2.4528488372093022
1f3u,5,33.79624161073825,-5.246107382550349
1f3u,4,33.43838926174497,-5.603959731543625
1f3u,1,33.62335570469799,-5.418993288590606
1f3u,3,39.0423489932886,0.0
1f3u,2,35.33731543624161,-3.7050335570469883
2ix2,3,37.99495798319328,-6.627731092436981
2ix2,4,42.298235294117646,-2.3244537815126165
2ix2,1,39.34924369747901,-5.273445378151251
2ix2,2,44.62268907563026,0.0
2ix2,5,35.836218487394945,-8.786470588235318
3b0g,3,35.23105263157895,-10.912046783625726
3b0g,2,38.20426900584796,-7.9388304093567115
3b0g,4,46.143099415204674,0.0
3b0g,1,36.276315789473685,-9.866783625730989
3b0g,5,37.24801169590644,-8.895087719298232
1ir6,5,34.52688311688311,-4.871740259740264
1ir6,2,36.69784415584416,-2.700779220779218
1ir6,4,37.00038961038961,-2.3982337662337656
1ir6,1,34.54818181818182,-4.85044155844156
1ir6,3,39.39862337662338,0.0
1ua7,3,25.62877906976744,-13.342616279069766
1ua7,1,28.27203488372093,-10.699360465116275
1ua7,5,25.949680232558137,-13.021715116279069
1ua7,2,38.971395348837206,0.0
1ua7,4,34.13186046511628,-4.839534883720923
5crl,2,53.890234375,-5.408437499999998
5crl,4,53.103515625,-6.195156249999997
5crl,5,59.298671875,0.0
5crl,3,51.94109375,-7.357578124999996
5crl,1,51.44984375,-7.848828124999997
2pg4,2,45.19673913043478,-33.123804347826095
2pg4,5,51.06532608695652,-27.255217391304356
2pg4,4,61.63271739130435,-16.687826086956527
2pg4,3,78.32054347826087,0.0
2pg4,1,56.4466304347826,-21.873913043478275
2icy,4,49.12192771084337,0.0
2icy,1,47.42722891566265,-1.6946987951807202
2icy,5,44.71228915662651,-4.409638554216862
2icy,3,47.80180722891566,-1.3201204819277095
2icy,2,37.81060240963855,-11.311325301204825
7l1v,5,41.3995061728395,-11.204845679012344
7l1v,4,52.604351851851845,0.0
7l1v,3,35.72765432098765,-16.8766975308642
7l1v,1,45.68,-6.924351851851846
7l1v,2,44.51706790123456,-8.087283950617284
2a0u,2,38.577860962566845,0.0
2a0u,3,29.256577540106957,-9.321283422459889
2a0u,5,29.09080213903744,-9.487058823529406
2a0u,1,30.25299465240641,-8.324866310160434
2a0u,4,34.75516042780749,-3.822700534759356
2dxu,4,56.28936170212766,-9.962978723404255
2dxu,3,66.25234042553191,0.0
2dxu,5,63.75,-2.502340425531912
2dxu,2,62.31978723404255,-3.9325531914893617
2dxu,1,65.39446808510638,-0.85787234042553
3c57,2,88.98588235294118,-2.977843137254908
3c57,5,89.04980392156862,-2.913921568627458
3c57,1,85.93627450980391,-6.0274509803921745
3c57,4,91.468431372549,-0.4952941176470773
3c57,3,91.96372549019608,0.0
3r6s,5,36.60586206896552,-0.7348965517241339
3r6s,4,34.037103448275865,-3.303655172413791
3r6s,3,36.06627586206896,-1.2744827586206924
3r6s,2,37.340758620689655,0.0
3r6s,1,34.60855172413793,-2.732206896551723
1u7b,4,33.875,0.0
1u7b,5,29.65738095238095,-4.217619047619049
1u7b,3,31.14269841269841,-2.7323015873015883
1u7b,1,31.84261904761905,-2.032380952380951
1u7b,2,33.008333333333326,-0.8666666666666742
1wdv,4,31.11413333333333,-4.423600000000004
1wdv,5,34.92326666666666,-0.6144666666666723
1wdv,1,33.843799999999995,-1.6939333333333408
1wdv,2,32.98353333333334,-2.5541999999999945
1wdv,3,35.537733333333335,0.0
3br0,5,45.02147826086957,0.0
3br0,4,43.8484347826087,-1.1730434782608725
3br0,1,41.46539130434783,-3.556086956521739
3br0,3,35.085913043478264,-9.935565217391307
3br0,2,43.19869565217392,-1.822782608695654
1cr5,5,73.6673786407767,0.0
1cr5,3,73.00300970873786,-0.6643689320388404
1cr5,4,70.18009708737866,-3.4872815533980486
1cr5,1,63.18601941747573,-10.481359223300977
1cr5,2,57.45398058252427,-16.213398058252437
1dci,2,51.847563636363645,0.0
1dci,1,49.06258181818181,-2.7849818181818335
1dci,4,45.75258181818182,-6.094981818181829
1dci,5,44.31683636363637,-7.530727272727276
1dci,3,43.5928,-8.254763636363649
1h8l,3,94.75025316455698,0.0
1h8l,1,94.23050632911392,-0.5197468354430583
1h8l,5,94.00367088607598,-0.7465822784810001
1h8l,2,88.82962025316456,-5.920632911392417
1h8l,4,87.92037974683544,-6.829873417721544
1k1x,4,51.777781818181815,0.0
1k1x,2,36.57545454545455,-15.202327272727267
1k1x,1,35.53363636363636,-16.244145454545453
1k1x,3,31.36814545454546,-20.409636363636356
1k1x,5,30.623745454545457,-21.154036363636358
1lgh,5,87.55093023255814,0.0
1lgh,2,85.85930232558138,-1.6916279069767626
1lgh,3,85.4546511627907,-2.096279069767448
1lgh,4,83.02534883720931,-4.525581395348837
1lgh,1,82.97837209302325,-4.572558139534891
1m2o,2,85.12883495145631,0.0
1m2o,4,75.26320388349515,-9.86563106796116
1m2o,3,71.44728155339806,-13.681553398058256
1m2o,1,66.55310679611651,-18.575728155339803
1m2o,5,66.44446601941748,-18.684368932038836
1mex,5,89.2335849056604,0.0
1mex,4,88.48745283018869,-0.7461320754717065
1mex,3,87.65009433962265,-1.5834905660377387
1mex,1,86.3729245283019,-2.8606603773584993
1mex,2,83.07764150943399,-6.155943396226405
1mo9,5,59.95487603305785,0.0
1mo9,3,52.60190082644628,-7.352975206611568
1mo9,2,51.87644628099173,-8.078429752066121
1mo9,1,51.58471074380165,-8.3701652892562
1mo9,4,51.45512396694214,-8.499752066115711
1rh5,4,86.82839285714284,0.0
1rh5,5,75.16250000000001,-11.665892857142836
1rh5,1,68.0005357142857,-18.82785714285714
1rh5,3,57.04392857142857,-29.78446428571427
1rh5,2,47.03267857142857,-39.795714285714276
1rk8,4,83.11757575757576,0.0
1rk8,2,79.58696969696969,-3.5306060606060754
1rk8,3,78.67363636363636,-4.443939393939402
1rk8,1,77.02484848484849,-6.092727272727274
1rk8,5,74.39636363636363,-8.721212121212133
1st6,3,78.57350364963503,0.0
1st6,5,78.39861313868613,-0.17489051094889874
1st6,2,77.31321167883212,-1.2602919708029106
1st6,4,76.79795620437956,-1.7755474452554694
1st6,1,76.36875912408759,-2.20474452554744
1tqy,2,43.34854901960784,0.0
1tqy,3,42.147019607843134,-1.201529411764703
1tqy,4,42.13396078431372,-1.2145882352941157
1tqy,5,40.56650980392157,-2.782039215686268
1tqy,1,40.34541176470589,-3.003137254901951
1u94,4,64.40258555133079,0.0
1u94,2,64.39570342205323,-0.0068821292775567144
1u94,5,63.68471482889733,-0.7178707224334602
1u94,1,61.89673003802281,-2.505855513307978
1u94,3,57.91684410646389,-6.485741444866896
1ur4,4,53.68277202072539,0.0
1ur4,2,52.44481865284973,-1.2379533678756545
1ur4,1,50.48715025906736,-3.1956217616580247
1ur4,5,49.09598445595856,-4.58678756476683
1ur4,3,42.62479274611398,-11.057979274611405
1vaj,5,43.98285714285714,0.0
1vaj,4,40.21802955665025,-3.7648275862068914
1vaj,2,40.04758620689655,-3.9352709359605953
1vaj,1,39.74064039408867,-4.24221674876847
1vaj,3,39.600197044334976,-4.382660098522166
1vq8,1,88.32283950617284,0.0
1vq8,4,86.1525925925926,-2.170246913580243
1vq8,3,79.1095061728395,-9.213333333333338
1vq8,5,71.19740740740741,-17.12543209876543
1vq8,2,68.06037037037038,-20.262469135802462
1y0p,4,72.35883561643836,0.0
1y0p,1,68.72739726027397,-3.631438356164381
1y0p,3,63.995616438356166,-8.36321917808219
1y0p,2,35.54883561643835,-36.81
1y0p,5,31.24184931506849,-41.11698630136986
2cf7,2,86.29679245283018,0.0
2cf7,5,76.8603144654088,-9.43647798742137
2cf7,4,76.31119496855345,-9.985597484276724
2cf7,3,73.89754716981132,-12.399245283018857
2cf7,1,71.49905660377358,-14.797735849056593
2cmg,2,52.96652671755726,0.0
2cmg,4,52.30946564885496,-0.6570610687022977
2cmg,5,50.57473282442748,-2.3917938931297797
2cmg,1,47.45396946564885,-5.5125572519084045
2cmg,3,47.17187022900764,-5.79465648854962
2hkj,3,78.46853658536585,0.0
2hkj,2,77.52963414634146,-0.938902439024389
2hkj,5,58.75560975609756,-19.71292682926829
2hkj,4,41.521524390243904,-36.94701219512195
2hkj,1,39.0809756097561,-39.38756097560975
2i49,1,38.73668341708543,0.0
2i49,2,33.61726130653266,-5.119422110552769
2i49,3,32.4922864321608,-6.244396984924627
2i49,4,31.95286432160804,-6.783819095477391
2i49,5,29.401331658291458,-9.335351758793973
2iu5,2,92.26870370370372,0.0
2iu5,1,92.1050925925926,-0.16361111111112336
2iu5,3,90.1374074074074,-2.131296296296327
2iu5,5,89.70351851851854,-2.565185185185186
2iu5,4,85.9375925925926,-6.331111111111127
2vzs,5,84.08481818181818,0.0
2vzs,4,81.85436363636363,-2.230454545454549
2vzs,1,78.53418181818184,-5.550636363636343
2vzs,3,72.36790909090907,-11.716909090909112
2vzs,2,55.02736363636364,-29.05745454545454
2xbk,4,42.39255754475703,0.0
2xbk,5,40.43012787723785,-1.9624296675191815
2xbk,2,39.89511508951407,-2.497442455242961
2xbk,1,37.39186700767263,-5.000690537084402
2xbk,3,36.47795396419438,-5.914603580562655
3cj1,2,57.9879020979021,0.0
3cj1,5,47.797482517482514,-10.190419580419587
3cj1,4,47.27482517482518,-10.713076923076919
3cj1,1,46.15657342657342,-11.831328671328677
3cj1,3,44.50461538461538,-13.483286713286724
3fau,1,84.54177215189873,0.0
3fau,2,82.90202531645569,-1.6397468354430345
3fau,4,82.72734177215189,-1.8144303797468382
3fau,3,81.8651898734177,-2.676582278481021
3fau,5,79.54164556962026,-5.000126582278469
3h7t,2,35.036468085106385,0.0
3h7t,4,33.30782978723404,-1.7286382978723438
3h7t,1,31.812808510638305,-3.22365957446808
3h7t,5,30.343744680851067,-4.692723404255318
3h7t,3,29.58089361702128,-5.4555744680851035
3hvn,1,39.9673595505618,0.0
3hvn,2,37.822303370786514,-2.1450561797752883
3hvn,5,35.092050561797755,-4.875308988764047
3hvn,3,34.704382022471904,-5.262977528089898
3hvn,4,29.3951404494382,-10.572219101123604
3n79,4,78.36182795698923,0.0
3n79,2,75.5883870967742,-2.7734408602150324
3n79,1,75.36021505376345,-3.0016129032257766
3n79,5,74.60086021505377,-3.7609677419354597
3n79,3,52.96172043010752,-25.400107526881712
3p73,4,90.32104166666666,0.0
3p73,3,86.72447916666665,-3.5965625000000045
3p73,5,86.46145833333334,-3.859583333333319
3p73,2,84.27875,-6.042291666666657
3p73,1,80.85208333333334,-9.468958333333319
3qy1,4,76.26134883720931,0.0
3qy1,3,74.26502325581397,-1.9963255813953396
3qy1,2,73.93976744186047,-2.3215813953488436
3qy1,5,55.48720930232558,-20.77413953488373
3qy1,1,52.71730232558139,-23.54404651162792
3s6w,2,93.51074074074076,0.0
3s6w,4,92.68648148148152,-0.8242592592592359
3s6w,1,91.9225925925926,-1.5881481481481643
3s6w,5,91.81425925925927,-1.6964814814814844
3s6w,3,91.24833333333336,-2.2624074074073945
3sre,3,41.5523598820059,0.0
3sre,2,37.89404129793511,-3.6583185840707912
3sre,1,36.349941002949855,-5.202418879056047
3sre,5,33.760058997050145,-7.792300884955758
3sre,4,31.63882005899705,-9.91353982300885
3su6,5,33.8059793814433,0.0
3su6,2,33.34881443298969,-0.45716494845360955
3su6,1,31.06072164948453,-2.7452577319587697
3su6,4,31.01896907216495,-2.787010309278351
3su6,3,30.86974226804124,-2.9362371134020613
4am1,4,48.113295019157086,0.0
4am1,3,41.30367816091953,-6.809616858237554
4am1,2,41.03191570881226,-7.081379310344829
4am1,5,40.77773946360154,-7.335555555555544
4am1,1,39.170344827586206,-8.94295019157088
4d0e,4,87.88682926829269,0.0
4d0e,3,84.98390243902439,-2.9029268292682957
4d0e,2,73.51878048780489,-14.368048780487797
4d0e,5,72.84024390243901,-15.046585365853673
4d0e,1,55.75195121951219,-32.13487804878049
4lfh,4,70.29818965517242,0.0
4lfh,1,44.84448275862069,-25.45370689655173
4lfh,2,41.857844827586206,-28.440344827586216
4lfh,3,36.53120689655172,-33.7669827586207
4lfh,5,32.14586206896551,-38.15232758620691
4pk9,2,36.93869080779944,0.0
4pk9,1,36.49119777158774,-0.44749303621169645
4pk9,3,34.412813370473536,-2.525877437325903
4pk9,5,34.246406685236764,-2.6922841225626755
4pk9,4,33.28047353760445,-3.6582172701949887
4rm4,2,45.52032,0.0
4rm4,5,43.80546666666668,-1.7148533333333162
4rm4,1,42.617626666666666,-2.902693333333332
4rm4,3,41.55173333333333,-3.968586666666667
4rm4,4,38.20394666666667,-7.316373333333331
4uyb,3,66.11974874371859,0.0
4uyb,4,65.16261306532664,-0.9571356783919498
4uyb,5,64.43613065326633,-1.6836180904522564
4uyb,2,63.96552763819096,-2.1542211055276255
4uyb,1,53.91603015075378,-12.203718592964812
4wsb,2,50.55931174089069,0.0
4wsb,1,44.13202429149798,-6.427287449392715
4wsb,3,43.87218623481782,-6.687125506072874
4wsb,5,43.63943319838056,-6.9198785425101335
4wsb,4,39.24635627530365,-11.312955465587045
5c8w,5,47.2615,0.0
5c8w,4,47.126,-0.1355000000000004
5c8w,3,46.99433333333333,-0.2671666666666681
5c8w,1,46.66675,-0.5947499999999977
5c8w,2,46.43358333333333,-0.8279166666666669
5my6,3,55.03843373493975,0.0
5my6,5,50.56698795180724,-4.471445783132509
5my6,1,48.18656626506024,-6.851867469879508
5my6,4,44.535421686746986,-10.503012048192765
5my6,2,44.50289156626506,-10.535542168674688
6bkv,2,65.15095238095239,0.0
6bkv,4,60.11399999999998,-5.036952380952407
6bkv,1,55.62466666666667,-9.52628571428572
6bkv,5,54.25809523809525,-10.892857142857139
6bkv,3,52.90009523809524,-12.25085714285715
6cj7,2,36.80852150537635,0.0
6cj7,4,31.65489247311828,-5.153629032258067
6cj7,1,30.595887096774195,-6.2126344086021525
6cj7,3,30.164220430107527,-6.644301075268821
6cj7,5,28.01456989247312,-8.793951612903228
6kxd,4,42.94840816326529,0.0
6kxd,2,42.53587755102041,-0.4125306122448791
6kxd,3,40.15983673469388,-2.7885714285714087
6kxd,5,36.57636734693877,-6.372040816326525
6kxd,1,32.92261224489796,-10.02579591836733
6rvq,2,79.48065989847716,0.0
6rvq,4,55.73071065989848,-23.74994923857868
6rvq,5,53.95436548223351,-25.526294416243644
6rvq,1,43.832791878172586,-35.64786802030457
6rvq,3,41.60543147208122,-37.875228426395935
6zsh,3,86.4273148148148,0.0
6zsh,4,83.93490740740741,-2.4924074074073985
6zsh,5,76.83657407407408,-9.590740740740728
6zsh,1,75.48925925925926,-10.93805555555555
6zsh,2,66.34962962962963,-20.077685185185175
7cmn,5,61.27947368421052,0.0
7cmn,2,55.57111842105263,-5.708355263157891
7cmn,4,52.02440789473684,-9.255065789473683
7cmn,3,51.0825,-10.19697368421052
7cmn,1,49.47098684210526,-11.80848684210526
